0 verbose cli C:\Program Files\nodejs\node.exe C:\Program Files\nodejs\node_modules\npm\bin\npm-cli.js
1 info using npm@11.16.0
2 info using node@v24.18.1
3 silly config load:file:C:\Program Files\nodejs\node_modules\npm\npmrc
4 silly config load:file:D:\A production\Apti_Test_App-main\.npmrc
5 silly config load:file:C:\Users\VIVEK\.npmrc
6 silly config load:file:C:\Users\VIVEK\AppData\Roaming\npm\etc\npmrc
7 verbose title npm install katex@^0.16.22
8 verbose argv "install" "katex@^0.16.22" "--cache" ".npm-cache"
9 verbose logfile logs-max:10 dir:D:\A production\Apti_Test_App-main\.npm-cache\_logs\2026-08-17T04_44_08_831Z-
10 verbose logfile D:\A production\Apti_Test_App-main\.npm-cache\_logs\2026-08-17T04_44_08_831Z-debug-0.log
11 silly logfile start cleaning logs, removing 1 files
12 silly logfile done cleaning log files
13 silly packumentCache heap:4496293888 maxSize:1124073472 maxEntrySize:562036736
14 silly idealTree buildDeps
15 silly fetch manifest katex@^0.16.22
16 silly packumentCache full:https://registry.npmjs.org/katex cache-miss
17 http fetch GET 200 https://registry.npmjs.org/katex 634ms (cache miss)
18 silly packumentCache full:https://registry.npmjs.org/katex set size:undefined disposed:false
19 silly placeDep ROOT katex@0.16.47 OK for: apptitude-web-app@1.0.0 want: ^0.16.22
20 silly fetch manifest commander@^8.3.0
21 silly packumentCache full:https://registry.npmjs.org/commander cache-miss
22 http fetch GET 200 https://registry.npmjs.org/commander 118ms (cache revalidated)
23 silly packumentCache full:https://registry.npmjs.org/commander set size:353115 disposed:false
24 silly placeDep ROOT commander@8.3.0 OK for: katex@0.16.47 want: ^8.3.0
25 silly reify mark retired [
25 silly reify   'D:\\A production\\Apti_Test_App-main\\node_modules\\@babel\\code-frame'
25 silly reify ]
26 silly reify mark retired [
26 silly reify   'D:\\A production\\Apti_Test_App-main\\node_modules\\@babel\\helper-string-parser'
26 silly reify ]
27 silly reify mark retired [
27 silly reify   'D:\\A production\\Apti_Test_App-main\\node_modules\\@babel\\helper-validator-identifier'
27 silly reify ]
28 silly reify mark retired [
28 silly reify   'D:\\A production\\Apti_Test_App-main\\node_modules\\@babel\\parser',
28 silly reify   'D:\\A production\\Apti_Test_App-main\\node_modules\\.bin\\parser',
28 silly reify   'D:\\A production\\Apti_Test_App-main\\node_modules\\.bin\\parser.cmd',
28 silly reify   'D:\\A production\\Apti_Test_App-main\\node_modules\\.bin\\parser.ps1'
28 silly reify ]
29 silly reify mark retired [ 'D:\\A production\\Apti_Test_App-main\\node_modules\\@babel\\types' ]
30 silly reify mark retired [
30 silly reify   'D:\\A production\\Apti_Test_App-main\\node_modules\\@bugsnag\\browser'
30 silly reify ]
31 silly reify mark retired [
31 silly reify   'D:\\A production\\Apti_Test_App-main\\node_modules\\@bugsnag\\core'
31 silly reify ]
32 silly reify mark retired [
32 silly reify   'D:\\A production\\Apti_Test_App-main\\node_modules\\@bugsnag\\cuid'
32 silly reify ]
33 silly reify mark retired [ 'D:\\A production\\Apti_Test_App-main\\node_modules\\@bugsnag\\js' ]
34 silly reify mark retired [
34 silly reify   'D:\\A production\\Apti_Test_App-main\\node_modules\\@bugsnag\\node'
34 silly reify ]
35 silly reify mark retired [
35 silly reify   'D:\\A production\\Apti_Test_App-main\\node_modules\\@bugsnag\\safe-json-stringify'
35 silly reify ]
36 silly reify mark retired [
36 silly reify   'D:\\A production\\Apti_Test_App-main\\node_modules\\@colors\\colors'
36 silly reify ]
37 silly reify mark retired [
37 silly reify   'D:\\A production\\Apti_Test_App-main\\node_modules\\@cspotcode\\source-map-support'
37 silly reify ]
38 silly reify mark retired [
38 silly reify   'D:\\A production\\Apti_Test_App-main\\node_modules\\@dabh\\diagnostics'
38 silly reify ]
39 silly reify mark retired [
39 silly reify   'D:\\A production\\Apti_Test_App-main\\node_modules\\@dependents\\detective-less'
39 silly reify ]
40 silly reify mark retired [
40 silly reify   'D:\\A production\\Apti_Test_App-main\\node_modules\\@electric-sql\\pglite'
40 silly reify ]
41 silly reify mark retired [
41 silly reify   'D:\\A production\\Apti_Test_App-main\\node_modules\\@envelop\\instrumentation'
41 silly reify ]
42 silly reify mark retired [
42 silly reify   'D:\\A production\\Apti_Test_App-main\\node_modules\\@esbuild\\win32-x64'
42 silly reify ]
43 silly reify mark retired [
43 silly reify   'D:\\A production\\Apti_Test_App-main\\node_modules\\@fastify\\accept-negotiator'
43 silly reify ]
44 silly reify mark retired [
44 silly reify   'D:\\A production\\Apti_Test_App-main\\node_modules\\@fastify\\ajv-compiler'
44 silly reify ]
45 silly reify mark retired [
45 silly reify   'D:\\A production\\Apti_Test_App-main\\node_modules\\@fastify\\error'
45 silly reify ]
46 silly reify mark retired [
46 silly reify   'D:\\A production\\Apti_Test_App-main\\node_modules\\@fastify\\fast-json-stringify-compiler'
46 silly reify ]
47 silly reify mark retired [
47 silly reify   'D:\\A production\\Apti_Test_App-main\\node_modules\\@fastify\\forwarded'
47 silly reify ]
48 silly reify mark retired [
48 silly reify   'D:\\A production\\Apti_Test_App-main\\node_modules\\@fastify\\merge-json-schemas'
48 silly reify ]
49 silly reify mark retired [
49 silly reify   'D:\\A production\\Apti_Test_App-main\\node_modules\\@fastify\\proxy-addr'
49 silly reify ]
50 silly reify mark retired [
50 silly reify   'D:\\A production\\Apti_Test_App-main\\node_modules\\@fastify\\send'
50 silly reify ]
51 silly reify mark retired [
51 silly reify   'D:\\A production\\Apti_Test_App-main\\node_modules\\@fastify\\static'
51 silly reify ]
52 silly reify mark retired [
52 silly reify   'D:\\A production\\Apti_Test_App-main\\node_modules\\@humanwhocodes\\momoa'
52 silly reify ]
53 silly reify mark retired [
53 silly reify   'D:\\A production\\Apti_Test_App-main\\node_modules\\@import-maps\\resolve'
53 silly reify ]
54 silly reify mark retired [
54 silly reify   'D:\\A production\\Apti_Test_App-main\\node_modules\\@inquirer\\external-editor'
54 silly reify ]
55 silly reify mark retired [
55 silly reify   'D:\\A production\\Apti_Test_App-main\\node_modules\\@isaacs\\cliui'
55 silly reify ]
56 silly reify mark retired [
56 silly reify   'D:\\A production\\Apti_Test_App-main\\node_modules\\@isaacs\\fs-minipass'
56 silly reify ]
57 silly reify mark retired [
57 silly reify   'D:\\A production\\Apti_Test_App-main\\node_modules\\@jridgewell\\resolve-uri'
57 silly reify ]
58 silly reify mark retired [
58 silly reify   'D:\\A production\\Apti_Test_App-main\\node_modules\\@jridgewell\\sourcemap-codec'
58 silly reify ]
59 silly reify mark retired [
59 silly reify   'D:\\A production\\Apti_Test_App-main\\node_modules\\@jridgewell\\trace-mapping'
59 silly reify ]
60 silly reify mark retired [ 'D:\\A production\\Apti_Test_App-main\\node_modules\\@lukeed\\ms' ]
61 silly reify mark retired [
61 silly reify   'D:\\A production\\Apti_Test_App-main\\node_modules\\@mapbox\\node-pre-gyp',
61 silly reify   'D:\\A production\\Apti_Test_App-main\\node_modules\\.bin\\node-pre-gyp',
61 silly reify   'D:\\A production\\Apti_Test_App-main\\node_modules\\.bin\\node-pre-gyp.cmd',
61 silly reify   'D:\\A production\\Apti_Test_App-main\\node_modules\\.bin\\node-pre-gyp.ps1'
61 silly reify ]
62 silly reify mark retired [ 'D:\\A production\\Apti_Test_App-main\\node_modules\\@netlify\\ai' ]
63 silly reify mark retired [ 'D:\\A production\\Apti_Test_App-main\\node_modules\\@netlify\\api' ]
64 silly reify mark retired [
64 silly reify   'D:\\A production\\Apti_Test_App-main\\node_modules\\@netlify\\binary-info'
64 silly reify ]
65 silly reify mark retired [
65 silly reify   'D:\\A production\\Apti_Test_App-main\\node_modules\\@netlify\\blobs'
65 silly reify ]
66 silly reify mark retired [
66 silly reify   'D:\\A production\\Apti_Test_App-main\\node_modules\\@netlify\\build',
66 silly reify   'D:\\A production\\Apti_Test_App-main\\node_modules\\.bin\\netlify-build',
66 silly reify   'D:\\A production\\Apti_Test_App-main\\node_modules\\.bin\\netlify-build.cmd',
66 silly reify   'D:\\A production\\Apti_Test_App-main\\node_modules\\.bin\\netlify-build.ps1'
66 silly reify ]
67 silly reify mark retired [
67 silly reify   'D:\\A production\\Apti_Test_App-main\\node_modules\\@netlify\\build-info',
67 silly reify   'D:\\A production\\Apti_Test_App-main\\node_modules\\.bin\\build-info',
67 silly reify   'D:\\A production\\Apti_Test_App-main\\node_modules\\.bin\\build-info.cmd',
67 silly reify   'D:\\A production\\Apti_Test_App-main\\node_modules\\.bin\\build-info.ps1'
67 silly reify ]
68 silly reify mark retired [
68 silly reify   'D:\\A production\\Apti_Test_App-main\\node_modules\\@netlify\\cache'
68 silly reify ]
69 silly reify mark retired [
69 silly reify   'D:\\A production\\Apti_Test_App-main\\node_modules\\@netlify\\cache-utils'
69 silly reify ]
70 silly reify mark retired [
70 silly reify   'D:\\A production\\Apti_Test_App-main\\node_modules\\@netlify\\config',
70 silly reify   'D:\\A production\\Apti_Test_App-main\\node_modules\\.bin\\netlify-config',
70 silly reify   'D:\\A production\\Apti_Test_App-main\\node_modules\\.bin\\netlify-config.cmd',
70 silly reify   'D:\\A production\\Apti_Test_App-main\\node_modules\\.bin\\netlify-config.ps1'
70 silly reify ]
71 silly reify mark retired [
71 silly reify   'D:\\A production\\Apti_Test_App-main\\node_modules\\@netlify\\database-dev'
71 silly reify ]
72 silly reify mark retired [ 'D:\\A production\\Apti_Test_App-main\\node_modules\\@netlify\\dev' ]
73 silly reify mark retired [
73 silly reify   'D:\\A production\\Apti_Test_App-main\\node_modules\\@netlify\\dev-utils'
73 silly reify ]
74 silly reify mark retired [
74 silly reify   'D:\\A production\\Apti_Test_App-main\\node_modules\\@netlify\\edge-bundler'
74 silly reify ]
75 silly reify mark retired [
75 silly reify   'D:\\A production\\Apti_Test_App-main\\node_modules\\@netlify\\edge-functions'
75 silly reify ]
76 silly reify mark retired [
76 silly reify   'D:\\A production\\Apti_Test_App-main\\node_modules\\@netlify\\edge-functions-bootstrap'
76 silly reify ]
77 silly reify mark retired [
77 silly reify   'D:\\A production\\Apti_Test_App-main\\node_modules\\@netlify\\edge-functions-dev'
77 silly reify ]
78 silly reify mark retired [
78 silly reify   'D:\\A production\\Apti_Test_App-main\\node_modules\\@netlify\\functions'
78 silly reify ]
79 silly reify mark retired [
79 silly reify   'D:\\A production\\Apti_Test_App-main\\node_modules\\@netlify\\functions-dev'
79 silly reify ]
80 silly reify mark retired [
80 silly reify   'D:\\A production\\Apti_Test_App-main\\node_modules\\@netlify\\functions-utils'
80 silly reify ]
81 silly reify mark retired [
81 silly reify   'D:\\A production\\Apti_Test_App-main\\node_modules\\@netlify\\git-utils'
81 silly reify ]
82 silly reify mark retired [
82 silly reify   'D:\\A production\\Apti_Test_App-main\\node_modules\\@netlify\\headers'
82 silly reify ]
83 silly reify mark retired [
83 silly reify   'D:\\A production\\Apti_Test_App-main\\node_modules\\@netlify\\headers-parser'
83 silly reify ]
84 silly reify mark retired [
84 silly reify   'D:\\A production\\Apti_Test_App-main\\node_modules\\@netlify\\images'
84 silly reify ]
85 silly reify mark retired [
85 silly reify   'D:\\A production\\Apti_Test_App-main\\node_modules\\@netlify\\local-functions-proxy'
85 silly reify ]
86 silly reify mark retired [
86 silly reify   'D:\\A production\\Apti_Test_App-main\\node_modules\\@netlify\\local-functions-proxy-win32-x64',
86 silly reify   'D:\\A production\\Apti_Test_App-main\\node_modules\\.bin\\local-functions-proxy.exe',
86 silly reify   'D:\\A production\\Apti_Test_App-main\\node_modules\\.bin\\local-functions-proxy.exe.cmd',
86 silly reify   'D:\\A production\\Apti_Test_App-main\\node_modules\\.bin\\local-functions-proxy.exe.ps1'
86 silly reify ]
87 silly reify mark retired [
87 silly reify   'D:\\A production\\Apti_Test_App-main\\node_modules\\@netlify\\open-api'
87 silly reify ]
88 silly reify mark retired [
88 silly reify   'D:\\A production\\Apti_Test_App-main\\node_modules\\@netlify\\opentelemetry-utils'
88 silly reify ]
89 silly reify mark retired [
89 silly reify   'D:\\A production\\Apti_Test_App-main\\node_modules\\@netlify\\otel'
89 silly reify ]
90 silly reify mark retired [
90 silly reify   'D:\\A production\\Apti_Test_App-main\\node_modules\\@netlify\\plugins-list'
90 silly reify ]
91 silly reify mark retired [
91 silly reify   'D:\\A production\\Apti_Test_App-main\\node_modules\\@netlify\\redirect-parser'
91 silly reify ]
92 silly reify mark retired [
92 silly reify   'D:\\A production\\Apti_Test_App-main\\node_modules\\@netlify\\redirects'
92 silly reify ]
93 silly reify mark retired [
93 silly reify   'D:\\A production\\Apti_Test_App-main\\node_modules\\@netlify\\run-utils'
93 silly reify ]
94 silly reify mark retired [
94 silly reify   'D:\\A production\\Apti_Test_App-main\\node_modules\\@netlify\\runtime'
94 silly reify ]
95 silly reify mark retired [
95 silly reify   'D:\\A production\\Apti_Test_App-main\\node_modules\\@netlify\\runtime-utils'
95 silly reify ]
96 silly reify mark retired [
96 silly reify   'D:\\A production\\Apti_Test_App-main\\node_modules\\@netlify\\serverless-functions-api'
96 silly reify ]
97 silly reify mark retired [
97 silly reify   'D:\\A production\\Apti_Test_App-main\\node_modules\\@netlify\\static'
97 silly reify ]
98 silly reify mark retired [
98 silly reify   'D:\\A production\\Apti_Test_App-main\\node_modules\\@netlify\\types'
98 silly reify ]
99 silly reify mark retired [
99 silly reify   'D:\\A production\\Apti_Test_App-main\\node_modules\\@netlify\\zip-it-and-ship-it',
99 silly reify   'D:\\A production\\Apti_Test_App-main\\node_modules\\.bin\\zip-it-and-ship-it',
99 silly reify   'D:\\A production\\Apti_Test_App-main\\node_modules\\.bin\\zip-it-and-ship-it.cmd',
99 silly reify   'D:\\A production\\Apti_Test_App-main\\node_modules\\.bin\\zip-it-and-ship-it.ps1'
99 silly reify ]
100 silly reify mark retired [
100 silly reify   'D:\\A production\\Apti_Test_App-main\\node_modules\\@nodelib\\fs.scandir'
100 silly reify ]
101 silly reify mark retired [
101 silly reify   'D:\\A production\\Apti_Test_App-main\\node_modules\\@nodelib\\fs.stat'
101 silly reify ]
102 silly reify mark retired [
102 silly reify   'D:\\A production\\Apti_Test_App-main\\node_modules\\@nodelib\\fs.walk'
102 silly reify ]
103 silly reify mark retired [
103 silly reify   'D:\\A production\\Apti_Test_App-main\\node_modules\\@octokit\\auth-token'
103 silly reify ]
104 silly reify mark retired [
104 silly reify   'D:\\A production\\Apti_Test_App-main\\node_modules\\@octokit\\core'
104 silly reify ]
105 silly reify mark retired [
105 silly reify   'D:\\A production\\Apti_Test_App-main\\node_modules\\@octokit\\endpoint'
105 silly reify ]
106 silly reify mark retired [
106 silly reify   'D:\\A production\\Apti_Test_App-main\\node_modules\\@octokit\\graphql'
106 silly reify ]
107 silly reify mark retired [
107 silly reify   'D:\\A production\\Apti_Test_App-main\\node_modules\\@octokit\\openapi-types'
107 silly reify ]
108 silly reify mark retired [
108 silly reify   'D:\\A production\\Apti_Test_App-main\\node_modules\\@octokit\\plugin-paginate-rest'
108 silly reify ]
109 silly reify mark retired [
109 silly reify   'D:\\A production\\Apti_Test_App-main\\node_modules\\@octokit\\plugin-request-log'
109 silly reify ]
110 silly reify mark retired [
110 silly reify   'D:\\A production\\Apti_Test_App-main\\node_modules\\@octokit\\plugin-rest-endpoint-methods'
110 silly reify ]
111 silly reify mark retired [
111 silly reify   'D:\\A production\\Apti_Test_App-main\\node_modules\\@octokit\\request'
111 silly reify ]
112 silly reify mark retired [
112 silly reify   'D:\\A production\\Apti_Test_App-main\\node_modules\\@octokit\\request-error'
112 silly reify ]
113 silly reify mark retired [
113 silly reify   'D:\\A production\\Apti_Test_App-main\\node_modules\\@octokit\\rest'
113 silly reify ]
114 silly reify mark retired [
114 silly reify   'D:\\A production\\Apti_Test_App-main\\node_modules\\@octokit\\types'
114 silly reify ]
115 silly reify mark retired [
115 silly reify   'D:\\A production\\Apti_Test_App-main\\node_modules\\@opentelemetry\\api'
115 silly reify ]
116 silly reify mark retired [
116 silly reify   'D:\\A production\\Apti_Test_App-main\\node_modules\\@opentelemetry\\api-logs'
116 silly reify ]
117 silly reify mark retired [
117 silly reify   'D:\\A production\\Apti_Test_App-main\\node_modules\\@opentelemetry\\context-async-hooks'
117 silly reify ]
118 silly reify mark retired [
118 silly reify   'D:\\A production\\Apti_Test_App-main\\node_modules\\@opentelemetry\\core'
118 silly reify ]
119 silly reify mark retired [
119 silly reify   'D:\\A production\\Apti_Test_App-main\\node_modules\\@opentelemetry\\instrumentation'
119 silly reify ]
120 silly reify mark retired [
120 silly reify   'D:\\A production\\Apti_Test_App-main\\node_modules\\@opentelemetry\\resources'
120 silly reify ]
121 silly reify mark retired [
121 silly reify   'D:\\A production\\Apti_Test_App-main\\node_modules\\@opentelemetry\\sdk-trace'
121 silly reify ]
122 silly reify mark retired [
122 silly reify   'D:\\A production\\Apti_Test_App-main\\node_modules\\@opentelemetry\\sdk-trace-base'
122 silly reify ]
123 silly reify mark retired [
123 silly reify   'D:\\A production\\Apti_Test_App-main\\node_modules\\@opentelemetry\\sdk-trace-node'
123 silly reify ]
124 silly reify mark retired [
124 silly reify   'D:\\A production\\Apti_Test_App-main\\node_modules\\@opentelemetry\\semantic-conventions'
124 silly reify ]
125 silly reify mark retired [
125 silly reify   'D:\\A production\\Apti_Test_App-main\\node_modules\\@parcel\\watcher-wasm'
125 silly reify ]
126 silly reify mark retired [
126 silly reify   'D:\\A production\\Apti_Test_App-main\\node_modules\\@pinojs\\redact'
126 silly reify ]
127 silly reify mark retired [
127 silly reify   'D:\\A production\\Apti_Test_App-main\\node_modules\\@pkgjs\\parseargs'
127 silly reify ]
128 silly reify mark retired [
128 silly reify   'D:\\A production\\Apti_Test_App-main\\node_modules\\@pnpm\\config.env-replace'
128 silly reify ]
129 silly reify mark retired [
129 silly reify   'D:\\A production\\Apti_Test_App-main\\node_modules\\@pnpm\\network.ca-file'
129 silly reify ]
130 silly reify mark retired [
130 silly reify   'D:\\A production\\Apti_Test_App-main\\node_modules\\@pnpm\\npm-conf'
130 silly reify ]
131 silly reify mark retired [ 'D:\\A production\\Apti_Test_App-main\\node_modules\\@pnpm\\tabtab' ]
132 silly reify mark retired [
132 silly reify   'D:\\A production\\Apti_Test_App-main\\node_modules\\@rollup\\pluginutils'
132 silly reify ]
133 silly reify mark retired [
133 silly reify   'D:\\A production\\Apti_Test_App-main\\node_modules\\@sec-ant\\readable-stream'
133 silly reify ]
134 silly reify mark retired [
134 silly reify   'D:\\A production\\Apti_Test_App-main\\node_modules\\@sindresorhus\\merge-streams'
134 silly reify ]
135 silly reify mark retired [
135 silly reify   'D:\\A production\\Apti_Test_App-main\\node_modules\\@sindresorhus\\slugify'
135 silly reify ]
136 silly reify mark retired [
136 silly reify   'D:\\A production\\Apti_Test_App-main\\node_modules\\@sindresorhus\\transliterate'
136 silly reify ]
137 silly reify mark retired [
137 silly reify   'D:\\A production\\Apti_Test_App-main\\node_modules\\@so-ric\\colorspace'
137 silly reify ]
138 silly reify mark retired [
138 silly reify   'D:\\A production\\Apti_Test_App-main\\node_modules\\@sveltejs\\acorn-typescript'
138 silly reify ]
139 silly reify mark retired [
139 silly reify   'D:\\A production\\Apti_Test_App-main\\node_modules\\@tsconfig\\node10'
139 silly reify ]
140 silly reify mark retired [
140 silly reify   'D:\\A production\\Apti_Test_App-main\\node_modules\\@tsconfig\\node12'
140 silly reify ]
141 silly reify mark retired [
141 silly reify   'D:\\A production\\Apti_Test_App-main\\node_modules\\@tsconfig\\node14'
141 silly reify ]
142 silly reify mark retired [
142 silly reify   'D:\\A production\\Apti_Test_App-main\\node_modules\\@tsconfig\\node16'
142 silly reify ]
143 silly reify mark retired [
143 silly reify   'D:\\A production\\Apti_Test_App-main\\node_modules\\@types\\estree'
143 silly reify ]
144 silly reify mark retired [
144 silly reify   'D:\\A production\\Apti_Test_App-main\\node_modules\\@types\\http-proxy'
144 silly reify ]
145 silly reify mark retired [
145 silly reify   'D:\\A production\\Apti_Test_App-main\\node_modules\\@types\\normalize-package-data'
145 silly reify ]
146 silly reify mark retired [ 'D:\\A production\\Apti_Test_App-main\\node_modules\\@types\\retry' ]
147 silly reify mark retired [
147 silly reify   'D:\\A production\\Apti_Test_App-main\\node_modules\\@types\\triple-beam'
147 silly reify ]
148 silly reify mark retired [ 'D:\\A production\\Apti_Test_App-main\\node_modules\\@types\\yauzl' ]
149 silly reify mark retired [
149 silly reify   'D:\\A production\\Apti_Test_App-main\\node_modules\\@typescript-eslint\\project-service'
149 silly reify ]
150 silly reify mark retired [
150 silly reify   'D:\\A production\\Apti_Test_App-main\\node_modules\\@typescript-eslint\\tsconfig-utils'
150 silly reify ]
151 silly reify mark retired [
151 silly reify   'D:\\A production\\Apti_Test_App-main\\node_modules\\@typescript-eslint\\types'
151 silly reify ]
152 silly reify mark retired [
152 silly reify   'D:\\A production\\Apti_Test_App-main\\node_modules\\@typescript-eslint\\typescript-estree'
152 silly reify ]
153 silly reify mark retired [
153 silly reify   'D:\\A production\\Apti_Test_App-main\\node_modules\\@typescript-eslint\\visitor-keys'
153 silly reify ]
154 silly reify mark retired [
154 silly reify   'D:\\A production\\Apti_Test_App-main\\node_modules\\@vercel\\nft',
154 silly reify   'D:\\A production\\Apti_Test_App-main\\node_modules\\.bin\\nft',
154 silly reify   'D:\\A production\\Apti_Test_App-main\\node_modules\\.bin\\nft.cmd',
154 silly reify   'D:\\A production\\Apti_Test_App-main\\node_modules\\.bin\\nft.ps1'
154 silly reify ]
155 silly reify mark retired [
155 silly reify   'D:\\A production\\Apti_Test_App-main\\node_modules\\@vue\\compiler-core'
155 silly reify ]
156 silly reify mark retired [
156 silly reify   'D:\\A production\\Apti_Test_App-main\\node_modules\\@vue\\compiler-dom'
156 silly reify ]
157 silly reify mark retired [
157 silly reify   'D:\\A production\\Apti_Test_App-main\\node_modules\\@vue\\compiler-sfc'
157 silly reify ]
158 silly reify mark retired [
158 silly reify   'D:\\A production\\Apti_Test_App-main\\node_modules\\@vue\\compiler-ssr'
158 silly reify ]
159 silly reify mark retired [ 'D:\\A production\\Apti_Test_App-main\\node_modules\\@vue\\shared' ]
160 silly reify mark retired [
160 silly reify   'D:\\A production\\Apti_Test_App-main\\node_modules\\@whatwg-node\\disposablestack'
160 silly reify ]
161 silly reify mark retired [
161 silly reify   'D:\\A production\\Apti_Test_App-main\\node_modules\\@whatwg-node\\fetch'
161 silly reify ]
162 silly reify mark retired [
162 silly reify   'D:\\A production\\Apti_Test_App-main\\node_modules\\@whatwg-node\\node-fetch'
162 silly reify ]
163 silly reify mark retired [
163 silly reify   'D:\\A production\\Apti_Test_App-main\\node_modules\\@whatwg-node\\promise-helpers'
163 silly reify ]
164 silly reify mark retired [
164 silly reify   'D:\\A production\\Apti_Test_App-main\\node_modules\\@whatwg-node\\server'
164 silly reify ]
165 silly reify mark retired [ 'D:\\A production\\Apti_Test_App-main\\node_modules\\abbrev' ]
166 silly reify mark retired [
166 silly reify   'D:\\A production\\Apti_Test_App-main\\node_modules\\abstract-logging'
166 silly reify ]
167 silly reify mark retired [ 'D:\\A production\\Apti_Test_App-main\\node_modules\\accepts' ]
168 silly reify mark retired [
168 silly reify   'D:\\A production\\Apti_Test_App-main\\node_modules\\acorn',
168 silly reify   'D:\\A production\\Apti_Test_App-main\\node_modules\\.bin\\acorn',
168 silly reify   'D:\\A production\\Apti_Test_App-main\\node_modules\\.bin\\acorn.cmd',
168 silly reify   'D:\\A production\\Apti_Test_App-main\\node_modules\\.bin\\acorn.ps1'
168 silly reify ]
169 silly reify mark retired [
169 silly reify   'D:\\A production\\Apti_Test_App-main\\node_modules\\acorn-import-attributes'
169 silly reify ]
170 silly reify mark retired [ 'D:\\A production\\Apti_Test_App-main\\node_modules\\acorn-walk' ]
171 silly reify mark retired [ 'D:\\A production\\Apti_Test_App-main\\node_modules\\ajv' ]
172 silly reify mark retired [ 'D:\\A production\\Apti_Test_App-main\\node_modules\\ajv-errors' ]
173 silly reify mark retired [ 'D:\\A production\\Apti_Test_App-main\\node_modules\\ajv-formats' ]
174 silly reify mark retired [ 'D:\\A production\\Apti_Test_App-main\\node_modules\\ansi-align' ]
175 silly reify mark retired [ 'D:\\A production\\Apti_Test_App-main\\node_modules\\ansi-colors' ]
176 silly reify mark retired [ 'D:\\A production\\Apti_Test_App-main\\node_modules\\ansi-escapes' ]
177 silly reify mark retired [
177 silly reify   'D:\\A production\\Apti_Test_App-main\\node_modules\\ansi-to-html',
177 silly reify   'D:\\A production\\Apti_Test_App-main\\node_modules\\.bin\\ansi-to-html',
177 silly reify   'D:\\A production\\Apti_Test_App-main\\node_modules\\.bin\\ansi-to-html.cmd',
177 silly reify   'D:\\A production\\Apti_Test_App-main\\node_modules\\.bin\\ansi-to-html.ps1'
177 silly reify ]
178 silly reify mark retired [ 'D:\\A production\\Apti_Test_App-main\\node_modules\\ansis' ]
179 silly reify mark retired [ 'D:\\A production\\Apti_Test_App-main\\node_modules\\anymatch' ]
180 silly reify mark retired [ 'D:\\A production\\Apti_Test_App-main\\node_modules\\archiver' ]
181 silly reify mark retired [ 'D:\\A production\\Apti_Test_App-main\\node_modules\\arg' ]
182 silly reify mark retired [
182 silly reify   'D:\\A production\\Apti_Test_App-main\\node_modules\\array-buffer-byte-length'
182 silly reify ]
183 silly reify mark retired [ 'D:\\A production\\Apti_Test_App-main\\node_modules\\array-timsort' ]
184 silly reify mark retired [
184 silly reify   'D:\\A production\\Apti_Test_App-main\\node_modules\\array.prototype.flatmap'
184 silly reify ]
185 silly reify mark retired [
185 silly reify   'D:\\A production\\Apti_Test_App-main\\node_modules\\arraybuffer.prototype.slice'
185 silly reify ]
186 silly reify mark retired [ 'D:\\A production\\Apti_Test_App-main\\node_modules\\ascii-table' ]
187 silly reify mark retired [
187 silly reify   'D:\\A production\\Apti_Test_App-main\\node_modules\\ast-module-types'
187 silly reify ]
188 silly reify mark retired [ 'D:\\A production\\Apti_Test_App-main\\node_modules\\async' ]
189 silly reify mark retired [
189 silly reify   'D:\\A production\\Apti_Test_App-main\\node_modules\\async-function'
189 silly reify ]
190 silly reify mark retired [ 'D:\\A production\\Apti_Test_App-main\\node_modules\\async-sema' ]
191 silly reify mark retired [ 'D:\\A production\\Apti_Test_App-main\\node_modules\\atomic-sleep' ]
192 silly reify mark retired [ 'D:\\A production\\Apti_Test_App-main\\node_modules\\atomically' ]
193 silly reify mark retired [
193 silly reify   'D:\\A production\\Apti_Test_App-main\\node_modules\\available-typed-arrays'
193 silly reify ]
194 silly reify mark retired [ 'D:\\A production\\Apti_Test_App-main\\node_modules\\avvio' ]
195 silly reify mark retired [ 'D:\\A production\\Apti_Test_App-main\\node_modules\\b4a' ]
196 silly reify mark retired [ 'D:\\A production\\Apti_Test_App-main\\node_modules\\backoff' ]
197 silly reify mark retired [
197 silly reify   'D:\\A production\\Apti_Test_App-main\\node_modules\\balanced-match'
197 silly reify ]
198 silly reify mark retired [ 'D:\\A production\\Apti_Test_App-main\\node_modules\\bare-events' ]
199 silly reify mark retired [ 'D:\\A production\\Apti_Test_App-main\\node_modules\\bare-fs' ]
200 silly reify mark retired [ 'D:\\A production\\Apti_Test_App-main\\node_modules\\bare-path' ]
201 silly reify mark retired [ 'D:\\A production\\Apti_Test_App-main\\node_modules\\bare-stream' ]
202 silly reify mark retired [ 'D:\\A production\\Apti_Test_App-main\\node_modules\\bare-url' ]
203 silly reify mark retired [
203 silly reify   'D:\\A production\\Apti_Test_App-main\\node_modules\\before-after-hook'
203 silly reify ]
204 silly reify mark retired [
204 silly reify   'D:\\A production\\Apti_Test_App-main\\node_modules\\better-ajv-errors'
204 silly reify ]
205 silly reify mark retired [ 'D:\\A production\\Apti_Test_App-main\\node_modules\\bindings' ]
206 silly reify mark retired [ 'D:\\A production\\Apti_Test_App-main\\node_modules\\bl' ]
207 silly reify mark retired [ 'D:\\A production\\Apti_Test_App-main\\node_modules\\body-parser' ]
208 silly reify mark retired [ 'D:\\A production\\Apti_Test_App-main\\node_modules\\boolbase' ]
209 silly reify mark retired [ 'D:\\A production\\Apti_Test_App-main\\node_modules\\boxen' ]
210 silly reify mark retired [
210 silly reify   'D:\\A production\\Apti_Test_App-main\\node_modules\\brace-expansion'
210 silly reify ]
211 silly reify mark retired [ 'D:\\A production\\Apti_Test_App-main\\node_modules\\braces' ]
212 silly reify mark retired [ 'D:\\A production\\Apti_Test_App-main\\node_modules\\buffer' ]
213 silly reify mark retired [ 'D:\\A production\\Apti_Test_App-main\\node_modules\\buffer-crc32' ]
214 silly reify mark retired [ 'D:\\A production\\Apti_Test_App-main\\node_modules\\buffer-from' ]
215 silly reify mark retired [ 'D:\\A production\\Apti_Test_App-main\\node_modules\\bundle-name' ]
216 silly reify mark retired [ 'D:\\A production\\Apti_Test_App-main\\node_modules\\byline' ]
217 silly reify mark retired [ 'D:\\A production\\Apti_Test_App-main\\node_modules\\bytes' ]
218 silly reify mark retired [ 'D:\\A production\\Apti_Test_App-main\\node_modules\\call-bind' ]
219 silly reify mark retired [ 'D:\\A production\\Apti_Test_App-main\\node_modules\\call-bound' ]
220 silly reify mark retired [ 'D:\\A production\\Apti_Test_App-main\\node_modules\\callsite' ]
221 silly reify mark retired [ 'D:\\A production\\Apti_Test_App-main\\node_modules\\camelcase' ]
222 silly reify mark retired [ 'D:\\A production\\Apti_Test_App-main\\node_modules\\chalk' ]
223 silly reify mark retired [ 'D:\\A production\\Apti_Test_App-main\\node_modules\\chardet' ]
224 silly reify mark retired [ 'D:\\A production\\Apti_Test_App-main\\node_modules\\chokidar' ]
225 silly reify mark retired [ 'D:\\A production\\Apti_Test_App-main\\node_modules\\chownr' ]
226 silly reify mark retired [ 'D:\\A production\\Apti_Test_App-main\\node_modules\\ci-info' ]
227 silly reify mark retired [ 'D:\\A production\\Apti_Test_App-main\\node_modules\\citty' ]
228 silly reify mark retired [
228 silly reify   'D:\\A production\\Apti_Test_App-main\\node_modules\\cjs-module-lexer'
228 silly reify ]
229 silly reify mark retired [ 'D:\\A production\\Apti_Test_App-main\\node_modules\\clean-deep' ]
230 silly reify mark retired [ 'D:\\A production\\Apti_Test_App-main\\node_modules\\clean-stack' ]
231 silly reify mark retired [ 'D:\\A production\\Apti_Test_App-main\\node_modules\\cli-boxes' ]
232 silly reify mark retired [ 'D:\\A production\\Apti_Test_App-main\\node_modules\\cli-cursor' ]
233 silly reify mark retired [ 'D:\\A production\\Apti_Test_App-main\\node_modules\\cli-spinners' ]
234 silly reify mark retired [ 'D:\\A production\\Apti_Test_App-main\\node_modules\\cli-width' ]
235 silly reify mark retired [ 'D:\\A production\\Apti_Test_App-main\\node_modules\\clone' ]
236 silly reify mark retired [ 'D:\\A production\\Apti_Test_App-main\\node_modules\\color' ]
237 silly reify mark retired [ 'D:\\A production\\Apti_Test_App-main\\node_modules\\color-string' ]
238 silly reify mark retired [ 'D:\\A production\\Apti_Test_App-main\\node_modules\\colors' ]
239 silly reify mark retired [ 'D:\\A production\\Apti_Test_App-main\\node_modules\\commander' ]
240 silly reify mark retired [ 'D:\\A production\\Apti_Test_App-main\\node_modules\\comment-json' ]
241 silly reify mark retired [
241 silly reify   'D:\\A production\\Apti_Test_App-main\\node_modules\\common-path-prefix'
241 silly reify ]
242 silly reify mark retired [
242 silly reify   'D:\\A production\\Apti_Test_App-main\\node_modules\\compress-commons'
242 silly reify ]
243 silly reify mark retired [ 'D:\\A production\\Apti_Test_App-main\\node_modules\\config-chain' ]
244 silly reify mark retired [ 'D:\\A production\\Apti_Test_App-main\\node_modules\\configstore' ]
245 silly reify mark retired [ 'D:\\A production\\Apti_Test_App-main\\node_modules\\consola' ]
246 silly reify mark retired [
246 silly reify   'D:\\A production\\Apti_Test_App-main\\node_modules\\content-disposition'
246 silly reify ]
247 silly reify mark retired [ 'D:\\A production\\Apti_Test_App-main\\node_modules\\content-type' ]
248 silly reify mark retired [ 'D:\\A production\\Apti_Test_App-main\\node_modules\\cookie' ]
249 silly reify mark retired [ 'D:\\A production\\Apti_Test_App-main\\node_modules\\cookie-es' ]
250 silly reify mark retired [
250 silly reify   'D:\\A production\\Apti_Test_App-main\\node_modules\\cookie-signature'
250 silly reify ]
251 silly reify mark retired [ 'D:\\A production\\Apti_Test_App-main\\node_modules\\copy-file' ]
252 silly reify mark retired [ 'D:\\A production\\Apti_Test_App-main\\node_modules\\core-util-is' ]
253 silly reify mark retired [ 'D:\\A production\\Apti_Test_App-main\\node_modules\\cpy' ]
254 silly reify mark retired [ 'D:\\A production\\Apti_Test_App-main\\node_modules\\crc32-stream' ]
255 silly reify mark retired [
255 silly reify   'D:\\A production\\Apti_Test_App-main\\node_modules\\create-require'
255 silly reify ]
256 silly reify mark retired [ 'D:\\A production\\Apti_Test_App-main\\node_modules\\cron-parser' ]
257 silly reify mark retired [ 'D:\\A production\\Apti_Test_App-main\\node_modules\\cross-spawn' ]
258 silly reify mark retired [ 'D:\\A production\\Apti_Test_App-main\\node_modules\\crossws' ]
259 silly reify mark retired [ 'D:\\A production\\Apti_Test_App-main\\node_modules\\css-select' ]
260 silly reify mark retired [ 'D:\\A production\\Apti_Test_App-main\\node_modules\\css-tree' ]
261 silly reify mark retired [ 'D:\\A production\\Apti_Test_App-main\\node_modules\\css-what' ]
262 silly reify mark retired [ 'D:\\A production\\Apti_Test_App-main\\node_modules\\cssfilter' ]
263 silly reify mark retired [ 'D:\\A production\\Apti_Test_App-main\\node_modules\\csso' ]
264 silly reify mark retired [ 'D:\\A production\\Apti_Test_App-main\\node_modules\\cyclist' ]
265 silly reify mark retired [
265 silly reify   'D:\\A production\\Apti_Test_App-main\\node_modules\\data-view-buffer'
265 silly reify ]
266 silly reify mark retired [
266 silly reify   'D:\\A production\\Apti_Test_App-main\\node_modules\\data-view-byte-length'
266 silly reify ]
267 silly reify mark retired [
267 silly reify   'D:\\A production\\Apti_Test_App-main\\node_modules\\data-view-byte-offset'
267 silly reify ]
268 silly reify mark retired [ 'D:\\A production\\Apti_Test_App-main\\node_modules\\decache' ]
269 silly reify mark retired [ 'D:\\A production\\Apti_Test_App-main\\node_modules\\deep-extend' ]
270 silly reify mark retired [ 'D:\\A production\\Apti_Test_App-main\\node_modules\\deepmerge' ]
271 silly reify mark retired [
271 silly reify   'D:\\A production\\Apti_Test_App-main\\node_modules\\default-browser'
271 silly reify ]
272 silly reify mark retired [
272 silly reify   'D:\\A production\\Apti_Test_App-main\\node_modules\\default-browser-id'
272 silly reify ]
273 silly reify mark retired [ 'D:\\A production\\Apti_Test_App-main\\node_modules\\defaults' ]
274 silly reify mark retired [
274 silly reify   'D:\\A production\\Apti_Test_App-main\\node_modules\\define-data-property'
274 silly reify ]
275 silly reify mark retired [
275 silly reify   'D:\\A production\\Apti_Test_App-main\\node_modules\\define-lazy-prop'
275 silly reify ]
276 silly reify mark retired [
276 silly reify   'D:\\A production\\Apti_Test_App-main\\node_modules\\define-properties'
276 silly reify ]
277 silly reify mark retired [ 'D:\\A production\\Apti_Test_App-main\\node_modules\\defu' ]
278 silly reify mark retired [ 'D:\\A production\\Apti_Test_App-main\\node_modules\\depd' ]
279 silly reify mark retired [ 'D:\\A production\\Apti_Test_App-main\\node_modules\\dequal' ]
280 silly reify mark retired [ 'D:\\A production\\Apti_Test_App-main\\node_modules\\destr' ]
281 silly reify mark retired [
281 silly reify   'D:\\A production\\Apti_Test_App-main\\node_modules\\detective-amd',
281 silly reify   'D:\\A production\\Apti_Test_App-main\\node_modules\\.bin\\detective-amd',
281 silly reify   'D:\\A production\\Apti_Test_App-main\\node_modules\\.bin\\detective-amd.cmd',
281 silly reify   'D:\\A production\\Apti_Test_App-main\\node_modules\\.bin\\detective-amd.ps1'
281 silly reify ]
282 silly reify mark retired [ 'D:\\A production\\Apti_Test_App-main\\node_modules\\detective-cjs' ]
283 silly reify mark retired [ 'D:\\A production\\Apti_Test_App-main\\node_modules\\detective-es6' ]
284 silly reify mark retired [
284 silly reify   'D:\\A production\\Apti_Test_App-main\\node_modules\\detective-sass'
284 silly reify ]
285 silly reify mark retired [
285 silly reify   'D:\\A production\\Apti_Test_App-main\\node_modules\\detective-scss'
285 silly reify ]
286 silly reify mark retired [
286 silly reify   'D:\\A production\\Apti_Test_App-main\\node_modules\\detective-stylus'
286 silly reify ]
287 silly reify mark retired [
287 silly reify   'D:\\A production\\Apti_Test_App-main\\node_modules\\detective-typescript'
287 silly reify ]
288 silly reify mark retired [
288 silly reify   'D:\\A production\\Apti_Test_App-main\\node_modules\\detective-vue2'
288 silly reify ]
289 silly reify mark retired [ 'D:\\A production\\Apti_Test_App-main\\node_modules\\dettle' ]
290 silly reify mark retired [ 'D:\\A production\\Apti_Test_App-main\\node_modules\\diff' ]
291 silly reify mark retired [
291 silly reify   'D:\\A production\\Apti_Test_App-main\\node_modules\\dom-serializer'
291 silly reify ]
292 silly reify mark retired [
292 silly reify   'D:\\A production\\Apti_Test_App-main\\node_modules\\domelementtype'
292 silly reify ]
293 silly reify mark retired [ 'D:\\A production\\Apti_Test_App-main\\node_modules\\domhandler' ]
294 silly reify mark retired [ 'D:\\A production\\Apti_Test_App-main\\node_modules\\domutils' ]
295 silly reify mark retired [ 'D:\\A production\\Apti_Test_App-main\\node_modules\\dot-prop' ]
296 silly reify mark retired [ 'D:\\A production\\Apti_Test_App-main\\node_modules\\dotenv' ]
297 silly reify mark retired [
297 silly reify   'D:\\A production\\Apti_Test_App-main\\node_modules\\eastasianwidth'
297 silly reify ]
298 silly reify mark retired [ 'D:\\A production\\Apti_Test_App-main\\node_modules\\ee-first' ]
299 silly reify mark retired [ 'D:\\A production\\Apti_Test_App-main\\node_modules\\empathic' ]
300 silly reify mark retired [ 'D:\\A production\\Apti_Test_App-main\\node_modules\\enabled' ]
301 silly reify mark retired [ 'D:\\A production\\Apti_Test_App-main\\node_modules\\encodeurl' ]
302 silly reify mark retired [ 'D:\\A production\\Apti_Test_App-main\\node_modules\\enquirer' ]
303 silly reify mark retired [ 'D:\\A production\\Apti_Test_App-main\\node_modules\\entities' ]
304 silly reify mark retired [ 'D:\\A production\\Apti_Test_App-main\\node_modules\\env-paths' ]
305 silly reify mark retired [
305 silly reify   'D:\\A production\\Apti_Test_App-main\\node_modules\\envinfo',
305 silly reify   'D:\\A production\\Apti_Test_App-main\\node_modules\\.bin\\envinfo',
305 silly reify   'D:\\A production\\Apti_Test_App-main\\node_modules\\.bin\\envinfo.cmd',
305 silly reify   'D:\\A production\\Apti_Test_App-main\\node_modules\\.bin\\envinfo.ps1'
305 silly reify ]
306 silly reify mark retired [ 'D:\\A production\\Apti_Test_App-main\\node_modules\\environment' ]
307 silly reify mark retired [
307 silly reify   'D:\\A production\\Apti_Test_App-main\\node_modules\\error-stack-parser'
307 silly reify ]
308 silly reify mark retired [ 'D:\\A production\\Apti_Test_App-main\\node_modules\\es-abstract' ]
309 silly reify mark retired [
309 silly reify   'D:\\A production\\Apti_Test_App-main\\node_modules\\es-abstract-get'
309 silly reify ]
310 silly reify mark retired [
310 silly reify   'D:\\A production\\Apti_Test_App-main\\node_modules\\es-module-lexer'
310 silly reify ]
311 silly reify mark retired [
311 silly reify   'D:\\A production\\Apti_Test_App-main\\node_modules\\es-shim-unscopables'
311 silly reify ]
312 silly reify mark retired [
312 silly reify   'D:\\A production\\Apti_Test_App-main\\node_modules\\es-to-primitive'
312 silly reify ]
313 silly reify mark retired [
313 silly reify   'D:\\A production\\Apti_Test_App-main\\node_modules\\esbuild',
313 silly reify   'D:\\A production\\Apti_Test_App-main\\node_modules\\.bin\\esbuild',
313 silly reify   'D:\\A production\\Apti_Test_App-main\\node_modules\\.bin\\esbuild.cmd',
313 silly reify   'D:\\A production\\Apti_Test_App-main\\node_modules\\.bin\\esbuild.ps1'
313 silly reify ]
314 silly reify mark retired [ 'D:\\A production\\Apti_Test_App-main\\node_modules\\escape-goat' ]
315 silly reify mark retired [ 'D:\\A production\\Apti_Test_App-main\\node_modules\\escape-html' ]
316 silly reify mark retired [
316 silly reify   'D:\\A production\\Apti_Test_App-main\\node_modules\\escape-string-regexp'
316 silly reify ]
317 silly reify mark retired [
317 silly reify   'D:\\A production\\Apti_Test_App-main\\node_modules\\escodegen',
317 silly reify   'D:\\A production\\Apti_Test_App-main\\node_modules\\.bin\\escodegen',
317 silly reify   'D:\\A production\\Apti_Test_App-main\\node_modules\\.bin\\escodegen.cmd',
317 silly reify   'D:\\A production\\Apti_Test_App-main\\node_modules\\.bin\\escodegen.ps1',
317 silly reify   'D:\\A production\\Apti_Test_App-main\\node_modules\\.bin\\esgenerate',
317 silly reify   'D:\\A production\\Apti_Test_App-main\\node_modules\\.bin\\esgenerate.cmd',
317 silly reify   'D:\\A production\\Apti_Test_App-main\\node_modules\\.bin\\esgenerate.ps1'
317 silly reify ]
318 silly reify mark retired [
318 silly reify   'D:\\A production\\Apti_Test_App-main\\node_modules\\eslint-visitor-keys'
318 silly reify ]
319 silly reify mark retired [
319 silly reify   'D:\\A production\\Apti_Test_App-main\\node_modules\\esprima',
319 silly reify   'D:\\A production\\Apti_Test_App-main\\node_modules\\.bin\\esparse',
319 silly reify   'D:\\A production\\Apti_Test_App-main\\node_modules\\.bin\\esparse.cmd',
319 silly reify   'D:\\A production\\Apti_Test_App-main\\node_modules\\.bin\\esparse.ps1',
319 silly reify   'D:\\A production\\Apti_Test_App-main\\node_modules\\.bin\\esvalidate',
319 silly reify   'D:\\A production\\Apti_Test_App-main\\node_modules\\.bin\\esvalidate.cmd',
319 silly reify   'D:\\A production\\Apti_Test_App-main\\node_modules\\.bin\\esvalidate.ps1'
319 silly reify ]
320 silly reify mark retired [ 'D:\\A production\\Apti_Test_App-main\\node_modules\\estraverse' ]
321 silly reify mark retired [ 'D:\\A production\\Apti_Test_App-main\\node_modules\\estree-walker' ]
322 silly reify mark retired [ 'D:\\A production\\Apti_Test_App-main\\node_modules\\esutils' ]
323 silly reify mark retired [ 'D:\\A production\\Apti_Test_App-main\\node_modules\\etag' ]
324 silly reify mark retired [ 'D:\\A production\\Apti_Test_App-main\\node_modules\\eventemitter3' ]
325 silly reify mark retired [ 'D:\\A production\\Apti_Test_App-main\\node_modules\\events' ]
326 silly reify mark retired [
326 silly reify   'D:\\A production\\Apti_Test_App-main\\node_modules\\events-universal'
326 silly reify ]
327 silly reify mark retired [ 'D:\\A production\\Apti_Test_App-main\\node_modules\\execa' ]
328 silly reify mark retired [ 'D:\\A production\\Apti_Test_App-main\\node_modules\\express' ]
329 silly reify mark retired [
329 silly reify   'D:\\A production\\Apti_Test_App-main\\node_modules\\express-logging'
329 silly reify ]
330 silly reify mark retired [
330 silly reify   'D:\\A production\\Apti_Test_App-main\\node_modules\\extract-zip',
330 silly reify   'D:\\A production\\Apti_Test_App-main\\node_modules\\.bin\\extract-zip',
330 silly reify   'D:\\A production\\Apti_Test_App-main\\node_modules\\.bin\\extract-zip.cmd',
330 silly reify   'D:\\A production\\Apti_Test_App-main\\node_modules\\.bin\\extract-zip.ps1'
330 silly reify ]
331 silly reify mark retired [
331 silly reify   'D:\\A production\\Apti_Test_App-main\\node_modules\\fast-decode-uri-component'
331 silly reify ]
332 silly reify mark retired [ 'D:\\A production\\Apti_Test_App-main\\node_modules\\fast-equals' ]
333 silly reify mark retired [ 'D:\\A production\\Apti_Test_App-main\\node_modules\\fast-fifo' ]
334 silly reify mark retired [ 'D:\\A production\\Apti_Test_App-main\\node_modules\\fast-glob' ]
335 silly reify mark retired [
335 silly reify   'D:\\A production\\Apti_Test_App-main\\node_modules\\fast-json-stringify'
335 silly reify ]
336 silly reify mark retired [
336 silly reify   'D:\\A production\\Apti_Test_App-main\\node_modules\\fast-querystring'
336 silly reify ]
337 silly reify mark retired [
337 silly reify   'D:\\A production\\Apti_Test_App-main\\node_modules\\fast-safe-stringify'
337 silly reify ]
338 silly reify mark retired [
338 silly reify   'D:\\A production\\Apti_Test_App-main\\node_modules\\fast-string-truncated-width'
338 silly reify ]
339 silly reify mark retired [
339 silly reify   'D:\\A production\\Apti_Test_App-main\\node_modules\\fast-string-width'
339 silly reify ]
340 silly reify mark retired [
340 silly reify   'D:\\A production\\Apti_Test_App-main\\node_modules\\fast-stringify'
340 silly reify ]
341 silly reify mark retired [ 'D:\\A production\\Apti_Test_App-main\\node_modules\\fast-uri' ]
342 silly reify mark retired [
342 silly reify   'D:\\A production\\Apti_Test_App-main\\node_modules\\fastest-levenshtein'
342 silly reify ]
343 silly reify mark retired [ 'D:\\A production\\Apti_Test_App-main\\node_modules\\fastify' ]
344 silly reify mark retired [
344 silly reify   'D:\\A production\\Apti_Test_App-main\\node_modules\\fastify-plugin'
344 silly reify ]
345 silly reify mark retired [ 'D:\\A production\\Apti_Test_App-main\\node_modules\\fastq' ]
346 silly reify mark retired [ 'D:\\A production\\Apti_Test_App-main\\node_modules\\fd-slicer' ]
347 silly reify mark retired [ 'D:\\A production\\Apti_Test_App-main\\node_modules\\fdir' ]
348 silly reify mark retired [ 'D:\\A production\\Apti_Test_App-main\\node_modules\\fecha' ]
349 silly reify mark retired [ 'D:\\A production\\Apti_Test_App-main\\node_modules\\figures' ]
350 silly reify mark retired [
350 silly reify   'D:\\A production\\Apti_Test_App-main\\node_modules\\file-uri-to-path'
350 silly reify ]
351 silly reify mark retired [ 'D:\\A production\\Apti_Test_App-main\\node_modules\\fill-range' ]
352 silly reify mark retired [ 'D:\\A production\\Apti_Test_App-main\\node_modules\\filter-obj' ]
353 silly reify mark retired [ 'D:\\A production\\Apti_Test_App-main\\node_modules\\finalhandler' ]
354 silly reify mark retired [ 'D:\\A production\\Apti_Test_App-main\\node_modules\\find-my-way' ]
355 silly reify mark retired [ 'D:\\A production\\Apti_Test_App-main\\node_modules\\find-up' ]
356 silly reify mark retired [
356 silly reify   'D:\\A production\\Apti_Test_App-main\\node_modules\\find-up-simple'
356 silly reify ]
357 silly reify mark retired [ 'D:\\A production\\Apti_Test_App-main\\node_modules\\fn.name' ]
358 silly reify mark retired [ 'D:\\A production\\Apti_Test_App-main\\node_modules\\folder-walker' ]
359 silly reify mark retired [
359 silly reify   'D:\\A production\\Apti_Test_App-main\\node_modules\\follow-redirects'
359 silly reify ]
360 silly reify mark retired [ 'D:\\A production\\Apti_Test_App-main\\node_modules\\for-each' ]
361 silly reify mark retired [
361 silly reify   'D:\\A production\\Apti_Test_App-main\\node_modules\\foreground-child'
361 silly reify ]
362 silly reify mark retired [ 'D:\\A production\\Apti_Test_App-main\\node_modules\\forwarded' ]
363 silly reify mark retired [ 'D:\\A production\\Apti_Test_App-main\\node_modules\\fresh' ]
364 silly reify mark retired [ 'D:\\A production\\Apti_Test_App-main\\node_modules\\from2' ]
365 silly reify mark retired [
365 silly reify   'D:\\A production\\Apti_Test_App-main\\node_modules\\function.prototype.name'
365 silly reify ]
366 silly reify mark retired [
366 silly reify   'D:\\A production\\Apti_Test_App-main\\node_modules\\functions-have-names'
366 silly reify ]
367 silly reify mark retired [ 'D:\\A production\\Apti_Test_App-main\\node_modules\\fuzzy' ]
368 silly reify mark retired [
368 silly reify   'D:\\A production\\Apti_Test_App-main\\node_modules\\generator-function'
368 silly reify ]
369 silly reify mark retired [
369 silly reify   'D:\\A production\\Apti_Test_App-main\\node_modules\\get-amd-module-type'
369 silly reify ]
370 silly reify mark retired [
370 silly reify   'D:\\A production\\Apti_Test_App-main\\node_modules\\get-east-asian-width'
370 silly reify ]
371 silly reify mark retired [ 'D:\\A production\\Apti_Test_App-main\\node_modules\\get-port' ]
372 silly reify mark retired [
372 silly reify   'D:\\A production\\Apti_Test_App-main\\node_modules\\get-port-please'
372 silly reify ]
373 silly reify mark retired [ 'D:\\A production\\Apti_Test_App-main\\node_modules\\get-stream' ]
374 silly reify mark retired [
374 silly reify   'D:\\A production\\Apti_Test_App-main\\node_modules\\get-symbol-description'
374 silly reify ]
375 silly reify mark retired [ 'D:\\A production\\Apti_Test_App-main\\node_modules\\git-repo-info' ]
376 silly reify mark retired [
376 silly reify   'D:\\A production\\Apti_Test_App-main\\node_modules\\gitconfiglocal'
376 silly reify ]
377 silly reify mark retired [ 'D:\\A production\\Apti_Test_App-main\\node_modules\\glob' ]
378 silly reify mark retired [ 'D:\\A production\\Apti_Test_App-main\\node_modules\\glob-parent' ]
379 silly reify mark retired [
379 silly reify   'D:\\A production\\Apti_Test_App-main\\node_modules\\global-directory'
379 silly reify ]
380 silly reify mark retired [ 'D:\\A production\\Apti_Test_App-main\\node_modules\\globalthis' ]
381 silly reify mark retired [ 'D:\\A production\\Apti_Test_App-main\\node_modules\\globby' ]
382 silly reify mark retired [
382 silly reify   'D:\\A production\\Apti_Test_App-main\\node_modules\\gonzales-pe',
382 silly reify   'D:\\A production\\Apti_Test_App-main\\node_modules\\.bin\\gonzales',
382 silly reify   'D:\\A production\\Apti_Test_App-main\\node_modules\\.bin\\gonzales.cmd',
382 silly reify   'D:\\A production\\Apti_Test_App-main\\node_modules\\.bin\\gonzales.ps1'
382 silly reify ]
383 silly reify mark retired [ 'D:\\A production\\Apti_Test_App-main\\node_modules\\graceful-fs' ]
384 silly reify mark retired [ 'D:\\A production\\Apti_Test_App-main\\node_modules\\h3' ]
385 silly reify mark retired [ 'D:\\A production\\Apti_Test_App-main\\node_modules\\has-bigints' ]
386 silly reify mark retired [ 'D:\\A production\\Apti_Test_App-main\\node_modules\\has-flag' ]
387 silly reify mark retired [
387 silly reify   'D:\\A production\\Apti_Test_App-main\\node_modules\\has-property-descriptors'
387 silly reify ]
388 silly reify mark retired [ 'D:\\A production\\Apti_Test_App-main\\node_modules\\has-proto' ]
389 silly reify mark retired [
389 silly reify   'D:\\A production\\Apti_Test_App-main\\node_modules\\hosted-git-info'
389 silly reify ]
390 silly reify mark retired [ 'D:\\A production\\Apti_Test_App-main\\node_modules\\hot-shots' ]
391 silly reify mark retired [ 'D:\\A production\\Apti_Test_App-main\\node_modules\\http-errors' ]
392 silly reify mark retired [ 'D:\\A production\\Apti_Test_App-main\\node_modules\\http-proxy' ]
393 silly reify mark retired [
393 silly reify   'D:\\A production\\Apti_Test_App-main\\node_modules\\http-proxy-middleware'
393 silly reify ]
394 silly reify mark retired [ 'D:\\A production\\Apti_Test_App-main\\node_modules\\http-shutdown' ]
395 silly reify mark retired [ 'D:\\A production\\Apti_Test_App-main\\node_modules\\human-signals' ]
396 silly reify mark retired [ 'D:\\A production\\Apti_Test_App-main\\node_modules\\iconv-lite' ]
397 silly reify mark retired [ 'D:\\A production\\Apti_Test_App-main\\node_modules\\ieee754' ]
398 silly reify mark retired [ 'D:\\A production\\Apti_Test_App-main\\node_modules\\ignore' ]
399 silly reify mark retired [ 'D:\\A production\\Apti_Test_App-main\\node_modules\\image-meta' ]
400 silly reify mark retired [
400 silly reify   'D:\\A production\\Apti_Test_App-main\\node_modules\\image-size',
400 silly reify   'D:\\A production\\Apti_Test_App-main\\node_modules\\.bin\\image-size',
400 silly reify   'D:\\A production\\Apti_Test_App-main\\node_modules\\.bin\\image-size.cmd',
400 silly reify   'D:\\A production\\Apti_Test_App-main\\node_modules\\.bin\\image-size.ps1'
400 silly reify ]
401 silly reify mark retired [
401 silly reify   'D:\\A production\\Apti_Test_App-main\\node_modules\\import-in-the-middle'
401 silly reify ]
402 silly reify mark retired [ 'D:\\A production\\Apti_Test_App-main\\node_modules\\imurmurhash' ]
403 silly reify mark retired [ 'D:\\A production\\Apti_Test_App-main\\node_modules\\indent-string' ]
404 silly reify mark retired [
404 silly reify   'D:\\A production\\Apti_Test_App-main\\node_modules\\index-to-position'
404 silly reify ]
405 silly reify mark retired [ 'D:\\A production\\Apti_Test_App-main\\node_modules\\ini' ]
406 silly reify mark retired [ 'D:\\A production\\Apti_Test_App-main\\node_modules\\inquirer' ]
407 silly reify mark retired [
407 silly reify   'D:\\A production\\Apti_Test_App-main\\node_modules\\inquirer-autocomplete-prompt'
407 silly reify ]
408 silly reify mark retired [ 'D:\\A production\\Apti_Test_App-main\\node_modules\\internal-slot' ]
409 silly reify mark retired [ 'D:\\A production\\Apti_Test_App-main\\node_modules\\ipaddr.js' ]
410 silly reify mark retired [
410 silly reify   'D:\\A production\\Apti_Test_App-main\\node_modules\\ipx',
410 silly reify   'D:\\A production\\Apti_Test_App-main\\node_modules\\.bin\\ipx',
410 silly reify   'D:\\A production\\Apti_Test_App-main\\node_modules\\.bin\\ipx.cmd',
410 silly reify   'D:\\A production\\Apti_Test_App-main\\node_modules\\.bin\\ipx.ps1'
410 silly reify ]
411 silly reify mark retired [
411 silly reify   'D:\\A production\\Apti_Test_App-main\\node_modules\\iron-webcrypto'
411 silly reify ]
412 silly reify mark retired [
412 silly reify   'D:\\A production\\Apti_Test_App-main\\node_modules\\is-array-buffer'
412 silly reify ]
413 silly reify mark retired [
413 silly reify   'D:\\A production\\Apti_Test_App-main\\node_modules\\is-async-function'
413 silly reify ]
414 silly reify mark retired [ 'D:\\A production\\Apti_Test_App-main\\node_modules\\is-bigint' ]
415 silly reify mark retired [
415 silly reify   'D:\\A production\\Apti_Test_App-main\\node_modules\\is-boolean-object'
415 silly reify ]
416 silly reify mark retired [ 'D:\\A production\\Apti_Test_App-main\\node_modules\\is-callable' ]
417 silly reify mark retired [
417 silly reify   'D:\\A production\\Apti_Test_App-main\\node_modules\\is-core-module'
417 silly reify ]
418 silly reify mark retired [ 'D:\\A production\\Apti_Test_App-main\\node_modules\\is-data-view' ]
419 silly reify mark retired [
419 silly reify   'D:\\A production\\Apti_Test_App-main\\node_modules\\is-date-object'
419 silly reify ]
420 silly reify mark retired [
420 silly reify   'D:\\A production\\Apti_Test_App-main\\node_modules\\is-docker',
420 silly reify   'D:\\A production\\Apti_Test_App-main\\node_modules\\.bin\\is-docker',
420 silly reify   'D:\\A production\\Apti_Test_App-main\\node_modules\\.bin\\is-docker.cmd',
420 silly reify   'D:\\A production\\Apti_Test_App-main\\node_modules\\.bin\\is-docker.ps1'
420 silly reify ]
421 silly reify mark retired [
421 silly reify   'D:\\A production\\Apti_Test_App-main\\node_modules\\is-document.all'
421 silly reify ]
422 silly reify mark retired [
422 silly reify   'D:\\A production\\Apti_Test_App-main\\node_modules\\is-error-instance'
422 silly reify ]
423 silly reify mark retired [ 'D:\\A production\\Apti_Test_App-main\\node_modules\\is-extglob' ]
424 silly reify mark retired [
424 silly reify   'D:\\A production\\Apti_Test_App-main\\node_modules\\is-finalizationregistry'
424 silly reify ]
425 silly reify mark retired [
425 silly reify   'D:\\A production\\Apti_Test_App-main\\node_modules\\is-generator-function'
425 silly reify ]
426 silly reify mark retired [ 'D:\\A production\\Apti_Test_App-main\\node_modules\\is-glob' ]
427 silly reify mark retired [
427 silly reify   'D:\\A production\\Apti_Test_App-main\\node_modules\\is-in-ci',
427 silly reify   'D:\\A production\\Apti_Test_App-main\\node_modules\\.bin\\is-in-ci',
427 silly reify   'D:\\A production\\Apti_Test_App-main\\node_modules\\.bin\\is-in-ci.cmd',
427 silly reify   'D:\\A production\\Apti_Test_App-main\\node_modules\\.bin\\is-in-ci.ps1'
427 silly reify ]
428 silly reify mark retired [ 'D:\\A production\\Apti_Test_App-main\\node_modules\\is-in-ssh' ]
429 silly reify mark retired [
429 silly reify   'D:\\A production\\Apti_Test_App-main\\node_modules\\is-inside-container',
429 silly reify   'D:\\A production\\Apti_Test_App-main\\node_modules\\.bin\\is-inside-container',
429 silly reify   'D:\\A production\\Apti_Test_App-main\\node_modules\\.bin\\is-inside-container.cmd',
429 silly reify   'D:\\A production\\Apti_Test_App-main\\node_modules\\.bin\\is-inside-container.ps1'
429 silly reify ]
430 silly reify mark retired [
430 silly reify   'D:\\A production\\Apti_Test_App-main\\node_modules\\is-installed-globally'
430 silly reify ]
431 silly reify mark retired [
431 silly reify   'D:\\A production\\Apti_Test_App-main\\node_modules\\is-interactive'
431 silly reify ]
432 silly reify mark retired [ 'D:\\A production\\Apti_Test_App-main\\node_modules\\is-map' ]
433 silly reify mark retired [
433 silly reify   'D:\\A production\\Apti_Test_App-main\\node_modules\\is-negative-zero'
433 silly reify ]
434 silly reify mark retired [
434 silly reify   'D:\\A production\\Apti_Test_App-main\\node_modules\\is-network-error'
434 silly reify ]
435 silly reify mark retired [ 'D:\\A production\\Apti_Test_App-main\\node_modules\\is-npm' ]
436 silly reify mark retired [ 'D:\\A production\\Apti_Test_App-main\\node_modules\\is-number' ]
437 silly reify mark retired [
437 silly reify   'D:\\A production\\Apti_Test_App-main\\node_modules\\is-number-object'
437 silly reify ]
438 silly reify mark retired [
438 silly reify   'D:\\A production\\Apti_Test_App-main\\node_modules\\is-path-inside'
438 silly reify ]
439 silly reify mark retired [ 'D:\\A production\\Apti_Test_App-main\\node_modules\\is-plain-obj' ]
440 silly reify mark retired [
440 silly reify   'D:\\A production\\Apti_Test_App-main\\node_modules\\is-plain-object'
440 silly reify ]
441 silly reify mark retired [ 'D:\\A production\\Apti_Test_App-main\\node_modules\\is-promise' ]
442 silly reify mark retired [ 'D:\\A production\\Apti_Test_App-main\\node_modules\\is-regex' ]
443 silly reify mark retired [
443 silly reify   'D:\\A production\\Apti_Test_App-main\\node_modules\\is-safe-filename'
443 silly reify ]
444 silly reify mark retired [ 'D:\\A production\\Apti_Test_App-main\\node_modules\\is-set' ]
445 silly reify mark retired [
445 silly reify   'D:\\A production\\Apti_Test_App-main\\node_modules\\is-shared-array-buffer'
445 silly reify ]
446 silly reify mark retired [ 'D:\\A production\\Apti_Test_App-main\\node_modules\\is-string' ]
447 silly reify mark retired [ 'D:\\A production\\Apti_Test_App-main\\node_modules\\is-symbol' ]
448 silly reify mark retired [
448 silly reify   'D:\\A production\\Apti_Test_App-main\\node_modules\\is-typed-array'
448 silly reify ]
449 silly reify mark retired [
449 silly reify   'D:\\A production\\Apti_Test_App-main\\node_modules\\is-unicode-supported'
449 silly reify ]
450 silly reify mark retired [ 'D:\\A production\\Apti_Test_App-main\\node_modules\\is-url-superb' ]
451 silly reify mark retired [ 'D:\\A production\\Apti_Test_App-main\\node_modules\\is-weakmap' ]
452 silly reify mark retired [ 'D:\\A production\\Apti_Test_App-main\\node_modules\\is-weakref' ]
453 silly reify mark retired [ 'D:\\A production\\Apti_Test_App-main\\node_modules\\is-weakset' ]
454 silly reify mark retired [ 'D:\\A production\\Apti_Test_App-main\\node_modules\\is-wsl' ]
455 silly reify mark retired [ 'D:\\A production\\Apti_Test_App-main\\node_modules\\isarray' ]
456 silly reify mark retired [ 'D:\\A production\\Apti_Test_App-main\\node_modules\\iserror' ]
457 silly reify mark retired [ 'D:\\A production\\Apti_Test_App-main\\node_modules\\isexe' ]
458 silly reify mark retired [ 'D:\\A production\\Apti_Test_App-main\\node_modules\\jackspeak' ]
459 silly reify mark retired [
459 silly reify   'D:\\A production\\Apti_Test_App-main\\node_modules\\jiti',
459 silly reify   'D:\\A production\\Apti_Test_App-main\\node_modules\\.bin\\jiti',
459 silly reify   'D:\\A production\\Apti_Test_App-main\\node_modules\\.bin\\jiti.cmd',
459 silly reify   'D:\\A production\\Apti_Test_App-main\\node_modules\\.bin\\jiti.ps1'
459 silly reify ]
460 silly reify mark retired [ 'D:\\A production\\Apti_Test_App-main\\node_modules\\jpeg-js' ]
461 silly reify mark retired [
461 silly reify   'D:\\A production\\Apti_Test_App-main\\node_modules\\js-image-generator'
461 silly reify ]
462 silly reify mark retired [ 'D:\\A production\\Apti_Test_App-main\\node_modules\\js-tokens' ]
463 silly reify mark retired [
463 silly reify   'D:\\A production\\Apti_Test_App-main\\node_modules\\json-schema-ref-resolver'
463 silly reify ]
464 silly reify mark retired [
464 silly reify   'D:\\A production\\Apti_Test_App-main\\node_modules\\json-schema-traverse'
464 silly reify ]
465 silly reify mark retired [
465 silly reify   'D:\\A production\\Apti_Test_App-main\\node_modules\\json-with-bigint'
465 silly reify ]
466 silly reify mark retired [ 'D:\\A production\\Apti_Test_App-main\\node_modules\\jsonpointer' ]
467 silly reify mark retired [ 'D:\\A production\\Apti_Test_App-main\\node_modules\\junk' ]
468 silly reify mark retired [ 'D:\\A production\\Apti_Test_App-main\\node_modules\\jwt-decode' ]
469 silly reify mark retired [
469 silly reify   'D:\\A production\\Apti_Test_App-main\\node_modules\\keep-func-props'
469 silly reify ]
470 silly reify mark retired [ 'D:\\A production\\Apti_Test_App-main\\node_modules\\kuler' ]
471 silly reify mark retired [ 'D:\\A production\\Apti_Test_App-main\\node_modules\\ky' ]
472 silly reify mark retired [
472 silly reify   'D:\\A production\\Apti_Test_App-main\\node_modules\\lambda-local',
472 silly reify   'D:\\A production\\Apti_Test_App-main\\node_modules\\.bin\\lambda-local',
472 silly reify   'D:\\A production\\Apti_Test_App-main\\node_modules\\.bin\\lambda-local.cmd',
472 silly reify   'D:\\A production\\Apti_Test_App-main\\node_modules\\.bin\\lambda-local.ps1'
472 silly reify ]
473 silly reify mark retired [
473 silly reify   'D:\\A production\\Apti_Test_App-main\\node_modules\\latest-version'
473 silly reify ]
474 silly reify mark retired [ 'D:\\A production\\Apti_Test_App-main\\node_modules\\lazystream' ]
475 silly reify mark retired [ 'D:\\A production\\Apti_Test_App-main\\node_modules\\leven' ]
476 silly reify mark retired [
476 silly reify   'D:\\A production\\Apti_Test_App-main\\node_modules\\light-my-request'
476 silly reify ]
477 silly reify mark retired [
477 silly reify   'D:\\A production\\Apti_Test_App-main\\node_modules\\listhen',
477 silly reify   'D:\\A production\\Apti_Test_App-main\\node_modules\\.bin\\listen',
477 silly reify   'D:\\A production\\Apti_Test_App-main\\node_modules\\.bin\\listen.cmd',
477 silly reify   'D:\\A production\\Apti_Test_App-main\\node_modules\\.bin\\listen.ps1',
477 silly reify   'D:\\A production\\Apti_Test_App-main\\node_modules\\.bin\\listhen',
477 silly reify   'D:\\A production\\Apti_Test_App-main\\node_modules\\.bin\\listhen.cmd',
477 silly reify   'D:\\A production\\Apti_Test_App-main\\node_modules\\.bin\\listhen.ps1'
477 silly reify ]
478 silly reify mark retired [ 'D:\\A production\\Apti_Test_App-main\\node_modules\\locate-path' ]
479 silly reify mark retired [ 'D:\\A production\\Apti_Test_App-main\\node_modules\\lockparse' ]
480 silly reify mark retired [ 'D:\\A production\\Apti_Test_App-main\\node_modules\\lodash' ]
481 silly reify mark retired [
481 silly reify   'D:\\A production\\Apti_Test_App-main\\node_modules\\lodash.isempty'
481 silly reify ]
482 silly reify mark retired [
482 silly reify   'D:\\A production\\Apti_Test_App-main\\node_modules\\lodash.transform'
482 silly reify ]
483 silly reify mark retired [
483 silly reify   'D:\\A production\\Apti_Test_App-main\\node_modules\\log-process-errors'
483 silly reify ]
484 silly reify mark retired [ 'D:\\A production\\Apti_Test_App-main\\node_modules\\log-symbols' ]
485 silly reify mark retired [ 'D:\\A production\\Apti_Test_App-main\\node_modules\\log-update' ]
486 silly reify mark retired [ 'D:\\A production\\Apti_Test_App-main\\node_modules\\logform' ]
487 silly reify mark retired [ 'D:\\A production\\Apti_Test_App-main\\node_modules\\luxon' ]
488 silly reify mark retired [ 'D:\\A production\\Apti_Test_App-main\\node_modules\\macos-release' ]
489 silly reify mark retired [ 'D:\\A production\\Apti_Test_App-main\\node_modules\\magic-string' ]
490 silly reify mark retired [ 'D:\\A production\\Apti_Test_App-main\\node_modules\\make-error' ]
491 silly reify mark retired [ 'D:\\A production\\Apti_Test_App-main\\node_modules\\map-obj' ]
492 silly reify mark retired [ 'D:\\A production\\Apti_Test_App-main\\node_modules\\maxstache' ]
493 silly reify mark retired [
493 silly reify   'D:\\A production\\Apti_Test_App-main\\node_modules\\maxstache-stream'
493 silly reify ]
494 silly reify mark retired [ 'D:\\A production\\Apti_Test_App-main\\node_modules\\mdn-data' ]
495 silly reify mark retired [ 'D:\\A production\\Apti_Test_App-main\\node_modules\\media-typer' ]
496 silly reify mark retired [ 'D:\\A production\\Apti_Test_App-main\\node_modules\\memoize-one' ]
497 silly reify mark retired [
497 silly reify   'D:\\A production\\Apti_Test_App-main\\node_modules\\merge-descriptors'
497 silly reify ]
498 silly reify mark retired [ 'D:\\A production\\Apti_Test_App-main\\node_modules\\merge-options' ]
499 silly reify mark retired [ 'D:\\A production\\Apti_Test_App-main\\node_modules\\merge-stream' ]
500 silly reify mark retired [ 'D:\\A production\\Apti_Test_App-main\\node_modules\\merge2' ]
501 silly reify mark retired [ 'D:\\A production\\Apti_Test_App-main\\node_modules\\micro-memoize' ]
502 silly reify mark retired [ 'D:\\A production\\Apti_Test_App-main\\node_modules\\micromatch' ]
503 silly reify mark retired [ 'D:\\A production\\Apti_Test_App-main\\node_modules\\mimic-fn' ]
504 silly reify mark retired [
504 silly reify   'D:\\A production\\Apti_Test_App-main\\node_modules\\mimic-function'
504 silly reify ]
505 silly reify mark retired [ 'D:\\A production\\Apti_Test_App-main\\node_modules\\minimatch' ]
506 silly reify mark retired [ 'D:\\A production\\Apti_Test_App-main\\node_modules\\minimist' ]
507 silly reify mark retired [ 'D:\\A production\\Apti_Test_App-main\\node_modules\\minipass' ]
508 silly reify mark retired [ 'D:\\A production\\Apti_Test_App-main\\node_modules\\minizlib' ]
509 silly reify mark retired [ 'D:\\A production\\Apti_Test_App-main\\node_modules\\modern-tar' ]
510 silly reify mark retired [
510 silly reify   'D:\\A production\\Apti_Test_App-main\\node_modules\\module-definition',
510 silly reify   'D:\\A production\\Apti_Test_App-main\\node_modules\\.bin\\module-definition',
510 silly reify   'D:\\A production\\Apti_Test_App-main\\node_modules\\.bin\\module-definition.cmd',
510 silly reify   'D:\\A production\\Apti_Test_App-main\\node_modules\\.bin\\module-definition.ps1'
510 silly reify ]
511 silly reify mark retired [
511 silly reify   'D:\\A production\\Apti_Test_App-main\\node_modules\\module-details-from-path'
511 silly reify ]
512 silly reify mark retired [ 'D:\\A production\\Apti_Test_App-main\\node_modules\\move-file' ]
513 silly reify mark retired [ 'D:\\A production\\Apti_Test_App-main\\node_modules\\multiparty' ]
514 silly reify mark retired [ 'D:\\A production\\Apti_Test_App-main\\node_modules\\mute-stream' ]
515 silly reify mark retired [ 'D:\\A production\\Apti_Test_App-main\\node_modules\\nanospinner' ]
516 silly reify mark retired [ 'D:\\A production\\Apti_Test_App-main\\node_modules\\negotiator' ]
517 silly reify mark retired [
517 silly reify   'D:\\A production\\Apti_Test_App-main\\node_modules\\netlify-cli',
517 silly reify   'D:\\A production\\Apti_Test_App-main\\node_modules\\.bin\\netlify',
517 silly reify   'D:\\A production\\Apti_Test_App-main\\node_modules\\.bin\\netlify.cmd',
517 silly reify   'D:\\A production\\Apti_Test_App-main\\node_modules\\.bin\\netlify.ps1',
517 silly reify   'D:\\A production\\Apti_Test_App-main\\node_modules\\.bin\\ntl',
517 silly reify   'D:\\A production\\Apti_Test_App-main\\node_modules\\.bin\\ntl.cmd',
517 silly reify   'D:\\A production\\Apti_Test_App-main\\node_modules\\.bin\\ntl.ps1'
517 silly reify ]
518 silly reify mark retired [
518 silly reify   'D:\\A production\\Apti_Test_App-main\\node_modules\\netlify-redirector'
518 silly reify ]
519 silly reify mark retired [
519 silly reify   'D:\\A production\\Apti_Test_App-main\\node_modules\\node-exports-info'
519 silly reify ]
520 silly reify mark retired [
520 silly reify   'D:\\A production\\Apti_Test_App-main\\node_modules\\node-fetch-native'
520 silly reify ]
521 silly reify mark retired [ 'D:\\A production\\Apti_Test_App-main\\node_modules\\node-forge' ]
522 silly reify mark retired [
522 silly reify   'D:\\A production\\Apti_Test_App-main\\node_modules\\node-gyp-build',
522 silly reify   'D:\\A production\\Apti_Test_App-main\\node_modules\\.bin\\node-gyp-build',
522 silly reify   'D:\\A production\\Apti_Test_App-main\\node_modules\\.bin\\node-gyp-build.cmd',
522 silly reify   'D:\\A production\\Apti_Test_App-main\\node_modules\\.bin\\node-gyp-build.ps1',
522 silly reify   'D:\\A production\\Apti_Test_App-main\\node_modules\\.bin\\node-gyp-build-optional',
522 silly reify   'D:\\A production\\Apti_Test_App-main\\node_modules\\.bin\\node-gyp-build-optional.cmd',
522 silly reify   'D:\\A production\\Apti_Test_App-main\\node_modules\\.bin\\node-gyp-build-optional.ps1',
522 silly reify   'D:\\A production\\Apti_Test_App-main\\node_modules\\.bin\\node-gyp-build-test',
522 silly reify   'D:\\A production\\Apti_Test_App-main\\node_modules\\.bin\\node-gyp-build-test.cmd',
522 silly reify   'D:\\A production\\Apti_Test_App-main\\node_modules\\.bin\\node-gyp-build-test.ps1'
522 silly reify ]
523 silly reify mark retired [
523 silly reify   'D:\\A production\\Apti_Test_App-main\\node_modules\\node-mock-http'
523 silly reify ]
524 silly reify mark retired [
524 silly reify   'D:\\A production\\Apti_Test_App-main\\node_modules\\node-source-walk'
524 silly reify ]
525 silly reify mark retired [
525 silly reify   'D:\\A production\\Apti_Test_App-main\\node_modules\\node-stream-zip'
525 silly reify ]
526 silly reify mark retired [
526 silly reify   'D:\\A production\\Apti_Test_App-main\\node_modules\\nopt',
526 silly reify   'D:\\A production\\Apti_Test_App-main\\node_modules\\.bin\\nopt',
526 silly reify   'D:\\A production\\Apti_Test_App-main\\node_modules\\.bin\\nopt.cmd',
526 silly reify   'D:\\A production\\Apti_Test_App-main\\node_modules\\.bin\\nopt.ps1'
526 silly reify ]
527 silly reify mark retired [
527 silly reify   'D:\\A production\\Apti_Test_App-main\\node_modules\\normalize-exception'
527 silly reify ]
528 silly reify mark retired [
528 silly reify   'D:\\A production\\Apti_Test_App-main\\node_modules\\normalize-package-data'
528 silly reify ]
529 silly reify mark retired [
529 silly reify   'D:\\A production\\Apti_Test_App-main\\node_modules\\normalize-path'
529 silly reify ]
530 silly reify mark retired [ 'D:\\A production\\Apti_Test_App-main\\node_modules\\npm-run-path' ]
531 silly reify mark retired [ 'D:\\A production\\Apti_Test_App-main\\node_modules\\nth-check' ]
532 silly reify mark retired [
532 silly reify   'D:\\A production\\Apti_Test_App-main\\node_modules\\object-inspect'
532 silly reify ]
533 silly reify mark retired [ 'D:\\A production\\Apti_Test_App-main\\node_modules\\object-keys' ]
534 silly reify mark retired [ 'D:\\A production\\Apti_Test_App-main\\node_modules\\object.assign' ]
535 silly reify mark retired [
535 silly reify   'D:\\A production\\Apti_Test_App-main\\node_modules\\object.entries'
535 silly reify ]
536 silly reify mark retired [ 'D:\\A production\\Apti_Test_App-main\\node_modules\\ofetch' ]
537 silly reify mark retired [
537 silly reify   'D:\\A production\\Apti_Test_App-main\\node_modules\\on-exit-leak-free'
537 silly reify ]
538 silly reify mark retired [ 'D:\\A production\\Apti_Test_App-main\\node_modules\\on-finished' ]
539 silly reify mark retired [ 'D:\\A production\\Apti_Test_App-main\\node_modules\\on-headers' ]
540 silly reify mark retired [ 'D:\\A production\\Apti_Test_App-main\\node_modules\\one-time' ]
541 silly reify mark retired [ 'D:\\A production\\Apti_Test_App-main\\node_modules\\onetime' ]
542 silly reify mark retired [ 'D:\\A production\\Apti_Test_App-main\\node_modules\\open' ]
543 silly reify mark retired [ 'D:\\A production\\Apti_Test_App-main\\node_modules\\ora' ]
544 silly reify mark retired [ 'D:\\A production\\Apti_Test_App-main\\node_modules\\os-name' ]
545 silly reify mark retired [ 'D:\\A production\\Apti_Test_App-main\\node_modules\\own-keys' ]
546 silly reify mark retired [ 'D:\\A production\\Apti_Test_App-main\\node_modules\\p-event' ]
547 silly reify mark retired [ 'D:\\A production\\Apti_Test_App-main\\node_modules\\p-filter' ]
548 silly reify mark retired [ 'D:\\A production\\Apti_Test_App-main\\node_modules\\p-locate' ]
549 silly reify mark retired [ 'D:\\A production\\Apti_Test_App-main\\node_modules\\p-map' ]
550 silly reify mark retired [ 'D:\\A production\\Apti_Test_App-main\\node_modules\\p-reduce' ]
551 silly reify mark retired [ 'D:\\A production\\Apti_Test_App-main\\node_modules\\p-retry' ]
552 silly reify mark retired [ 'D:\\A production\\Apti_Test_App-main\\node_modules\\p-timeout' ]
553 silly reify mark retired [ 'D:\\A production\\Apti_Test_App-main\\node_modules\\p-wait-for' ]
554 silly reify mark retired [
554 silly reify   'D:\\A production\\Apti_Test_App-main\\node_modules\\package-directory'
554 silly reify ]
555 silly reify mark retired [ 'D:\\A production\\Apti_Test_App-main\\node_modules\\package-json' ]
556 silly reify mark retired [
556 silly reify   'D:\\A production\\Apti_Test_App-main\\node_modules\\package-json-from-dist'
556 silly reify ]
557 silly reify mark retired [
557 silly reify   'D:\\A production\\Apti_Test_App-main\\node_modules\\parallel-transform'
557 silly reify ]
558 silly reify mark retired [
558 silly reify   'D:\\A production\\Apti_Test_App-main\\node_modules\\parse-duration'
558 silly reify ]
559 silly reify mark retired [
559 silly reify   'D:\\A production\\Apti_Test_App-main\\node_modules\\parse-github-url',
559 silly reify   'D:\\A production\\Apti_Test_App-main\\node_modules\\.bin\\parse-github-url',
559 silly reify   'D:\\A production\\Apti_Test_App-main\\node_modules\\.bin\\parse-github-url.cmd',
559 silly reify   'D:\\A production\\Apti_Test_App-main\\node_modules\\.bin\\parse-github-url.ps1'
559 silly reify ]
560 silly reify mark retired [
560 silly reify   'D:\\A production\\Apti_Test_App-main\\node_modules\\parse-gitignore'
560 silly reify ]
561 silly reify mark retired [ 'D:\\A production\\Apti_Test_App-main\\node_modules\\parse-imports' ]
562 silly reify mark retired [ 'D:\\A production\\Apti_Test_App-main\\node_modules\\parse-json' ]
563 silly reify mark retired [ 'D:\\A production\\Apti_Test_App-main\\node_modules\\parse-ms' ]
564 silly reify mark retired [ 'D:\\A production\\Apti_Test_App-main\\node_modules\\parseurl' ]
565 silly reify mark retired [ 'D:\\A production\\Apti_Test_App-main\\node_modules\\path-exists' ]
566 silly reify mark retired [ 'D:\\A production\\Apti_Test_App-main\\node_modules\\path-key' ]
567 silly reify mark retired [ 'D:\\A production\\Apti_Test_App-main\\node_modules\\path-parse' ]
568 silly reify mark retired [ 'D:\\A production\\Apti_Test_App-main\\node_modules\\path-scurry' ]
569 silly reify mark retired [
569 silly reify   'D:\\A production\\Apti_Test_App-main\\node_modules\\path-to-regexp'
569 silly reify ]
570 silly reify mark retired [ 'D:\\A production\\Apti_Test_App-main\\node_modules\\path-type' ]
571 silly reify mark retired [ 'D:\\A production\\Apti_Test_App-main\\node_modules\\pathe' ]
572 silly reify mark retired [ 'D:\\A production\\Apti_Test_App-main\\node_modules\\pend' ]
573 silly reify mark retired [ 'D:\\A production\\Apti_Test_App-main\\node_modules\\pg' ]
574 silly reify mark retired [ 'D:\\A production\\Apti_Test_App-main\\node_modules\\pg-cloudflare' ]
575 silly reify mark retired [
575 silly reify   'D:\\A production\\Apti_Test_App-main\\node_modules\\pg-connection-string'
575 silly reify ]
576 silly reify mark retired [ 'D:\\A production\\Apti_Test_App-main\\node_modules\\pg-gateway' ]
577 silly reify mark retired [ 'D:\\A production\\Apti_Test_App-main\\node_modules\\pg-int8' ]
578 silly reify mark retired [ 'D:\\A production\\Apti_Test_App-main\\node_modules\\pg-pool' ]
579 silly reify mark retired [ 'D:\\A production\\Apti_Test_App-main\\node_modules\\pg-protocol' ]
580 silly reify mark retired [ 'D:\\A production\\Apti_Test_App-main\\node_modules\\pg-types' ]
581 silly reify mark retired [ 'D:\\A production\\Apti_Test_App-main\\node_modules\\pgpass' ]
582 silly reify mark retired [ 'D:\\A production\\Apti_Test_App-main\\node_modules\\picomatch' ]
583 silly reify mark retired [ 'D:\\A production\\Apti_Test_App-main\\node_modules\\picoquery' ]
584 silly reify mark retired [
584 silly reify   'D:\\A production\\Apti_Test_App-main\\node_modules\\pino',
584 silly reify   'D:\\A production\\Apti_Test_App-main\\node_modules\\.bin\\pino',
584 silly reify   'D:\\A production\\Apti_Test_App-main\\node_modules\\.bin\\pino.cmd',
584 silly reify   'D:\\A production\\Apti_Test_App-main\\node_modules\\.bin\\pino.ps1'
584 silly reify ]
585 silly reify mark retired [
585 silly reify   'D:\\A production\\Apti_Test_App-main\\node_modules\\pino-abstract-transport'
585 silly reify ]
586 silly reify mark retired [
586 silly reify   'D:\\A production\\Apti_Test_App-main\\node_modules\\pino-std-serializers'
586 silly reify ]
587 silly reify mark retired [
587 silly reify   'D:\\A production\\Apti_Test_App-main\\node_modules\\possible-typed-array-names'
587 silly reify ]
588 silly reify mark retired [
588 silly reify   'D:\\A production\\Apti_Test_App-main\\node_modules\\postcss-values-parser'
588 silly reify ]
589 silly reify mark retired [
589 silly reify   'D:\\A production\\Apti_Test_App-main\\node_modules\\postgres-array'
589 silly reify ]
590 silly reify mark retired [
590 silly reify   'D:\\A production\\Apti_Test_App-main\\node_modules\\postgres-bytea'
590 silly reify ]
591 silly reify mark retired [ 'D:\\A production\\Apti_Test_App-main\\node_modules\\postgres-date' ]
592 silly reify mark retired [
592 silly reify   'D:\\A production\\Apti_Test_App-main\\node_modules\\postgres-interval'
592 silly reify ]
593 silly reify mark retired [
593 silly reify   'D:\\A production\\Apti_Test_App-main\\node_modules\\powershell-utils'
593 silly reify ]
594 silly reify mark retired [
594 silly reify   'D:\\A production\\Apti_Test_App-main\\node_modules\\precinct',
594 silly reify   'D:\\A production\\Apti_Test_App-main\\node_modules\\.bin\\precinct',
594 silly reify   'D:\\A production\\Apti_Test_App-main\\node_modules\\.bin\\precinct.cmd',
594 silly reify   'D:\\A production\\Apti_Test_App-main\\node_modules\\.bin\\precinct.ps1'
594 silly reify ]
595 silly reify mark retired [ 'D:\\A production\\Apti_Test_App-main\\node_modules\\precond' ]
596 silly reify mark retired [ 'D:\\A production\\Apti_Test_App-main\\node_modules\\pretty-ms' ]
597 silly reify mark retired [
597 silly reify   'D:\\A production\\Apti_Test_App-main\\node_modules\\prettyjson',
597 silly reify   'D:\\A production\\Apti_Test_App-main\\node_modules\\.bin\\prettyjson',
597 silly reify   'D:\\A production\\Apti_Test_App-main\\node_modules\\.bin\\prettyjson.cmd',
597 silly reify   'D:\\A production\\Apti_Test_App-main\\node_modules\\.bin\\prettyjson.ps1'
597 silly reify ]
598 silly reify mark retired [ 'D:\\A production\\Apti_Test_App-main\\node_modules\\process' ]
599 silly reify mark retired [
599 silly reify   'D:\\A production\\Apti_Test_App-main\\node_modules\\process-nextick-args'
599 silly reify ]
600 silly reify mark retired [
600 silly reify   'D:\\A production\\Apti_Test_App-main\\node_modules\\process-warning'
600 silly reify ]
601 silly reify mark retired [ 'D:\\A production\\Apti_Test_App-main\\node_modules\\proto-list' ]
602 silly reify mark retired [ 'D:\\A production\\Apti_Test_App-main\\node_modules\\proxy-addr' ]
603 silly reify mark retired [ 'D:\\A production\\Apti_Test_App-main\\node_modules\\ps-list' ]
604 silly reify mark retired [ 'D:\\A production\\Apti_Test_App-main\\node_modules\\pump' ]
605 silly reify mark retired [ 'D:\\A production\\Apti_Test_App-main\\node_modules\\pupa' ]
606 silly reify mark retired [ 'D:\\A production\\Apti_Test_App-main\\node_modules\\qs' ]
607 silly reify mark retired [
607 silly reify   'D:\\A production\\Apti_Test_App-main\\node_modules\\queue-microtask'
607 silly reify ]
608 silly reify mark retired [
608 silly reify   'D:\\A production\\Apti_Test_App-main\\node_modules\\quick-format-unescaped'
608 silly reify ]
609 silly reify mark retired [ 'D:\\A production\\Apti_Test_App-main\\node_modules\\quote-unquote' ]
610 silly reify mark retired [ 'D:\\A production\\Apti_Test_App-main\\node_modules\\radix3' ]
611 silly reify mark retired [ 'D:\\A production\\Apti_Test_App-main\\node_modules\\random-bytes' ]
612 silly reify mark retired [ 'D:\\A production\\Apti_Test_App-main\\node_modules\\range-parser' ]
613 silly reify mark retired [ 'D:\\A production\\Apti_Test_App-main\\node_modules\\raw-body' ]
614 silly reify mark retired [
614 silly reify   'D:\\A production\\Apti_Test_App-main\\node_modules\\rc',
614 silly reify   'D:\\A production\\Apti_Test_App-main\\node_modules\\.bin\\rc',
614 silly reify   'D:\\A production\\Apti_Test_App-main\\node_modules\\.bin\\rc.cmd',
614 silly reify   'D:\\A production\\Apti_Test_App-main\\node_modules\\.bin\\rc.ps1'
614 silly reify ]
615 silly reify mark retired [
615 silly reify   'D:\\A production\\Apti_Test_App-main\\node_modules\\read-package-up'
615 silly reify ]
616 silly reify mark retired [ 'D:\\A production\\Apti_Test_App-main\\node_modules\\read-pkg' ]
617 silly reify mark retired [ 'D:\\A production\\Apti_Test_App-main\\node_modules\\readdir-glob' ]
618 silly reify mark retired [ 'D:\\A production\\Apti_Test_App-main\\node_modules\\readdirp' ]
619 silly reify mark retired [ 'D:\\A production\\Apti_Test_App-main\\node_modules\\real-require' ]
620 silly reify mark retired [
620 silly reify   'D:\\A production\\Apti_Test_App-main\\node_modules\\reflect.getprototypeof'
620 silly reify ]
621 silly reify mark retired [
621 silly reify   'D:\\A production\\Apti_Test_App-main\\node_modules\\regexp.prototype.flags'
621 silly reify ]
622 silly reify mark retired [
622 silly reify   'D:\\A production\\Apti_Test_App-main\\node_modules\\registry-auth-token'
622 silly reify ]
623 silly reify mark retired [ 'D:\\A production\\Apti_Test_App-main\\node_modules\\registry-url' ]
624 silly reify mark retired [
624 silly reify   'D:\\A production\\Apti_Test_App-main\\node_modules\\remove-trailing-separator'
624 silly reify ]
625 silly reify mark retired [
625 silly reify   'D:\\A production\\Apti_Test_App-main\\node_modules\\require-from-string'
625 silly reify ]
626 silly reify mark retired [
626 silly reify   'D:\\A production\\Apti_Test_App-main\\node_modules\\require-in-the-middle'
626 silly reify ]
627 silly reify mark retired [
627 silly reify   'D:\\A production\\Apti_Test_App-main\\node_modules\\require-package-name'
627 silly reify ]
628 silly reify mark retired [ 'D:\\A production\\Apti_Test_App-main\\node_modules\\requires-port' ]
629 silly reify mark retired [
629 silly reify   'D:\\A production\\Apti_Test_App-main\\node_modules\\resolve',
629 silly reify   'D:\\A production\\Apti_Test_App-main\\node_modules\\.bin\\resolve',
629 silly reify   'D:\\A production\\Apti_Test_App-main\\node_modules\\.bin\\resolve.cmd',
629 silly reify   'D:\\A production\\Apti_Test_App-main\\node_modules\\.bin\\resolve.ps1'
629 silly reify ]
630 silly reify mark retired [ 'D:\\A production\\Apti_Test_App-main\\node_modules\\resolve-from' ]
631 silly reify mark retired [
631 silly reify   'D:\\A production\\Apti_Test_App-main\\node_modules\\restore-cursor'
631 silly reify ]
632 silly reify mark retired [ 'D:\\A production\\Apti_Test_App-main\\node_modules\\ret' ]
633 silly reify mark retired [ 'D:\\A production\\Apti_Test_App-main\\node_modules\\reusify' ]
634 silly reify mark retired [ 'D:\\A production\\Apti_Test_App-main\\node_modules\\rfdc' ]
635 silly reify mark retired [ 'D:\\A production\\Apti_Test_App-main\\node_modules\\router' ]
636 silly reify mark retired [
636 silly reify   'D:\\A production\\Apti_Test_App-main\\node_modules\\run-applescript'
636 silly reify ]
637 silly reify mark retired [ 'D:\\A production\\Apti_Test_App-main\\node_modules\\run-async' ]
638 silly reify mark retired [ 'D:\\A production\\Apti_Test_App-main\\node_modules\\run-parallel' ]
639 silly reify mark retired [ 'D:\\A production\\Apti_Test_App-main\\node_modules\\rxjs' ]
640 silly reify mark retired [
640 silly reify   'D:\\A production\\Apti_Test_App-main\\node_modules\\safe-array-concat'
640 silly reify ]
641 silly reify mark retired [
641 silly reify   'D:\\A production\\Apti_Test_App-main\\node_modules\\safe-json-stringify'
641 silly reify ]
642 silly reify mark retired [
642 silly reify   'D:\\A production\\Apti_Test_App-main\\node_modules\\safe-push-apply'
642 silly reify ]
643 silly reify mark retired [
643 silly reify   'D:\\A production\\Apti_Test_App-main\\node_modules\\safe-regex-test'
643 silly reify ]
644 silly reify mark retired [
644 silly reify   'D:\\A production\\Apti_Test_App-main\\node_modules\\safe-regex2',
644 silly reify   'D:\\A production\\Apti_Test_App-main\\node_modules\\.bin\\safe-regex2',
644 silly reify   'D:\\A production\\Apti_Test_App-main\\node_modules\\.bin\\safe-regex2.cmd',
644 silly reify   'D:\\A production\\Apti_Test_App-main\\node_modules\\.bin\\safe-regex2.ps1'
644 silly reify ]
645 silly reify mark retired [
645 silly reify   'D:\\A production\\Apti_Test_App-main\\node_modules\\safe-stable-stringify'
645 silly reify ]
646 silly reify mark retired [ 'D:\\A production\\Apti_Test_App-main\\node_modules\\safer-buffer' ]
647 silly reify mark retired [ 'D:\\A production\\Apti_Test_App-main\\node_modules\\sax' ]
648 silly reify mark retired [
648 silly reify   'D:\\A production\\Apti_Test_App-main\\node_modules\\secure-json-parse'
648 silly reify ]
649 silly reify mark retired [ 'D:\\A production\\Apti_Test_App-main\\node_modules\\send' ]
650 silly reify mark retired [ 'D:\\A production\\Apti_Test_App-main\\node_modules\\serve-static' ]
651 silly reify mark retired [
651 silly reify   'D:\\A production\\Apti_Test_App-main\\node_modules\\set-cookie-parser'
651 silly reify ]
652 silly reify mark retired [
652 silly reify   'D:\\A production\\Apti_Test_App-main\\node_modules\\set-error-message'
652 silly reify ]
653 silly reify mark retired [
653 silly reify   'D:\\A production\\Apti_Test_App-main\\node_modules\\set-function-length'
653 silly reify ]
654 silly reify mark retired [
654 silly reify   'D:\\A production\\Apti_Test_App-main\\node_modules\\set-function-name'
654 silly reify ]
655 silly reify mark retired [ 'D:\\A production\\Apti_Test_App-main\\node_modules\\set-proto' ]
656 silly reify mark retired [
656 silly reify   'D:\\A production\\Apti_Test_App-main\\node_modules\\setprototypeof'
656 silly reify ]
657 silly reify mark retired [
657 silly reify   'D:\\A production\\Apti_Test_App-main\\node_modules\\shebang-command'
657 silly reify ]
658 silly reify mark retired [ 'D:\\A production\\Apti_Test_App-main\\node_modules\\shebang-regex' ]
659 silly reify mark retired [ 'D:\\A production\\Apti_Test_App-main\\node_modules\\side-channel' ]
660 silly reify mark retired [
660 silly reify   'D:\\A production\\Apti_Test_App-main\\node_modules\\side-channel-list'
660 silly reify ]
661 silly reify mark retired [
661 silly reify   'D:\\A production\\Apti_Test_App-main\\node_modules\\side-channel-map'
661 silly reify ]
662 silly reify mark retired [
662 silly reify   'D:\\A production\\Apti_Test_App-main\\node_modules\\side-channel-weakmap'
662 silly reify ]
663 silly reify mark retired [ 'D:\\A production\\Apti_Test_App-main\\node_modules\\signal-exit' ]
664 silly reify mark retired [ 'D:\\A production\\Apti_Test_App-main\\node_modules\\slash' ]
665 silly reify mark retired [ 'D:\\A production\\Apti_Test_App-main\\node_modules\\slashes' ]
666 silly reify mark retired [ 'D:\\A production\\Apti_Test_App-main\\node_modules\\slice-ansi' ]
667 silly reify mark retired [ 'D:\\A production\\Apti_Test_App-main\\node_modules\\smol-toml' ]
668 silly reify mark retired [ 'D:\\A production\\Apti_Test_App-main\\node_modules\\sonic-boom' ]
669 silly reify mark retired [ 'D:\\A production\\Apti_Test_App-main\\node_modules\\source-map' ]
670 silly reify mark retired [
670 silly reify   'D:\\A production\\Apti_Test_App-main\\node_modules\\source-map-support'
670 silly reify ]
671 silly reify mark retired [ 'D:\\A production\\Apti_Test_App-main\\node_modules\\spdx-correct' ]
672 silly reify mark retired [
672 silly reify   'D:\\A production\\Apti_Test_App-main\\node_modules\\spdx-exceptions'
672 silly reify ]
673 silly reify mark retired [
673 silly reify   'D:\\A production\\Apti_Test_App-main\\node_modules\\spdx-expression-parse'
673 silly reify ]
674 silly reify mark retired [
674 silly reify   'D:\\A production\\Apti_Test_App-main\\node_modules\\spdx-license-ids'
674 silly reify ]
675 silly reify mark retired [ 'D:\\A production\\Apti_Test_App-main\\node_modules\\split2' ]
676 silly reify mark retired [
676 silly reify   'D:\\A production\\Apti_Test_App-main\\node_modules\\stack-generator'
676 silly reify ]
677 silly reify mark retired [ 'D:\\A production\\Apti_Test_App-main\\node_modules\\stack-trace' ]
678 silly reify mark retired [ 'D:\\A production\\Apti_Test_App-main\\node_modules\\stackframe' ]
679 silly reify mark retired [ 'D:\\A production\\Apti_Test_App-main\\node_modules\\statuses' ]
680 silly reify mark retired [ 'D:\\A production\\Apti_Test_App-main\\node_modules\\std-env' ]
681 silly reify mark retired [
681 silly reify   'D:\\A production\\Apti_Test_App-main\\node_modules\\stop-iteration-iterator'
681 silly reify ]
682 silly reify mark retired [ 'D:\\A production\\Apti_Test_App-main\\node_modules\\streamx' ]
683 silly reify mark retired [
683 silly reify   'D:\\A production\\Apti_Test_App-main\\node_modules\\string-width-cjs'
683 silly reify ]
684 silly reify mark retired [
684 silly reify   'D:\\A production\\Apti_Test_App-main\\node_modules\\string.prototype.trim'
684 silly reify ]
685 silly reify mark retired [
685 silly reify   'D:\\A production\\Apti_Test_App-main\\node_modules\\string.prototype.trimend'
685 silly reify ]
686 silly reify mark retired [
686 silly reify   'D:\\A production\\Apti_Test_App-main\\node_modules\\string.prototype.trimstart'
686 silly reify ]
687 silly reify mark retired [
687 silly reify   'D:\\A production\\Apti_Test_App-main\\node_modules\\strip-ansi-cjs'
687 silly reify ]
688 silly reify mark retired [
688 silly reify   'D:\\A production\\Apti_Test_App-main\\node_modules\\strip-final-newline'
688 silly reify ]
689 silly reify mark retired [
689 silly reify   'D:\\A production\\Apti_Test_App-main\\node_modules\\strip-json-comments'
689 silly reify ]
690 silly reify mark retired [ 'D:\\A production\\Apti_Test_App-main\\node_modules\\stubborn-fs' ]
691 silly reify mark retired [
691 silly reify   'D:\\A production\\Apti_Test_App-main\\node_modules\\stubborn-utils'
691 silly reify ]
692 silly reify mark retired [
692 silly reify   'D:\\A production\\Apti_Test_App-main\\node_modules\\supports-color'
692 silly reify ]
693 silly reify mark retired [
693 silly reify   'D:\\A production\\Apti_Test_App-main\\node_modules\\supports-hyperlinks'
693 silly reify ]
694 silly reify mark retired [
694 silly reify   'D:\\A production\\Apti_Test_App-main\\node_modules\\supports-preserve-symlinks-flag'
694 silly reify ]
695 silly reify mark retired [
695 silly reify   'D:\\A production\\Apti_Test_App-main\\node_modules\\svgo',
695 silly reify   'D:\\A production\\Apti_Test_App-main\\node_modules\\.bin\\svgo',
695 silly reify   'D:\\A production\\Apti_Test_App-main\\node_modules\\.bin\\svgo.cmd',
695 silly reify   'D:\\A production\\Apti_Test_App-main\\node_modules\\.bin\\svgo.ps1'
695 silly reify ]
696 silly reify mark retired [ 'D:\\A production\\Apti_Test_App-main\\node_modules\\tagged-tag' ]
697 silly reify mark retired [ 'D:\\A production\\Apti_Test_App-main\\node_modules\\tar' ]
698 silly reify mark retired [ 'D:\\A production\\Apti_Test_App-main\\node_modules\\tar-stream' ]
699 silly reify mark retired [ 'D:\\A production\\Apti_Test_App-main\\node_modules\\teex' ]
700 silly reify mark retired [ 'D:\\A production\\Apti_Test_App-main\\node_modules\\terminal-link' ]
701 silly reify mark retired [ 'D:\\A production\\Apti_Test_App-main\\node_modules\\text-decoder' ]
702 silly reify mark retired [ 'D:\\A production\\Apti_Test_App-main\\node_modules\\text-hex' ]
703 silly reify mark retired [ 'D:\\A production\\Apti_Test_App-main\\node_modules\\thread-stream' ]
704 silly reify mark retired [ 'D:\\A production\\Apti_Test_App-main\\node_modules\\through' ]
705 silly reify mark retired [ 'D:\\A production\\Apti_Test_App-main\\node_modules\\through2' ]
706 silly reify mark retired [ 'D:\\A production\\Apti_Test_App-main\\node_modules\\tinyclip' ]
707 silly reify mark retired [ 'D:\\A production\\Apti_Test_App-main\\node_modules\\tinyglobby' ]
708 silly reify mark retired [ 'D:\\A production\\Apti_Test_App-main\\node_modules\\tmp' ]
709 silly reify mark retired [ 'D:\\A production\\Apti_Test_App-main\\node_modules\\tmp-promise' ]
710 silly reify mark retired [
710 silly reify   'D:\\A production\\Apti_Test_App-main\\node_modules\\to-regex-range'
710 silly reify ]
711 silly reify mark retired [ 'D:\\A production\\Apti_Test_App-main\\node_modules\\toad-cache' ]
712 silly reify mark retired [ 'D:\\A production\\Apti_Test_App-main\\node_modules\\toidentifier' ]
713 silly reify mark retired [ 'D:\\A production\\Apti_Test_App-main\\node_modules\\toml' ]
714 silly reify mark retired [ 'D:\\A production\\Apti_Test_App-main\\node_modules\\tomlify-j0.4' ]
715 silly reify mark retired [ 'D:\\A production\\Apti_Test_App-main\\node_modules\\triple-beam' ]
716 silly reify mark retired [ 'D:\\A production\\Apti_Test_App-main\\node_modules\\ts-api-utils' ]
717 silly reify mark retired [ 'D:\\A production\\Apti_Test_App-main\\node_modules\\type-fest' ]
718 silly reify mark retired [ 'D:\\A production\\Apti_Test_App-main\\node_modules\\type-is' ]
719 silly reify mark retired [
719 silly reify   'D:\\A production\\Apti_Test_App-main\\node_modules\\typed-array-buffer'
719 silly reify ]
720 silly reify mark retired [
720 silly reify   'D:\\A production\\Apti_Test_App-main\\node_modules\\typed-array-byte-length'
720 silly reify ]
721 silly reify mark retired [
721 silly reify   'D:\\A production\\Apti_Test_App-main\\node_modules\\typed-array-byte-offset'
721 silly reify ]
722 silly reify mark retired [
722 silly reify   'D:\\A production\\Apti_Test_App-main\\node_modules\\typed-array-length'
722 silly reify ]
723 silly reify mark retired [
723 silly reify   'D:\\A production\\Apti_Test_App-main\\node_modules\\typescript',
723 silly reify   'D:\\A production\\Apti_Test_App-main\\node_modules\\.bin\\tsc',
723 silly reify   'D:\\A production\\Apti_Test_App-main\\node_modules\\.bin\\tsc.cmd',
723 silly reify   'D:\\A production\\Apti_Test_App-main\\node_modules\\.bin\\tsc.ps1',
723 silly reify   'D:\\A production\\Apti_Test_App-main\\node_modules\\.bin\\tsserver',
723 silly reify   'D:\\A production\\Apti_Test_App-main\\node_modules\\.bin\\tsserver.cmd',
723 silly reify   'D:\\A production\\Apti_Test_App-main\\node_modules\\.bin\\tsserver.ps1'
723 silly reify ]
724 silly reify mark retired [ 'D:\\A production\\Apti_Test_App-main\\node_modules\\ufo' ]
725 silly reify mark retired [ 'D:\\A production\\Apti_Test_App-main\\node_modules\\uid-safe' ]
726 silly reify mark retired [
726 silly reify   'D:\\A production\\Apti_Test_App-main\\node_modules\\ulid',
726 silly reify   'D:\\A production\\Apti_Test_App-main\\node_modules\\.bin\\ulid',
726 silly reify   'D:\\A production\\Apti_Test_App-main\\node_modules\\.bin\\ulid.cmd',
726 silly reify   'D:\\A production\\Apti_Test_App-main\\node_modules\\.bin\\ulid.ps1'
726 silly reify ]
727 silly reify mark retired [
727 silly reify   'D:\\A production\\Apti_Test_App-main\\node_modules\\unbox-primitive'
727 silly reify ]
728 silly reify mark retired [ 'D:\\A production\\Apti_Test_App-main\\node_modules\\uncrypto' ]
729 silly reify mark retired [ 'D:\\A production\\Apti_Test_App-main\\node_modules\\unicorn-magic' ]
730 silly reify mark retired [
730 silly reify   'D:\\A production\\Apti_Test_App-main\\node_modules\\universal-user-agent'
730 silly reify ]
731 silly reify mark retired [ 'D:\\A production\\Apti_Test_App-main\\node_modules\\unixify' ]
732 silly reify mark retired [ 'D:\\A production\\Apti_Test_App-main\\node_modules\\unpipe' ]
733 silly reify mark retired [ 'D:\\A production\\Apti_Test_App-main\\node_modules\\unstorage' ]
734 silly reify mark retired [ 'D:\\A production\\Apti_Test_App-main\\node_modules\\untildify' ]
735 silly reify mark retired [
735 silly reify   'D:\\A production\\Apti_Test_App-main\\node_modules\\untun',
735 silly reify   'D:\\A production\\Apti_Test_App-main\\node_modules\\.bin\\untun',
735 silly reify   'D:\\A production\\Apti_Test_App-main\\node_modules\\.bin\\untun.cmd',
735 silly reify   'D:\\A production\\Apti_Test_App-main\\node_modules\\.bin\\untun.ps1'
735 silly reify ]
736 silly reify mark retired [
736 silly reify   'D:\\A production\\Apti_Test_App-main\\node_modules\\update-notifier'
736 silly reify ]
737 silly reify mark retired [ 'D:\\A production\\Apti_Test_App-main\\node_modules\\uqr' ]
738 silly reify mark retired [
738 silly reify   'D:\\A production\\Apti_Test_App-main\\node_modules\\urlpattern-polyfill'
738 silly reify ]
739 silly reify mark retired [
739 silly reify   'D:\\A production\\Apti_Test_App-main\\node_modules\\v8-compile-cache-lib'
739 silly reify ]
740 silly reify mark retired [
740 silly reify   'D:\\A production\\Apti_Test_App-main\\node_modules\\validate-npm-package-license'
740 silly reify ]
741 silly reify mark retired [
741 silly reify   'D:\\A production\\Apti_Test_App-main\\node_modules\\validate-npm-package-name'
741 silly reify ]
742 silly reify mark retired [ 'D:\\A production\\Apti_Test_App-main\\node_modules\\vary' ]
743 silly reify mark retired [ 'D:\\A production\\Apti_Test_App-main\\node_modules\\wcwidth' ]
744 silly reify mark retired [ 'D:\\A production\\Apti_Test_App-main\\node_modules\\when-exit' ]
745 silly reify mark retired [
745 silly reify   'D:\\A production\\Apti_Test_App-main\\node_modules\\which',
745 silly reify   'D:\\A production\\Apti_Test_App-main\\node_modules\\.bin\\node-which',
745 silly reify   'D:\\A production\\Apti_Test_App-main\\node_modules\\.bin\\node-which.cmd',
745 silly reify   'D:\\A production\\Apti_Test_App-main\\node_modules\\.bin\\node-which.ps1'
745 silly reify ]
746 silly reify mark retired [
746 silly reify   'D:\\A production\\Apti_Test_App-main\\node_modules\\which-boxed-primitive'
746 silly reify ]
747 silly reify mark retired [
747 silly reify   'D:\\A production\\Apti_Test_App-main\\node_modules\\which-builtin-type'
747 silly reify ]
748 silly reify mark retired [
748 silly reify   'D:\\A production\\Apti_Test_App-main\\node_modules\\which-collection'
748 silly reify ]
749 silly reify mark retired [
749 silly reify   'D:\\A production\\Apti_Test_App-main\\node_modules\\which-typed-array'
749 silly reify ]
750 silly reify mark retired [ 'D:\\A production\\Apti_Test_App-main\\node_modules\\widest-line' ]
751 silly reify mark retired [
751 silly reify   'D:\\A production\\Apti_Test_App-main\\node_modules\\windows-release'
751 silly reify ]
752 silly reify mark retired [ 'D:\\A production\\Apti_Test_App-main\\node_modules\\winston' ]
753 silly reify mark retired [
753 silly reify   'D:\\A production\\Apti_Test_App-main\\node_modules\\winston-transport'
753 silly reify ]
754 silly reify mark retired [ 'D:\\A production\\Apti_Test_App-main\\node_modules\\wrap-ansi-cjs' ]
755 silly reify mark retired [
755 silly reify   'D:\\A production\\Apti_Test_App-main\\node_modules\\write-file-atomic'
755 silly reify ]
756 silly reify mark retired [ 'D:\\A production\\Apti_Test_App-main\\node_modules\\ws' ]
757 silly reify mark retired [ 'D:\\A production\\Apti_Test_App-main\\node_modules\\wsl-utils' ]
758 silly reify mark retired [ 'D:\\A production\\Apti_Test_App-main\\node_modules\\xdg-basedir' ]
759 silly reify mark retired [
759 silly reify   'D:\\A production\\Apti_Test_App-main\\node_modules\\xss',
759 silly reify   'D:\\A production\\Apti_Test_App-main\\node_modules\\.bin\\xss',
759 silly reify   'D:\\A production\\Apti_Test_App-main\\node_modules\\.bin\\xss.cmd',
759 silly reify   'D:\\A production\\Apti_Test_App-main\\node_modules\\.bin\\xss.ps1'
759 silly reify ]
760 silly reify mark retired [ 'D:\\A production\\Apti_Test_App-main\\node_modules\\xtend' ]
761 silly reify mark retired [
761 silly reify   'D:\\A production\\Apti_Test_App-main\\node_modules\\yaml',
761 silly reify   'D:\\A production\\Apti_Test_App-main\\node_modules\\.bin\\yaml',
761 silly reify   'D:\\A production\\Apti_Test_App-main\\node_modules\\.bin\\yaml.cmd',
761 silly reify   'D:\\A production\\Apti_Test_App-main\\node_modules\\.bin\\yaml.ps1'
761 silly reify ]
762 silly reify mark retired [ 'D:\\A production\\Apti_Test_App-main\\node_modules\\yauzl' ]
763 silly reify mark retired [ 'D:\\A production\\Apti_Test_App-main\\node_modules\\yn' ]
764 silly reify mark retired [ 'D:\\A production\\Apti_Test_App-main\\node_modules\\zip-stream' ]
765 silly reify mark retired [ 'D:\\A production\\Apti_Test_App-main\\node_modules\\zod' ]
766 silly reify moves {
766 silly reify   'D:\\A production\\Apti_Test_App-main\\node_modules\\@babel\\code-frame': 'D:\\A production\\Apti_Test_App-main\\node_modules\\@babel\\.code-frame-ldUfqqse',
766 silly reify   'D:\\A production\\Apti_Test_App-main\\node_modules\\@babel\\helper-string-parser': 'D:\\A production\\Apti_Test_App-main\\node_modules\\@babel\\.helper-string-parser-nCcIzj7Q',
766 silly reify   'D:\\A production\\Apti_Test_App-main\\node_modules\\@babel\\helper-validator-identifier': 'D:\\A production\\Apti_Test_App-main\\node_modules\\@babel\\.helper-validator-identifier-qskjlzrY',
766 silly reify   'D:\\A production\\Apti_Test_App-main\\node_modules\\@babel\\parser': 'D:\\A production\\Apti_Test_App-main\\node_modules\\@babel\\.parser-FoguX0B1',
766 silly reify   'D:\\A production\\Apti_Test_App-main\\node_modules\\.bin\\parser': 'D:\\A production\\Apti_Test_App-main\\node_modules\\.bin\\.parser-8yKwRcCR',
766 silly reify   'D:\\A production\\Apti_Test_App-main\\node_modules\\.bin\\parser.cmd': 'D:\\A production\\Apti_Test_App-main\\node_modules\\.bin\\.parser.cmd-MuHnDAn2',
766 silly reify   'D:\\A production\\Apti_Test_App-main\\node_modules\\.bin\\parser.ps1': 'D:\\A production\\Apti_Test_App-main\\node_modules\\.bin\\.parser.ps1-25R7O1DZ',
766 silly reify   'D:\\A production\\Apti_Test_App-main\\node_modules\\@babel\\types': 'D:\\A production\\Apti_Test_App-main\\node_modules\\@babel\\.types-ZN4k0D9h',
766 silly reify   'D:\\A production\\Apti_Test_App-main\\node_modules\\@bugsnag\\browser': 'D:\\A production\\Apti_Test_App-main\\node_modules\\@bugsnag\\.browser-z5qjMjBP',
766 silly reify   'D:\\A production\\Apti_Test_App-main\\node_modules\\@bugsnag\\core': 'D:\\A production\\Apti_Test_App-main\\node_modules\\@bugsnag\\.core-ytmIbmLG',
766 silly reify   'D:\\A production\\Apti_Test_App-main\\node_modules\\@bugsnag\\cuid': 'D:\\A production\\Apti_Test_App-main\\node_modules\\@bugsnag\\.cuid-BMskapQ6',
766 silly reify   'D:\\A production\\Apti_Test_App-main\\node_modules\\@bugsnag\\js': 'D:\\A production\\Apti_Test_App-main\\node_modules\\@bugsnag\\.js-Dzw5L7PG',
766 silly reify   'D:\\A production\\Apti_Test_App-main\\node_modules\\@bugsnag\\node': 'D:\\A production\\Apti_Test_App-main\\node_modules\\@bugsnag\\.node-KZ5V0fpM',
766 silly reify   'D:\\A production\\Apti_Test_App-main\\node_modules\\@bugsnag\\safe-json-stringify': 'D:\\A production\\Apti_Test_App-main\\node_modules\\@bugsnag\\.safe-json-stringify-L30MLoom',
766 silly reify   'D:\\A production\\Apti_Test_App-main\\node_modules\\@colors\\colors': 'D:\\A production\\Apti_Test_App-main\\node_modules\\@colors\\.colors-nL3feIv7',
766 silly reify   'D:\\A production\\Apti_Test_App-main\\node_modules\\@cspotcode\\source-map-support': 'D:\\A production\\Apti_Test_App-main\\node_modules\\@cspotcode\\.source-map-support-u1jyQFYe',
766 silly reify   'D:\\A production\\Apti_Test_App-main\\node_modules\\@dabh\\diagnostics': 'D:\\A production\\Apti_Test_App-main\\node_modules\\@dabh\\.diagnostics-DDePPMgf',
766 silly reify   'D:\\A production\\Apti_Test_App-main\\node_modules\\@dependents\\detective-less': 'D:\\A production\\Apti_Test_App-main\\node_modules\\@dependents\\.detective-less-cxRClzpZ',
766 silly reify   'D:\\A production\\Apti_Test_App-main\\node_modules\\@electric-sql\\pglite': 'D:\\A production\\Apti_Test_App-main\\node_modules\\@electric-sql\\.pglite-jkRFNbvy',
766 silly reify   'D:\\A production\\Apti_Test_App-main\\node_modules\\@envelop\\instrumentation': 'D:\\A production\\Apti_Test_App-main\\node_modules\\@envelop\\.instrumentation-hvbeEv1B',
766 silly reify   'D:\\A production\\Apti_Test_App-main\\node_modules\\@esbuild\\win32-x64': 'D:\\A production\\Apti_Test_App-main\\node_modules\\@esbuild\\.win32-x64-c0UezRUe',
766 silly reify   'D:\\A production\\Apti_Test_App-main\\node_modules\\@fastify\\accept-negotiator': 'D:\\A production\\Apti_Test_App-main\\node_modules\\@fastify\\.accept-negotiator-mGikLL9G',
766 silly reify   'D:\\A production\\Apti_Test_App-main\\node_modules\\@fastify\\ajv-compiler': 'D:\\A production\\Apti_Test_App-main\\node_modules\\@fastify\\.ajv-compiler-X7GnQVwM',
766 silly reify   'D:\\A production\\Apti_Test_App-main\\node_modules\\@fastify\\error': 'D:\\A production\\Apti_Test_App-main\\node_modules\\@fastify\\.error-b0IEeAKS',
766 silly reify   'D:\\A production\\Apti_Test_App-main\\node_modules\\@fastify\\fast-json-stringify-compiler': 'D:\\A production\\Apti_Test_App-main\\node_modules\\@fastify\\.fast-json-stringify-compiler-1YVcq5me',
766 silly reify   'D:\\A production\\Apti_Test_App-main\\node_modules\\@fastify\\forwarded': 'D:\\A production\\Apti_Test_App-main\\node_modules\\@fastify\\.forwarded-ARq6LTZC',
766 silly reify   'D:\\A production\\Apti_Test_App-main\\node_modules\\@fastify\\merge-json-schemas': 'D:\\A production\\Apti_Test_App-main\\node_modules\\@fastify\\.merge-json-schemas-OWk7WiL5',
766 silly reify   'D:\\A production\\Apti_Test_App-main\\node_modules\\@fastify\\proxy-addr': 'D:\\A production\\Apti_Test_App-main\\node_modules\\@fastify\\.proxy-addr-KQsD7vuu',
766 silly reify   'D:\\A production\\Apti_Test_App-main\\node_modules\\@fastify\\send': 'D:\\A production\\Apti_Test_App-main\\node_modules\\@fastify\\.send-H7Z1Xz9o',
766 silly reify   'D:\\A production\\Apti_Test_App-main\\node_modules\\@fastify\\static': 'D:\\A production\\Apti_Test_App-main\\node_modules\\@fastify\\.static-soDu1Ees',
766 silly reify   'D:\\A production\\Apti_Test_App-main\\node_modules\\@humanwhocodes\\momoa': 'D:\\A production\\Apti_Test_App-main\\node_modules\\@humanwhocodes\\.momoa-q5P4cmFd',
766 silly reify   'D:\\A production\\Apti_Test_App-main\\node_modules\\@import-maps\\resolve': 'D:\\A production\\Apti_Test_App-main\\node_modules\\@import-maps\\.resolve-DaJjx1pr',
766 silly reify   'D:\\A production\\Apti_Test_App-main\\node_modules\\@inquirer\\external-editor': 'D:\\A production\\Apti_Test_App-main\\node_modules\\@inquirer\\.external-editor-efoTqXFS',
766 silly reify   'D:\\A production\\Apti_Test_App-main\\node_modules\\@isaacs\\cliui': 'D:\\A production\\Apti_Test_App-main\\node_modules\\@isaacs\\.cliui-T1anWwtt',
766 silly reify   'D:\\A production\\Apti_Test_App-main\\node_modules\\@isaacs\\fs-minipass': 'D:\\A production\\Apti_Test_App-main\\node_modules\\@isaacs\\.fs-minipass-5R9SrHPl',
766 silly reify   'D:\\A production\\Apti_Test_App-main\\node_modules\\@jridgewell\\resolve-uri': 'D:\\A production\\Apti_Test_App-main\\node_modules\\@jridgewell\\.resolve-uri-JX2WHwNJ',
766 silly reify   'D:\\A production\\Apti_Test_App-main\\node_modules\\@jridgewell\\sourcemap-codec': 'D:\\A production\\Apti_Test_App-main\\node_modules\\@jridgewell\\.sourcemap-codec-4fgx8bMo',
766 silly reify   'D:\\A production\\Apti_Test_App-main\\node_modules\\@jridgewell\\trace-mapping': 'D:\\A production\\Apti_Test_App-main\\node_modules\\@jridgewell\\.trace-mapping-aglq2AGu',
766 silly reify   'D:\\A production\\Apti_Test_App-main\\node_modules\\@lukeed\\ms': 'D:\\A production\\Apti_Test_App-main\\node_modules\\@lukeed\\.ms-AYMD2pe8',
766 silly reify   'D:\\A production\\Apti_Test_App-main\\node_modules\\@mapbox\\node-pre-gyp': 'D:\\A production\\Apti_Test_App-main\\node_modules\\@mapbox\\.node-pre-gyp-h4aQZIbk',
766 silly reify   'D:\\A production\\Apti_Test_App-main\\node_modules\\.bin\\node-pre-gyp': 'D:\\A production\\Apti_Test_App-main\\node_modules\\.bin\\.node-pre-gyp-tDKpWVOS',
766 silly reify   'D:\\A production\\Apti_Test_App-main\\node_modules\\.bin\\node-pre-gyp.cmd': 'D:\\A production\\Apti_Test_App-main\\node_modules\\.bin\\.node-pre-gyp.cmd-dJnhEMvI',
766 silly reify   'D:\\A production\\Apti_Test_App-main\\node_modules\\.bin\\node-pre-gyp.ps1': 'D:\\A production\\Apti_Test_App-main\\node_modules\\.bin\\.node-pre-gyp.ps1-7plYIP1V',
766 silly reify   'D:\\A production\\Apti_Test_App-main\\node_modules\\@netlify\\ai': 'D:\\A production\\Apti_Test_App-main\\node_modules\\@netlify\\.ai-NVZcHHFF',
766 silly reify   'D:\\A production\\Apti_Test_App-main\\node_modules\\@netlify\\api': 'D:\\A production\\Apti_Test_App-main\\node_modules\\@netlify\\.api-ZLADQJZb',
766 silly reify   'D:\\A production\\Apti_Test_App-main\\node_modules\\@netlify\\binary-info': 'D:\\A production\\Apti_Test_App-main\\node_modules\\@netlify\\.binary-info-oJgSsoFW',
766 silly reify   'D:\\A production\\Apti_Test_App-main\\node_modules\\@netlify\\blobs': 'D:\\A production\\Apti_Test_App-main\\node_modules\\@netlify\\.blobs-B2h2qBts',
766 silly reify   'D:\\A production\\Apti_Test_App-main\\node_modules\\@netlify\\build': 'D:\\A production\\Apti_Test_App-main\\node_modules\\@netlify\\.build-5wJbcwcV',
766 silly reify   'D:\\A production\\Apti_Test_App-main\\node_modules\\.bin\\netlify-build': 'D:\\A production\\Apti_Test_App-main\\node_modules\\.bin\\.netlify-build-PI5PdAm2',
766 silly reify   'D:\\A production\\Apti_Test_App-main\\node_modules\\.bin\\netlify-build.cmd': 'D:\\A production\\Apti_Test_App-main\\node_modules\\.bin\\.netlify-build.cmd-EkY1ND37',
766 silly reify   'D:\\A production\\Apti_Test_App-main\\node_modules\\.bin\\netlify-build.ps1': 'D:\\A production\\Apti_Test_App-main\\node_modules\\.bin\\.netlify-build.ps1-RUfIO2U2',
766 silly reify   'D:\\A production\\Apti_Test_App-main\\node_modules\\@netlify\\build-info': 'D:\\A production\\Apti_Test_App-main\\node_modules\\@netlify\\.build-info-NLp9lI8w',
766 silly reify   'D:\\A production\\Apti_Test_App-main\\node_modules\\.bin\\build-info': 'D:\\A production\\Apti_Test_App-main\\node_modules\\.bin\\.build-info-6mtKZovX',
766 silly reify   'D:\\A production\\Apti_Test_App-main\\node_modules\\.bin\\build-info.cmd': 'D:\\A production\\Apti_Test_App-main\\node_modules\\.bin\\.build-info.cmd-BufVziZR',
766 silly reify   'D:\\A production\\Apti_Test_App-main\\node_modules\\.bin\\build-info.ps1': 'D:\\A production\\Apti_Test_App-main\\node_modules\\.bin\\.build-info.ps1-AQjibFpo',
766 silly reify   'D:\\A production\\Apti_Test_App-main\\node_modules\\@netlify\\cache': 'D:\\A production\\Apti_Test_App-main\\node_modules\\@netlify\\.cache-Ca8HMBVp',
766 silly reify   'D:\\A production\\Apti_Test_App-main\\node_modules\\@netlify\\cache-utils': 'D:\\A production\\Apti_Test_App-main\\node_modules\\@netlify\\.cache-utils-1HgFQ8zt',
766 silly reify   'D:\\A production\\Apti_Test_App-main\\node_modules\\@netlify\\config': 'D:\\A production\\Apti_Test_App-main\\node_modules\\@netlify\\.config-oRGkbikG',
766 silly reify   'D:\\A production\\Apti_Test_App-main\\node_modules\\.bin\\netlify-config': 'D:\\A production\\Apti_Test_App-main\\node_modules\\.bin\\.netlify-config-3h3BupxJ',
766 silly reify   'D:\\A production\\Apti_Test_App-main\\node_modules\\.bin\\netlify-config.cmd': 'D:\\A production\\Apti_Test_App-main\\node_modules\\.bin\\.netlify-config.cmd-tNM7iVrj',
766 silly reify   'D:\\A production\\Apti_Test_App-main\\node_modules\\.bin\\netlify-config.ps1': 'D:\\A production\\Apti_Test_App-main\\node_modules\\.bin\\.netlify-config.ps1-G2XJ4BHC',
766 silly reify   'D:\\A production\\Apti_Test_App-main\\node_modules\\@netlify\\database-dev': 'D:\\A production\\Apti_Test_App-main\\node_modules\\@netlify\\.database-dev-8p4gNZFd',
766 silly reify   'D:\\A production\\Apti_Test_App-main\\node_modules\\@netlify\\dev': 'D:\\A production\\Apti_Test_App-main\\node_modules\\@netlify\\.dev-r1ReTZvF',
766 silly reify   'D:\\A production\\Apti_Test_App-main\\node_modules\\@netlify\\dev-utils': 'D:\\A production\\Apti_Test_App-main\\node_modules\\@netlify\\.dev-utils-2vH7cp2I',
766 silly reify   'D:\\A production\\Apti_Test_App-main\\node_modules\\@netlify\\edge-bundler': 'D:\\A production\\Apti_Test_App-main\\node_modules\\@netlify\\.edge-bundler-r6nW7LP0',
766 silly reify   'D:\\A production\\Apti_Test_App-main\\node_modules\\@netlify\\edge-functions': 'D:\\A production\\Apti_Test_App-main\\node_modules\\@netlify\\.edge-functions-hCuanXQP',
766 silly reify   'D:\\A production\\Apti_Test_App-main\\node_modules\\@netlify\\edge-functions-bootstrap': 'D:\\A production\\Apti_Test_App-main\\node_modules\\@netlify\\.edge-functions-bootstrap-Betf1K1X',
766 silly reify   'D:\\A production\\Apti_Test_App-main\\node_modules\\@netlify\\edge-functions-dev': 'D:\\A production\\Apti_Test_App-main\\node_modules\\@netlify\\.edge-functions-dev-UXiDsFyD',
766 silly reify   'D:\\A production\\Apti_Test_App-main\\node_modules\\@netlify\\functions': 'D:\\A production\\Apti_Test_App-main\\node_modules\\@netlify\\.functions-XMFTfbcv',
766 silly reify   'D:\\A production\\Apti_Test_App-main\\node_modules\\@netlify\\functions-dev': 'D:\\A production\\Apti_Test_App-main\\node_modules\\@netlify\\.functions-dev-5NIJJdHK',
766 silly reify   'D:\\A production\\Apti_Test_App-main\\node_modules\\@netlify\\functions-utils': 'D:\\A production\\Apti_Test_App-main\\node_modules\\@netlify\\.functions-utils-FWNayzgM',
766 silly reify   'D:\\A production\\Apti_Test_App-main\\node_modules\\@netlify\\git-utils': 'D:\\A production\\Apti_Test_App-main\\node_modules\\@netlify\\.git-utils-rQuoPgKB',
766 silly reify   'D:\\A production\\Apti_Test_App-main\\node_modules\\@netlify\\headers': 'D:\\A production\\Apti_Test_App-main\\node_modules\\@netlify\\.headers-72M4u7EK',
766 silly reify   'D:\\A production\\Apti_Test_App-main\\node_modules\\@netlify\\headers-parser': 'D:\\A production\\Apti_Test_App-main\\node_modules\\@netlify\\.headers-parser-Wl7SE1cL',
766 silly reify   'D:\\A production\\Apti_Test_App-main\\node_modules\\@netlify\\images': 'D:\\A production\\Apti_Test_App-main\\node_modules\\@netlify\\.images-MDs0zUdZ',
766 silly reify   'D:\\A production\\Apti_Test_App-main\\node_modules\\@netlify\\local-functions-proxy': 'D:\\A production\\Apti_Test_App-main\\node_modules\\@netlify\\.local-functions-proxy-dC7BrwVF',
766 silly reify   'D:\\A production\\Apti_Test_App-main\\node_modules\\@netlify\\local-functions-proxy-win32-x64': 'D:\\A production\\Apti_Test_App-main\\node_modules\\@netlify\\.local-functions-proxy-win32-x64-qAcFIbk4',
766 silly reify   'D:\\A production\\Apti_Test_App-main\\node_modules\\.bin\\local-functions-proxy.exe': 'D:\\A production\\Apti_Test_App-main\\node_modules\\.bin\\.local-functions-proxy.exe-aSfGPwKx',
766 silly reify   'D:\\A production\\Apti_Test_App-main\\node_modules\\.bin\\local-functions-proxy.exe.cmd': 'D:\\A production\\Apti_Test_App-main\\node_modules\\.bin\\.local-functions-proxy.exe.cmd-reFXRYPE',
766 silly reify   'D:\\A production\\Apti_Test_App-main\\node_modules\\.bin\\local-functions-proxy.exe.ps1': 'D:\\A production\\Apti_Test_App-main\\node_modules\\.bin\\.local-functions-proxy.exe.ps1-3rREeIrY',
766 silly reify   'D:\\A production\\Apti_Test_App-main\\node_modules\\@netlify\\open-api': 'D:\\A production\\Apti_Test_App-main\\node_modules\\@netlify\\.open-api-ijUDQaek',
766 silly reify   'D:\\A production\\Apti_Test_App-main\\node_modules\\@netlify\\opentelemetry-utils': 'D:\\A production\\Apti_Test_App-main\\node_modules\\@netlify\\.opentelemetry-utils-5DwIQOX2',
766 silly reify   'D:\\A production\\Apti_Test_App-main\\node_modules\\@netlify\\otel': 'D:\\A production\\Apti_Test_App-main\\node_modules\\@netlify\\.otel-gFIWYX2w',
766 silly reify   'D:\\A production\\Apti_Test_App-main\\node_modules\\@netlify\\plugins-list': 'D:\\A production\\Apti_Test_App-main\\node_modules\\@netlify\\.plugins-list-AdeyRA6D',
766 silly reify   'D:\\A production\\Apti_Test_App-main\\node_modules\\@netlify\\redirect-parser': 'D:\\A production\\Apti_Test_App-main\\node_modules\\@netlify\\.redirect-parser-tuuITH1s',
766 silly reify   'D:\\A production\\Apti_Test_App-main\\node_modules\\@netlify\\redirects': 'D:\\A production\\Apti_Test_App-main\\node_modules\\@netlify\\.redirects-88i33Wsl',
766 silly reify   'D:\\A production\\Apti_Test_App-main\\node_modules\\@netlify\\run-utils': 'D:\\A production\\Apti_Test_App-main\\node_modules\\@netlify\\.run-utils-ZEQB5Mub',
766 silly reify   'D:\\A production\\Apti_Test_App-main\\node_modules\\@netlify\\runtime': 'D:\\A production\\Apti_Test_App-main\\node_modules\\@netlify\\.runtime-HrQOdFiH',
766 silly reify   'D:\\A production\\Apti_Test_App-main\\node_modules\\@netlify\\runtime-utils': 'D:\\A production\\Apti_Test_App-main\\node_modules\\@netlify\\.runtime-utils-AabQB41r',
766 silly reify   'D:\\A production\\Apti_Test_App-main\\node_modules\\@netlify\\serverless-functions-api': 'D:\\A production\\Apti_Test_App-main\\node_modules\\@netlify\\.serverless-functions-api-HxXvRd72',
766 silly reify   'D:\\A production\\Apti_Test_App-main\\node_modules\\@netlify\\static': 'D:\\A production\\Apti_Test_App-main\\node_modules\\@netlify\\.static-nCgD5KBb',
766 silly reify   'D:\\A production\\Apti_Test_App-main\\node_modules\\@netlify\\types': 'D:\\A production\\Apti_Test_App-main\\node_modules\\@netlify\\.types-DoOXkijb',
766 silly reify   'D:\\A production\\Apti_Test_App-main\\node_modules\\@netlify\\zip-it-and-ship-it': 'D:\\A production\\Apti_Test_App-main\\node_modules\\@netlify\\.zip-it-and-ship-it-6jOn9U8u',
766 silly reify   'D:\\A production\\Apti_Test_App-main\\node_modules\\.bin\\zip-it-and-ship-it': 'D:\\A production\\Apti_Test_App-main\\node_modules\\.bin\\.zip-it-and-ship-it-IOxB7pco',
766 silly reify   'D:\\A production\\Apti_Test_App-main\\node_modules\\.bin\\zip-it-and-ship-it.cmd': 'D:\\A production\\Apti_Test_App-main\\node_modules\\.bin\\.zip-it-and-ship-it.cmd-hFQRf9cz',
766 silly reify   'D:\\A production\\Apti_Test_App-main\\node_modules\\.bin\\zip-it-and-ship-it.ps1': 'D:\\A production\\Apti_Test_App-main\\node_modules\\.bin\\.zip-it-and-ship-it.ps1-GGScoXOZ',
766 silly reify   'D:\\A production\\Apti_Test_App-main\\node_modules\\@nodelib\\fs.scandir': 'D:\\A production\\Apti_Test_App-main\\node_modules\\@nodelib\\.fs.scandir-OOlpexYh',
766 silly reify   'D:\\A production\\Apti_Test_App-main\\node_modules\\@nodelib\\fs.stat': 'D:\\A production\\Apti_Test_App-main\\node_modules\\@nodelib\\.fs.stat-iEdNoQsP',
766 silly reify   'D:\\A production\\Apti_Test_App-main\\node_modules\\@nodelib\\fs.walk': 'D:\\A production\\Apti_Test_App-main\\node_modules\\@nodelib\\.fs.walk-4jbTLQd1',
766 silly reify   'D:\\A production\\Apti_Test_App-main\\node_modules\\@octokit\\auth-token': 'D:\\A production\\Apti_Test_App-main\\node_modules\\@octokit\\.auth-token-gxtHKj1v',
766 silly reify   'D:\\A production\\Apti_Test_App-main\\node_modules\\@octokit\\core': 'D:\\A production\\Apti_Test_App-main\\node_modules\\@octokit\\.core-sfQv5bjO',
766 silly reify   'D:\\A production\\Apti_Test_App-main\\node_modules\\@octokit\\endpoint': 'D:\\A production\\Apti_Test_App-main\\node_modules\\@octokit\\.endpoint-wEFx9lkL',
766 silly reify   'D:\\A production\\Apti_Test_App-main\\node_modules\\@octokit\\graphql': 'D:\\A production\\Apti_Test_App-main\\node_modules\\@octokit\\.graphql-1HnCu0rL',
766 silly reify   'D:\\A production\\Apti_Test_App-main\\node_modules\\@octokit\\openapi-types': 'D:\\A production\\Apti_Test_App-main\\node_modules\\@octokit\\.openapi-types-UAQvK2mV',
766 silly reify   'D:\\A production\\Apti_Test_App-main\\node_modules\\@octokit\\plugin-paginate-rest': 'D:\\A production\\Apti_Test_App-main\\node_modules\\@octokit\\.plugin-paginate-rest-jy43AgV2',
766 silly reify   'D:\\A production\\Apti_Test_App-main\\node_modules\\@octokit\\plugin-request-log': 'D:\\A production\\Apti_Test_App-main\\node_modules\\@octokit\\.plugin-request-log-dIkAalXY',
766 silly reify   'D:\\A production\\Apti_Test_App-main\\node_modules\\@octokit\\plugin-rest-endpoint-methods': 'D:\\A production\\Apti_Test_App-main\\node_modules\\@octokit\\.plugin-rest-endpoint-methods-uXQXXiiX',
766 silly reify   'D:\\A production\\Apti_Test_App-main\\node_modules\\@octokit\\request': 'D:\\A production\\Apti_Test_App-main\\node_modules\\@octokit\\.request-NMQ6Bb4j',
766 silly reify   'D:\\A production\\Apti_Test_App-main\\node_modules\\@octokit\\request-error': 'D:\\A production\\Apti_Test_App-main\\node_modules\\@octokit\\.request-error-y8yJ6yg2',
766 silly reify   'D:\\A production\\Apti_Test_App-main\\node_modules\\@octokit\\rest': 'D:\\A production\\Apti_Test_App-main\\node_modules\\@octokit\\.rest-RQ93jyI3',
766 silly reify   'D:\\A production\\Apti_Test_App-main\\node_modules\\@octokit\\types': 'D:\\A production\\Apti_Test_App-main\\node_modules\\@octokit\\.types-NgPItxTC',
766 silly reify   'D:\\A production\\Apti_Test_App-main\\node_modules\\@opentelemetry\\api': 'D:\\A production\\Apti_Test_App-main\\node_modules\\@opentelemetry\\.api-tIrrkXm6',
766 silly reify   'D:\\A production\\Apti_Test_App-main\\node_modules\\@opentelemetry\\api-logs': 'D:\\A production\\Apti_Test_App-main\\node_modules\\@opentelemetry\\.api-logs-d9CPgTs0',
766 silly reify   'D:\\A production\\Apti_Test_App-main\\node_modules\\@opentelemetry\\context-async-hooks': 'D:\\A production\\Apti_Test_App-main\\node_modules\\@opentelemetry\\.context-async-hooks-FFuuD7d5',
766 silly reify   'D:\\A production\\Apti_Test_App-main\\node_modules\\@opentelemetry\\core': 'D:\\A production\\Apti_Test_App-main\\node_modules\\@opentelemetry\\.core-hlLo3XKY',
766 silly reify   'D:\\A production\\Apti_Test_App-main\\node_modules\\@opentelemetry\\instrumentation': 'D:\\A production\\Apti_Test_App-main\\node_modules\\@opentelemetry\\.instrumentation-T2T5c05S',
766 silly reify   'D:\\A production\\Apti_Test_App-main\\node_modules\\@opentelemetry\\resources': 'D:\\A production\\Apti_Test_App-main\\node_modules\\@opentelemetry\\.resources-pzmG55lx',
766 silly reify   'D:\\A production\\Apti_Test_App-main\\node_modules\\@opentelemetry\\sdk-trace': 'D:\\A production\\Apti_Test_App-main\\node_modules\\@opentelemetry\\.sdk-trace-tMAZFGNH',
766 silly reify   'D:\\A production\\Apti_Test_App-main\\node_modules\\@opentelemetry\\sdk-trace-base': 'D:\\A production\\Apti_Test_App-main\\node_modules\\@opentelemetry\\.sdk-trace-base-ZPg30JVb',
766 silly reify   'D:\\A production\\Apti_Test_App-main\\node_modules\\@opentelemetry\\sdk-trace-node': 'D:\\A production\\Apti_Test_App-main\\node_modules\\@opentelemetry\\.sdk-trace-node-mjQA5nTG',
766 silly reify   'D:\\A production\\Apti_Test_App-main\\node_modules\\@opentelemetry\\semantic-conventions': 'D:\\A production\\Apti_Test_App-main\\node_modules\\@opentelemetry\\.semantic-conventions-1M8ls4XC',
766 silly reify   'D:\\A production\\Apti_Test_App-main\\node_modules\\@parcel\\watcher-wasm': 'D:\\A production\\Apti_Test_App-main\\node_modules\\@parcel\\.watcher-wasm-Aq4HbkU9',
766 silly reify   'D:\\A production\\Apti_Test_App-main\\node_modules\\@pinojs\\redact': 'D:\\A production\\Apti_Test_App-main\\node_modules\\@pinojs\\.redact-bcED6Yl0',
766 silly reify   'D:\\A production\\Apti_Test_App-main\\node_modules\\@pkgjs\\parseargs': 'D:\\A production\\Apti_Test_App-main\\node_modules\\@pkgjs\\.parseargs-S9vjCMc9',
766 silly reify   'D:\\A production\\Apti_Test_App-main\\node_modules\\@pnpm\\config.env-replace': 'D:\\A production\\Apti_Test_App-main\\node_modules\\@pnpm\\.config.env-replace-M73meeIy',
766 silly reify   'D:\\A production\\Apti_Test_App-main\\node_modules\\@pnpm\\network.ca-file': 'D:\\A production\\Apti_Test_App-main\\node_modules\\@pnpm\\.network.ca-file-eFlZVRkZ',
766 silly reify   'D:\\A production\\Apti_Test_App-main\\node_modules\\@pnpm\\npm-conf': 'D:\\A production\\Apti_Test_App-main\\node_modules\\@pnpm\\.npm-conf-YYIXOtgJ',
766 silly reify   'D:\\A production\\Apti_Test_App-main\\node_modules\\@pnpm\\tabtab': 'D:\\A production\\Apti_Test_App-main\\node_modules\\@pnpm\\.tabtab-IiBWWPkE',
766 silly reify   'D:\\A production\\Apti_Test_App-main\\node_modules\\@rollup\\pluginutils': 'D:\\A production\\Apti_Test_App-main\\node_modules\\@rollup\\.pluginutils-V13drnla',
766 silly reify   'D:\\A production\\Apti_Test_App-main\\node_modules\\@sec-ant\\readable-stream': 'D:\\A production\\Apti_Test_App-main\\node_modules\\@sec-ant\\.readable-stream-3GO3Du08',
766 silly reify   'D:\\A production\\Apti_Test_App-main\\node_modules\\@sindresorhus\\merge-streams': 'D:\\A production\\Apti_Test_App-main\\node_modules\\@sindresorhus\\.merge-streams-R2csxiBW',
766 silly reify   'D:\\A production\\Apti_Test_App-main\\node_modules\\@sindresorhus\\slugify': 'D:\\A production\\Apti_Test_App-main\\node_modules\\@sindresorhus\\.slugify-hohTMjSH',
766 silly reify   'D:\\A production\\Apti_Test_App-main\\node_modules\\@sindresorhus\\transliterate': 'D:\\A production\\Apti_Test_App-main\\node_modules\\@sindresorhus\\.transliterate-i6EMTNFj',
766 silly reify   'D:\\A production\\Apti_Test_App-main\\node_modules\\@so-ric\\colorspace': 'D:\\A production\\Apti_Test_App-main\\node_modules\\@so-ric\\.colorspace-VkJJum0E',
766 silly reify   'D:\\A production\\Apti_Test_App-main\\node_modules\\@sveltejs\\acorn-typescript': 'D:\\A production\\Apti_Test_App-main\\node_modules\\@sveltejs\\.acorn-typescript-gIsI7Y8P',
766 silly reify   'D:\\A production\\Apti_Test_App-main\\node_modules\\@tsconfig\\node10': 'D:\\A production\\Apti_Test_App-main\\node_modules\\@tsconfig\\.node10-3L0kLrgb',
766 silly reify   'D:\\A production\\Apti_Test_App-main\\node_modules\\@tsconfig\\node12': 'D:\\A production\\Apti_Test_App-main\\node_modules\\@tsconfig\\.node12-2PEblgwG',
766 silly reify   'D:\\A production\\Apti_Test_App-main\\node_modules\\@tsconfig\\node14': 'D:\\A production\\Apti_Test_App-main\\node_modules\\@tsconfig\\.node14-jZstI9zo',
766 silly reify   'D:\\A production\\Apti_Test_App-main\\node_modules\\@tsconfig\\node16': 'D:\\A production\\Apti_Test_App-main\\node_modules\\@tsconfig\\.node16-mAqRvw53',
766 silly reify   'D:\\A production\\Apti_Test_App-main\\node_modules\\@types\\estree': 'D:\\A production\\Apti_Test_App-main\\node_modules\\@types\\.estree-oQM6T5tB',
766 silly reify   'D:\\A production\\Apti_Test_App-main\\node_modules\\@types\\http-proxy': 'D:\\A production\\Apti_Test_App-main\\node_modules\\@types\\.http-proxy-flkSVO1P',
766 silly reify   'D:\\A production\\Apti_Test_App-main\\node_modules\\@types\\normalize-package-data': 'D:\\A production\\Apti_Test_App-main\\node_modules\\@types\\.normalize-package-data-ksutMlDa',
766 silly reify   'D:\\A production\\Apti_Test_App-main\\node_modules\\@types\\retry': 'D:\\A production\\Apti_Test_App-main\\node_modules\\@types\\.retry-hGK78zrN',
766 silly reify   'D:\\A production\\Apti_Test_App-main\\node_modules\\@types\\triple-beam': 'D:\\A production\\Apti_Test_App-main\\node_modules\\@types\\.triple-beam-sYOUsViO',
766 silly reify   'D:\\A production\\Apti_Test_App-main\\node_modules\\@types\\yauzl': 'D:\\A production\\Apti_Test_App-main\\node_modules\\@types\\.yauzl-opTauqJD',
766 silly reify   'D:\\A production\\Apti_Test_App-main\\node_modules\\@typescript-eslint\\project-service': 'D:\\A production\\Apti_Test_App-main\\node_modules\\@typescript-eslint\\.project-service-7Q7dx2ef',
766 silly reify   'D:\\A production\\Apti_Test_App-main\\node_modules\\@typescript-eslint\\tsconfig-utils': 'D:\\A production\\Apti_Test_App-main\\node_modules\\@typescript-eslint\\.tsconfig-utils-1fXpDHKT',
766 silly reify   'D:\\A production\\Apti_Test_App-main\\node_modules\\@typescript-eslint\\types': 'D:\\A production\\Apti_Test_App-main\\node_modules\\@typescript-eslint\\.types-4T8ei7pV',
766 silly reify   'D:\\A production\\Apti_Test_App-main\\node_modules\\@typescript-eslint\\typescript-estree': 'D:\\A production\\Apti_Test_App-main\\node_modules\\@typescript-eslint\\.typescript-estree-tDhXt8Jm',
766 silly reify   'D:\\A production\\Apti_Test_App-main\\node_modules\\@typescript-eslint\\visitor-keys': 'D:\\A production\\Apti_Test_App-main\\node_modules\\@typescript-eslint\\.visitor-keys-56UHWfJd',
766 silly reify   'D:\\A production\\Apti_Test_App-main\\node_modules\\@vercel\\nft': 'D:\\A production\\Apti_Test_App-main\\node_modules\\@vercel\\.nft-o6OqG9mV',
766 silly reify   'D:\\A production\\Apti_Test_App-main\\node_modules\\.bin\\nft': 'D:\\A production\\Apti_Test_App-main\\node_modules\\.bin\\.nft-SrUYmnyz',
766 silly reify   'D:\\A production\\Apti_Test_App-main\\node_modules\\.bin\\nft.cmd': 'D:\\A production\\Apti_Test_App-main\\node_modules\\.bin\\.nft.cmd-YNutFddO',
766 silly reify   'D:\\A production\\Apti_Test_App-main\\node_modules\\.bin\\nft.ps1': 'D:\\A production\\Apti_Test_App-main\\node_modules\\.bin\\.nft.ps1-bNwB32Al',
766 silly reify   'D:\\A production\\Apti_Test_App-main\\node_modules\\@vue\\compiler-core': 'D:\\A production\\Apti_Test_App-main\\node_modules\\@vue\\.compiler-core-1BnEmVea',
766 silly reify   'D:\\A production\\Apti_Test_App-main\\node_modules\\@vue\\compiler-dom': 'D:\\A production\\Apti_Test_App-main\\node_modules\\@vue\\.compiler-dom-84Y6npbP',
766 silly reify   'D:\\A production\\Apti_Test_App-main\\node_modules\\@vue\\compiler-sfc': 'D:\\A production\\Apti_Test_App-main\\node_modules\\@vue\\.compiler-sfc-fw6YTuhj',
766 silly reify   'D:\\A production\\Apti_Test_App-main\\node_modules\\@vue\\compiler-ssr': 'D:\\A production\\Apti_Test_App-main\\node_modules\\@vue\\.compiler-ssr-0w0ZGCbM',
766 silly reify   'D:\\A production\\Apti_Test_App-main\\node_modules\\@vue\\shared': 'D:\\A production\\Apti_Test_App-main\\node_modules\\@vue\\.shared-4yppLFr3',
766 silly reify   'D:\\A production\\Apti_Test_App-main\\node_modules\\@whatwg-node\\disposablestack': 'D:\\A production\\Apti_Test_App-main\\node_modules\\@whatwg-node\\.disposablestack-zCA3v9JB',
766 silly reify   'D:\\A production\\Apti_Test_App-main\\node_modules\\@whatwg-node\\fetch': 'D:\\A production\\Apti_Test_App-main\\node_modules\\@whatwg-node\\.fetch-zZNT5YmK',
766 silly reify   'D:\\A production\\Apti_Test_App-main\\node_modules\\@whatwg-node\\node-fetch': 'D:\\A production\\Apti_Test_App-main\\node_modules\\@whatwg-node\\.node-fetch-bIi2uAUv',
766 silly reify   'D:\\A production\\Apti_Test_App-main\\node_modules\\@whatwg-node\\promise-helpers': 'D:\\A production\\Apti_Test_App-main\\node_modules\\@whatwg-node\\.promise-helpers-mrENttyP',
766 silly reify   'D:\\A production\\Apti_Test_App-main\\node_modules\\@whatwg-node\\server': 'D:\\A production\\Apti_Test_App-main\\node_modules\\@whatwg-node\\.server-GJnVElGl',
766 silly reify   'D:\\A production\\Apti_Test_App-main\\node_modules\\abbrev': 'D:\\A production\\Apti_Test_App-main\\node_modules\\.abbrev-YUBmd13E',
766 silly reify   'D:\\A production\\Apti_Test_App-main\\node_modules\\abstract-logging': 'D:\\A production\\Apti_Test_App-main\\node_modules\\.abstract-logging-LTSa4lJo',
766 silly reify   'D:\\A production\\Apti_Test_App-main\\node_modules\\accepts': 'D:\\A production\\Apti_Test_App-main\\node_modules\\.accepts-nXUQD5fC',
766 silly reify   'D:\\A production\\Apti_Test_App-main\\node_modules\\acorn': 'D:\\A production\\Apti_Test_App-main\\node_modules\\.acorn-wHuouqMv',
766 silly reify   'D:\\A production\\Apti_Test_App-main\\node_modules\\.bin\\acorn': 'D:\\A production\\Apti_Test_App-main\\node_modules\\.bin\\.acorn-6y6duGbz',
766 silly reify   'D:\\A production\\Apti_Test_App-main\\node_modules\\.bin\\acorn.cmd': 'D:\\A production\\Apti_Test_App-main\\node_modules\\.bin\\.acorn.cmd-tD8NELDv',
766 silly reify   'D:\\A production\\Apti_Test_App-main\\node_modules\\.bin\\acorn.ps1': 'D:\\A production\\Apti_Test_App-main\\node_modules\\.bin\\.acorn.ps1-icJ1nmlm',
766 silly reify   'D:\\A production\\Apti_Test_App-main\\node_modules\\acorn-import-attributes': 'D:\\A production\\Apti_Test_App-main\\node_modules\\.acorn-import-attributes-KA1PGD1P',
766 silly reify   'D:\\A production\\Apti_Test_App-main\\node_modules\\acorn-walk': 'D:\\A production\\Apti_Test_App-main\\node_modules\\.acorn-walk-g7dzjAPx',
766 silly reify   'D:\\A production\\Apti_Test_App-main\\node_modules\\ajv': 'D:\\A production\\Apti_Test_App-main\\node_modules\\.ajv-Ntz7URJB',
766 silly reify   'D:\\A production\\Apti_Test_App-main\\node_modules\\ajv-errors': 'D:\\A production\\Apti_Test_App-main\\node_modules\\.ajv-errors-1zivJR1O',
766 silly reify   'D:\\A production\\Apti_Test_App-main\\node_modules\\ajv-formats': 'D:\\A production\\Apti_Test_App-main\\node_modules\\.ajv-formats-PAQlLByK',
766 silly reify   'D:\\A production\\Apti_Test_App-main\\node_modules\\ansi-align': 'D:\\A production\\Apti_Test_App-main\\node_modules\\.ansi-align-WQzrppQH',
766 silly reify   'D:\\A production\\Apti_Test_App-main\\node_modules\\ansi-colors': 'D:\\A production\\Apti_Test_App-main\\node_modules\\.ansi-colors-RXk53e8y',
766 silly reify   'D:\\A production\\Apti_Test_App-main\\node_modules\\ansi-escapes': 'D:\\A production\\Apti_Test_App-main\\node_modules\\.ansi-escapes-PTLnah3e',
766 silly reify   'D:\\A production\\Apti_Test_App-main\\node_modules\\ansi-to-html': 'D:\\A production\\Apti_Test_App-main\\node_modules\\.ansi-to-html-U9dRUorJ',
766 silly reify   'D:\\A production\\Apti_Test_App-main\\node_modules\\.bin\\ansi-to-html': 'D:\\A production\\Apti_Test_App-main\\node_modules\\.bin\\.ansi-to-html-anXDvjrl',
766 silly reify   'D:\\A production\\Apti_Test_App-main\\node_modules\\.bin\\ansi-to-html.cmd': 'D:\\A production\\Apti_Test_App-main\\node_modules\\.bin\\.ansi-to-html.cmd-GSHj6DIJ',
766 silly reify   'D:\\A production\\Apti_Test_App-main\\node_modules\\.bin\\ansi-to-html.ps1': 'D:\\A production\\Apti_Test_App-main\\node_modules\\.bin\\.ansi-to-html.ps1-nZtzKn1n',
766 silly reify   'D:\\A production\\Apti_Test_App-main\\node_modules\\ansis': 'D:\\A production\\Apti_Test_App-main\\node_modules\\.ansis-duU2JTOl',
766 silly reify   'D:\\A production\\Apti_Test_App-main\\node_modules\\anymatch': 'D:\\A production\\Apti_Test_App-main\\node_modules\\.anymatch-ruJUZzon',
766 silly reify   'D:\\A production\\Apti_Test_App-main\\node_modules\\archiver': 'D:\\A production\\Apti_Test_App-main\\node_modules\\.archiver-5ZuqTXHM',
766 silly reify   'D:\\A production\\Apti_Test_App-main\\node_modules\\arg': 'D:\\A production\\Apti_Test_App-main\\node_modules\\.arg-5BJHwqyX',
766 silly reify   'D:\\A production\\Apti_Test_App-main\\node_modules\\array-buffer-byte-length': 'D:\\A production\\Apti_Test_App-main\\node_modules\\.array-buffer-byte-length-t3YnRmKI',
766 silly reify   'D:\\A production\\Apti_Test_App-main\\node_modules\\array-timsort': 'D:\\A production\\Apti_Test_App-main\\node_modules\\.array-timsort-zkQkPFgX',
766 silly reify   'D:\\A production\\Apti_Test_App-main\\node_modules\\array.prototype.flatmap': 'D:\\A production\\Apti_Test_App-main\\node_modules\\.array.prototype.flatmap-ft6q7YJA',
766 silly reify   'D:\\A production\\Apti_Test_App-main\\node_modules\\arraybuffer.prototype.slice': 'D:\\A production\\Apti_Test_App-main\\node_modules\\.arraybuffer.prototype.slice-Lcyi5qfn',
766 silly reify   'D:\\A production\\Apti_Test_App-main\\node_modules\\ascii-table': 'D:\\A production\\Apti_Test_App-main\\node_modules\\.ascii-table-0FELwtlR',
766 silly reify   'D:\\A production\\Apti_Test_App-main\\node_modules\\ast-module-types': 'D:\\A production\\Apti_Test_App-main\\node_modules\\.ast-module-types-dhNre5Ed',
766 silly reify   'D:\\A production\\Apti_Test_App-main\\node_modules\\async': 'D:\\A production\\Apti_Test_App-main\\node_modules\\.async-JbDimuBT',
766 silly reify   'D:\\A production\\Apti_Test_App-main\\node_modules\\async-function': 'D:\\A production\\Apti_Test_App-main\\node_modules\\.async-function-W0PdGoVM',
766 silly reify   'D:\\A production\\Apti_Test_App-main\\node_modules\\async-sema': 'D:\\A production\\Apti_Test_App-main\\node_modules\\.async-sema-Vu3fAQgQ',
766 silly reify   'D:\\A production\\Apti_Test_App-main\\node_modules\\atomic-sleep': 'D:\\A production\\Apti_Test_App-main\\node_modules\\.atomic-sleep-1rgbcOYJ',
766 silly reify   'D:\\A production\\Apti_Test_App-main\\node_modules\\atomically': 'D:\\A production\\Apti_Test_App-main\\node_modules\\.atomically-KEFOva2l',
766 silly reify   'D:\\A production\\Apti_Test_App-main\\node_modules\\available-typed-arrays': 'D:\\A production\\Apti_Test_App-main\\node_modules\\.available-typed-arrays-hBBOjsjr',
766 silly reify   'D:\\A production\\Apti_Test_App-main\\node_modules\\avvio': 'D:\\A production\\Apti_Test_App-main\\node_modules\\.avvio-X693Khqw',
766 silly reify   'D:\\A production\\Apti_Test_App-main\\node_modules\\b4a': 'D:\\A production\\Apti_Test_App-main\\node_modules\\.b4a-rYnkvnlT',
766 silly reify   'D:\\A production\\Apti_Test_App-main\\node_modules\\backoff': 'D:\\A production\\Apti_Test_App-main\\node_modules\\.backoff-rzw9H1zV',
766 silly reify   'D:\\A production\\Apti_Test_App-main\\node_modules\\balanced-match': 'D:\\A production\\Apti_Test_App-main\\node_modules\\.balanced-match-if4sZuAk',
766 silly reify   'D:\\A production\\Apti_Test_App-main\\node_modules\\bare-events': 'D:\\A production\\Apti_Test_App-main\\node_modules\\.bare-events-ZTajaEn5',
766 silly reify   'D:\\A production\\Apti_Test_App-main\\node_modules\\bare-fs': 'D:\\A production\\Apti_Test_App-main\\node_modules\\.bare-fs-LKoJMywk',
766 silly reify   'D:\\A production\\Apti_Test_App-main\\node_modules\\bare-path': 'D:\\A production\\Apti_Test_App-main\\node_modules\\.bare-path-shMfcocX',
766 silly reify   'D:\\A production\\Apti_Test_App-main\\node_modules\\bare-stream': 'D:\\A production\\Apti_Test_App-main\\node_modules\\.bare-stream-HCzZ4Pk6',
766 silly reify   'D:\\A production\\Apti_Test_App-main\\node_modules\\bare-url': 'D:\\A production\\Apti_Test_App-main\\node_modules\\.bare-url-MybJgkLW',
766 silly reify   'D:\\A production\\Apti_Test_App-main\\node_modules\\before-after-hook': 'D:\\A production\\Apti_Test_App-main\\node_modules\\.before-after-hook-bd1QWi3s',
766 silly reify   'D:\\A production\\Apti_Test_App-main\\node_modules\\better-ajv-errors': 'D:\\A production\\Apti_Test_App-main\\node_modules\\.better-ajv-errors-6iFRfNDR',
766 silly reify   'D:\\A production\\Apti_Test_App-main\\node_modules\\bindings': 'D:\\A production\\Apti_Test_App-main\\node_modules\\.bindings-gsu6wBkk',
766 silly reify   'D:\\A production\\Apti_Test_App-main\\node_modules\\bl': 'D:\\A production\\Apti_Test_App-main\\node_modules\\.bl-eTm3XKXf',
766 silly reify   'D:\\A production\\Apti_Test_App-main\\node_modules\\body-parser': 'D:\\A production\\Apti_Test_App-main\\node_modules\\.body-parser-orsJ2D15',
766 silly reify   'D:\\A production\\Apti_Test_App-main\\node_modules\\boolbase': 'D:\\A production\\Apti_Test_App-main\\node_modules\\.boolbase-n23xOhmI',
766 silly reify   'D:\\A production\\Apti_Test_App-main\\node_modules\\boxen': 'D:\\A production\\Apti_Test_App-main\\node_modules\\.boxen-Ew6VdfIF',
766 silly reify   'D:\\A production\\Apti_Test_App-main\\node_modules\\brace-expansion': 'D:\\A production\\Apti_Test_App-main\\node_modules\\.brace-expansion-UACM3Ocy',
766 silly reify   'D:\\A production\\Apti_Test_App-main\\node_modules\\braces': 'D:\\A production\\Apti_Test_App-main\\node_modules\\.braces-Tz3cjCkG',
766 silly reify   'D:\\A production\\Apti_Test_App-main\\node_modules\\buffer': 'D:\\A production\\Apti_Test_App-main\\node_modules\\.buffer-1DEwzodc',
766 silly reify   'D:\\A production\\Apti_Test_App-main\\node_modules\\buffer-crc32': 'D:\\A production\\Apti_Test_App-main\\node_modules\\.buffer-crc32-JhtOVl3b',
766 silly reify   'D:\\A production\\Apti_Test_App-main\\node_modules\\buffer-from': 'D:\\A production\\Apti_Test_App-main\\node_modules\\.buffer-from-JHpnj9nJ',
766 silly reify   'D:\\A production\\Apti_Test_App-main\\node_modules\\bundle-name': 'D:\\A production\\Apti_Test_App-main\\node_modules\\.bundle-name-MnyEyo1k',
766 silly reify   'D:\\A production\\Apti_Test_App-main\\node_modules\\byline': 'D:\\A production\\Apti_Test_App-main\\node_modules\\.byline-5uKGNGp3',
766 silly reify   'D:\\A production\\Apti_Test_App-main\\node_modules\\bytes': 'D:\\A production\\Apti_Test_App-main\\node_modules\\.bytes-XiuCOyit',
766 silly reify   'D:\\A production\\Apti_Test_App-main\\node_modules\\call-bind': 'D:\\A production\\Apti_Test_App-main\\node_modules\\.call-bind-ApeQZ0LM',
766 silly reify   'D:\\A production\\Apti_Test_App-main\\node_modules\\call-bound': 'D:\\A production\\Apti_Test_App-main\\node_modules\\.call-bound-zkRBtY56',
766 silly reify   'D:\\A production\\Apti_Test_App-main\\node_modules\\callsite': 'D:\\A production\\Apti_Test_App-main\\node_modules\\.callsite-eSwJbmDD',
766 silly reify   'D:\\A production\\Apti_Test_App-main\\node_modules\\camelcase': 'D:\\A production\\Apti_Test_App-main\\node_modules\\.camelcase-jkd4gTsS',
766 silly reify   'D:\\A production\\Apti_Test_App-main\\node_modules\\chalk': 'D:\\A production\\Apti_Test_App-main\\node_modules\\.chalk-MHTSBBwN',
766 silly reify   'D:\\A production\\Apti_Test_App-main\\node_modules\\chardet': 'D:\\A production\\Apti_Test_App-main\\node_modules\\.chardet-U8W4GubQ',
766 silly reify   'D:\\A production\\Apti_Test_App-main\\node_modules\\chokidar': 'D:\\A production\\Apti_Test_App-main\\node_modules\\.chokidar-t8F8sN1E',
766 silly reify   'D:\\A production\\Apti_Test_App-main\\node_modules\\chownr': 'D:\\A production\\Apti_Test_App-main\\node_modules\\.chownr-SgOBYki2',
766 silly reify   'D:\\A production\\Apti_Test_App-main\\node_modules\\ci-info': 'D:\\A production\\Apti_Test_App-main\\node_modules\\.ci-info-Da0Whs1r',
766 silly reify   'D:\\A production\\Apti_Test_App-main\\node_modules\\citty': 'D:\\A production\\Apti_Test_App-main\\node_modules\\.citty-dc2wWLTL',
766 silly reify   'D:\\A production\\Apti_Test_App-main\\node_modules\\cjs-module-lexer': 'D:\\A production\\Apti_Test_App-main\\node_modules\\.cjs-module-lexer-EqMbOcuW',
766 silly reify   'D:\\A production\\Apti_Test_App-main\\node_modules\\clean-deep': 'D:\\A production\\Apti_Test_App-main\\node_modules\\.clean-deep-tSucvFfj',
766 silly reify   'D:\\A production\\Apti_Test_App-main\\node_modules\\clean-stack': 'D:\\A production\\Apti_Test_App-main\\node_modules\\.clean-stack-SLuuwBkF',
766 silly reify   'D:\\A production\\Apti_Test_App-main\\node_modules\\cli-boxes': 'D:\\A production\\Apti_Test_App-main\\node_modules\\.cli-boxes-bZgOjETE',
766 silly reify   'D:\\A production\\Apti_Test_App-main\\node_modules\\cli-cursor': 'D:\\A production\\Apti_Test_App-main\\node_modules\\.cli-cursor-f2yWvSGd',
766 silly reify   'D:\\A production\\Apti_Test_App-main\\node_modules\\cli-spinners': 'D:\\A production\\Apti_Test_App-main\\node_modules\\.cli-spinners-6fnCR8ud',
766 silly reify   'D:\\A production\\Apti_Test_App-main\\node_modules\\cli-width': 'D:\\A production\\Apti_Test_App-main\\node_modules\\.cli-width-Fki2yf6E',
766 silly reify   'D:\\A production\\Apti_Test_App-main\\node_modules\\clone': 'D:\\A production\\Apti_Test_App-main\\node_modules\\.clone-eMPt5myh',
766 silly reify   'D:\\A production\\Apti_Test_App-main\\node_modules\\color': 'D:\\A production\\Apti_Test_App-main\\node_modules\\.color-NooCkBO2',
766 silly reify   'D:\\A production\\Apti_Test_App-main\\node_modules\\color-string': 'D:\\A production\\Apti_Test_App-main\\node_modules\\.color-string-e9eX1g3b',
766 silly reify   'D:\\A production\\Apti_Test_App-main\\node_modules\\colors': 'D:\\A production\\Apti_Test_App-main\\node_modules\\.colors-2OPSxmR6',
766 silly reify   'D:\\A production\\Apti_Test_App-main\\node_modules\\commander': 'D:\\A production\\Apti_Test_App-main\\node_modules\\.commander-HNk5TTVP',
766 silly reify   'D:\\A production\\Apti_Test_App-main\\node_modules\\comment-json': 'D:\\A production\\Apti_Test_App-main\\node_modules\\.comment-json-DcYgDexn',
766 silly reify   'D:\\A production\\Apti_Test_App-main\\node_modules\\common-path-prefix': 'D:\\A production\\Apti_Test_App-main\\node_modules\\.common-path-prefix-wZHxLq7R',
766 silly reify   'D:\\A production\\Apti_Test_App-main\\node_modules\\compress-commons': 'D:\\A production\\Apti_Test_App-main\\node_modules\\.compress-commons-3ODyNa6p',
766 silly reify   'D:\\A production\\Apti_Test_App-main\\node_modules\\config-chain': 'D:\\A production\\Apti_Test_App-main\\node_modules\\.config-chain-CaKTQw4s',
766 silly reify   'D:\\A production\\Apti_Test_App-main\\node_modules\\configstore': 'D:\\A production\\Apti_Test_App-main\\node_modules\\.configstore-XTirAygU',
766 silly reify   'D:\\A production\\Apti_Test_App-main\\node_modules\\consola': 'D:\\A production\\Apti_Test_App-main\\node_modules\\.consola-I7222FDm',
766 silly reify   'D:\\A production\\Apti_Test_App-main\\node_modules\\content-disposition': 'D:\\A production\\Apti_Test_App-main\\node_modules\\.content-disposition-jvJn8X2J',
766 silly reify   'D:\\A production\\Apti_Test_App-main\\node_modules\\content-type': 'D:\\A production\\Apti_Test_App-main\\node_modules\\.content-type-BhuE1iT4',
766 silly reify   'D:\\A production\\Apti_Test_App-main\\node_modules\\cookie': 'D:\\A production\\Apti_Test_App-main\\node_modules\\.cookie-UAu7BhGD',
766 silly reify   'D:\\A production\\Apti_Test_App-main\\node_modules\\cookie-es': 'D:\\A production\\Apti_Test_App-main\\node_modules\\.cookie-es-txqa8K3p',
766 silly reify   'D:\\A production\\Apti_Test_App-main\\node_modules\\cookie-signature': 'D:\\A production\\Apti_Test_App-main\\node_modules\\.cookie-signature-ZeUqL6Kb',
766 silly reify   'D:\\A production\\Apti_Test_App-main\\node_modules\\copy-file': 'D:\\A production\\Apti_Test_App-main\\node_modules\\.copy-file-uK9iV7fl',
766 silly reify   'D:\\A production\\Apti_Test_App-main\\node_modules\\core-util-is': 'D:\\A production\\Apti_Test_App-main\\node_modules\\.core-util-is-RHZ6P9XJ',
766 silly reify   'D:\\A production\\Apti_Test_App-main\\node_modules\\cpy': 'D:\\A production\\Apti_Test_App-main\\node_modules\\.cpy-ZSI4bMzz',
766 silly reify   'D:\\A production\\Apti_Test_App-main\\node_modules\\crc32-stream': 'D:\\A production\\Apti_Test_App-main\\node_modules\\.crc32-stream-A7G8kuCi',
766 silly reify   'D:\\A production\\Apti_Test_App-main\\node_modules\\create-require': 'D:\\A production\\Apti_Test_App-main\\node_modules\\.create-require-urKXYufk',
766 silly reify   'D:\\A production\\Apti_Test_App-main\\node_modules\\cron-parser': 'D:\\A production\\Apti_Test_App-main\\node_modules\\.cron-parser-DlqL7cpP',
766 silly reify   'D:\\A production\\Apti_Test_App-main\\node_modules\\cross-spawn': 'D:\\A production\\Apti_Test_App-main\\node_modules\\.cross-spawn-gLTbLMsh',
766 silly reify   'D:\\A production\\Apti_Test_App-main\\node_modules\\crossws': 'D:\\A production\\Apti_Test_App-main\\node_modules\\.crossws-1yudIgDE',
766 silly reify   'D:\\A production\\Apti_Test_App-main\\node_modules\\css-select': 'D:\\A production\\Apti_Test_App-main\\node_modules\\.css-select-pCPsFOOY',
766 silly reify   'D:\\A production\\Apti_Test_App-main\\node_modules\\css-tree': 'D:\\A production\\Apti_Test_App-main\\node_modules\\.css-tree-HXMQZCqQ',
766 silly reify   'D:\\A production\\Apti_Test_App-main\\node_modules\\css-what': 'D:\\A production\\Apti_Test_App-main\\node_modules\\.css-what-ZyIwFRX9',
766 silly reify   'D:\\A production\\Apti_Test_App-main\\node_modules\\cssfilter': 'D:\\A production\\Apti_Test_App-main\\node_modules\\.cssfilter-Xo7I5iXA',
766 silly reify   'D:\\A production\\Apti_Test_App-main\\node_modules\\csso': 'D:\\A production\\Apti_Test_App-main\\node_modules\\.csso-6O6Mh8u8',
766 silly reify   'D:\\A production\\Apti_Test_App-main\\node_modules\\cyclist': 'D:\\A production\\Apti_Test_App-main\\node_modules\\.cyclist-34gDObN2',
766 silly reify   'D:\\A production\\Apti_Test_App-main\\node_modules\\data-view-buffer': 'D:\\A production\\Apti_Test_App-main\\node_modules\\.data-view-buffer-IFZh58AJ',
766 silly reify   'D:\\A production\\Apti_Test_App-main\\node_modules\\data-view-byte-length': 'D:\\A production\\Apti_Test_App-main\\node_modules\\.data-view-byte-length-rM9RPmgs',
766 silly reify   'D:\\A production\\Apti_Test_App-main\\node_modules\\data-view-byte-offset': 'D:\\A production\\Apti_Test_App-main\\node_modules\\.data-view-byte-offset-BoN45FWQ',
766 silly reify   'D:\\A production\\Apti_Test_App-main\\node_modules\\decache': 'D:\\A production\\Apti_Test_App-main\\node_modules\\.decache-AdurCf6C',
766 silly reify   'D:\\A production\\Apti_Test_App-main\\node_modules\\deep-extend': 'D:\\A production\\Apti_Test_App-main\\node_modules\\.deep-extend-Re3WtAcC',
766 silly reify   'D:\\A production\\Apti_Test_App-main\\node_modules\\deepmerge': 'D:\\A production\\Apti_Test_App-main\\node_modules\\.deepmerge-VZRb7Xfp',
766 silly reify   'D:\\A production\\Apti_Test_App-main\\node_modules\\default-browser': 'D:\\A production\\Apti_Test_App-main\\node_modules\\.default-browser-jUDUCADr',
766 silly reify   'D:\\A production\\Apti_Test_App-main\\node_modules\\default-browser-id': 'D:\\A production\\Apti_Test_App-main\\node_modules\\.default-browser-id-8g9TJmlJ',
766 silly reify   'D:\\A production\\Apti_Test_App-main\\node_modules\\defaults': 'D:\\A production\\Apti_Test_App-main\\node_modules\\.defaults-hbzA1gpb',
766 silly reify   'D:\\A production\\Apti_Test_App-main\\node_modules\\define-data-property': 'D:\\A production\\Apti_Test_App-main\\node_modules\\.define-data-property-54QJ1tOX',
766 silly reify   'D:\\A production\\Apti_Test_App-main\\node_modules\\define-lazy-prop': 'D:\\A production\\Apti_Test_App-main\\node_modules\\.define-lazy-prop-qmtZIqNJ',
766 silly reify   'D:\\A production\\Apti_Test_App-main\\node_modules\\define-properties': 'D:\\A production\\Apti_Test_App-main\\node_modules\\.define-properties-6nkOafxr',
766 silly reify   'D:\\A production\\Apti_Test_App-main\\node_modules\\defu': 'D:\\A production\\Apti_Test_App-main\\node_modules\\.defu-IXca5Jg5',
766 silly reify   'D:\\A production\\Apti_Test_App-main\\node_modules\\depd': 'D:\\A production\\Apti_Test_App-main\\node_modules\\.depd-oi3uKvBS',
766 silly reify   'D:\\A production\\Apti_Test_App-main\\node_modules\\dequal': 'D:\\A production\\Apti_Test_App-main\\node_modules\\.dequal-2rUNbuFM',
766 silly reify   'D:\\A production\\Apti_Test_App-main\\node_modules\\destr': 'D:\\A production\\Apti_Test_App-main\\node_modules\\.destr-1RViGQfI',
766 silly reify   'D:\\A production\\Apti_Test_App-main\\node_modules\\detective-amd': 'D:\\A production\\Apti_Test_App-main\\node_modules\\.detective-amd-TrQlss60',
766 silly reify   'D:\\A production\\Apti_Test_App-main\\node_modules\\.bin\\detective-amd': 'D:\\A production\\Apti_Test_App-main\\node_modules\\.bin\\.detective-amd-PGj4BVGv',
766 silly reify   'D:\\A production\\Apti_Test_App-main\\node_modules\\.bin\\detective-amd.cmd': 'D:\\A production\\Apti_Test_App-main\\node_modules\\.bin\\.detective-amd.cmd-pugV9n30',
766 silly reify   'D:\\A production\\Apti_Test_App-main\\node_modules\\.bin\\detective-amd.ps1': 'D:\\A production\\Apti_Test_App-main\\node_modules\\.bin\\.detective-amd.ps1-S9Bhx0q6',
766 silly reify   'D:\\A production\\Apti_Test_App-main\\node_modules\\detective-cjs': 'D:\\A production\\Apti_Test_App-main\\node_modules\\.detective-cjs-nn3gSyfx',
766 silly reify   'D:\\A production\\Apti_Test_App-main\\node_modules\\detective-es6': 'D:\\A production\\Apti_Test_App-main\\node_modules\\.detective-es6-F7e8vrJW',
766 silly reify   'D:\\A production\\Apti_Test_App-main\\node_modules\\detective-sass': 'D:\\A production\\Apti_Test_App-main\\node_modules\\.detective-sass-GgxU118p',
766 silly reify   'D:\\A production\\Apti_Test_App-main\\node_modules\\detective-scss': 'D:\\A production\\Apti_Test_App-main\\node_modules\\.detective-scss-E40mKj1x',
766 silly reify   'D:\\A production\\Apti_Test_App-main\\node_modules\\detective-stylus': 'D:\\A production\\Apti_Test_App-main\\node_modules\\.detective-stylus-CcR7rtg7',
766 silly reify   'D:\\A production\\Apti_Test_App-main\\node_modules\\detective-typescript': 'D:\\A production\\Apti_Test_App-main\\node_modules\\.detective-typescript-Lanhhdin',
766 silly reify   'D:\\A production\\Apti_Test_App-main\\node_modules\\detective-vue2': 'D:\\A production\\Apti_Test_App-main\\node_modules\\.detective-vue2-2Y6EMsD9',
766 silly reify   'D:\\A production\\Apti_Test_App-main\\node_modules\\dettle': 'D:\\A production\\Apti_Test_App-main\\node_modules\\.dettle-78j6n80O',
766 silly reify   'D:\\A production\\Apti_Test_App-main\\node_modules\\diff': 'D:\\A production\\Apti_Test_App-main\\node_modules\\.diff-mahnAdnj',
766 silly reify   'D:\\A production\\Apti_Test_App-main\\node_modules\\dom-serializer': 'D:\\A production\\Apti_Test_App-main\\node_modules\\.dom-serializer-7KdmOsUQ',
766 silly reify   'D:\\A production\\Apti_Test_App-main\\node_modules\\domelementtype': 'D:\\A production\\Apti_Test_App-main\\node_modules\\.domelementtype-f5GU3Cs7',
766 silly reify   'D:\\A production\\Apti_Test_App-main\\node_modules\\domhandler': 'D:\\A production\\Apti_Test_App-main\\node_modules\\.domhandler-YSanbmHe',
766 silly reify   'D:\\A production\\Apti_Test_App-main\\node_modules\\domutils': 'D:\\A production\\Apti_Test_App-main\\node_modules\\.domutils-mHdXFXUy',
766 silly reify   'D:\\A production\\Apti_Test_App-main\\node_modules\\dot-prop': 'D:\\A production\\Apti_Test_App-main\\node_modules\\.dot-prop-PhEvzGgo',
766 silly reify   'D:\\A production\\Apti_Test_App-main\\node_modules\\dotenv': 'D:\\A production\\Apti_Test_App-main\\node_modules\\.dotenv-GfM7jVL6',
766 silly reify   'D:\\A production\\Apti_Test_App-main\\node_modules\\eastasianwidth': 'D:\\A production\\Apti_Test_App-main\\node_modules\\.eastasianwidth-0CLN9Ph0',
766 silly reify   'D:\\A production\\Apti_Test_App-main\\node_modules\\ee-first': 'D:\\A production\\Apti_Test_App-main\\node_modules\\.ee-first-fA9Iv6N0',
766 silly reify   'D:\\A production\\Apti_Test_App-main\\node_modules\\empathic': 'D:\\A production\\Apti_Test_App-main\\node_modules\\.empathic-rHloV08n',
766 silly reify   'D:\\A production\\Apti_Test_App-main\\node_modules\\enabled': 'D:\\A production\\Apti_Test_App-main\\node_modules\\.enabled-6qK20SJ3',
766 silly reify   'D:\\A production\\Apti_Test_App-main\\node_modules\\encodeurl': 'D:\\A production\\Apti_Test_App-main\\node_modules\\.encodeurl-BIafpLjg',
766 silly reify   'D:\\A production\\Apti_Test_App-main\\node_modules\\enquirer': 'D:\\A production\\Apti_Test_App-main\\node_modules\\.enquirer-3aHxgfKQ',
766 silly reify   'D:\\A production\\Apti_Test_App-main\\node_modules\\entities': 'D:\\A production\\Apti_Test_App-main\\node_modules\\.entities-3YahbTuZ',
766 silly reify   'D:\\A production\\Apti_Test_App-main\\node_modules\\env-paths': 'D:\\A production\\Apti_Test_App-main\\node_modules\\.env-paths-gKZPGYsu',
766 silly reify   'D:\\A production\\Apti_Test_App-main\\node_modules\\envinfo': 'D:\\A production\\Apti_Test_App-main\\node_modules\\.envinfo-xtxxPouj',
766 silly reify   'D:\\A production\\Apti_Test_App-main\\node_modules\\.bin\\envinfo': 'D:\\A production\\Apti_Test_App-main\\node_modules\\.bin\\.envinfo-wl3NrMT0',
766 silly reify   'D:\\A production\\Apti_Test_App-main\\node_modules\\.bin\\envinfo.cmd': 'D:\\A production\\Apti_Test_App-main\\node_modules\\.bin\\.envinfo.cmd-tJlZ2NeT',
766 silly reify   'D:\\A production\\Apti_Test_App-main\\node_modules\\.bin\\envinfo.ps1': 'D:\\A production\\Apti_Test_App-main\\node_modules\\.bin\\.envinfo.ps1-TgeF1p43',
766 silly reify   'D:\\A production\\Apti_Test_App-main\\node_modules\\environment': 'D:\\A production\\Apti_Test_App-main\\node_modules\\.environment-urN8rKgI',
766 silly reify   'D:\\A production\\Apti_Test_App-main\\node_modules\\error-stack-parser': 'D:\\A production\\Apti_Test_App-main\\node_modules\\.error-stack-parser-kZwRXfb4',
766 silly reify   'D:\\A production\\Apti_Test_App-main\\node_modules\\es-abstract': 'D:\\A production\\Apti_Test_App-main\\node_modules\\.es-abstract-JaFSQqRo',
766 silly reify   'D:\\A production\\Apti_Test_App-main\\node_modules\\es-abstract-get': 'D:\\A production\\Apti_Test_App-main\\node_modules\\.es-abstract-get-qvu423CC',
766 silly reify   'D:\\A production\\Apti_Test_App-main\\node_modules\\es-module-lexer': 'D:\\A production\\Apti_Test_App-main\\node_modules\\.es-module-lexer-7PE7xAUh',
766 silly reify   'D:\\A production\\Apti_Test_App-main\\node_modules\\es-shim-unscopables': 'D:\\A production\\Apti_Test_App-main\\node_modules\\.es-shim-unscopables-jMEvsq22',
766 silly reify   'D:\\A production\\Apti_Test_App-main\\node_modules\\es-to-primitive': 'D:\\A production\\Apti_Test_App-main\\node_modules\\.es-to-primitive-7ZE4Hv6U',
766 silly reify   'D:\\A production\\Apti_Test_App-main\\node_modules\\esbuild': 'D:\\A production\\Apti_Test_App-main\\node_modules\\.esbuild-C9IKRmgp',
766 silly reify   'D:\\A production\\Apti_Test_App-main\\node_modules\\.bin\\esbuild': 'D:\\A production\\Apti_Test_App-main\\node_modules\\.bin\\.esbuild-QSwOWRlH',
766 silly reify   'D:\\A production\\Apti_Test_App-main\\node_modules\\.bin\\esbuild.cmd': 'D:\\A production\\Apti_Test_App-main\\node_modules\\.bin\\.esbuild.cmd-JfbZM93t',
766 silly reify   'D:\\A production\\Apti_Test_App-main\\node_modules\\.bin\\esbuild.ps1': 'D:\\A production\\Apti_Test_App-main\\node_modules\\.bin\\.esbuild.ps1-es8r0Flw',
766 silly reify   'D:\\A production\\Apti_Test_App-main\\node_modules\\escape-goat': 'D:\\A production\\Apti_Test_App-main\\node_modules\\.escape-goat-cD6btiAB',
766 silly reify   'D:\\A production\\Apti_Test_App-main\\node_modules\\escape-html': 'D:\\A production\\Apti_Test_App-main\\node_modules\\.escape-html-kwYHAzZD',
766 silly reify   'D:\\A production\\Apti_Test_App-main\\node_modules\\escape-string-regexp': 'D:\\A production\\Apti_Test_App-main\\node_modules\\.escape-string-regexp-HnaZhgK8',
766 silly reify   'D:\\A production\\Apti_Test_App-main\\node_modules\\escodegen': 'D:\\A production\\Apti_Test_App-main\\node_modules\\.escodegen-QPxV9mGp',
766 silly reify   'D:\\A production\\Apti_Test_App-main\\node_modules\\.bin\\escodegen': 'D:\\A production\\Apti_Test_App-main\\node_modules\\.bin\\.escodegen-puLFPP4u',
766 silly reify   'D:\\A production\\Apti_Test_App-main\\node_modules\\.bin\\escodegen.cmd': 'D:\\A production\\Apti_Test_App-main\\node_modules\\.bin\\.escodegen.cmd-ByGHZ4V7',
766 silly reify   'D:\\A production\\Apti_Test_App-main\\node_modules\\.bin\\escodegen.ps1': 'D:\\A production\\Apti_Test_App-main\\node_modules\\.bin\\.escodegen.ps1-NyuqTlPG',
766 silly reify   'D:\\A production\\Apti_Test_App-main\\node_modules\\.bin\\esgenerate': 'D:\\A production\\Apti_Test_App-main\\node_modules\\.bin\\.esgenerate-F9MQILvj',
766 silly reify   'D:\\A production\\Apti_Test_App-main\\node_modules\\.bin\\esgenerate.cmd': 'D:\\A production\\Apti_Test_App-main\\node_modules\\.bin\\.esgenerate.cmd-FoyFWe1p',
766 silly reify   'D:\\A production\\Apti_Test_App-main\\node_modules\\.bin\\esgenerate.ps1': 'D:\\A production\\Apti_Test_App-main\\node_modules\\.bin\\.esgenerate.ps1-3Yxth9aP',
766 silly reify   'D:\\A production\\Apti_Test_App-main\\node_modules\\eslint-visitor-keys': 'D:\\A production\\Apti_Test_App-main\\node_modules\\.eslint-visitor-keys-T0MAybqY',
766 silly reify   'D:\\A production\\Apti_Test_App-main\\node_modules\\esprima': 'D:\\A production\\Apti_Test_App-main\\node_modules\\.esprima-0q3KXuzH',
766 silly reify   'D:\\A production\\Apti_Test_App-main\\node_modules\\.bin\\esparse': 'D:\\A production\\Apti_Test_App-main\\node_modules\\.bin\\.esparse-LlpwDplP',
766 silly reify   'D:\\A production\\Apti_Test_App-main\\node_modules\\.bin\\esparse.cmd': 'D:\\A production\\Apti_Test_App-main\\node_modules\\.bin\\.esparse.cmd-khTbYhgW',
766 silly reify   'D:\\A production\\Apti_Test_App-main\\node_modules\\.bin\\esparse.ps1': 'D:\\A production\\Apti_Test_App-main\\node_modules\\.bin\\.esparse.ps1-h0yfUrPP',
766 silly reify   'D:\\A production\\Apti_Test_App-main\\node_modules\\.bin\\esvalidate': 'D:\\A production\\Apti_Test_App-main\\node_modules\\.bin\\.esvalidate-0gpNsjtG',
766 silly reify   'D:\\A production\\Apti_Test_App-main\\node_modules\\.bin\\esvalidate.cmd': 'D:\\A production\\Apti_Test_App-main\\node_modules\\.bin\\.esvalidate.cmd-zBj5EwqK',
766 silly reify   'D:\\A production\\Apti_Test_App-main\\node_modules\\.bin\\esvalidate.ps1': 'D:\\A production\\Apti_Test_App-main\\node_modules\\.bin\\.esvalidate.ps1-ro5FeAfa',
766 silly reify   'D:\\A production\\Apti_Test_App-main\\node_modules\\estraverse': 'D:\\A production\\Apti_Test_App-main\\node_modules\\.estraverse-7nu82r2X',
766 silly reify   'D:\\A production\\Apti_Test_App-main\\node_modules\\estree-walker': 'D:\\A production\\Apti_Test_App-main\\node_modules\\.estree-walker-fyX5VUnb',
766 silly reify   'D:\\A production\\Apti_Test_App-main\\node_modules\\esutils': 'D:\\A production\\Apti_Test_App-main\\node_modules\\.esutils-HKuTJk2Q',
766 silly reify   'D:\\A production\\Apti_Test_App-main\\node_modules\\etag': 'D:\\A production\\Apti_Test_App-main\\node_modules\\.etag-Mybyn0tO',
766 silly reify   'D:\\A production\\Apti_Test_App-main\\node_modules\\eventemitter3': 'D:\\A production\\Apti_Test_App-main\\node_modules\\.eventemitter3-PaAid8vW',
766 silly reify   'D:\\A production\\Apti_Test_App-main\\node_modules\\events': 'D:\\A production\\Apti_Test_App-main\\node_modules\\.events-9vrjNalm',
766 silly reify   'D:\\A production\\Apti_Test_App-main\\node_modules\\events-universal': 'D:\\A production\\Apti_Test_App-main\\node_modules\\.events-universal-CUoE35Bo',
766 silly reify   'D:\\A production\\Apti_Test_App-main\\node_modules\\execa': 'D:\\A production\\Apti_Test_App-main\\node_modules\\.execa-lWPnwlCy',
766 silly reify   'D:\\A production\\Apti_Test_App-main\\node_modules\\express': 'D:\\A production\\Apti_Test_App-main\\node_modules\\.express-CAoPvCvE',
766 silly reify   'D:\\A production\\Apti_Test_App-main\\node_modules\\express-logging': 'D:\\A production\\Apti_Test_App-main\\node_modules\\.express-logging-ROVQkd2l',
766 silly reify   'D:\\A production\\Apti_Test_App-main\\node_modules\\extract-zip': 'D:\\A production\\Apti_Test_App-main\\node_modules\\.extract-zip-YPoW1ZQU',
766 silly reify   'D:\\A production\\Apti_Test_App-main\\node_modules\\.bin\\extract-zip': 'D:\\A production\\Apti_Test_App-main\\node_modules\\.bin\\.extract-zip-Yk6UHgVw',
766 silly reify   'D:\\A production\\Apti_Test_App-main\\node_modules\\.bin\\extract-zip.cmd': 'D:\\A production\\Apti_Test_App-main\\node_modules\\.bin\\.extract-zip.cmd-zQ2nR69h',
766 silly reify   'D:\\A production\\Apti_Test_App-main\\node_modules\\.bin\\extract-zip.ps1': 'D:\\A production\\Apti_Test_App-main\\node_modules\\.bin\\.extract-zip.ps1-MhaZXZlu',
766 silly reify   'D:\\A production\\Apti_Test_App-main\\node_modules\\fast-decode-uri-component': 'D:\\A production\\Apti_Test_App-main\\node_modules\\.fast-decode-uri-component-OawPyCEH',
766 silly reify   'D:\\A production\\Apti_Test_App-main\\node_modules\\fast-equals': 'D:\\A production\\Apti_Test_App-main\\node_modules\\.fast-equals-EO5C7BQk',
766 silly reify   'D:\\A production\\Apti_Test_App-main\\node_modules\\fast-fifo': 'D:\\A production\\Apti_Test_App-main\\node_modules\\.fast-fifo-QhYgFDpZ',
766 silly reify   'D:\\A production\\Apti_Test_App-main\\node_modules\\fast-glob': 'D:\\A production\\Apti_Test_App-main\\node_modules\\.fast-glob-CG06I83U',
766 silly reify   'D:\\A production\\Apti_Test_App-main\\node_modules\\fast-json-stringify': 'D:\\A production\\Apti_Test_App-main\\node_modules\\.fast-json-stringify-OAGfqD78',
766 silly reify   'D:\\A production\\Apti_Test_App-main\\node_modules\\fast-querystring': 'D:\\A production\\Apti_Test_App-main\\node_modules\\.fast-querystring-jJMOctiP',
766 silly reify   'D:\\A production\\Apti_Test_App-main\\node_modules\\fast-safe-stringify': 'D:\\A production\\Apti_Test_App-main\\node_modules\\.fast-safe-stringify-Vv9EHTcb',
766 silly reify   'D:\\A production\\Apti_Test_App-main\\node_modules\\fast-string-truncated-width': 'D:\\A production\\Apti_Test_App-main\\node_modules\\.fast-string-truncated-width-tPCbOUlo',
766 silly reify   'D:\\A production\\Apti_Test_App-main\\node_modules\\fast-string-width': 'D:\\A production\\Apti_Test_App-main\\node_modules\\.fast-string-width-XjBwkOEz',
766 silly reify   'D:\\A production\\Apti_Test_App-main\\node_modules\\fast-stringify': 'D:\\A production\\Apti_Test_App-main\\node_modules\\.fast-stringify-swJ2orLU',
766 silly reify   'D:\\A production\\Apti_Test_App-main\\node_modules\\fast-uri': 'D:\\A production\\Apti_Test_App-main\\node_modules\\.fast-uri-pIvJm9S6',
766 silly reify   'D:\\A production\\Apti_Test_App-main\\node_modules\\fastest-levenshtein': 'D:\\A production\\Apti_Test_App-main\\node_modules\\.fastest-levenshtein-bcVQyEyA',
766 silly reify   'D:\\A production\\Apti_Test_App-main\\node_modules\\fastify': 'D:\\A production\\Apti_Test_App-main\\node_modules\\.fastify-rPvOuy7v',
766 silly reify   'D:\\A production\\Apti_Test_App-main\\node_modules\\fastify-plugin': 'D:\\A production\\Apti_Test_App-main\\node_modules\\.fastify-plugin-QMn8wYe4',
766 silly reify   'D:\\A production\\Apti_Test_App-main\\node_modules\\fastq': 'D:\\A production\\Apti_Test_App-main\\node_modules\\.fastq-mvHYas6e',
766 silly reify   'D:\\A production\\Apti_Test_App-main\\node_modules\\fd-slicer': 'D:\\A production\\Apti_Test_App-main\\node_modules\\.fd-slicer-ScW0iL2I',
766 silly reify   'D:\\A production\\Apti_Test_App-main\\node_modules\\fdir': 'D:\\A production\\Apti_Test_App-main\\node_modules\\.fdir-ulQSg4B3',
766 silly reify   'D:\\A production\\Apti_Test_App-main\\node_modules\\fecha': 'D:\\A production\\Apti_Test_App-main\\node_modules\\.fecha-9fKF4Lw0',
766 silly reify   'D:\\A production\\Apti_Test_App-main\\node_modules\\figures': 'D:\\A production\\Apti_Test_App-main\\node_modules\\.figures-Z1dt8cmO',
766 silly reify   'D:\\A production\\Apti_Test_App-main\\node_modules\\file-uri-to-path': 'D:\\A production\\Apti_Test_App-main\\node_modules\\.file-uri-to-path-wQWNf1WA',
766 silly reify   'D:\\A production\\Apti_Test_App-main\\node_modules\\fill-range': 'D:\\A production\\Apti_Test_App-main\\node_modules\\.fill-range-2ykrwNBz',
766 silly reify   'D:\\A production\\Apti_Test_App-main\\node_modules\\filter-obj': 'D:\\A production\\Apti_Test_App-main\\node_modules\\.filter-obj-Y7AkeOek',
766 silly reify   'D:\\A production\\Apti_Test_App-main\\node_modules\\finalhandler': 'D:\\A production\\Apti_Test_App-main\\node_modules\\.finalhandler-NapI33sm',
766 silly reify   'D:\\A production\\Apti_Test_App-main\\node_modules\\find-my-way': 'D:\\A production\\Apti_Test_App-main\\node_modules\\.find-my-way-uMOOglhi',
766 silly reify   'D:\\A production\\Apti_Test_App-main\\node_modules\\find-up': 'D:\\A production\\Apti_Test_App-main\\node_modules\\.find-up-80mieZnH',
766 silly reify   'D:\\A production\\Apti_Test_App-main\\node_modules\\find-up-simple': 'D:\\A production\\Apti_Test_App-main\\node_modules\\.find-up-simple-pLdQBHdQ',
766 silly reify   'D:\\A production\\Apti_Test_App-main\\node_modules\\fn.name': 'D:\\A production\\Apti_Test_App-main\\node_modules\\.fn.name-PVmZjexh',
766 silly reify   'D:\\A production\\Apti_Test_App-main\\node_modules\\folder-walker': 'D:\\A production\\Apti_Test_App-main\\node_modules\\.folder-walker-57irVMxA',
766 silly reify   'D:\\A production\\Apti_Test_App-main\\node_modules\\follow-redirects': 'D:\\A production\\Apti_Test_App-main\\node_modules\\.follow-redirects-VJlEalmS',
766 silly reify   'D:\\A production\\Apti_Test_App-main\\node_modules\\for-each': 'D:\\A production\\Apti_Test_App-main\\node_modules\\.for-each-blCJr9dB',
766 silly reify   'D:\\A production\\Apti_Test_App-main\\node_modules\\foreground-child': 'D:\\A production\\Apti_Test_App-main\\node_modules\\.foreground-child-h9ZVuxda',
766 silly reify   'D:\\A production\\Apti_Test_App-main\\node_modules\\forwarded': 'D:\\A production\\Apti_Test_App-main\\node_modules\\.forwarded-y1NAeN6a',
766 silly reify   'D:\\A production\\Apti_Test_App-main\\node_modules\\fresh': 'D:\\A production\\Apti_Test_App-main\\node_modules\\.fresh-5ysVbOE2',
766 silly reify   'D:\\A production\\Apti_Test_App-main\\node_modules\\from2': 'D:\\A production\\Apti_Test_App-main\\node_modules\\.from2-0jIa01t0',
766 silly reify   'D:\\A production\\Apti_Test_App-main\\node_modules\\function.prototype.name': 'D:\\A production\\Apti_Test_App-main\\node_modules\\.function.prototype.name-G350VvhQ',
766 silly reify   'D:\\A production\\Apti_Test_App-main\\node_modules\\functions-have-names': 'D:\\A production\\Apti_Test_App-main\\node_modules\\.functions-have-names-zJbr7n0G',
766 silly reify   'D:\\A production\\Apti_Test_App-main\\node_modules\\fuzzy': 'D:\\A production\\Apti_Test_App-main\\node_modules\\.fuzzy-7SxPhyLq',
766 silly reify   'D:\\A production\\Apti_Test_App-main\\node_modules\\generator-function': 'D:\\A production\\Apti_Test_App-main\\node_modules\\.generator-function-xMyRfMSh',
766 silly reify   'D:\\A production\\Apti_Test_App-main\\node_modules\\get-amd-module-type': 'D:\\A production\\Apti_Test_App-main\\node_modules\\.get-amd-module-type-3jO9505w',
766 silly reify   'D:\\A production\\Apti_Test_App-main\\node_modules\\get-east-asian-width': 'D:\\A production\\Apti_Test_App-main\\node_modules\\.get-east-asian-width-NMJvgugT',
766 silly reify   'D:\\A production\\Apti_Test_App-main\\node_modules\\get-port': 'D:\\A production\\Apti_Test_App-main\\node_modules\\.get-port-isNvrPO2',
766 silly reify   'D:\\A production\\Apti_Test_App-main\\node_modules\\get-port-please': 'D:\\A production\\Apti_Test_App-main\\node_modules\\.get-port-please-3JLBMBDH',
766 silly reify   'D:\\A production\\Apti_Test_App-main\\node_modules\\get-stream': 'D:\\A production\\Apti_Test_App-main\\node_modules\\.get-stream-3GfxX2BF',
766 silly reify   'D:\\A production\\Apti_Test_App-main\\node_modules\\get-symbol-description': 'D:\\A production\\Apti_Test_App-main\\node_modules\\.get-symbol-description-8Agm4e1H',
766 silly reify   'D:\\A production\\Apti_Test_App-main\\node_modules\\git-repo-info': 'D:\\A production\\Apti_Test_App-main\\node_modules\\.git-repo-info-JuNxZhtA',
766 silly reify   'D:\\A production\\Apti_Test_App-main\\node_modules\\gitconfiglocal': 'D:\\A production\\Apti_Test_App-main\\node_modules\\.gitconfiglocal-Lfc1bszX',
766 silly reify   'D:\\A production\\Apti_Test_App-main\\node_modules\\glob': 'D:\\A production\\Apti_Test_App-main\\node_modules\\.glob-bHidrLNQ',
766 silly reify   'D:\\A production\\Apti_Test_App-main\\node_modules\\glob-parent': 'D:\\A production\\Apti_Test_App-main\\node_modules\\.glob-parent-3oWpFCrC',
766 silly reify   'D:\\A production\\Apti_Test_App-main\\node_modules\\global-directory': 'D:\\A production\\Apti_Test_App-main\\node_modules\\.global-directory-TZFa2kd7',
766 silly reify   'D:\\A production\\Apti_Test_App-main\\node_modules\\globalthis': 'D:\\A production\\Apti_Test_App-main\\node_modules\\.globalthis-3ECipqX9',
766 silly reify   'D:\\A production\\Apti_Test_App-main\\node_modules\\globby': 'D:\\A production\\Apti_Test_App-main\\node_modules\\.globby-ZDA0NIpD',
766 silly reify   'D:\\A production\\Apti_Test_App-main\\node_modules\\gonzales-pe': 'D:\\A production\\Apti_Test_App-main\\node_modules\\.gonzales-pe-T0jZyo1a',
766 silly reify   'D:\\A production\\Apti_Test_App-main\\node_modules\\.bin\\gonzales': 'D:\\A production\\Apti_Test_App-main\\node_modules\\.bin\\.gonzales-htESbkbR',
766 silly reify   'D:\\A production\\Apti_Test_App-main\\node_modules\\.bin\\gonzales.cmd': 'D:\\A production\\Apti_Test_App-main\\node_modules\\.bin\\.gonzales.cmd-CXHheaeH',
766 silly reify   'D:\\A production\\Apti_Test_App-main\\node_modules\\.bin\\gonzales.ps1': 'D:\\A production\\Apti_Test_App-main\\node_modules\\.bin\\.gonzales.ps1-ELahzRjG',
766 silly reify   'D:\\A production\\Apti_Test_App-main\\node_modules\\graceful-fs': 'D:\\A production\\Apti_Test_App-main\\node_modules\\.graceful-fs-Xfn2yEYt',
766 silly reify   'D:\\A production\\Apti_Test_App-main\\node_modules\\h3': 'D:\\A production\\Apti_Test_App-main\\node_modules\\.h3-jT8aTXU2',
766 silly reify   'D:\\A production\\Apti_Test_App-main\\node_modules\\has-bigints': 'D:\\A production\\Apti_Test_App-main\\node_modules\\.has-bigints-AK75OVP1',
766 silly reify   'D:\\A production\\Apti_Test_App-main\\node_modules\\has-flag': 'D:\\A production\\Apti_Test_App-main\\node_modules\\.has-flag-QqItnLg1',
766 silly reify   'D:\\A production\\Apti_Test_App-main\\node_modules\\has-property-descriptors': 'D:\\A production\\Apti_Test_App-main\\node_modules\\.has-property-descriptors-1xNeyrvP',
766 silly reify   'D:\\A production\\Apti_Test_App-main\\node_modules\\has-proto': 'D:\\A production\\Apti_Test_App-main\\node_modules\\.has-proto-uWXNPNMo',
766 silly reify   'D:\\A production\\Apti_Test_App-main\\node_modules\\hosted-git-info': 'D:\\A production\\Apti_Test_App-main\\node_modules\\.hosted-git-info-xtP90oqV',
766 silly reify   'D:\\A production\\Apti_Test_App-main\\node_modules\\hot-shots': 'D:\\A production\\Apti_Test_App-main\\node_modules\\.hot-shots-S6p9mWz2',
766 silly reify   'D:\\A production\\Apti_Test_App-main\\node_modules\\http-errors': 'D:\\A production\\Apti_Test_App-main\\node_modules\\.http-errors-q9hC9HHH',
766 silly reify   'D:\\A production\\Apti_Test_App-main\\node_modules\\http-proxy': 'D:\\A production\\Apti_Test_App-main\\node_modules\\.http-proxy-XtzcZrTq',
766 silly reify   'D:\\A production\\Apti_Test_App-main\\node_modules\\http-proxy-middleware': 'D:\\A production\\Apti_Test_App-main\\node_modules\\.http-proxy-middleware-TmyBEi4I',
766 silly reify   'D:\\A production\\Apti_Test_App-main\\node_modules\\http-shutdown': 'D:\\A production\\Apti_Test_App-main\\node_modules\\.http-shutdown-zpkoZcnt',
766 silly reify   'D:\\A production\\Apti_Test_App-main\\node_modules\\human-signals': 'D:\\A production\\Apti_Test_App-main\\node_modules\\.human-signals-nCy87Q54',
766 silly reify   'D:\\A production\\Apti_Test_App-main\\node_modules\\iconv-lite': 'D:\\A production\\Apti_Test_App-main\\node_modules\\.iconv-lite-zS6hUYLG',
766 silly reify   'D:\\A production\\Apti_Test_App-main\\node_modules\\ieee754': 'D:\\A production\\Apti_Test_App-main\\node_modules\\.ieee754-8wcpNNAX',
766 silly reify   'D:\\A production\\Apti_Test_App-main\\node_modules\\ignore': 'D:\\A production\\Apti_Test_App-main\\node_modules\\.ignore-KyjABSnB',
766 silly reify   'D:\\A production\\Apti_Test_App-main\\node_modules\\image-meta': 'D:\\A production\\Apti_Test_App-main\\node_modules\\.image-meta-VHhu4emP',
766 silly reify   'D:\\A production\\Apti_Test_App-main\\node_modules\\image-size': 'D:\\A production\\Apti_Test_App-main\\node_modules\\.image-size-muZoqkEN',
766 silly reify   'D:\\A production\\Apti_Test_App-main\\node_modules\\.bin\\image-size': 'D:\\A production\\Apti_Test_App-main\\node_modules\\.bin\\.image-size-EluIhuK5',
766 silly reify   'D:\\A production\\Apti_Test_App-main\\node_modules\\.bin\\image-size.cmd': 'D:\\A production\\Apti_Test_App-main\\node_modules\\.bin\\.image-size.cmd-kn9rrKKB',
766 silly reify   'D:\\A production\\Apti_Test_App-main\\node_modules\\.bin\\image-size.ps1': 'D:\\A production\\Apti_Test_App-main\\node_modules\\.bin\\.image-size.ps1-LeWv2M29',
766 silly reify   'D:\\A production\\Apti_Test_App-main\\node_modules\\import-in-the-middle': 'D:\\A production\\Apti_Test_App-main\\node_modules\\.import-in-the-middle-KvXDQ2R1',
766 silly reify   'D:\\A production\\Apti_Test_App-main\\node_modules\\imurmurhash': 'D:\\A production\\Apti_Test_App-main\\node_modules\\.imurmurhash-j4tgjvvQ',
766 silly reify   'D:\\A production\\Apti_Test_App-main\\node_modules\\indent-string': 'D:\\A production\\Apti_Test_App-main\\node_modules\\.indent-string-Jk4LvsZG',
766 silly reify   'D:\\A production\\Apti_Test_App-main\\node_modules\\index-to-position': 'D:\\A production\\Apti_Test_App-main\\node_modules\\.index-to-position-s3xLhUy4',
766 silly reify   'D:\\A production\\Apti_Test_App-main\\node_modules\\ini': 'D:\\A production\\Apti_Test_App-main\\node_modules\\.ini-F36VdxyZ',
766 silly reify   'D:\\A production\\Apti_Test_App-main\\node_modules\\inquirer': 'D:\\A production\\Apti_Test_App-main\\node_modules\\.inquirer-Ja5NjBQf',
766 silly reify   'D:\\A production\\Apti_Test_App-main\\node_modules\\inquirer-autocomplete-prompt': 'D:\\A production\\Apti_Test_App-main\\node_modules\\.inquirer-autocomplete-prompt-Oh2pKofu',
766 silly reify   'D:\\A production\\Apti_Test_App-main\\node_modules\\internal-slot': 'D:\\A production\\Apti_Test_App-main\\node_modules\\.internal-slot-JgarhHw3',
766 silly reify   'D:\\A production\\Apti_Test_App-main\\node_modules\\ipaddr.js': 'D:\\A production\\Apti_Test_App-main\\node_modules\\.ipaddr.js-KwYmybNJ',
766 silly reify   'D:\\A production\\Apti_Test_App-main\\node_modules\\ipx': 'D:\\A production\\Apti_Test_App-main\\node_modules\\.ipx-ofDb9gud',
766 silly reify   'D:\\A production\\Apti_Test_App-main\\node_modules\\.bin\\ipx': 'D:\\A production\\Apti_Test_App-main\\node_modules\\.bin\\.ipx-T75hJgKg',
766 silly reify   'D:\\A production\\Apti_Test_App-main\\node_modules\\.bin\\ipx.cmd': 'D:\\A production\\Apti_Test_App-main\\node_modules\\.bin\\.ipx.cmd-XviTpPeU',
766 silly reify   'D:\\A production\\Apti_Test_App-main\\node_modules\\.bin\\ipx.ps1': 'D:\\A production\\Apti_Test_App-main\\node_modules\\.bin\\.ipx.ps1-Hrhuosvb',
766 silly reify   'D:\\A production\\Apti_Test_App-main\\node_modules\\iron-webcrypto': 'D:\\A production\\Apti_Test_App-main\\node_modules\\.iron-webcrypto-7mtc7utY',
766 silly reify   'D:\\A production\\Apti_Test_App-main\\node_modules\\is-array-buffer': 'D:\\A production\\Apti_Test_App-main\\node_modules\\.is-array-buffer-Vu8sC7Ww',
766 silly reify   'D:\\A production\\Apti_Test_App-main\\node_modules\\is-async-function': 'D:\\A production\\Apti_Test_App-main\\node_modules\\.is-async-function-ulSXwaKg',
766 silly reify   'D:\\A production\\Apti_Test_App-main\\node_modules\\is-bigint': 'D:\\A production\\Apti_Test_App-main\\node_modules\\.is-bigint-WoR4RNBf',
766 silly reify   'D:\\A production\\Apti_Test_App-main\\node_modules\\is-boolean-object': 'D:\\A production\\Apti_Test_App-main\\node_modules\\.is-boolean-object-r2fWIPbh',
766 silly reify   'D:\\A production\\Apti_Test_App-main\\node_modules\\is-callable': 'D:\\A production\\Apti_Test_App-main\\node_modules\\.is-callable-sMiSjioV',
766 silly reify   'D:\\A production\\Apti_Test_App-main\\node_modules\\is-core-module': 'D:\\A production\\Apti_Test_App-main\\node_modules\\.is-core-module-ZiSBpIev',
766 silly reify   'D:\\A production\\Apti_Test_App-main\\node_modules\\is-data-view': 'D:\\A production\\Apti_Test_App-main\\node_modules\\.is-data-view-zjYYURIC',
766 silly reify   'D:\\A production\\Apti_Test_App-main\\node_modules\\is-date-object': 'D:\\A production\\Apti_Test_App-main\\node_modules\\.is-date-object-5DNy2Cqo',
766 silly reify   'D:\\A production\\Apti_Test_App-main\\node_modules\\is-docker': 'D:\\A production\\Apti_Test_App-main\\node_modules\\.is-docker-MBz2MlpB',
766 silly reify   'D:\\A production\\Apti_Test_App-main\\node_modules\\.bin\\is-docker': 'D:\\A production\\Apti_Test_App-main\\node_modules\\.bin\\.is-docker-dCV0x6jU',
766 silly reify   'D:\\A production\\Apti_Test_App-main\\node_modules\\.bin\\is-docker.cmd': 'D:\\A production\\Apti_Test_App-main\\node_modules\\.bin\\.is-docker.cmd-NbR0ifau',
766 silly reify   'D:\\A production\\Apti_Test_App-main\\node_modules\\.bin\\is-docker.ps1': 'D:\\A production\\Apti_Test_App-main\\node_modules\\.bin\\.is-docker.ps1-tE5xASxT',
766 silly reify   'D:\\A production\\Apti_Test_App-main\\node_modules\\is-document.all': 'D:\\A production\\Apti_Test_App-main\\node_modules\\.is-document.all-mrTGTKN5',
766 silly reify   'D:\\A production\\Apti_Test_App-main\\node_modules\\is-error-instance': 'D:\\A production\\Apti_Test_App-main\\node_modules\\.is-error-instance-8AxDISEL',
766 silly reify   'D:\\A production\\Apti_Test_App-main\\node_modules\\is-extglob': 'D:\\A production\\Apti_Test_App-main\\node_modules\\.is-extglob-bA5XdfHB',
766 silly reify   'D:\\A production\\Apti_Test_App-main\\node_modules\\is-finalizationregistry': 'D:\\A production\\Apti_Test_App-main\\node_modules\\.is-finalizationregistry-r1h4I5H5',
766 silly reify   'D:\\A production\\Apti_Test_App-main\\node_modules\\is-generator-function': 'D:\\A production\\Apti_Test_App-main\\node_modules\\.is-generator-function-XdW32ZhS',
766 silly reify   'D:\\A production\\Apti_Test_App-main\\node_modules\\is-glob': 'D:\\A production\\Apti_Test_App-main\\node_modules\\.is-glob-OA9cmJgo',
766 silly reify   'D:\\A production\\Apti_Test_App-main\\node_modules\\is-in-ci': 'D:\\A production\\Apti_Test_App-main\\node_modules\\.is-in-ci-y9T4em2o',
766 silly reify   'D:\\A production\\Apti_Test_App-main\\node_modules\\.bin\\is-in-ci': 'D:\\A production\\Apti_Test_App-main\\node_modules\\.bin\\.is-in-ci-CdsEoxct',
766 silly reify   'D:\\A production\\Apti_Test_App-main\\node_modules\\.bin\\is-in-ci.cmd': 'D:\\A production\\Apti_Test_App-main\\node_modules\\.bin\\.is-in-ci.cmd-2wSyrpVL',
766 silly reify   'D:\\A production\\Apti_Test_App-main\\node_modules\\.bin\\is-in-ci.ps1': 'D:\\A production\\Apti_Test_App-main\\node_modules\\.bin\\.is-in-ci.ps1-kOd0V7g0',
766 silly reify   'D:\\A production\\Apti_Test_App-main\\node_modules\\is-in-ssh': 'D:\\A production\\Apti_Test_App-main\\node_modules\\.is-in-ssh-nDIpSyv4',
766 silly reify   'D:\\A production\\Apti_Test_App-main\\node_modules\\is-inside-container': 'D:\\A production\\Apti_Test_App-main\\node_modules\\.is-inside-container-Nfbtxlj1',
766 silly reify   'D:\\A production\\Apti_Test_App-main\\node_modules\\.bin\\is-inside-container': 'D:\\A production\\Apti_Test_App-main\\node_modules\\.bin\\.is-inside-container-yFIuI0jl',
766 silly reify   'D:\\A production\\Apti_Test_App-main\\node_modules\\.bin\\is-inside-container.cmd': 'D:\\A production\\Apti_Test_App-main\\node_modules\\.bin\\.is-inside-container.cmd-JfIhFeLs',
766 silly reify   'D:\\A production\\Apti_Test_App-main\\node_modules\\.bin\\is-inside-container.ps1': 'D:\\A production\\Apti_Test_App-main\\node_modules\\.bin\\.is-inside-container.ps1-8vNQ4kg5',
766 silly reify   'D:\\A production\\Apti_Test_App-main\\node_modules\\is-installed-globally': 'D:\\A production\\Apti_Test_App-main\\node_modules\\.is-installed-globally-uExhvMO9',
766 silly reify   'D:\\A production\\Apti_Test_App-main\\node_modules\\is-interactive': 'D:\\A production\\Apti_Test_App-main\\node_modules\\.is-interactive-URLMfu9M',
766 silly reify   'D:\\A production\\Apti_Test_App-main\\node_modules\\is-map': 'D:\\A production\\Apti_Test_App-main\\node_modules\\.is-map-6WLWZ5qw',
766 silly reify   'D:\\A production\\Apti_Test_App-main\\node_modules\\is-negative-zero': 'D:\\A production\\Apti_Test_App-main\\node_modules\\.is-negative-zero-QT6uX1wq',
766 silly reify   'D:\\A production\\Apti_Test_App-main\\node_modules\\is-network-error': 'D:\\A production\\Apti_Test_App-main\\node_modules\\.is-network-error-JZQjhqQa',
766 silly reify   'D:\\A production\\Apti_Test_App-main\\node_modules\\is-npm': 'D:\\A production\\Apti_Test_App-main\\node_modules\\.is-npm-A1qkGsto',
766 silly reify   'D:\\A production\\Apti_Test_App-main\\node_modules\\is-number': 'D:\\A production\\Apti_Test_App-main\\node_modules\\.is-number-uObcr0th',
766 silly reify   'D:\\A production\\Apti_Test_App-main\\node_modules\\is-number-object': 'D:\\A production\\Apti_Test_App-main\\node_modules\\.is-number-object-qk0IEhv9',
766 silly reify   'D:\\A production\\Apti_Test_App-main\\node_modules\\is-path-inside': 'D:\\A production\\Apti_Test_App-main\\node_modules\\.is-path-inside-0KllTMw2',
766 silly reify   'D:\\A production\\Apti_Test_App-main\\node_modules\\is-plain-obj': 'D:\\A production\\Apti_Test_App-main\\node_modules\\.is-plain-obj-r0sTqjSj',
766 silly reify   'D:\\A production\\Apti_Test_App-main\\node_modules\\is-plain-object': 'D:\\A production\\Apti_Test_App-main\\node_modules\\.is-plain-object-Q8XpXKcw',
766 silly reify   'D:\\A production\\Apti_Test_App-main\\node_modules\\is-promise': 'D:\\A production\\Apti_Test_App-main\\node_modules\\.is-promise-gyYJ8uum',
766 silly reify   'D:\\A production\\Apti_Test_App-main\\node_modules\\is-regex': 'D:\\A production\\Apti_Test_App-main\\node_modules\\.is-regex-84ysYaEB',
766 silly reify   'D:\\A production\\Apti_Test_App-main\\node_modules\\is-safe-filename': 'D:\\A production\\Apti_Test_App-main\\node_modules\\.is-safe-filename-T4Segyjy',
766 silly reify   'D:\\A production\\Apti_Test_App-main\\node_modules\\is-set': 'D:\\A production\\Apti_Test_App-main\\node_modules\\.is-set-l9segtkV',
766 silly reify   'D:\\A production\\Apti_Test_App-main\\node_modules\\is-shared-array-buffer': 'D:\\A production\\Apti_Test_App-main\\node_modules\\.is-shared-array-buffer-lGsdreQQ',
766 silly reify   'D:\\A production\\Apti_Test_App-main\\node_modules\\is-string': 'D:\\A production\\Apti_Test_App-main\\node_modules\\.is-string-QpWPpz0t',
766 silly reify   'D:\\A production\\Apti_Test_App-main\\node_modules\\is-symbol': 'D:\\A production\\Apti_Test_App-main\\node_modules\\.is-symbol-Ovvw3dKc',
766 silly reify   'D:\\A production\\Apti_Test_App-main\\node_modules\\is-typed-array': 'D:\\A production\\Apti_Test_App-main\\node_modules\\.is-typed-array-re1Skvk4',
766 silly reify   'D:\\A production\\Apti_Test_App-main\\node_modules\\is-unicode-supported': 'D:\\A production\\Apti_Test_App-main\\node_modules\\.is-unicode-supported-zSHiH2Jo',
766 silly reify   'D:\\A production\\Apti_Test_App-main\\node_modules\\is-url-superb': 'D:\\A production\\Apti_Test_App-main\\node_modules\\.is-url-superb-9t01oNvo',
766 silly reify   'D:\\A production\\Apti_Test_App-main\\node_modules\\is-weakmap': 'D:\\A production\\Apti_Test_App-main\\node_modules\\.is-weakmap-6aAuuhKS',
766 silly reify   'D:\\A production\\Apti_Test_App-main\\node_modules\\is-weakref': 'D:\\A production\\Apti_Test_App-main\\node_modules\\.is-weakref-YGnJYceP',
766 silly reify   'D:\\A production\\Apti_Test_App-main\\node_modules\\is-weakset': 'D:\\A production\\Apti_Test_App-main\\node_modules\\.is-weakset-rIt5hRW5',
766 silly reify   'D:\\A production\\Apti_Test_App-main\\node_modules\\is-wsl': 'D:\\A production\\Apti_Test_App-main\\node_modules\\.is-wsl-9BOACXvb',
766 silly reify   'D:\\A production\\Apti_Test_App-main\\node_modules\\isarray': 'D:\\A production\\Apti_Test_App-main\\node_modules\\.isarray-NHD1CJCG',
766 silly reify   'D:\\A production\\Apti_Test_App-main\\node_modules\\iserror': 'D:\\A production\\Apti_Test_App-main\\node_modules\\.iserror-YITANi15',
766 silly reify   'D:\\A production\\Apti_Test_App-main\\node_modules\\isexe': 'D:\\A production\\Apti_Test_App-main\\node_modules\\.isexe-imq3Xg1h',
766 silly reify   'D:\\A production\\Apti_Test_App-main\\node_modules\\jackspeak': 'D:\\A production\\Apti_Test_App-main\\node_modules\\.jackspeak-uvhEcMRj',
766 silly reify   'D:\\A production\\Apti_Test_App-main\\node_modules\\jiti': 'D:\\A production\\Apti_Test_App-main\\node_modules\\.jiti-i0c1HT80',
766 silly reify   'D:\\A production\\Apti_Test_App-main\\node_modules\\.bin\\jiti': 'D:\\A production\\Apti_Test_App-main\\node_modules\\.bin\\.jiti-VGn8crO8',
766 silly reify   'D:\\A production\\Apti_Test_App-main\\node_modules\\.bin\\jiti.cmd': 'D:\\A production\\Apti_Test_App-main\\node_modules\\.bin\\.jiti.cmd-eWfMBoKa',
766 silly reify   'D:\\A production\\Apti_Test_App-main\\node_modules\\.bin\\jiti.ps1': 'D:\\A production\\Apti_Test_App-main\\node_modules\\.bin\\.jiti.ps1-ZK4gJaAK',
766 silly reify   'D:\\A production\\Apti_Test_App-main\\node_modules\\jpeg-js': 'D:\\A production\\Apti_Test_App-main\\node_modules\\.jpeg-js-HE2dJyKN',
766 silly reify   'D:\\A production\\Apti_Test_App-main\\node_modules\\js-image-generator': 'D:\\A production\\Apti_Test_App-main\\node_modules\\.js-image-generator-uzLU4NHm',
766 silly reify   'D:\\A production\\Apti_Test_App-main\\node_modules\\js-tokens': 'D:\\A production\\Apti_Test_App-main\\node_modules\\.js-tokens-T8XFip0p',
766 silly reify   'D:\\A production\\Apti_Test_App-main\\node_modules\\json-schema-ref-resolver': 'D:\\A production\\Apti_Test_App-main\\node_modules\\.json-schema-ref-resolver-hoU43pnw',
766 silly reify   'D:\\A production\\Apti_Test_App-main\\node_modules\\json-schema-traverse': 'D:\\A production\\Apti_Test_App-main\\node_modules\\.json-schema-traverse-rtom0XXA',
766 silly reify   'D:\\A production\\Apti_Test_App-main\\node_modules\\json-with-bigint': 'D:\\A production\\Apti_Test_App-main\\node_modules\\.json-with-bigint-H5bs9Cmo',
766 silly reify   'D:\\A production\\Apti_Test_App-main\\node_modules\\jsonpointer': 'D:\\A production\\Apti_Test_App-main\\node_modules\\.jsonpointer-j6ZOSeAt',
766 silly reify   'D:\\A production\\Apti_Test_App-main\\node_modules\\junk': 'D:\\A production\\Apti_Test_App-main\\node_modules\\.junk-ar9CT2lW',
766 silly reify   'D:\\A production\\Apti_Test_App-main\\node_modules\\jwt-decode': 'D:\\A production\\Apti_Test_App-main\\node_modules\\.jwt-decode-HaH8vwnR',
766 silly reify   'D:\\A production\\Apti_Test_App-main\\node_modules\\keep-func-props': 'D:\\A production\\Apti_Test_App-main\\node_modules\\.keep-func-props-slXTGggv',
766 silly reify   'D:\\A production\\Apti_Test_App-main\\node_modules\\kuler': 'D:\\A production\\Apti_Test_App-main\\node_modules\\.kuler-rTrx1m9s',
766 silly reify   'D:\\A production\\Apti_Test_App-main\\node_modules\\ky': 'D:\\A production\\Apti_Test_App-main\\node_modules\\.ky-SwwCaHaF',
766 silly reify   'D:\\A production\\Apti_Test_App-main\\node_modules\\lambda-local': 'D:\\A production\\Apti_Test_App-main\\node_modules\\.lambda-local-PkZQIHzd',
766 silly reify   'D:\\A production\\Apti_Test_App-main\\node_modules\\.bin\\lambda-local': 'D:\\A production\\Apti_Test_App-main\\node_modules\\.bin\\.lambda-local-15xVUF1M',
766 silly reify   'D:\\A production\\Apti_Test_App-main\\node_modules\\.bin\\lambda-local.cmd': 'D:\\A production\\Apti_Test_App-main\\node_modules\\.bin\\.lambda-local.cmd-HKLCnieT',
766 silly reify   'D:\\A production\\Apti_Test_App-main\\node_modules\\.bin\\lambda-local.ps1': 'D:\\A production\\Apti_Test_App-main\\node_modules\\.bin\\.lambda-local.ps1-eX81alcC',
766 silly reify   'D:\\A production\\Apti_Test_App-main\\node_modules\\latest-version': 'D:\\A production\\Apti_Test_App-main\\node_modules\\.latest-version-7o5WKhFC',
766 silly reify   'D:\\A production\\Apti_Test_App-main\\node_modules\\lazystream': 'D:\\A production\\Apti_Test_App-main\\node_modules\\.lazystream-MugmJ8ub',
766 silly reify   'D:\\A production\\Apti_Test_App-main\\node_modules\\leven': 'D:\\A production\\Apti_Test_App-main\\node_modules\\.leven-5LueFuRx',
766 silly reify   'D:\\A production\\Apti_Test_App-main\\node_modules\\light-my-request': 'D:\\A production\\Apti_Test_App-main\\node_modules\\.light-my-request-rc4nAuGj',
766 silly reify   'D:\\A production\\Apti_Test_App-main\\node_modules\\listhen': 'D:\\A production\\Apti_Test_App-main\\node_modules\\.listhen-KI9ckdDb',
766 silly reify   'D:\\A production\\Apti_Test_App-main\\node_modules\\.bin\\listen': 'D:\\A production\\Apti_Test_App-main\\node_modules\\.bin\\.listen-DFfP390W',
766 silly reify   'D:\\A production\\Apti_Test_App-main\\node_modules\\.bin\\listen.cmd': 'D:\\A production\\Apti_Test_App-main\\node_modules\\.bin\\.listen.cmd-vHfZxK1S',
766 silly reify   'D:\\A production\\Apti_Test_App-main\\node_modules\\.bin\\listen.ps1': 'D:\\A production\\Apti_Test_App-main\\node_modules\\.bin\\.listen.ps1-r2YRNL4O',
766 silly reify   'D:\\A production\\Apti_Test_App-main\\node_modules\\.bin\\listhen': 'D:\\A production\\Apti_Test_App-main\\node_modules\\.bin\\.listhen-njluwffd',
766 silly reify   'D:\\A production\\Apti_Test_App-main\\node_modules\\.bin\\listhen.cmd': 'D:\\A production\\Apti_Test_App-main\\node_modules\\.bin\\.listhen.cmd-ZwAg0UIA',
766 silly reify   'D:\\A production\\Apti_Test_App-main\\node_modules\\.bin\\listhen.ps1': 'D:\\A production\\Apti_Test_App-main\\node_modules\\.bin\\.listhen.ps1-MnIptDIl',
766 silly reify   'D:\\A production\\Apti_Test_App-main\\node_modules\\locate-path': 'D:\\A production\\Apti_Test_App-main\\node_modules\\.locate-path-cvlGPF6m',
766 silly reify   'D:\\A production\\Apti_Test_App-main\\node_modules\\lockparse': 'D:\\A production\\Apti_Test_App-main\\node_modules\\.lockparse-R1IiYu0s',
766 silly reify   'D:\\A production\\Apti_Test_App-main\\node_modules\\lodash': 'D:\\A production\\Apti_Test_App-main\\node_modules\\.lodash-4eKhAL0a',
766 silly reify   'D:\\A production\\Apti_Test_App-main\\node_modules\\lodash.isempty': 'D:\\A production\\Apti_Test_App-main\\node_modules\\.lodash.isempty-0YkC5NsH',
766 silly reify   'D:\\A production\\Apti_Test_App-main\\node_modules\\lodash.transform': 'D:\\A production\\Apti_Test_App-main\\node_modules\\.lodash.transform-TRX0zux8',
766 silly reify   'D:\\A production\\Apti_Test_App-main\\node_modules\\log-process-errors': 'D:\\A production\\Apti_Test_App-main\\node_modules\\.log-process-errors-wfQkVdgN',
766 silly reify   'D:\\A production\\Apti_Test_App-main\\node_modules\\log-symbols': 'D:\\A production\\Apti_Test_App-main\\node_modules\\.log-symbols-M9b6YrHJ',
766 silly reify   'D:\\A production\\Apti_Test_App-main\\node_modules\\log-update': 'D:\\A production\\Apti_Test_App-main\\node_modules\\.log-update-qAfCWlmi',
766 silly reify   'D:\\A production\\Apti_Test_App-main\\node_modules\\logform': 'D:\\A production\\Apti_Test_App-main\\node_modules\\.logform-WXsDheKu',
766 silly reify   'D:\\A production\\Apti_Test_App-main\\node_modules\\luxon': 'D:\\A production\\Apti_Test_App-main\\node_modules\\.luxon-p2n314rb',
766 silly reify   'D:\\A production\\Apti_Test_App-main\\node_modules\\macos-release': 'D:\\A production\\Apti_Test_App-main\\node_modules\\.macos-release-R53jfh2M',
766 silly reify   'D:\\A production\\Apti_Test_App-main\\node_modules\\magic-string': 'D:\\A production\\Apti_Test_App-main\\node_modules\\.magic-string-2Hav8XYJ',
766 silly reify   'D:\\A production\\Apti_Test_App-main\\node_modules\\make-error': 'D:\\A production\\Apti_Test_App-main\\node_modules\\.make-error-8timUTMv',
766 silly reify   'D:\\A production\\Apti_Test_App-main\\node_modules\\map-obj': 'D:\\A production\\Apti_Test_App-main\\node_modules\\.map-obj-4ZXEQT1b',
766 silly reify   'D:\\A production\\Apti_Test_App-main\\node_modules\\maxstache': 'D:\\A production\\Apti_Test_App-main\\node_modules\\.maxstache-XSscmieK',
766 silly reify   'D:\\A production\\Apti_Test_App-main\\node_modules\\maxstache-stream': 'D:\\A production\\Apti_Test_App-main\\node_modules\\.maxstache-stream-LmdLzAFc',
766 silly reify   'D:\\A production\\Apti_Test_App-main\\node_modules\\mdn-data': 'D:\\A production\\Apti_Test_App-main\\node_modules\\.mdn-data-S2nOtmYt',
766 silly reify   'D:\\A production\\Apti_Test_App-main\\node_modules\\media-typer': 'D:\\A production\\Apti_Test_App-main\\node_modules\\.media-typer-jdYSFIj3',
766 silly reify   'D:\\A production\\Apti_Test_App-main\\node_modules\\memoize-one': 'D:\\A production\\Apti_Test_App-main\\node_modules\\.memoize-one-myN8sYui',
766 silly reify   'D:\\A production\\Apti_Test_App-main\\node_modules\\merge-descriptors': 'D:\\A production\\Apti_Test_App-main\\node_modules\\.merge-descriptors-jOKDlhVr',
766 silly reify   'D:\\A production\\Apti_Test_App-main\\node_modules\\merge-options': 'D:\\A production\\Apti_Test_App-main\\node_modules\\.merge-options-eN6UUKUW',
766 silly reify   'D:\\A production\\Apti_Test_App-main\\node_modules\\merge-stream': 'D:\\A production\\Apti_Test_App-main\\node_modules\\.merge-stream-LTZ1RkTN',
766 silly reify   'D:\\A production\\Apti_Test_App-main\\node_modules\\merge2': 'D:\\A production\\Apti_Test_App-main\\node_modules\\.merge2-w5nhxJan',
766 silly reify   'D:\\A production\\Apti_Test_App-main\\node_modules\\micro-memoize': 'D:\\A production\\Apti_Test_App-main\\node_modules\\.micro-memoize-NT4JU7l0',
766 silly reify   'D:\\A production\\Apti_Test_App-main\\node_modules\\micromatch': 'D:\\A production\\Apti_Test_App-main\\node_modules\\.micromatch-15wjMUCG',
766 silly reify   'D:\\A production\\Apti_Test_App-main\\node_modules\\mimic-fn': 'D:\\A production\\Apti_Test_App-main\\node_modules\\.mimic-fn-nkpwm3NJ',
766 silly reify   'D:\\A production\\Apti_Test_App-main\\node_modules\\mimic-function': 'D:\\A production\\Apti_Test_App-main\\node_modules\\.mimic-function-Mu4U8f88',
766 silly reify   'D:\\A production\\Apti_Test_App-main\\node_modules\\minimatch': 'D:\\A production\\Apti_Test_App-main\\node_modules\\.minimatch-nyBEzegs',
766 silly reify   'D:\\A production\\Apti_Test_App-main\\node_modules\\minimist': 'D:\\A production\\Apti_Test_App-main\\node_modules\\.minimist-2tbqecJB',
766 silly reify   'D:\\A production\\Apti_Test_App-main\\node_modules\\minipass': 'D:\\A production\\Apti_Test_App-main\\node_modules\\.minipass-YqFnns7H',
766 silly reify   'D:\\A production\\Apti_Test_App-main\\node_modules\\minizlib': 'D:\\A production\\Apti_Test_App-main\\node_modules\\.minizlib-ncJEDwIc',
766 silly reify   'D:\\A production\\Apti_Test_App-main\\node_modules\\modern-tar': 'D:\\A production\\Apti_Test_App-main\\node_modules\\.modern-tar-pVaSKHv5',
766 silly reify   'D:\\A production\\Apti_Test_App-main\\node_modules\\module-definition': 'D:\\A production\\Apti_Test_App-main\\node_modules\\.module-definition-dTCUub8H',
766 silly reify   'D:\\A production\\Apti_Test_App-main\\node_modules\\.bin\\module-definition': 'D:\\A production\\Apti_Test_App-main\\node_modules\\.bin\\.module-definition-2ZnpE4Tc',
766 silly reify   'D:\\A production\\Apti_Test_App-main\\node_modules\\.bin\\module-definition.cmd': 'D:\\A production\\Apti_Test_App-main\\node_modules\\.bin\\.module-definition.cmd-xN9y9aEh',
766 silly reify   'D:\\A production\\Apti_Test_App-main\\node_modules\\.bin\\module-definition.ps1': 'D:\\A production\\Apti_Test_App-main\\node_modules\\.bin\\.module-definition.ps1-UjrIAaMo',
766 silly reify   'D:\\A production\\Apti_Test_App-main\\node_modules\\module-details-from-path': 'D:\\A production\\Apti_Test_App-main\\node_modules\\.module-details-from-path-zk4CGqQD',
766 silly reify   'D:\\A production\\Apti_Test_App-main\\node_modules\\move-file': 'D:\\A production\\Apti_Test_App-main\\node_modules\\.move-file-NsqcAkQW',
766 silly reify   'D:\\A production\\Apti_Test_App-main\\node_modules\\multiparty': 'D:\\A production\\Apti_Test_App-main\\node_modules\\.multiparty-9ZtTu6qX',
766 silly reify   'D:\\A production\\Apti_Test_App-main\\node_modules\\mute-stream': 'D:\\A production\\Apti_Test_App-main\\node_modules\\.mute-stream-j4zTk983',
766 silly reify   'D:\\A production\\Apti_Test_App-main\\node_modules\\nanospinner': 'D:\\A production\\Apti_Test_App-main\\node_modules\\.nanospinner-kz5ADxmh',
766 silly reify   'D:\\A production\\Apti_Test_App-main\\node_modules\\negotiator': 'D:\\A production\\Apti_Test_App-main\\node_modules\\.negotiator-UHRT6Exn',
766 silly reify   'D:\\A production\\Apti_Test_App-main\\node_modules\\netlify-cli': 'D:\\A production\\Apti_Test_App-main\\node_modules\\.netlify-cli-Eue1ir09',
766 silly reify   'D:\\A production\\Apti_Test_App-main\\node_modules\\.bin\\netlify': 'D:\\A production\\Apti_Test_App-main\\node_modules\\.bin\\.netlify-SsgiDnt7',
766 silly reify   'D:\\A production\\Apti_Test_App-main\\node_modules\\.bin\\netlify.cmd': 'D:\\A production\\Apti_Test_App-main\\node_modules\\.bin\\.netlify.cmd-nVtoXb50',
766 silly reify   'D:\\A production\\Apti_Test_App-main\\node_modules\\.bin\\netlify.ps1': 'D:\\A production\\Apti_Test_App-main\\node_modules\\.bin\\.netlify.ps1-86U3s7If',
766 silly reify   'D:\\A production\\Apti_Test_App-main\\node_modules\\.bin\\ntl': 'D:\\A production\\Apti_Test_App-main\\node_modules\\.bin\\.ntl-dbamrF0z',
766 silly reify   'D:\\A production\\Apti_Test_App-main\\node_modules\\.bin\\ntl.cmd': 'D:\\A production\\Apti_Test_App-main\\node_modules\\.bin\\.ntl.cmd-1i8l545I',
766 silly reify   'D:\\A production\\Apti_Test_App-main\\node_modules\\.bin\\ntl.ps1': 'D:\\A production\\Apti_Test_App-main\\node_modules\\.bin\\.ntl.ps1-gAVsPf7w',
766 silly reify   'D:\\A production\\Apti_Test_App-main\\node_modules\\netlify-redirector': 'D:\\A production\\Apti_Test_App-main\\node_modules\\.netlify-redirector-O1Xm7lMc',
766 silly reify   'D:\\A production\\Apti_Test_App-main\\node_modules\\node-exports-info': 'D:\\A production\\Apti_Test_App-main\\node_modules\\.node-exports-info-i1KM0Ttd',
766 silly reify   'D:\\A production\\Apti_Test_App-main\\node_modules\\node-fetch-native': 'D:\\A production\\Apti_Test_App-main\\node_modules\\.node-fetch-native-g4bX863F',
766 silly reify   'D:\\A production\\Apti_Test_App-main\\node_modules\\node-forge': 'D:\\A production\\Apti_Test_App-main\\node_modules\\.node-forge-DmI5uOHO',
766 silly reify   'D:\\A production\\Apti_Test_App-main\\node_modules\\node-gyp-build': 'D:\\A production\\Apti_Test_App-main\\node_modules\\.node-gyp-build-FsYCbHVa',
766 silly reify   'D:\\A production\\Apti_Test_App-main\\node_modules\\.bin\\node-gyp-build': 'D:\\A production\\Apti_Test_App-main\\node_modules\\.bin\\.node-gyp-build-kBPlcUKv',
766 silly reify   'D:\\A production\\Apti_Test_App-main\\node_modules\\.bin\\node-gyp-build.cmd': 'D:\\A production\\Apti_Test_App-main\\node_modules\\.bin\\.node-gyp-build.cmd-e1uqD9Wv',
766 silly reify   'D:\\A production\\Apti_Test_App-main\\node_modules\\.bin\\node-gyp-build.ps1': 'D:\\A production\\Apti_Test_App-main\\node_modules\\.bin\\.node-gyp-build.ps1-DIm3EXJV',
766 silly reify   'D:\\A production\\Apti_Test_App-main\\node_modules\\.bin\\node-gyp-build-optional': 'D:\\A production\\Apti_Test_App-main\\node_modules\\.bin\\.node-gyp-build-optional-dver1lfu',
766 silly reify   'D:\\A production\\Apti_Test_App-main\\node_modules\\.bin\\node-gyp-build-optional.cmd': 'D:\\A production\\Apti_Test_App-main\\node_modules\\.bin\\.node-gyp-build-optional.cmd-9TkcTn5A',
766 silly reify   'D:\\A production\\Apti_Test_App-main\\node_modules\\.bin\\node-gyp-build-optional.ps1': 'D:\\A production\\Apti_Test_App-main\\node_modules\\.bin\\.node-gyp-build-optional.ps1-1skvxRbc',
766 silly reify   'D:\\A production\\Apti_Test_App-main\\node_modules\\.bin\\node-gyp-build-test': 'D:\\A production\\Apti_Test_App-main\\node_modules\\.bin\\.node-gyp-build-test-EdJJAYpg',
766 silly reify   'D:\\A production\\Apti_Test_App-main\\node_modules\\.bin\\node-gyp-build-test.cmd': 'D:\\A production\\Apti_Test_App-main\\node_modules\\.bin\\.node-gyp-build-test.cmd-DVgexVCj',
766 silly reify   'D:\\A production\\Apti_Test_App-main\\node_modules\\.bin\\node-gyp-build-test.ps1': 'D:\\A production\\Apti_Test_App-main\\node_modules\\.bin\\.node-gyp-build-test.ps1-ULhZdvy5',
766 silly reify   'D:\\A production\\Apti_Test_App-main\\node_modules\\node-mock-http': 'D:\\A production\\Apti_Test_App-main\\node_modules\\.node-mock-http-dKq5PTIL',
766 silly reify   'D:\\A production\\Apti_Test_App-main\\node_modules\\node-source-walk': 'D:\\A production\\Apti_Test_App-main\\node_modules\\.node-source-walk-qOTJcH9Z',
766 silly reify   'D:\\A production\\Apti_Test_App-main\\node_modules\\node-stream-zip': 'D:\\A production\\Apti_Test_App-main\\node_modules\\.node-stream-zip-7QcBtiPh',
766 silly reify   'D:\\A production\\Apti_Test_App-main\\node_modules\\nopt': 'D:\\A production\\Apti_Test_App-main\\node_modules\\.nopt-AeLsn7XJ',
766 silly reify   'D:\\A production\\Apti_Test_App-main\\node_modules\\.bin\\nopt': 'D:\\A production\\Apti_Test_App-main\\node_modules\\.bin\\.nopt-eUU3xBBL',
766 silly reify   'D:\\A production\\Apti_Test_App-main\\node_modules\\.bin\\nopt.cmd': 'D:\\A production\\Apti_Test_App-main\\node_modules\\.bin\\.nopt.cmd-eZCOZKMR',
766 silly reify   'D:\\A production\\Apti_Test_App-main\\node_modules\\.bin\\nopt.ps1': 'D:\\A production\\Apti_Test_App-main\\node_modules\\.bin\\.nopt.ps1-PJ8bF9t6',
766 silly reify   'D:\\A production\\Apti_Test_App-main\\node_modules\\normalize-exception': 'D:\\A production\\Apti_Test_App-main\\node_modules\\.normalize-exception-6aXdVOez',
766 silly reify   'D:\\A production\\Apti_Test_App-main\\node_modules\\normalize-package-data': 'D:\\A production\\Apti_Test_App-main\\node_modules\\.normalize-package-data-Em0gw4TG',
766 silly reify   'D:\\A production\\Apti_Test_App-main\\node_modules\\normalize-path': 'D:\\A production\\Apti_Test_App-main\\node_modules\\.normalize-path-fXiuKshd',
766 silly reify   'D:\\A production\\Apti_Test_App-main\\node_modules\\npm-run-path': 'D:\\A production\\Apti_Test_App-main\\node_modules\\.npm-run-path-HDiWG2JD',
766 silly reify   'D:\\A production\\Apti_Test_App-main\\node_modules\\nth-check': 'D:\\A production\\Apti_Test_App-main\\node_modules\\.nth-check-Fhw6U0O3',
766 silly reify   'D:\\A production\\Apti_Test_App-main\\node_modules\\object-inspect': 'D:\\A production\\Apti_Test_App-main\\node_modules\\.object-inspect-i3QwFpq0',
766 silly reify   'D:\\A production\\Apti_Test_App-main\\node_modules\\object-keys': 'D:\\A production\\Apti_Test_App-main\\node_modules\\.object-keys-05MwQTf7',
766 silly reify   'D:\\A production\\Apti_Test_App-main\\node_modules\\object.assign': 'D:\\A production\\Apti_Test_App-main\\node_modules\\.object.assign-eYl2Ypn4',
766 silly reify   'D:\\A production\\Apti_Test_App-main\\node_modules\\object.entries': 'D:\\A production\\Apti_Test_App-main\\node_modules\\.object.entries-wQfyNLWG',
766 silly reify   'D:\\A production\\Apti_Test_App-main\\node_modules\\ofetch': 'D:\\A production\\Apti_Test_App-main\\node_modules\\.ofetch-parFD13I',
766 silly reify   'D:\\A production\\Apti_Test_App-main\\node_modules\\on-exit-leak-free': 'D:\\A production\\Apti_Test_App-main\\node_modules\\.on-exit-leak-free-7nX3qeUQ',
766 silly reify   'D:\\A production\\Apti_Test_App-main\\node_modules\\on-finished': 'D:\\A production\\Apti_Test_App-main\\node_modules\\.on-finished-u0kaPZ3A',
766 silly reify   'D:\\A production\\Apti_Test_App-main\\node_modules\\on-headers': 'D:\\A production\\Apti_Test_App-main\\node_modules\\.on-headers-hoC2C5id',
766 silly reify   'D:\\A production\\Apti_Test_App-main\\node_modules\\one-time': 'D:\\A production\\Apti_Test_App-main\\node_modules\\.one-time-khAWie37',
766 silly reify   'D:\\A production\\Apti_Test_App-main\\node_modules\\onetime': 'D:\\A production\\Apti_Test_App-main\\node_modules\\.onetime-KDlTDmqw',
766 silly reify   'D:\\A production\\Apti_Test_App-main\\node_modules\\open': 'D:\\A production\\Apti_Test_App-main\\node_modules\\.open-LlnZf9lY',
766 silly reify   'D:\\A production\\Apti_Test_App-main\\node_modules\\ora': 'D:\\A production\\Apti_Test_App-main\\node_modules\\.ora-zZ2tEdar',
766 silly reify   'D:\\A production\\Apti_Test_App-main\\node_modules\\os-name': 'D:\\A production\\Apti_Test_App-main\\node_modules\\.os-name-JOjeW7YB',
766 silly reify   'D:\\A production\\Apti_Test_App-main\\node_modules\\own-keys': 'D:\\A production\\Apti_Test_App-main\\node_modules\\.own-keys-tqFbIWF3',
766 silly reify   'D:\\A production\\Apti_Test_App-main\\node_modules\\p-event': 'D:\\A production\\Apti_Test_App-main\\node_modules\\.p-event-mbgPwliC',
766 silly reify   'D:\\A production\\Apti_Test_App-main\\node_modules\\p-filter': 'D:\\A production\\Apti_Test_App-main\\node_modules\\.p-filter-bArwz9B0',
766 silly reify   'D:\\A production\\Apti_Test_App-main\\node_modules\\p-locate': 'D:\\A production\\Apti_Test_App-main\\node_modules\\.p-locate-paICfS9w',
766 silly reify   'D:\\A production\\Apti_Test_App-main\\node_modules\\p-map': 'D:\\A production\\Apti_Test_App-main\\node_modules\\.p-map-W8Dh88b6',
766 silly reify   'D:\\A production\\Apti_Test_App-main\\node_modules\\p-reduce': 'D:\\A production\\Apti_Test_App-main\\node_modules\\.p-reduce-OrnVMqD7',
766 silly reify   'D:\\A production\\Apti_Test_App-main\\node_modules\\p-retry': 'D:\\A production\\Apti_Test_App-main\\node_modules\\.p-retry-BBe0eoGq',
766 silly reify   'D:\\A production\\Apti_Test_App-main\\node_modules\\p-timeout': 'D:\\A production\\Apti_Test_App-main\\node_modules\\.p-timeout-Bq4tGhdt',
766 silly reify   'D:\\A production\\Apti_Test_App-main\\node_modules\\p-wait-for': 'D:\\A production\\Apti_Test_App-main\\node_modules\\.p-wait-for-ygyJLvUn',
766 silly reify   'D:\\A production\\Apti_Test_App-main\\node_modules\\package-directory': 'D:\\A production\\Apti_Test_App-main\\node_modules\\.package-directory-x2uc88M7',
766 silly reify   'D:\\A production\\Apti_Test_App-main\\node_modules\\package-json': 'D:\\A production\\Apti_Test_App-main\\node_modules\\.package-json-BcfReorG',
766 silly reify   'D:\\A production\\Apti_Test_App-main\\node_modules\\package-json-from-dist': 'D:\\A production\\Apti_Test_App-main\\node_modules\\.package-json-from-dist-hlJMWUQf',
766 silly reify   'D:\\A production\\Apti_Test_App-main\\node_modules\\parallel-transform': 'D:\\A production\\Apti_Test_App-main\\node_modules\\.parallel-transform-JIFfpt0v',
766 silly reify   'D:\\A production\\Apti_Test_App-main\\node_modules\\parse-duration': 'D:\\A production\\Apti_Test_App-main\\node_modules\\.parse-duration-vnphURbf',
766 silly reify   'D:\\A production\\Apti_Test_App-main\\node_modules\\parse-github-url': 'D:\\A production\\Apti_Test_App-main\\node_modules\\.parse-github-url-TzI4kGgZ',
766 silly reify   'D:\\A production\\Apti_Test_App-main\\node_modules\\.bin\\parse-github-url': 'D:\\A production\\Apti_Test_App-main\\node_modules\\.bin\\.parse-github-url-PD5YOYOC',
766 silly reify   'D:\\A production\\Apti_Test_App-main\\node_modules\\.bin\\parse-github-url.cmd': 'D:\\A production\\Apti_Test_App-main\\node_modules\\.bin\\.parse-github-url.cmd-Hj3Lapyv',
766 silly reify   'D:\\A production\\Apti_Test_App-main\\node_modules\\.bin\\parse-github-url.ps1': 'D:\\A production\\Apti_Test_App-main\\node_modules\\.bin\\.parse-github-url.ps1-rDQKHFNB',
766 silly reify   'D:\\A production\\Apti_Test_App-main\\node_modules\\parse-gitignore': 'D:\\A production\\Apti_Test_App-main\\node_modules\\.parse-gitignore-He2dpW0c',
766 silly reify   'D:\\A production\\Apti_Test_App-main\\node_modules\\parse-imports': 'D:\\A production\\Apti_Test_App-main\\node_modules\\.parse-imports-GRjeVbrJ',
766 silly reify   'D:\\A production\\Apti_Test_App-main\\node_modules\\parse-json': 'D:\\A production\\Apti_Test_App-main\\node_modules\\.parse-json-CVvyV8Se',
766 silly reify   'D:\\A production\\Apti_Test_App-main\\node_modules\\parse-ms': 'D:\\A production\\Apti_Test_App-main\\node_modules\\.parse-ms-eJf9RPdO',
766 silly reify   'D:\\A production\\Apti_Test_App-main\\node_modules\\parseurl': 'D:\\A production\\Apti_Test_App-main\\node_modules\\.parseurl-sHbIn3oP',
766 silly reify   'D:\\A production\\Apti_Test_App-main\\node_modules\\path-exists': 'D:\\A production\\Apti_Test_App-main\\node_modules\\.path-exists-hz6yOiN1',
766 silly reify   'D:\\A production\\Apti_Test_App-main\\node_modules\\path-key': 'D:\\A production\\Apti_Test_App-main\\node_modules\\.path-key-sAKpvoE1',
766 silly reify   'D:\\A production\\Apti_Test_App-main\\node_modules\\path-parse': 'D:\\A production\\Apti_Test_App-main\\node_modules\\.path-parse-3qY7U0uk',
766 silly reify   'D:\\A production\\Apti_Test_App-main\\node_modules\\path-scurry': 'D:\\A production\\Apti_Test_App-main\\node_modules\\.path-scurry-fAJjwAlu',
766 silly reify   'D:\\A production\\Apti_Test_App-main\\node_modules\\path-to-regexp': 'D:\\A production\\Apti_Test_App-main\\node_modules\\.path-to-regexp-waoIIGkf',
766 silly reify   'D:\\A production\\Apti_Test_App-main\\node_modules\\path-type': 'D:\\A production\\Apti_Test_App-main\\node_modules\\.path-type-WhLJgrdk',
766 silly reify   'D:\\A production\\Apti_Test_App-main\\node_modules\\pathe': 'D:\\A production\\Apti_Test_App-main\\node_modules\\.pathe-0X6Ilrv5',
766 silly reify   'D:\\A production\\Apti_Test_App-main\\node_modules\\pend': 'D:\\A production\\Apti_Test_App-main\\node_modules\\.pend-4HZHJoxC',
766 silly reify   'D:\\A production\\Apti_Test_App-main\\node_modules\\pg': 'D:\\A production\\Apti_Test_App-main\\node_modules\\.pg-ZlR2d2C6',
766 silly reify   'D:\\A production\\Apti_Test_App-main\\node_modules\\pg-cloudflare': 'D:\\A production\\Apti_Test_App-main\\node_modules\\.pg-cloudflare-5QguWgRP',
766 silly reify   'D:\\A production\\Apti_Test_App-main\\node_modules\\pg-connection-string': 'D:\\A production\\Apti_Test_App-main\\node_modules\\.pg-connection-string-pcwtKYFJ',
766 silly reify   'D:\\A production\\Apti_Test_App-main\\node_modules\\pg-gateway': 'D:\\A production\\Apti_Test_App-main\\node_modules\\.pg-gateway-QkkK4Ld0',
766 silly reify   'D:\\A production\\Apti_Test_App-main\\node_modules\\pg-int8': 'D:\\A production\\Apti_Test_App-main\\node_modules\\.pg-int8-5VFJj5Cn',
766 silly reify   'D:\\A production\\Apti_Test_App-main\\node_modules\\pg-pool': 'D:\\A production\\Apti_Test_App-main\\node_modules\\.pg-pool-YfIoww9G',
766 silly reify   'D:\\A production\\Apti_Test_App-main\\node_modules\\pg-protocol': 'D:\\A production\\Apti_Test_App-main\\node_modules\\.pg-protocol-R00pc6a6',
766 silly reify   'D:\\A production\\Apti_Test_App-main\\node_modules\\pg-types': 'D:\\A production\\Apti_Test_App-main\\node_modules\\.pg-types-XtolkbF0',
766 silly reify   'D:\\A production\\Apti_Test_App-main\\node_modules\\pgpass': 'D:\\A production\\Apti_Test_App-main\\node_modules\\.pgpass-hHBxB7Sv',
766 silly reify   'D:\\A production\\Apti_Test_App-main\\node_modules\\picomatch': 'D:\\A production\\Apti_Test_App-main\\node_modules\\.picomatch-bNfGD2md',
766 silly reify   'D:\\A production\\Apti_Test_App-main\\node_modules\\picoquery': 'D:\\A production\\Apti_Test_App-main\\node_modules\\.picoquery-qio0K1Yu',
766 silly reify   'D:\\A production\\Apti_Test_App-main\\node_modules\\pino': 'D:\\A production\\Apti_Test_App-main\\node_modules\\.pino-pXjJ9Tp6',
766 silly reify   'D:\\A production\\Apti_Test_App-main\\node_modules\\.bin\\pino': 'D:\\A production\\Apti_Test_App-main\\node_modules\\.bin\\.pino-urfAflqk',
766 silly reify   'D:\\A production\\Apti_Test_App-main\\node_modules\\.bin\\pino.cmd': 'D:\\A production\\Apti_Test_App-main\\node_modules\\.bin\\.pino.cmd-6flOgYX1',
766 silly reify   'D:\\A production\\Apti_Test_App-main\\node_modules\\.bin\\pino.ps1': 'D:\\A production\\Apti_Test_App-main\\node_modules\\.bin\\.pino.ps1-lUNGYFFw',
766 silly reify   'D:\\A production\\Apti_Test_App-main\\node_modules\\pino-abstract-transport': 'D:\\A production\\Apti_Test_App-main\\node_modules\\.pino-abstract-transport-GFOc11bZ',
766 silly reify   'D:\\A production\\Apti_Test_App-main\\node_modules\\pino-std-serializers': 'D:\\A production\\Apti_Test_App-main\\node_modules\\.pino-std-serializers-1zlgycvD',
766 silly reify   'D:\\A production\\Apti_Test_App-main\\node_modules\\possible-typed-array-names': 'D:\\A production\\Apti_Test_App-main\\node_modules\\.possible-typed-array-names-eKav8gtZ',
766 silly reify   'D:\\A production\\Apti_Test_App-main\\node_modules\\postcss-values-parser': 'D:\\A production\\Apti_Test_App-main\\node_modules\\.postcss-values-parser-rpylsJNX',
766 silly reify   'D:\\A production\\Apti_Test_App-main\\node_modules\\postgres-array': 'D:\\A production\\Apti_Test_App-main\\node_modules\\.postgres-array-Z9C9pK1A',
766 silly reify   'D:\\A production\\Apti_Test_App-main\\node_modules\\postgres-bytea': 'D:\\A production\\Apti_Test_App-main\\node_modules\\.postgres-bytea-XiDkgpSj',
766 silly reify   'D:\\A production\\Apti_Test_App-main\\node_modules\\postgres-date': 'D:\\A production\\Apti_Test_App-main\\node_modules\\.postgres-date-vLyXKe9A',
766 silly reify   'D:\\A production\\Apti_Test_App-main\\node_modules\\postgres-interval': 'D:\\A production\\Apti_Test_App-main\\node_modules\\.postgres-interval-9LDrkA5b',
766 silly reify   'D:\\A production\\Apti_Test_App-main\\node_modules\\powershell-utils': 'D:\\A production\\Apti_Test_App-main\\node_modules\\.powershell-utils-KzwZhOAv',
766 silly reify   'D:\\A production\\Apti_Test_App-main\\node_modules\\precinct': 'D:\\A production\\Apti_Test_App-main\\node_modules\\.precinct-Xjj0WlqC',
766 silly reify   'D:\\A production\\Apti_Test_App-main\\node_modules\\.bin\\precinct': 'D:\\A production\\Apti_Test_App-main\\node_modules\\.bin\\.precinct-ly00iwu9',
766 silly reify   'D:\\A production\\Apti_Test_App-main\\node_modules\\.bin\\precinct.cmd': 'D:\\A production\\Apti_Test_App-main\\node_modules\\.bin\\.precinct.cmd-FdDvQgMm',
766 silly reify   'D:\\A production\\Apti_Test_App-main\\node_modules\\.bin\\precinct.ps1': 'D:\\A production\\Apti_Test_App-main\\node_modules\\.bin\\.precinct.ps1-NBJkpIZK',
766 silly reify   'D:\\A production\\Apti_Test_App-main\\node_modules\\precond': 'D:\\A production\\Apti_Test_App-main\\node_modules\\.precond-GMkMUQJn',
766 silly reify   'D:\\A production\\Apti_Test_App-main\\node_modules\\pretty-ms': 'D:\\A production\\Apti_Test_App-main\\node_modules\\.pretty-ms-QpE4vnGd',
766 silly reify   'D:\\A production\\Apti_Test_App-main\\node_modules\\prettyjson': 'D:\\A production\\Apti_Test_App-main\\node_modules\\.prettyjson-A97NVNj1',
766 silly reify   'D:\\A production\\Apti_Test_App-main\\node_modules\\.bin\\prettyjson': 'D:\\A production\\Apti_Test_App-main\\node_modules\\.bin\\.prettyjson-nVMWGNHa',
766 silly reify   'D:\\A production\\Apti_Test_App-main\\node_modules\\.bin\\prettyjson.cmd': 'D:\\A production\\Apti_Test_App-main\\node_modules\\.bin\\.prettyjson.cmd-1xTIIer5',
766 silly reify   'D:\\A production\\Apti_Test_App-main\\node_modules\\.bin\\prettyjson.ps1': 'D:\\A production\\Apti_Test_App-main\\node_modules\\.bin\\.prettyjson.ps1-Rpo3SuK4',
766 silly reify   'D:\\A production\\Apti_Test_App-main\\node_modules\\process': 'D:\\A production\\Apti_Test_App-main\\node_modules\\.process-9IO0tstV',
766 silly reify   'D:\\A production\\Apti_Test_App-main\\node_modules\\process-nextick-args': 'D:\\A production\\Apti_Test_App-main\\node_modules\\.process-nextick-args-488hFDG6',
766 silly reify   'D:\\A production\\Apti_Test_App-main\\node_modules\\process-warning': 'D:\\A production\\Apti_Test_App-main\\node_modules\\.process-warning-wEBlkC8z',
766 silly reify   'D:\\A production\\Apti_Test_App-main\\node_modules\\proto-list': 'D:\\A production\\Apti_Test_App-main\\node_modules\\.proto-list-gMmffjX2',
766 silly reify   'D:\\A production\\Apti_Test_App-main\\node_modules\\proxy-addr': 'D:\\A production\\Apti_Test_App-main\\node_modules\\.proxy-addr-gVvwwVYS',
766 silly reify   'D:\\A production\\Apti_Test_App-main\\node_modules\\ps-list': 'D:\\A production\\Apti_Test_App-main\\node_modules\\.ps-list-tB8I9CQa',
766 silly reify   'D:\\A production\\Apti_Test_App-main\\node_modules\\pump': 'D:\\A production\\Apti_Test_App-main\\node_modules\\.pump-Y3eYIDfe',
766 silly reify   'D:\\A production\\Apti_Test_App-main\\node_modules\\pupa': 'D:\\A production\\Apti_Test_App-main\\node_modules\\.pupa-nbypnDBj',
766 silly reify   'D:\\A production\\Apti_Test_App-main\\node_modules\\qs': 'D:\\A production\\Apti_Test_App-main\\node_modules\\.qs-X1kEREXd',
766 silly reify   'D:\\A production\\Apti_Test_App-main\\node_modules\\queue-microtask': 'D:\\A production\\Apti_Test_App-main\\node_modules\\.queue-microtask-hrouvmNy',
766 silly reify   'D:\\A production\\Apti_Test_App-main\\node_modules\\quick-format-unescaped': 'D:\\A production\\Apti_Test_App-main\\node_modules\\.quick-format-unescaped-rL2ZOAkh',
766 silly reify   'D:\\A production\\Apti_Test_App-main\\node_modules\\quote-unquote': 'D:\\A production\\Apti_Test_App-main\\node_modules\\.quote-unquote-lSYocLhQ',
766 silly reify   'D:\\A production\\Apti_Test_App-main\\node_modules\\radix3': 'D:\\A production\\Apti_Test_App-main\\node_modules\\.radix3-ThCq9Dcb',
766 silly reify   'D:\\A production\\Apti_Test_App-main\\node_modules\\random-bytes': 'D:\\A production\\Apti_Test_App-main\\node_modules\\.random-bytes-r1zoap7q',
766 silly reify   'D:\\A production\\Apti_Test_App-main\\node_modules\\range-parser': 'D:\\A production\\Apti_Test_App-main\\node_modules\\.range-parser-vNPUybvx',
766 silly reify   'D:\\A production\\Apti_Test_App-main\\node_modules\\raw-body': 'D:\\A production\\Apti_Test_App-main\\node_modules\\.raw-body-7kvCKijD',
766 silly reify   'D:\\A production\\Apti_Test_App-main\\node_modules\\rc': 'D:\\A production\\Apti_Test_App-main\\node_modules\\.rc-BHfMfs6L',
766 silly reify   'D:\\A production\\Apti_Test_App-main\\node_modules\\.bin\\rc': 'D:\\A production\\Apti_Test_App-main\\node_modules\\.bin\\.rc-v8HSF0F0',
766 silly reify   'D:\\A production\\Apti_Test_App-main\\node_modules\\.bin\\rc.cmd': 'D:\\A production\\Apti_Test_App-main\\node_modules\\.bin\\.rc.cmd-8sb0rs0C',
766 silly reify   'D:\\A production\\Apti_Test_App-main\\node_modules\\.bin\\rc.ps1': 'D:\\A production\\Apti_Test_App-main\\node_modules\\.bin\\.rc.ps1-n7yI6xIN',
766 silly reify   'D:\\A production\\Apti_Test_App-main\\node_modules\\read-package-up': 'D:\\A production\\Apti_Test_App-main\\node_modules\\.read-package-up-wcMK8zAX',
766 silly reify   'D:\\A production\\Apti_Test_App-main\\node_modules\\read-pkg': 'D:\\A production\\Apti_Test_App-main\\node_modules\\.read-pkg-tmFhMYIf',
766 silly reify   'D:\\A production\\Apti_Test_App-main\\node_modules\\readdir-glob': 'D:\\A production\\Apti_Test_App-main\\node_modules\\.readdir-glob-DoATe3pR',
766 silly reify   'D:\\A production\\Apti_Test_App-main\\node_modules\\readdirp': 'D:\\A production\\Apti_Test_App-main\\node_modules\\.readdirp-BhZQ3Rkh',
766 silly reify   'D:\\A production\\Apti_Test_App-main\\node_modules\\real-require': 'D:\\A production\\Apti_Test_App-main\\node_modules\\.real-require-S7xKb9c7',
766 silly reify   'D:\\A production\\Apti_Test_App-main\\node_modules\\reflect.getprototypeof': 'D:\\A production\\Apti_Test_App-main\\node_modules\\.reflect.getprototypeof-nJmBCZ4M',
766 silly reify   'D:\\A production\\Apti_Test_App-main\\node_modules\\regexp.prototype.flags': 'D:\\A production\\Apti_Test_App-main\\node_modules\\.regexp.prototype.flags-lDohVcvR',
766 silly reify   'D:\\A production\\Apti_Test_App-main\\node_modules\\registry-auth-token': 'D:\\A production\\Apti_Test_App-main\\node_modules\\.registry-auth-token-4g1kfWy8',
766 silly reify   'D:\\A production\\Apti_Test_App-main\\node_modules\\registry-url': 'D:\\A production\\Apti_Test_App-main\\node_modules\\.registry-url-gkfH1HbM',
766 silly reify   'D:\\A production\\Apti_Test_App-main\\node_modules\\remove-trailing-separator': 'D:\\A production\\Apti_Test_App-main\\node_modules\\.remove-trailing-separator-DCIBcyL4',
766 silly reify   'D:\\A production\\Apti_Test_App-main\\node_modules\\require-from-string': 'D:\\A production\\Apti_Test_App-main\\node_modules\\.require-from-string-MUiIGL2z',
766 silly reify   'D:\\A production\\Apti_Test_App-main\\node_modules\\require-in-the-middle': 'D:\\A production\\Apti_Test_App-main\\node_modules\\.require-in-the-middle-dLo1tuGR',
766 silly reify   'D:\\A production\\Apti_Test_App-main\\node_modules\\require-package-name': 'D:\\A production\\Apti_Test_App-main\\node_modules\\.require-package-name-GdTk7CjG',
766 silly reify   'D:\\A production\\Apti_Test_App-main\\node_modules\\requires-port': 'D:\\A production\\Apti_Test_App-main\\node_modules\\.requires-port-NTO29jXL',
766 silly reify   'D:\\A production\\Apti_Test_App-main\\node_modules\\resolve': 'D:\\A production\\Apti_Test_App-main\\node_modules\\.resolve-v2NTk88Z',
766 silly reify   'D:\\A production\\Apti_Test_App-main\\node_modules\\.bin\\resolve': 'D:\\A production\\Apti_Test_App-main\\node_modules\\.bin\\.resolve-mtsHpyFy',
766 silly reify   'D:\\A production\\Apti_Test_App-main\\node_modules\\.bin\\resolve.cmd': 'D:\\A production\\Apti_Test_App-main\\node_modules\\.bin\\.resolve.cmd-LfGY6Psm',
766 silly reify   'D:\\A production\\Apti_Test_App-main\\node_modules\\.bin\\resolve.ps1': 'D:\\A production\\Apti_Test_App-main\\node_modules\\.bin\\.resolve.ps1-zHNuENxA',
766 silly reify   'D:\\A production\\Apti_Test_App-main\\node_modules\\resolve-from': 'D:\\A production\\Apti_Test_App-main\\node_modules\\.resolve-from-OIEPLD9a',
766 silly reify   'D:\\A production\\Apti_Test_App-main\\node_modules\\restore-cursor': 'D:\\A production\\Apti_Test_App-main\\node_modules\\.restore-cursor-ngpHUHrp',
766 silly reify   'D:\\A production\\Apti_Test_App-main\\node_modules\\ret': 'D:\\A production\\Apti_Test_App-main\\node_modules\\.ret-BwgZuxTB',
766 silly reify   'D:\\A production\\Apti_Test_App-main\\node_modules\\reusify': 'D:\\A production\\Apti_Test_App-main\\node_modules\\.reusify-7I8tNEP9',
766 silly reify   'D:\\A production\\Apti_Test_App-main\\node_modules\\rfdc': 'D:\\A production\\Apti_Test_App-main\\node_modules\\.rfdc-0GQGYdjg',
766 silly reify   'D:\\A production\\Apti_Test_App-main\\node_modules\\router': 'D:\\A production\\Apti_Test_App-main\\node_modules\\.router-5DLXnSKA',
766 silly reify   'D:\\A production\\Apti_Test_App-main\\node_modules\\run-applescript': 'D:\\A production\\Apti_Test_App-main\\node_modules\\.run-applescript-VcHhr0tG',
766 silly reify   'D:\\A production\\Apti_Test_App-main\\node_modules\\run-async': 'D:\\A production\\Apti_Test_App-main\\node_modules\\.run-async-0nFrNjvf',
766 silly reify   'D:\\A production\\Apti_Test_App-main\\node_modules\\run-parallel': 'D:\\A production\\Apti_Test_App-main\\node_modules\\.run-parallel-jOKOK3Sa',
766 silly reify   'D:\\A production\\Apti_Test_App-main\\node_modules\\rxjs': 'D:\\A production\\Apti_Test_App-main\\node_modules\\.rxjs-HrSQKVdM',
766 silly reify   'D:\\A production\\Apti_Test_App-main\\node_modules\\safe-array-concat': 'D:\\A production\\Apti_Test_App-main\\node_modules\\.safe-array-concat-EHNR2MNg',
766 silly reify   'D:\\A production\\Apti_Test_App-main\\node_modules\\safe-json-stringify': 'D:\\A production\\Apti_Test_App-main\\node_modules\\.safe-json-stringify-iNMVL7Zv',
766 silly reify   'D:\\A production\\Apti_Test_App-main\\node_modules\\safe-push-apply': 'D:\\A production\\Apti_Test_App-main\\node_modules\\.safe-push-apply-s0a6ZpKz',
766 silly reify   'D:\\A production\\Apti_Test_App-main\\node_modules\\safe-regex-test': 'D:\\A production\\Apti_Test_App-main\\node_modules\\.safe-regex-test-UK1E5FDQ',
766 silly reify   'D:\\A production\\Apti_Test_App-main\\node_modules\\safe-regex2': 'D:\\A production\\Apti_Test_App-main\\node_modules\\.safe-regex2-ycrCANx7',
766 silly reify   'D:\\A production\\Apti_Test_App-main\\node_modules\\.bin\\safe-regex2': 'D:\\A production\\Apti_Test_App-main\\node_modules\\.bin\\.safe-regex2-1sQPfrpN',
766 silly reify   'D:\\A production\\Apti_Test_App-main\\node_modules\\.bin\\safe-regex2.cmd': 'D:\\A production\\Apti_Test_App-main\\node_modules\\.bin\\.safe-regex2.cmd-gGaXr0Am',
766 silly reify   'D:\\A production\\Apti_Test_App-main\\node_modules\\.bin\\safe-regex2.ps1': 'D:\\A production\\Apti_Test_App-main\\node_modules\\.bin\\.safe-regex2.ps1-Q4cUlUqB',
766 silly reify   'D:\\A production\\Apti_Test_App-main\\node_modules\\safe-stable-stringify': 'D:\\A production\\Apti_Test_App-main\\node_modules\\.safe-stable-stringify-dXXDzCtP',
766 silly reify   'D:\\A production\\Apti_Test_App-main\\node_modules\\safer-buffer': 'D:\\A production\\Apti_Test_App-main\\node_modules\\.safer-buffer-xPJNJBfQ',
766 silly reify   'D:\\A production\\Apti_Test_App-main\\node_modules\\sax': 'D:\\A production\\Apti_Test_App-main\\node_modules\\.sax-EO4wwiOn',
766 silly reify   'D:\\A production\\Apti_Test_App-main\\node_modules\\secure-json-parse': 'D:\\A production\\Apti_Test_App-main\\node_modules\\.secure-json-parse-yyCKWS6V',
766 silly reify   'D:\\A production\\Apti_Test_App-main\\node_modules\\send': 'D:\\A production\\Apti_Test_App-main\\node_modules\\.send-7dpEjIAY',
766 silly reify   'D:\\A production\\Apti_Test_App-main\\node_modules\\serve-static': 'D:\\A production\\Apti_Test_App-main\\node_modules\\.serve-static-ZQi5wZ2G',
766 silly reify   'D:\\A production\\Apti_Test_App-main\\node_modules\\set-cookie-parser': 'D:\\A production\\Apti_Test_App-main\\node_modules\\.set-cookie-parser-mm6FqDdH',
766 silly reify   'D:\\A production\\Apti_Test_App-main\\node_modules\\set-error-message': 'D:\\A production\\Apti_Test_App-main\\node_modules\\.set-error-message-gOe6eTcf',
766 silly reify   'D:\\A production\\Apti_Test_App-main\\node_modules\\set-function-length': 'D:\\A production\\Apti_Test_App-main\\node_modules\\.set-function-length-qJgMw0da',
766 silly reify   'D:\\A production\\Apti_Test_App-main\\node_modules\\set-function-name': 'D:\\A production\\Apti_Test_App-main\\node_modules\\.set-function-name-sZwt811G',
766 silly reify   'D:\\A production\\Apti_Test_App-main\\node_modules\\set-proto': 'D:\\A production\\Apti_Test_App-main\\node_modules\\.set-proto-Lwv5jSXU',
766 silly reify   'D:\\A production\\Apti_Test_App-main\\node_modules\\setprototypeof': 'D:\\A production\\Apti_Test_App-main\\node_modules\\.setprototypeof-KJ12LnBh',
766 silly reify   'D:\\A production\\Apti_Test_App-main\\node_modules\\shebang-command': 'D:\\A production\\Apti_Test_App-main\\node_modules\\.shebang-command-UuyqdukH',
766 silly reify   'D:\\A production\\Apti_Test_App-main\\node_modules\\shebang-regex': 'D:\\A production\\Apti_Test_App-main\\node_modules\\.shebang-regex-bIBegpXF',
766 silly reify   'D:\\A production\\Apti_Test_App-main\\node_modules\\side-channel': 'D:\\A production\\Apti_Test_App-main\\node_modules\\.side-channel-kFb7SpIT',
766 silly reify   'D:\\A production\\Apti_Test_App-main\\node_modules\\side-channel-list': 'D:\\A production\\Apti_Test_App-main\\node_modules\\.side-channel-list-Ic2zF1B6',
766 silly reify   'D:\\A production\\Apti_Test_App-main\\node_modules\\side-channel-map': 'D:\\A production\\Apti_Test_App-main\\node_modules\\.side-channel-map-KYtCSac9',
766 silly reify   'D:\\A production\\Apti_Test_App-main\\node_modules\\side-channel-weakmap': 'D:\\A production\\Apti_Test_App-main\\node_modules\\.side-channel-weakmap-p6PfJSPa',
766 silly reify   'D:\\A production\\Apti_Test_App-main\\node_modules\\signal-exit': 'D:\\A production\\Apti_Test_App-main\\node_modules\\.signal-exit-4CcYGlMP',
766 silly reify   'D:\\A production\\Apti_Test_App-main\\node_modules\\slash': 'D:\\A production\\Apti_Test_App-main\\node_modules\\.slash-LnM9ezKO',
766 silly reify   'D:\\A production\\Apti_Test_App-main\\node_modules\\slashes': 'D:\\A production\\Apti_Test_App-main\\node_modules\\.slashes-U8nPHNks',
766 silly reify   'D:\\A production\\Apti_Test_App-main\\node_modules\\slice-ansi': 'D:\\A production\\Apti_Test_App-main\\node_modules\\.slice-ansi-aitlEhiW',
766 silly reify   'D:\\A production\\Apti_Test_App-main\\node_modules\\smol-toml': 'D:\\A production\\Apti_Test_App-main\\node_modules\\.smol-toml-8YficXxJ',
766 silly reify   'D:\\A production\\Apti_Test_App-main\\node_modules\\sonic-boom': 'D:\\A production\\Apti_Test_App-main\\node_modules\\.sonic-boom-UZGdM0of',
766 silly reify   'D:\\A production\\Apti_Test_App-main\\node_modules\\source-map': 'D:\\A production\\Apti_Test_App-main\\node_modules\\.source-map-FS603IOe',
766 silly reify   'D:\\A production\\Apti_Test_App-main\\node_modules\\source-map-support': 'D:\\A production\\Apti_Test_App-main\\node_modules\\.source-map-support-XDqeO0nF',
766 silly reify   'D:\\A production\\Apti_Test_App-main\\node_modules\\spdx-correct': 'D:\\A production\\Apti_Test_App-main\\node_modules\\.spdx-correct-BE12vgHT',
766 silly reify   'D:\\A production\\Apti_Test_App-main\\node_modules\\spdx-exceptions': 'D:\\A production\\Apti_Test_App-main\\node_modules\\.spdx-exceptions-qXaTgYxm',
766 silly reify   'D:\\A production\\Apti_Test_App-main\\node_modules\\spdx-expression-parse': 'D:\\A production\\Apti_Test_App-main\\node_modules\\.spdx-expression-parse-KRKjRxOA',
766 silly reify   'D:\\A production\\Apti_Test_App-main\\node_modules\\spdx-license-ids': 'D:\\A production\\Apti_Test_App-main\\node_modules\\.spdx-license-ids-cjJGdKz4',
766 silly reify   'D:\\A production\\Apti_Test_App-main\\node_modules\\split2': 'D:\\A production\\Apti_Test_App-main\\node_modules\\.split2-AL0dV6DN',
766 silly reify   'D:\\A production\\Apti_Test_App-main\\node_modules\\stack-generator': 'D:\\A production\\Apti_Test_App-main\\node_modules\\.stack-generator-gJChH50r',
766 silly reify   'D:\\A production\\Apti_Test_App-main\\node_modules\\stack-trace': 'D:\\A production\\Apti_Test_App-main\\node_modules\\.stack-trace-ZOyq5NQv',
766 silly reify   'D:\\A production\\Apti_Test_App-main\\node_modules\\stackframe': 'D:\\A production\\Apti_Test_App-main\\node_modules\\.stackframe-nkFwsZpa',
766 silly reify   'D:\\A production\\Apti_Test_App-main\\node_modules\\statuses': 'D:\\A production\\Apti_Test_App-main\\node_modules\\.statuses-XgVVeBkG',
766 silly reify   'D:\\A production\\Apti_Test_App-main\\node_modules\\std-env': 'D:\\A production\\Apti_Test_App-main\\node_modules\\.std-env-dzRB8RcN',
766 silly reify   'D:\\A production\\Apti_Test_App-main\\node_modules\\stop-iteration-iterator': 'D:\\A production\\Apti_Test_App-main\\node_modules\\.stop-iteration-iterator-iDFka9wd',
766 silly reify   'D:\\A production\\Apti_Test_App-main\\node_modules\\streamx': 'D:\\A production\\Apti_Test_App-main\\node_modules\\.streamx-NoQqh4Mq',
766 silly reify   'D:\\A production\\Apti_Test_App-main\\node_modules\\string-width-cjs': 'D:\\A production\\Apti_Test_App-main\\node_modules\\.string-width-cjs-7GMoT4PB',
766 silly reify   'D:\\A production\\Apti_Test_App-main\\node_modules\\string.prototype.trim': 'D:\\A production\\Apti_Test_App-main\\node_modules\\.string.prototype.trim-ywNGRuY1',
766 silly reify   'D:\\A production\\Apti_Test_App-main\\node_modules\\string.prototype.trimend': 'D:\\A production\\Apti_Test_App-main\\node_modules\\.string.prototype.trimend-njc16tC2',
766 silly reify   'D:\\A production\\Apti_Test_App-main\\node_modules\\string.prototype.trimstart': 'D:\\A production\\Apti_Test_App-main\\node_modules\\.string.prototype.trimstart-OIRA1AAu',
766 silly reify   'D:\\A production\\Apti_Test_App-main\\node_modules\\strip-ansi-cjs': 'D:\\A production\\Apti_Test_App-main\\node_modules\\.strip-ansi-cjs-4SCTixvZ',
766 silly reify   'D:\\A production\\Apti_Test_App-main\\node_modules\\strip-final-newline': 'D:\\A production\\Apti_Test_App-main\\node_modules\\.strip-final-newline-hC3EKHJ0',
766 silly reify   'D:\\A production\\Apti_Test_App-main\\node_modules\\strip-json-comments': 'D:\\A production\\Apti_Test_App-main\\node_modules\\.strip-json-comments-7e97hqLQ',
766 silly reify   'D:\\A production\\Apti_Test_App-main\\node_modules\\stubborn-fs': 'D:\\A production\\Apti_Test_App-main\\node_modules\\.stubborn-fs-sfbiCUSp',
766 silly reify   'D:\\A production\\Apti_Test_App-main\\node_modules\\stubborn-utils': 'D:\\A production\\Apti_Test_App-main\\node_modules\\.stubborn-utils-BRXioq5a',
766 silly reify   'D:\\A production\\Apti_Test_App-main\\node_modules\\supports-color': 'D:\\A production\\Apti_Test_App-main\\node_modules\\.supports-color-k6AVjiu0',
766 silly reify   'D:\\A production\\Apti_Test_App-main\\node_modules\\supports-hyperlinks': 'D:\\A production\\Apti_Test_App-main\\node_modules\\.supports-hyperlinks-oMpn2yMF',
766 silly reify   'D:\\A production\\Apti_Test_App-main\\node_modules\\supports-preserve-symlinks-flag': 'D:\\A production\\Apti_Test_App-main\\node_modules\\.supports-preserve-symlinks-flag-YR74ln9D',
766 silly reify   'D:\\A production\\Apti_Test_App-main\\node_modules\\svgo': 'D:\\A production\\Apti_Test_App-main\\node_modules\\.svgo-FqDsi3tg',
766 silly reify   'D:\\A production\\Apti_Test_App-main\\node_modules\\.bin\\svgo': 'D:\\A production\\Apti_Test_App-main\\node_modules\\.bin\\.svgo-U7crCMj5',
766 silly reify   'D:\\A production\\Apti_Test_App-main\\node_modules\\.bin\\svgo.cmd': 'D:\\A production\\Apti_Test_App-main\\node_modules\\.bin\\.svgo.cmd-X11t38vr',
766 silly reify   'D:\\A production\\Apti_Test_App-main\\node_modules\\.bin\\svgo.ps1': 'D:\\A production\\Apti_Test_App-main\\node_modules\\.bin\\.svgo.ps1-y8BUoVyM',
766 silly reify   'D:\\A production\\Apti_Test_App-main\\node_modules\\tagged-tag': 'D:\\A production\\Apti_Test_App-main\\node_modules\\.tagged-tag-7bt9e8ji',
766 silly reify   'D:\\A production\\Apti_Test_App-main\\node_modules\\tar': 'D:\\A production\\Apti_Test_App-main\\node_modules\\.tar-1MLvG0GD',
766 silly reify   'D:\\A production\\Apti_Test_App-main\\node_modules\\tar-stream': 'D:\\A production\\Apti_Test_App-main\\node_modules\\.tar-stream-bb9RlyKN',
766 silly reify   'D:\\A production\\Apti_Test_App-main\\node_modules\\teex': 'D:\\A production\\Apti_Test_App-main\\node_modules\\.teex-MZNgmTIZ',
766 silly reify   'D:\\A production\\Apti_Test_App-main\\node_modules\\terminal-link': 'D:\\A production\\Apti_Test_App-main\\node_modules\\.terminal-link-hu95wyOg',
766 silly reify   'D:\\A production\\Apti_Test_App-main\\node_modules\\text-decoder': 'D:\\A production\\Apti_Test_App-main\\node_modules\\.text-decoder-clO4wHSJ',
766 silly reify   'D:\\A production\\Apti_Test_App-main\\node_modules\\text-hex': 'D:\\A production\\Apti_Test_App-main\\node_modules\\.text-hex-TIWp8E9e',
766 silly reify   'D:\\A production\\Apti_Test_App-main\\node_modules\\thread-stream': 'D:\\A production\\Apti_Test_App-main\\node_modules\\.thread-stream-J1aC6mYT',
766 silly reify   'D:\\A production\\Apti_Test_App-main\\node_modules\\through': 'D:\\A production\\Apti_Test_App-main\\node_modules\\.through-9bIozxLP',
766 silly reify   'D:\\A production\\Apti_Test_App-main\\node_modules\\through2': 'D:\\A production\\Apti_Test_App-main\\node_modules\\.through2-ROJvpc2J',
766 silly reify   'D:\\A production\\Apti_Test_App-main\\node_modules\\tinyclip': 'D:\\A production\\Apti_Test_App-main\\node_modules\\.tinyclip-6qwTIjpC',
766 silly reify   'D:\\A production\\Apti_Test_App-main\\node_modules\\tinyglobby': 'D:\\A production\\Apti_Test_App-main\\node_modules\\.tinyglobby-hSoQxJ3x',
766 silly reify   'D:\\A production\\Apti_Test_App-main\\node_modules\\tmp': 'D:\\A production\\Apti_Test_App-main\\node_modules\\.tmp-odsSnaPS',
766 silly reify   'D:\\A production\\Apti_Test_App-main\\node_modules\\tmp-promise': 'D:\\A production\\Apti_Test_App-main\\node_modules\\.tmp-promise-vDA4kubP',
766 silly reify   'D:\\A production\\Apti_Test_App-main\\node_modules\\to-regex-range': 'D:\\A production\\Apti_Test_App-main\\node_modules\\.to-regex-range-xN9d43nf',
766 silly reify   'D:\\A production\\Apti_Test_App-main\\node_modules\\toad-cache': 'D:\\A production\\Apti_Test_App-main\\node_modules\\.toad-cache-QxiZh15n',
766 silly reify   'D:\\A production\\Apti_Test_App-main\\node_modules\\toidentifier': 'D:\\A production\\Apti_Test_App-main\\node_modules\\.toidentifier-mxLbyDnT',
766 silly reify   'D:\\A production\\Apti_Test_App-main\\node_modules\\toml': 'D:\\A production\\Apti_Test_App-main\\node_modules\\.toml-y117oIVo',
766 silly reify   'D:\\A production\\Apti_Test_App-main\\node_modules\\tomlify-j0.4': 'D:\\A production\\Apti_Test_App-main\\node_modules\\.tomlify-j0.4-ij4pnOu2',
766 silly reify   'D:\\A production\\Apti_Test_App-main\\node_modules\\triple-beam': 'D:\\A production\\Apti_Test_App-main\\node_modules\\.triple-beam-FTq1TGT7',
766 silly reify   'D:\\A production\\Apti_Test_App-main\\node_modules\\ts-api-utils': 'D:\\A production\\Apti_Test_App-main\\node_modules\\.ts-api-utils-SQMao1TT',
766 silly reify   'D:\\A production\\Apti_Test_App-main\\node_modules\\type-fest': 'D:\\A production\\Apti_Test_App-main\\node_modules\\.type-fest-RwmhAbfH',
766 silly reify   'D:\\A production\\Apti_Test_App-main\\node_modules\\type-is': 'D:\\A production\\Apti_Test_App-main\\node_modules\\.type-is-6lTICrFQ',
766 silly reify   'D:\\A production\\Apti_Test_App-main\\node_modules\\typed-array-buffer': 'D:\\A production\\Apti_Test_App-main\\node_modules\\.typed-array-buffer-LZQbQ8tM',
766 silly reify   'D:\\A production\\Apti_Test_App-main\\node_modules\\typed-array-byte-length': 'D:\\A production\\Apti_Test_App-main\\node_modules\\.typed-array-byte-length-LCnrS3SB',
766 silly reify   'D:\\A production\\Apti_Test_App-main\\node_modules\\typed-array-byte-offset': 'D:\\A production\\Apti_Test_App-main\\node_modules\\.typed-array-byte-offset-2igXahlx',
766 silly reify   'D:\\A production\\Apti_Test_App-main\\node_modules\\typed-array-length': 'D:\\A production\\Apti_Test_App-main\\node_modules\\.typed-array-length-qy5vy6QQ',
766 silly reify   'D:\\A production\\Apti_Test_App-main\\node_modules\\typescript': 'D:\\A production\\Apti_Test_App-main\\node_modules\\.typescript-aelxGfpu',
766 silly reify   'D:\\A production\\Apti_Test_App-main\\node_modules\\.bin\\tsc': 'D:\\A production\\Apti_Test_App-main\\node_modules\\.bin\\.tsc-VmyFwiHv',
766 silly reify   'D:\\A production\\Apti_Test_App-main\\node_modules\\.bin\\tsc.cmd': 'D:\\A production\\Apti_Test_App-main\\node_modules\\.bin\\.tsc.cmd-Fcf84JmE',
766 silly reify   'D:\\A production\\Apti_Test_App-main\\node_modules\\.bin\\tsc.ps1': 'D:\\A production\\Apti_Test_App-main\\node_modules\\.bin\\.tsc.ps1-RQAnrd3U',
766 silly reify   'D:\\A production\\Apti_Test_App-main\\node_modules\\.bin\\tsserver': 'D:\\A production\\Apti_Test_App-main\\node_modules\\.bin\\.tsserver-orGMP0QB',
766 silly reify   'D:\\A production\\Apti_Test_App-main\\node_modules\\.bin\\tsserver.cmd': 'D:\\A production\\Apti_Test_App-main\\node_modules\\.bin\\.tsserver.cmd-2zFB9CAq',
766 silly reify   'D:\\A production\\Apti_Test_App-main\\node_modules\\.bin\\tsserver.ps1': 'D:\\A production\\Apti_Test_App-main\\node_modules\\.bin\\.tsserver.ps1-89EsXM6Q',
766 silly reify   'D:\\A production\\Apti_Test_App-main\\node_modules\\ufo': 'D:\\A production\\Apti_Test_App-main\\node_modules\\.ufo-5dogYgSw',
766 silly reify   'D:\\A production\\Apti_Test_App-main\\node_modules\\uid-safe': 'D:\\A production\\Apti_Test_App-main\\node_modules\\.uid-safe-cHyWrPC3',
766 silly reify   'D:\\A production\\Apti_Test_App-main\\node_modules\\ulid': 'D:\\A production\\Apti_Test_App-main\\node_modules\\.ulid-bXOYDu2w',
766 silly reify   'D:\\A production\\Apti_Test_App-main\\node_modules\\.bin\\ulid': 'D:\\A production\\Apti_Test_App-main\\node_modules\\.bin\\.ulid-g2uAdjlI',
766 silly reify   'D:\\A production\\Apti_Test_App-main\\node_modules\\.bin\\ulid.cmd': 'D:\\A production\\Apti_Test_App-main\\node_modules\\.bin\\.ulid.cmd-SBfuSrBK',
766 silly reify   'D:\\A production\\Apti_Test_App-main\\node_modules\\.bin\\ulid.ps1': 'D:\\A production\\Apti_Test_App-main\\node_modules\\.bin\\.ulid.ps1-WZnJOqET',
766 silly reify   'D:\\A production\\Apti_Test_App-main\\node_modules\\unbox-primitive': 'D:\\A production\\Apti_Test_App-main\\node_modules\\.unbox-primitive-9EqXayDg',
766 silly reify   'D:\\A production\\Apti_Test_App-main\\node_modules\\uncrypto': 'D:\\A production\\Apti_Test_App-main\\node_modules\\.uncrypto-bp6XfgbF',
766 silly reify   'D:\\A production\\Apti_Test_App-main\\node_modules\\unicorn-magic': 'D:\\A production\\Apti_Test_App-main\\node_modules\\.unicorn-magic-1HD6BAU6',
766 silly reify   'D:\\A production\\Apti_Test_App-main\\node_modules\\universal-user-agent': 'D:\\A production\\Apti_Test_App-main\\node_modules\\.universal-user-agent-mkcqmDz4',
766 silly reify   'D:\\A production\\Apti_Test_App-main\\node_modules\\unixify': 'D:\\A production\\Apti_Test_App-main\\node_modules\\.unixify-vw6sjklf',
766 silly reify   'D:\\A production\\Apti_Test_App-main\\node_modules\\unpipe': 'D:\\A production\\Apti_Test_App-main\\node_modules\\.unpipe-GfcvG3VC',
766 silly reify   'D:\\A production\\Apti_Test_App-main\\node_modules\\unstorage': 'D:\\A production\\Apti_Test_App-main\\node_modules\\.unstorage-zDtXPzpc',
766 silly reify   'D:\\A production\\Apti_Test_App-main\\node_modules\\untildify': 'D:\\A production\\Apti_Test_App-main\\node_modules\\.untildify-l25pkBBj',
766 silly reify   'D:\\A production\\Apti_Test_App-main\\node_modules\\untun': 'D:\\A production\\Apti_Test_App-main\\node_modules\\.untun-XN6QaqKb',
766 silly reify   'D:\\A production\\Apti_Test_App-main\\node_modules\\.bin\\untun': 'D:\\A production\\Apti_Test_App-main\\node_modules\\.bin\\.untun-A4ZRAFeB',
766 silly reify   'D:\\A production\\Apti_Test_App-main\\node_modules\\.bin\\untun.cmd': 'D:\\A production\\Apti_Test_App-main\\node_modules\\.bin\\.untun.cmd-6hkvvxu4',
766 silly reify   'D:\\A production\\Apti_Test_App-main\\node_modules\\.bin\\untun.ps1': 'D:\\A production\\Apti_Test_App-main\\node_modules\\.bin\\.untun.ps1-nL4TelAb',
766 silly reify   'D:\\A production\\Apti_Test_App-main\\node_modules\\update-notifier': 'D:\\A production\\Apti_Test_App-main\\node_modules\\.update-notifier-FBdnsEOE',
766 silly reify   'D:\\A production\\Apti_Test_App-main\\node_modules\\uqr': 'D:\\A production\\Apti_Test_App-main\\node_modules\\.uqr-Y9a41B6H',
766 silly reify   'D:\\A production\\Apti_Test_App-main\\node_modules\\urlpattern-polyfill': 'D:\\A production\\Apti_Test_App-main\\node_modules\\.urlpattern-polyfill-znDXa0QU',
766 silly reify   'D:\\A production\\Apti_Test_App-main\\node_modules\\v8-compile-cache-lib': 'D:\\A production\\Apti_Test_App-main\\node_modules\\.v8-compile-cache-lib-LeLRrbpH',
766 silly reify   'D:\\A production\\Apti_Test_App-main\\node_modules\\validate-npm-package-license': 'D:\\A production\\Apti_Test_App-main\\node_modules\\.validate-npm-package-license-SBsGkXlt',
766 silly reify   'D:\\A production\\Apti_Test_App-main\\node_modules\\validate-npm-package-name': 'D:\\A production\\Apti_Test_App-main\\node_modules\\.validate-npm-package-name-lcaLruuQ',
766 silly reify   'D:\\A production\\Apti_Test_App-main\\node_modules\\vary': 'D:\\A production\\Apti_Test_App-main\\node_modules\\.vary-Rzj6PYUB',
766 silly reify   'D:\\A production\\Apti_Test_App-main\\node_modules\\wcwidth': 'D:\\A production\\Apti_Test_App-main\\node_modules\\.wcwidth-kYPTAkuX',
766 silly reify   'D:\\A production\\Apti_Test_App-main\\node_modules\\when-exit': 'D:\\A production\\Apti_Test_App-main\\node_modules\\.when-exit-rNNSruTi',
766 silly reify   'D:\\A production\\Apti_Test_App-main\\node_modules\\which': 'D:\\A production\\Apti_Test_App-main\\node_modules\\.which-xWSfFosV',
766 silly reify   'D:\\A production\\Apti_Test_App-main\\node_modules\\.bin\\node-which': 'D:\\A production\\Apti_Test_App-main\\node_modules\\.bin\\.node-which-ZB4mEBYO',
766 silly reify   'D:\\A production\\Apti_Test_App-main\\node_modules\\.bin\\node-which.cmd': 'D:\\A production\\Apti_Test_App-main\\node_modules\\.bin\\.node-which.cmd-CyXRpF5J',
766 silly reify   'D:\\A production\\Apti_Test_App-main\\node_modules\\.bin\\node-which.ps1': 'D:\\A production\\Apti_Test_App-main\\node_modules\\.bin\\.node-which.ps1-S20TPra3',
766 silly reify   'D:\\A production\\Apti_Test_App-main\\node_modules\\which-boxed-primitive': 'D:\\A production\\Apti_Test_App-main\\node_modules\\.which-boxed-primitive-jgv94YI4',
766 silly reify   'D:\\A production\\Apti_Test_App-main\\node_modules\\which-builtin-type': 'D:\\A production\\Apti_Test_App-main\\node_modules\\.which-builtin-type-6dfF7dlZ',
766 silly reify   'D:\\A production\\Apti_Test_App-main\\node_modules\\which-collection': 'D:\\A production\\Apti_Test_App-main\\node_modules\\.which-collection-zFqfs3Dx',
766 silly reify   'D:\\A production\\Apti_Test_App-main\\node_modules\\which-typed-array': 'D:\\A production\\Apti_Test_App-main\\node_modules\\.which-typed-array-amL4eIXz',
766 silly reify   'D:\\A production\\Apti_Test_App-main\\node_modules\\widest-line': 'D:\\A production\\Apti_Test_App-main\\node_modules\\.widest-line-J59jd9wv',
766 silly reify   'D:\\A production\\Apti_Test_App-main\\node_modules\\windows-release': 'D:\\A production\\Apti_Test_App-main\\node_modules\\.windows-release-jXXmmFKc',
766 silly reify   'D:\\A production\\Apti_Test_App-main\\node_modules\\winston': 'D:\\A production\\Apti_Test_App-main\\node_modules\\.winston-0tdiktuT',
766 silly reify   'D:\\A production\\Apti_Test_App-main\\node_modules\\winston-transport': 'D:\\A production\\Apti_Test_App-main\\node_modules\\.winston-transport-QsVWJPAQ',
766 silly reify   'D:\\A production\\Apti_Test_App-main\\node_modules\\wrap-ansi-cjs': 'D:\\A production\\Apti_Test_App-main\\node_modules\\.wrap-ansi-cjs-Ww9MP3Om',
766 silly reify   'D:\\A production\\Apti_Test_App-main\\node_modules\\write-file-atomic': 'D:\\A production\\Apti_Test_App-main\\node_modules\\.write-file-atomic-oZN5BKn6',
766 silly reify   'D:\\A production\\Apti_Test_App-main\\node_modules\\ws': 'D:\\A production\\Apti_Test_App-main\\node_modules\\.ws-GtczyrDC',
766 silly reify   'D:\\A production\\Apti_Test_App-main\\node_modules\\wsl-utils': 'D:\\A production\\Apti_Test_App-main\\node_modules\\.wsl-utils-Jr43WPDs',
766 silly reify   'D:\\A production\\Apti_Test_App-main\\node_modules\\xdg-basedir': 'D:\\A production\\Apti_Test_App-main\\node_modules\\.xdg-basedir-F9rRE0Gq',
766 silly reify   'D:\\A production\\Apti_Test_App-main\\node_modules\\xss': 'D:\\A production\\Apti_Test_App-main\\node_modules\\.xss-t7jmxnxv',
766 silly reify   'D:\\A production\\Apti_Test_App-main\\node_modules\\.bin\\xss': 'D:\\A production\\Apti_Test_App-main\\node_modules\\.bin\\.xss-MXo70zSm',
766 silly reify   'D:\\A production\\Apti_Test_App-main\\node_modules\\.bin\\xss.cmd': 'D:\\A production\\Apti_Test_App-main\\node_modules\\.bin\\.xss.cmd-fWsQGpQn',
766 silly reify   'D:\\A production\\Apti_Test_App-main\\node_modules\\.bin\\xss.ps1': 'D:\\A production\\Apti_Test_App-main\\node_modules\\.bin\\.xss.ps1-50wKRZOa',
766 silly reify   'D:\\A production\\Apti_Test_App-main\\node_modules\\xtend': 'D:\\A production\\Apti_Test_App-main\\node_modules\\.xtend-o2rhoCq2',
766 silly reify   'D:\\A production\\Apti_Test_App-main\\node_modules\\yaml': 'D:\\A production\\Apti_Test_App-main\\node_modules\\.yaml-XgifAhwC',
766 silly reify   'D:\\A production\\Apti_Test_App-main\\node_modules\\.bin\\yaml': 'D:\\A production\\Apti_Test_App-main\\node_modules\\.bin\\.yaml-4zUg7efA',
766 silly reify   'D:\\A production\\Apti_Test_App-main\\node_modules\\.bin\\yaml.cmd': 'D:\\A production\\Apti_Test_App-main\\node_modules\\.bin\\.yaml.cmd-6okK4SGg',
766 silly reify   'D:\\A production\\Apti_Test_App-main\\node_modules\\.bin\\yaml.ps1': 'D:\\A production\\Apti_Test_App-main\\node_modules\\.bin\\.yaml.ps1-OpAgCmWV',
766 silly reify   'D:\\A production\\Apti_Test_App-main\\node_modules\\yauzl': 'D:\\A production\\Apti_Test_App-main\\node_modules\\.yauzl-Kg7K9V4o',
766 silly reify   'D:\\A production\\Apti_Test_App-main\\node_modules\\yn': 'D:\\A production\\Apti_Test_App-main\\node_modules\\.yn-VMda1zIX',
766 silly reify   'D:\\A production\\Apti_Test_App-main\\node_modules\\zip-stream': 'D:\\A production\\Apti_Test_App-main\\node_modules\\.zip-stream-zhKpxDw9',
766 silly reify   'D:\\A production\\Apti_Test_App-main\\node_modules\\zod': 'D:\\A production\\Apti_Test_App-main\\node_modules\\.zod-T41vatYY'
766 silly reify }
767 silly audit bulk request {
767 silly audit   '@emnapi/runtime': [ '1.11.3' ],
767 silly audit   '@fastify/busboy': [ '3.2.1' ],
767 silly audit   '@firebase/ai': [ '2.14.0' ],
767 silly audit   '@firebase/analytics': [ '0.10.23' ],
767 silly audit   '@firebase/analytics-compat': [ '0.2.29' ],
767 silly audit   '@firebase/analytics-types': [ '0.8.4' ],
767 silly audit   '@firebase/app': [ '0.16.0' ],
767 silly audit   '@firebase/app-check': [ '0.13.0' ],
767 silly audit   '@firebase/app-check-compat': [ '0.4.6' ],
767 silly audit   '@firebase/app-check-interop-types': [ '0.3.4' ],
767 silly audit   '@firebase/app-check-types': [ '0.5.4' ],
767 silly audit   '@firebase/app-compat': [ '0.5.16' ],
767 silly audit   '@firebase/app-types': [ '0.9.5' ],
767 silly audit   '@firebase/auth': [ '1.13.4' ],
767 silly audit   '@firebase/auth-compat': [ '0.6.9' ],
767 silly audit   '@firebase/auth-interop-types': [ '0.2.5' ],
767 silly audit   '@firebase/auth-types': [ '0.13.1' ],
767 silly audit   '@firebase/component': [ '0.7.4' ],
767 silly audit   '@firebase/data-connect': [ '0.7.3' ],
767 silly audit   '@firebase/database': [ '1.1.4' ],
767 silly audit   '@firebase/database-compat': [ '2.1.6' ],
767 silly audit   '@firebase/database-types': [ '1.0.21' ],
767 silly audit   '@firebase/firestore': [ '4.17.0' ],
767 silly audit   '@firebase/firestore-compat': [ '0.4.12' ],
767 silly audit   '@firebase/firestore-types': [ '3.0.4' ],
767 silly audit   '@firebase/functions': [ '0.13.6' ],
767 silly audit   '@firebase/functions-compat': [ '0.4.6' ],
767 silly audit   '@firebase/functions-types': [ '0.6.4' ],
767 silly audit   '@firebase/installations': [ '0.6.23' ],
767 silly audit   '@firebase/installations-compat': [ '0.2.23' ],
767 silly audit   '@firebase/installations-types': [ '0.5.4' ],
767 silly audit   '@firebase/logger': [ '0.5.1' ],
767 silly audit   '@firebase/messaging': [ '0.13.1' ],
767 silly audit   '@firebase/messaging-compat': [ '0.2.28' ],
767 silly audit   '@firebase/messaging-interop-types': [ '0.2.5' ],
767 silly audit   '@firebase/performance': [ '0.7.13' ],
767 silly audit   '@firebase/performance-compat': [ '0.2.26' ],
767 silly audit   '@firebase/performance-types': [ '0.2.4' ],
767 silly audit   '@firebase/remote-config': [ '0.9.1' ],
767 silly audit   '@firebase/remote-config-compat': [ '0.2.28' ],
767 silly audit   '@firebase/remote-config-types': [ '0.5.1' ],
767 silly audit   '@firebase/storage': [ '0.14.4' ],
767 silly audit   '@firebase/storage-compat': [ '0.4.4' ],
767 silly audit   '@firebase/storage-types': [ '0.8.4' ],
767 silly audit   '@firebase/util': [ '1.15.2' ],
767 silly audit   '@firebase/webchannel-wrapper': [ '1.0.6' ],
767 silly audit   '@google-cloud/firestore': [ '7.11.6' ],
767 silly audit   '@google-cloud/paginator': [ '5.0.2' ],
767 silly audit   '@google-cloud/projectify': [ '4.0.0' ],
767 silly audit   '@google-cloud/promisify': [ '4.0.0' ],
767 silly audit   '@google-cloud/storage': [ '7.22.0' ],
767 silly audit   'gcp-metadata': [ '6.1.1', '8.1.2' ],
767 silly audit   'google-auth-library': [ '9.15.1', '10.9.1' ],
767 silly audit   'google-logging-utils': [ '0.0.2', '1.1.3' ],
767 silly audit   '@grpc/grpc-js': [ '1.9.16', '1.14.4' ],
767 silly audit   '@grpc/proto-loader': [ '0.7.15', '0.8.1' ],
767 silly audit   '@img/colour': [ '1.1.0' ],
767 silly audit   '@img/sharp-darwin-arm64': [ '0.34.5' ],
767 silly audit   '@img/sharp-darwin-x64': [ '0.34.5' ],
767 silly audit   '@img/sharp-libvips-darwin-arm64': [ '1.2.4' ],
767 silly audit   '@img/sharp-libvips-darwin-x64': [ '1.2.4' ],
767 silly audit   '@img/sharp-libvips-linux-arm': [ '1.2.4' ],
767 silly audit   '@img/sharp-libvips-linux-arm64': [ '1.2.4' ],
767 silly audit   '@img/sharp-libvips-linux-ppc64': [ '1.2.4' ],
767 silly audit   '@img/sharp-libvips-linux-riscv64': [ '1.2.4' ],
767 silly audit   '@img/sharp-libvips-linux-s390x': [ '1.2.4' ],
767 silly audit   '@img/sharp-libvips-linux-x64': [ '1.2.4' ],
767 silly audit   '@img/sharp-libvips-linuxmusl-arm64': [ '1.2.4' ],
767 silly audit   '@img/sharp-libvips-linuxmusl-x64': [ '1.2.4' ],
767 silly audit   '@img/sharp-linux-arm': [ '0.34.5' ],
767 silly audit   '@img/sharp-linux-arm64': [ '0.34.5' ],
767 silly audit   '@img/sharp-linux-ppc64': [ '0.34.5' ],
767 silly audit   '@img/sharp-linux-riscv64': [ '0.34.5' ],
767 silly audit   '@img/sharp-linux-s390x': [ '0.34.5' ],
767 silly audit   '@img/sharp-linux-x64': [ '0.34.5' ],
767 silly audit   '@img/sharp-linuxmusl-arm64': [ '0.34.5' ],
767 silly audit   '@img/sharp-linuxmusl-x64': [ '0.34.5' ],
767 silly audit   '@img/sharp-wasm32': [ '0.34.5' ],
767 silly audit   '@img/sharp-win32-arm64': [ '0.34.5' ],
767 silly audit   '@img/sharp-win32-ia32': [ '0.34.5' ],
767 silly audit   '@img/sharp-win32-x64': [ '0.34.5' ],
767 silly audit   '@js-sdsl/ordered-map': [ '4.4.2' ],
767 silly audit   '@next/env': [ '15.5.23' ],
767 silly audit   '@next/swc-darwin-arm64': [ '15.5.23' ],
767 silly audit   '@next/swc-darwin-x64': [ '15.5.23' ],
767 silly audit   '@next/swc-linux-arm64-gnu': [ '15.5.23' ],
767 silly audit   '@next/swc-linux-arm64-musl': [ '15.5.23' ],
767 silly audit   '@next/swc-linux-x64-gnu': [ '15.5.23' ],
767 silly audit   '@next/swc-linux-x64-musl': [ '15.5.23' ],
767 silly audit   '@next/swc-win32-arm64-msvc': [ '15.5.23' ],
767 silly audit   '@next/swc-win32-x64-msvc': [ '15.5.23' ],
767 silly audit   '@nodable/entities': [ '3.0.0' ],
767 silly audit   '@opentelemetry/api': [ '1.9.1' ],
767 silly audit   '@protobufjs/aspromise': [ '1.1.2' ],
767 silly audit   '@protobufjs/base64': [ '1.1.2' ],
767 silly audit   '@protobufjs/codegen': [ '2.0.5' ],
767 silly audit   '@protobufjs/eventemitter': [ '1.1.1' ],
767 silly audit   '@protobufjs/fetch': [ '1.1.1' ],
767 silly audit   '@protobufjs/float': [ '1.0.2' ],
767 silly audit   '@protobufjs/path': [ '1.1.2' ],
767 silly audit   '@protobufjs/pool': [ '1.1.0' ],
767 silly audit   '@protobufjs/utf8': [ '1.1.2' ],
767 silly audit   '@swc/helpers': [ '0.5.15' ],
767 silly audit   '@tootallnate/once': [ '2.0.1' ],
767 silly audit   '@types/caseless': [ '0.12.5' ],
767 silly audit   '@types/jsonwebtoken': [ '9.0.10' ],
767 silly audit   '@types/long': [ '4.0.2' ],
767 silly audit   '@types/ms': [ '2.1.0' ],
767 silly audit   '@types/node': [ '26.2.0' ],
767 silly audit   '@types/request': [ '2.48.13' ],
767 silly audit   '@types/tough-cookie': [ '4.0.5' ],
767 silly audit   'abort-controller': [ '3.0.0' ],
767 silly audit   'adler-32': [ '1.3.1' ],
767 silly audit   'agent-base': [ '7.1.4', '6.0.2' ],
767 silly audit   'ansi-regex': [ '5.0.1' ],
767 silly audit   'ansi-styles': [ '4.3.0' ],
767 silly audit   anynum: [ '1.0.1' ],
767 silly audit   arrify: [ '2.0.1' ],
767 silly audit   'async-retry': [ '1.3.3' ],
767 silly audit   asynckit: [ '0.4.0' ],
767 silly audit   'base64-js': [ '1.5.1' ],
767 silly audit   bcryptjs: [ '2.4.3' ],
767 silly audit   'bignumber.js': [ '9.3.1' ],
767 silly audit   'buffer-equal-constant-time': [ '1.0.1' ],
767 silly audit   'call-bind-apply-helpers': [ '1.0.2' ],
767 silly audit   'caniuse-lite': [ '1.0.30001809' ],
767 silly audit   cfb: [ '1.2.2' ],
767 silly audit   'client-only': [ '0.0.1' ],
767 silly audit   cliui: [ '8.0.1' ],
767 silly audit   codepage: [ '1.15.0' ],
767 silly audit   'color-convert': [ '2.0.1' ],
767 silly audit   'color-name': [ '1.1.4' ],
767 silly audit   'combined-stream': [ '1.0.8' ],
767 silly audit   'crc-32': [ '1.2.2' ],
767 silly audit   'data-uri-to-buffer': [ '4.0.1' ],
767 silly audit   debug: [ '4.4.3' ],
767 silly audit   'delayed-stream': [ '1.0.0' ],
767 silly audit   'detect-libc': [ '2.1.2' ],
767 silly audit   'dunder-proto': [ '1.0.1' ],
767 silly audit   duplexify: [ '4.1.3' ],
767 silly audit   'ecdsa-sig-formatter': [ '1.0.11' ],
767 silly audit   'emoji-regex': [ '8.0.0' ],
767 silly audit   'end-of-stream': [ '1.4.5' ],
767 silly audit   'es-define-property': [ '1.0.1' ],
767 silly audit   'es-errors': [ '1.3.0' ],
767 silly audit   'es-object-atoms': [ '1.1.2' ],
767 silly audit   'es-set-tostringtag': [ '2.1.0' ],
767 silly audit   escalade: [ '3.2.0' ],
767 silly audit   'event-target-shim': [ '5.0.1' ],
767 silly audit   extend: [ '3.0.2' ],
767 silly audit   'farmhash-modern': [ '1.1.0' ],
767 silly audit   'fast-deep-equal': [ '3.1.3' ],
767 silly audit   'fast-xml-builder': [ '1.3.1' ],
767 silly audit   'fast-xml-parser': [ '5.10.1' ],
767 silly audit   'faye-websocket': [ '0.11.4' ],
767 silly audit   'fetch-blob': [ '3.2.0' ],
767 silly audit   firebase: [ '12.17.1' ],
767 silly audit   'firebase-admin': [ '13.10.0' ],
767 silly audit   'form-data': [ '2.5.6' ],
767 silly audit   'formdata-polyfill': [ '4.0.10' ],
767 silly audit   frac: [ '1.1.2' ],
767 silly audit   'function-bind': [ '1.1.2' ],
767 silly audit   'functional-red-black-tree': [ '1.0.1' ],
767 silly audit   gaxios: [ '6.7.1', '7.3.1' ],
767 silly audit   'node-fetch': [ '3.3.2', '2.7.0' ],
767 silly audit   'get-caller-file': [ '2.0.5' ],
767 silly audit   'get-intrinsic': [ '1.3.0' ],
767 silly audit   'get-proto': [ '1.0.1' ],
767 silly audit   'google-gax': [ '4.6.1' ],
767 silly audit   gopd: [ '1.2.0' ],
767 silly audit   gtoken: [ '7.1.0' ],
767 silly audit   'has-symbols': [ '1.1.0' ],
767 silly audit   'has-tostringtag': [ '1.0.2' ],
767 silly audit   hasown: [ '2.0.4' ],
767 silly audit   'html-entities': [ '2.6.0' ],
767 silly audit   'http-parser-js': [ '0.5.10' ],
767 silly audit   'http-proxy-agent': [ '5.0.0' ],
767 silly audit   'https-proxy-agent': [ '7.0.6', '5.0.1' ],
767 silly audit   idb: [ '7.1.1' ],
767 silly audit   inherits: [ '2.0.4' ],
767 silly audit   'is-fullwidth-code-point': [ '3.0.0' ],
767 silly audit   'is-stream': [ '2.0.1' ],
767 silly audit   'is-unsafe': [ '2.0.0' ],
767 silly audit   jose: [ '4.15.9' ],
767 silly audit   'json-bigint': [ '1.0.0' ],
767 silly audit   jsonwebtoken: [ '9.0.3' ],
767 silly audit   jwa: [ '2.0.1' ],
767 silly audit   'jwks-rsa': [ '3.2.2' ],
767 silly audit   jws: [ '4.0.1' ],
767 silly audit   limiter: [ '1.1.5' ],
767 silly audit   'lodash.camelcase': [ '4.3.0' ],
767 silly audit   'lodash.clonedeep': [ '4.5.0' ],
767 silly audit   'lodash.includes': [ '4.3.0' ],
767 silly audit   'lodash.isboolean': [ '3.0.3' ],
767 silly audit   'lodash.isinteger': [ '4.0.4' ],
767 silly audit   'lodash.isnumber': [ '3.0.3' ],
767 silly audit   'lodash.isplainobject': [ '4.0.6' ],
767 silly audit   'lodash.isstring': [ '4.0.1' ],
767 silly audit   'lodash.once': [ '4.1.1' ],
767 silly audit   long: [ '5.3.2' ],
767 silly audit   'lru-cache': [ '6.0.0' ],
767 silly audit   'lru-memoizer': [ '2.3.0' ],
767 silly audit   'math-intrinsics': [ '1.1.0' ],
767 silly audit   mime: [ '3.0.0' ],
767 silly audit   'mime-db': [ '1.52.0' ],
767 silly audit   'mime-types': [ '2.1.35' ],
767 silly audit   ms: [ '2.1.3' ],
767 silly audit   nanoid: [ '3.3.18' ],
767 silly audit   next: [ '15.5.23' ],
767 silly audit   'node-domexception': [ '1.0.0' ],
767 silly audit   'object-hash': [ '3.0.0' ],
767 silly audit   once: [ '1.4.0' ],
767 silly audit   'p-limit': [ '3.1.0' ],
767 silly audit   'path-expression-matcher': [ '1.6.2' ],
767 silly audit   picocolors: [ '1.1.1' ],
767 silly audit   postcss: [ '8.4.31' ],
767 silly audit   'proto3-json-serializer': [ '2.0.2' ],
767 silly audit   protobufjs: [ '7.6.5' ],
767 silly audit   re2js: [ '2.8.6' ],
767 silly audit   react: [ '19.2.8' ],
767 silly audit   'react-dom': [ '19.2.8' ],
767 silly audit   'readable-stream': [ '3.6.2' ],
767 silly audit   'require-directory': [ '2.1.1' ],
767 silly audit   retry: [ '0.13.1' ],
767 silly audit   'retry-request': [ '7.0.2' ],
767 silly audit   'safe-buffer': [ '5.2.1' ],
767 silly audit   scheduler: [ '0.27.0' ],
767 silly audit   semver: [ '7.8.5' ],
767 silly audit   sharp: [ '0.34.5' ],
767 silly audit   'source-map-js': [ '1.2.1' ],
767 silly audit   ssf: [ '0.11.2' ],
767 silly audit   'stream-events': [ '1.0.5' ],
767 silly audit   'stream-shift': [ '1.0.3' ],
767 silly audit   string_decoder: [ '1.3.0' ],
767 silly audit   'string-width': [ '4.2.3' ],
767 silly audit   'strip-ansi': [ '6.0.1' ],
767 silly audit   strnum: [ '2.4.2' ],
767 silly audit   stubs: [ '3.0.0' ],
767 silly audit   'styled-jsx': [ '5.1.6' ],
767 silly audit   'teeny-request': [ '9.0.0' ],
767 silly audit   tr46: [ '0.0.3' ],
767 silly audit   tslib: [ '2.8.1' ],
767 silly audit   'undici-types': [ '8.3.0' ],
767 silly audit   'util-deprecate': [ '1.0.2' ],
767 silly audit   uuid: [ '9.0.1' ],
767 silly audit   'web-streams-polyfill': [ '3.3.3' ],
767 silly audit   'web-vitals': [ '4.2.4' ],
767 silly audit   'webidl-conversions': [ '3.0.1' ],
767 silly audit   'websocket-driver': [ '0.7.5' ],
767 silly audit   'websocket-extensions': [ '0.1.4' ],
767 silly audit   'whatwg-url': [ '5.0.0' ],
767 silly audit   wmf: [ '1.0.2' ],
767 silly audit   word: [ '0.3.0' ],
767 silly audit   'wrap-ansi': [ '7.0.0' ],
767 silly audit   wrappy: [ '1.0.2' ],
767 silly audit   xlsx: [ '0.18.5' ],
767 silly audit   'xml-naming': [ '0.3.0' ],
767 silly audit   y18n: [ '5.0.8' ],
767 silly audit   yallist: [ '4.0.0' ],
767 silly audit   yargs: [ '17.7.3' ],
767 silly audit   'yargs-parser': [ '21.1.1' ],
767 silly audit   'yocto-queue': [ '0.1.0' ],
767 silly audit   katex: [ '0.16.47' ],
767 silly audit   commander: [ '8.3.0' ]
767 silly audit }
768 http cache @opentelemetry/api@https://registry.npmjs.org/@opentelemetry/api/-/api-1.9.1.tgz 0ms (cache hit)
769 http cache commander@https://registry.npmjs.org/commander/-/commander-8.3.0.tgz 0ms (cache hit)
770 http cache katex@https://registry.npmjs.org/katex/-/katex-0.16.47.tgz 0ms (cache hit)
771 silly tarball no local data for commander@https://registry.npmjs.org/commander/-/commander-8.3.0.tgz. Extracting by manifest.
772 silly tarball no local data for katex@https://registry.npmjs.org/katex/-/katex-0.16.47.tgz. Extracting by manifest.
773 http fetch POST 200 https://registry.npmjs.org/-/npm/v1/security/advisories/bulk 393ms
774 silly audit report {
774 silly audit report   postcss: [
774 silly audit report     {
774 silly audit report       id: 1130709,
774 silly audit report       url: 'https://github.com/advisories/GHSA-fxqj-rqcc-2cmp',
774 silly audit report       title: 'PostCSS: incomplete fix of GHSA-6g55-p6wh-862q — attacker-controlled sourceMappingURL reads arbitrary .map files when `from` is unset',
774 silly audit report       severity: 'moderate',
774 silly audit report       vulnerable_versions: '<=8.5.22',
774 silly audit report       cwe: [Array],
774 silly audit report       cvss: [Object]
774 silly audit report     },
774 silly audit report     {
774 silly audit report       id: 1117015,
774 silly audit report       url: 'https://github.com/advisories/GHSA-qx2v-qp2m-jg93',
774 silly audit report       title: 'PostCSS has XSS via Unescaped </style> in its CSS Stringify Output',
774 silly audit report       severity: 'moderate',
774 silly audit report       vulnerable_versions: '<8.5.10',
774 silly audit report       cwe: [Array],
774 silly audit report       cvss: [Object]
774 silly audit report     },
774 silly audit report     {
774 silly audit report       id: 1124252,
774 silly audit report       url: 'https://github.com/advisories/GHSA-6g55-p6wh-862q',
774 silly audit report       title: 'PostCSS: Arbitrary file read and information disclosure via attacker-controlled sourceMappingURL in CSS comments',
774 silly audit report       severity: 'high',
774 silly audit report       vulnerable_versions: '<=8.5.11',
774 silly audit report       cwe: [Array],
774 silly audit report       cvss: [Object]
774 silly audit report     },
774 silly audit report     {
774 silly audit report       id: 1139510,
774 silly audit report       url: 'https://github.com/advisories/GHSA-r28c-9q8g-f849',
774 silly audit report       title: 'PostCSS: Path Traversal in Previous Source Map Auto-Loading (sourceMappingURL) leads to Arbitrary .map File Disclosure',
774 silly audit report       severity: 'high',
774 silly audit report       vulnerable_versions: '<=8.5.17',
774 silly audit report       cwe: [Array],
774 silly audit report       cvss: [Object]
774 silly audit report     }
774 silly audit report   ],
774 silly audit report   sharp: [
774 silly audit report     {
774 silly audit report       id: 1124066,
774 silly audit report       url: 'https://github.com/advisories/GHSA-f88m-g3jw-g9cj',
774 silly audit report       title: 'sharp inherited vulnerabilities in libvips: CVE-2026-33327, CVE-2026-33328, CVE-2026-35590, CVE-2026-35591',
774 silly audit report       severity: 'high',
774 silly audit report       vulnerable_versions: '<0.35.0',
774 silly audit report       cwe: [Array],
774 silly audit report       cvss: [Object]
774 silly audit report     }
774 silly audit report   ],
774 silly audit report   uuid: [
774 silly audit report     {
774 silly audit report       id: 1119441,
774 silly audit report       url: 'https://github.com/advisories/GHSA-w5hq-g745-h8pq',
774 silly audit report       title: 'uuid: Missing buffer bounds check in v3/v5/v6 when buf is provided',
774 silly audit report       severity: 'moderate',
774 silly audit report       vulnerable_versions: '<11.1.1',
774 silly audit report       cwe: [Array],
774 silly audit report       cvss: [Object]
774 silly audit report     }
774 silly audit report   ],
774 silly audit report   xlsx: [
774 silly audit report     {
774 silly audit report       id: 1108110,
774 silly audit report       url: 'https://github.com/advisories/GHSA-4r6h-8v6p-xvw6',
774 silly audit report       title: 'Prototype Pollution in sheetJS',
774 silly audit report       severity: 'high',
774 silly audit report       vulnerable_versions: '<0.19.3',
774 silly audit report       cwe: [Array],
774 silly audit report       cvss: [Object]
774 silly audit report     },
774 silly audit report     {
774 silly audit report       id: 1108111,
774 silly audit report       url: 'https://github.com/advisories/GHSA-5pgg-2g8v-p4x9',
774 silly audit report       title: 'SheetJS Regular Expression Denial of Service (ReDoS)',
774 silly audit report       severity: 'high',
774 silly audit report       vulnerable_versions: '<0.20.2',
774 silly audit report       cwe: [Array],
774 silly audit report       cvss: [Object]
774 silly audit report     }
774 silly audit report   ]
774 silly audit report }
775 silly packumentCache corgi:https://registry.npmjs.org/postcss cache-miss
776 silly packumentCache corgi:https://registry.npmjs.org/sharp cache-miss
777 silly packumentCache corgi:https://registry.npmjs.org/uuid cache-miss
778 silly packumentCache corgi:https://registry.npmjs.org/xlsx cache-miss
779 http fetch GET 200 https://registry.npmjs.org/commander/-/commander-8.3.0.tgz 436ms (cache miss)
780 http fetch GET 200 https://registry.npmjs.org/postcss 304ms (cache revalidated)
781 silly packumentCache corgi:https://registry.npmjs.org/postcss set size:355680 disposed:false
782 http fetch GET 200 https://registry.npmjs.org/xlsx 635ms (cache revalidated)
783 silly packumentCache corgi:https://registry.npmjs.org/xlsx set size:134408 disposed:false
784 http fetch GET 200 https://registry.npmjs.org/uuid 1026ms (cache revalidated)
785 silly packumentCache corgi:https://registry.npmjs.org/uuid set size:82973 disposed:false
786 http fetch GET 200 https://registry.npmjs.org/sharp 1028ms (cache revalidated)
787 silly packumentCache corgi:https://registry.npmjs.org/sharp set size:291503 disposed:false
788 silly packumentCache corgi:https://registry.npmjs.org/next cache-miss
789 http fetch GET 200 https://registry.npmjs.org/katex/-/katex-0.16.47.tgz 2123ms (cache miss)
790 http fetch GET 200 https://registry.npmjs.org/next 4335ms (cache updated)
791 silly packumentCache corgi:https://registry.npmjs.org/next set size:undefined disposed:false
792 silly packumentCache corgi:https://registry.npmjs.org/gaxios cache-miss
793 silly packumentCache corgi:https://registry.npmjs.org/google-gax cache-miss
794 silly packumentCache corgi:https://registry.npmjs.org/teeny-request cache-miss
795 http fetch GET 200 https://registry.npmjs.org/teeny-request 145ms (cache revalidated)
796 silly packumentCache corgi:https://registry.npmjs.org/teeny-request set size:102216 disposed:false
797 http fetch GET 200 https://registry.npmjs.org/gaxios 149ms (cache revalidated)
798 silly packumentCache corgi:https://registry.npmjs.org/gaxios set size:204522 disposed:false
799 http fetch GET 200 https://registry.npmjs.org/google-gax 153ms (cache revalidated)
800 silly packumentCache corgi:https://registry.npmjs.org/google-gax set size:1006046 disposed:false
801 silly packumentCache corgi:https://registry.npmjs.org/@google-cloud%2fstorage cache-miss
802 silly packumentCache corgi:https://registry.npmjs.org/retry-request cache-miss
803 http fetch GET 200 https://registry.npmjs.org/retry-request 70ms (cache revalidated)
804 silly packumentCache corgi:https://registry.npmjs.org/retry-request set size:44428 disposed:false
805 http fetch GET 200 https://registry.npmjs.org/@google-cloud%2fstorage 729ms (cache revalidated)
806 silly packumentCache corgi:https://registry.npmjs.org/@google-cloud%2fstorage set size:483877 disposed:false
807 silly packumentCache corgi:https://registry.npmjs.org/gcp-metadata cache-miss
808 silly packumentCache corgi:https://registry.npmjs.org/google-auth-library cache-miss
809 silly packumentCache corgi:https://registry.npmjs.org/gtoken cache-miss
810 http fetch GET 200 https://registry.npmjs.org/gcp-metadata 75ms (cache revalidated)
811 silly packumentCache corgi:https://registry.npmjs.org/gcp-metadata set size:94422 disposed:false
812 http fetch GET 200 https://registry.npmjs.org/gtoken 77ms (cache revalidated)
813 silly packumentCache corgi:https://registry.npmjs.org/gtoken set size:74319 disposed:false
814 http fetch GET 200 https://registry.npmjs.org/google-auth-library 80ms (cache revalidated)
815 silly packumentCache corgi:https://registry.npmjs.org/google-auth-library set size:376934 disposed:false
816 silly packumentCache corgi:https://registry.npmjs.org/@google-cloud%2ffirestore cache-miss
817 http fetch GET 200 https://registry.npmjs.org/@google-cloud%2ffirestore 60ms (cache revalidated)
818 silly packumentCache corgi:https://registry.npmjs.org/@google-cloud%2ffirestore set size:336153 disposed:false
819 silly packumentCache corgi:https://registry.npmjs.org/firebase-admin cache-miss
820 http fetch GET 200 https://registry.npmjs.org/firebase-admin 169ms (cache revalidated)
821 silly packumentCache corgi:https://registry.npmjs.org/firebase-admin set size:349635 disposed:false
822 silly ADD node_modules/katex
823 silly REMOVE node_modules/zod
824 silly REMOVE node_modules/zip-stream
825 silly REMOVE node_modules/zip-stream/node_modules/readable-stream
826 silly REMOVE node_modules/zip-stream/node_modules/buffer
827 silly REMOVE node_modules/yn
828 silly REMOVE node_modules/yauzl
829 silly REMOVE node_modules/yaml
830 silly REMOVE node_modules/xtend
831 silly REMOVE node_modules/xss
832 silly REMOVE node_modules/xss/node_modules/commander
833 silly REMOVE node_modules/xdg-basedir
834 silly REMOVE node_modules/wsl-utils
835 silly REMOVE node_modules/wsl-utils/node_modules/powershell-utils
836 silly REMOVE node_modules/ws
837 silly REMOVE node_modules/write-file-atomic
838 silly REMOVE node_modules/write-file-atomic/node_modules/signal-exit
839 silly REMOVE node_modules/wrap-ansi-cjs
840 silly REMOVE node_modules/winston-transport
841 silly REMOVE node_modules/winston
842 silly REMOVE node_modules/windows-release
843 silly REMOVE node_modules/windows-release/node_modules/strip-final-newline
844 silly REMOVE node_modules/windows-release/node_modules/signal-exit
845 silly REMOVE node_modules/windows-release/node_modules/path-key
846 silly REMOVE node_modules/windows-release/node_modules/onetime
847 silly REMOVE node_modules/windows-release/node_modules/npm-run-path
848 silly REMOVE node_modules/windows-release/node_modules/is-stream
849 silly REMOVE node_modules/windows-release/node_modules/human-signals
850 silly REMOVE node_modules/windows-release/node_modules/get-stream
851 silly REMOVE node_modules/windows-release/node_modules/execa
852 silly REMOVE node_modules/widest-line
853 silly REMOVE node_modules/widest-line/node_modules/strip-ansi
854 silly REMOVE node_modules/widest-line/node_modules/string-width
855 silly REMOVE node_modules/widest-line/node_modules/emoji-regex
856 silly REMOVE node_modules/widest-line/node_modules/ansi-regex
857 silly REMOVE node_modules/which-typed-array
858 silly REMOVE node_modules/which-collection
859 silly REMOVE node_modules/which-builtin-type
860 silly REMOVE node_modules/which-boxed-primitive
861 silly REMOVE node_modules/which
862 silly REMOVE node_modules/which/node_modules/isexe
863 silly REMOVE node_modules/when-exit
864 silly REMOVE node_modules/wcwidth
865 silly REMOVE node_modules/vary
866 silly REMOVE node_modules/validate-npm-package-name
867 silly REMOVE node_modules/validate-npm-package-license
868 silly REMOVE node_modules/v8-compile-cache-lib
869 silly REMOVE node_modules/urlpattern-polyfill
870 silly REMOVE node_modules/uqr
871 silly REMOVE node_modules/update-notifier
872 silly REMOVE node_modules/untun
873 silly REMOVE node_modules/untildify
874 silly REMOVE node_modules/unstorage
875 silly REMOVE node_modules/unstorage/node_modules/lru-cache
876 silly REMOVE node_modules/unstorage/node_modules/chokidar
877 silly REMOVE node_modules/unpipe
878 silly REMOVE node_modules/unixify
879 silly REMOVE node_modules/unixify/node_modules/normalize-path
880 silly REMOVE node_modules/universal-user-agent
881 silly REMOVE node_modules/unicorn-magic
882 silly REMOVE node_modules/uncrypto
883 silly REMOVE node_modules/unbox-primitive
884 silly REMOVE node_modules/ulid
885 silly REMOVE node_modules/uid-safe
886 silly REMOVE node_modules/ufo
887 silly REMOVE node_modules/typescript
888 silly REMOVE node_modules/typed-array-length
889 silly REMOVE node_modules/typed-array-byte-offset
890 silly REMOVE node_modules/typed-array-byte-length
891 silly REMOVE node_modules/typed-array-buffer
892 silly REMOVE node_modules/type-is
893 silly REMOVE node_modules/type-is/node_modules/mime-types
894 silly REMOVE node_modules/type-is/node_modules/mime-db
895 silly REMOVE node_modules/type-is/node_modules/content-type
896 silly REMOVE node_modules/type-fest
897 silly REMOVE node_modules/ts-api-utils
898 silly REMOVE node_modules/triple-beam
899 silly REMOVE node_modules/tomlify-j0.4
900 silly REMOVE node_modules/toml
901 silly REMOVE node_modules/toidentifier
902 silly REMOVE node_modules/toad-cache
903 silly REMOVE node_modules/to-regex-range
904 silly REMOVE node_modules/tmp-promise
905 silly REMOVE node_modules/tmp
906 silly REMOVE node_modules/tinyglobby
907 silly REMOVE node_modules/tinyclip
908 silly REMOVE node_modules/through2
909 silly REMOVE node_modules/through2/node_modules/string_decoder
910 silly REMOVE node_modules/through2/node_modules/safe-buffer
911 silly REMOVE node_modules/through2/node_modules/readable-stream
912 silly REMOVE node_modules/through2/node_modules/isarray
913 silly REMOVE node_modules/through
914 silly REMOVE node_modules/thread-stream
915 silly REMOVE node_modules/thread-stream/node_modules/real-require
916 silly REMOVE node_modules/text-hex
917 silly REMOVE node_modules/text-decoder
918 silly REMOVE node_modules/terminal-link
919 silly REMOVE node_modules/teex
920 silly REMOVE node_modules/tar-stream
921 silly REMOVE node_modules/tar
922 silly REMOVE node_modules/tar/node_modules/yallist
923 silly REMOVE node_modules/tagged-tag
924 silly REMOVE node_modules/svgo
925 silly REMOVE node_modules/svgo/node_modules/commander
926 silly REMOVE node_modules/supports-preserve-symlinks-flag
927 silly REMOVE node_modules/supports-hyperlinks
928 silly REMOVE node_modules/supports-color
929 silly REMOVE node_modules/stubborn-utils
930 silly REMOVE node_modules/stubborn-fs
931 silly REMOVE node_modules/strip-json-comments
932 silly REMOVE node_modules/strip-final-newline
933 silly REMOVE node_modules/strip-ansi-cjs
934 silly REMOVE node_modules/string.prototype.trimstart
935 silly REMOVE node_modules/string.prototype.trimend
936 silly REMOVE node_modules/string.prototype.trim
937 silly REMOVE node_modules/string-width-cjs
938 silly REMOVE node_modules/streamx
939 silly REMOVE node_modules/stop-iteration-iterator
940 silly REMOVE node_modules/std-env
941 silly REMOVE node_modules/statuses
942 silly REMOVE node_modules/stackframe
943 silly REMOVE node_modules/stack-trace
944 silly REMOVE node_modules/stack-generator
945 silly REMOVE node_modules/split2
946 silly REMOVE node_modules/spdx-license-ids
947 silly REMOVE node_modules/spdx-expression-parse
948 silly REMOVE node_modules/spdx-exceptions
949 silly REMOVE node_modules/spdx-correct
950 silly REMOVE node_modules/source-map-support
951 silly REMOVE node_modules/source-map
952 silly REMOVE node_modules/sonic-boom
953 silly REMOVE node_modules/smol-toml
954 silly REMOVE node_modules/slice-ansi
955 silly REMOVE node_modules/slice-ansi/node_modules/is-fullwidth-code-point
956 silly REMOVE node_modules/slice-ansi/node_modules/ansi-styles
957 silly REMOVE node_modules/slashes
958 silly REMOVE node_modules/slash
959 silly REMOVE node_modules/signal-exit
960 silly REMOVE node_modules/side-channel-weakmap
961 silly REMOVE node_modules/side-channel-map
962 silly REMOVE node_modules/side-channel-list
963 silly REMOVE node_modules/side-channel
964 silly REMOVE node_modules/shebang-regex
965 silly REMOVE node_modules/shebang-command
966 silly REMOVE node_modules/setprototypeof
967 silly REMOVE node_modules/set-proto
968 silly REMOVE node_modules/set-function-name
969 silly REMOVE node_modules/set-function-length
970 silly REMOVE node_modules/set-error-message
971 silly REMOVE node_modules/set-cookie-parser
972 silly REMOVE node_modules/serve-static
973 silly REMOVE node_modules/send
974 silly REMOVE node_modules/send/node_modules/mime-types
975 silly REMOVE node_modules/send/node_modules/mime-db
976 silly REMOVE node_modules/secure-json-parse
977 silly REMOVE node_modules/sax
978 silly REMOVE node_modules/safer-buffer
979 silly REMOVE node_modules/safe-stable-stringify
980 silly REMOVE node_modules/safe-regex2
981 silly REMOVE node_modules/safe-regex-test
982 silly REMOVE node_modules/safe-push-apply
983 silly REMOVE node_modules/safe-json-stringify
984 silly REMOVE node_modules/safe-array-concat
985 silly REMOVE node_modules/rxjs
986 silly REMOVE node_modules/run-parallel
987 silly REMOVE node_modules/run-async
988 silly REMOVE node_modules/run-applescript
989 silly REMOVE node_modules/router
990 silly REMOVE node_modules/rfdc
991 silly REMOVE node_modules/reusify
992 silly REMOVE node_modules/ret
993 silly REMOVE node_modules/restore-cursor
994 silly REMOVE node_modules/resolve-from
995 silly REMOVE node_modules/resolve
996 silly REMOVE node_modules/requires-port
997 silly REMOVE node_modules/require-package-name
998 silly REMOVE node_modules/require-in-the-middle
999 silly REMOVE node_modules/require-from-string
1000 silly REMOVE node_modules/remove-trailing-separator
1001 silly REMOVE node_modules/registry-url
1002 silly REMOVE node_modules/registry-auth-token
1003 silly REMOVE node_modules/regexp.prototype.flags
1004 silly REMOVE node_modules/reflect.getprototypeof
1005 silly REMOVE node_modules/real-require
1006 silly REMOVE node_modules/readdirp
1007 silly REMOVE node_modules/readdir-glob
1008 silly REMOVE node_modules/read-pkg
1009 silly REMOVE node_modules/read-pkg/node_modules/unicorn-magic
1010 silly REMOVE node_modules/read-pkg/node_modules/normalize-package-data
1011 silly REMOVE node_modules/read-pkg/node_modules/lru-cache
1012 silly REMOVE node_modules/read-pkg/node_modules/hosted-git-info
1013 silly REMOVE node_modules/read-package-up
1014 silly REMOVE node_modules/read-package-up/node_modules/unicorn-magic
1015 silly REMOVE node_modules/read-package-up/node_modules/type-fest
1016 silly REMOVE node_modules/read-package-up/node_modules/read-pkg
1017 silly REMOVE node_modules/read-package-up/node_modules/normalize-package-data
1018 silly REMOVE node_modules/read-package-up/node_modules/lru-cache
1019 silly REMOVE node_modules/read-package-up/node_modules/hosted-git-info
1020 silly REMOVE node_modules/rc
1021 silly REMOVE node_modules/raw-body
1022 silly REMOVE node_modules/range-parser
1023 silly REMOVE node_modules/random-bytes
1024 silly REMOVE node_modules/radix3
1025 silly REMOVE node_modules/quote-unquote
1026 silly REMOVE node_modules/quick-format-unescaped
1027 silly REMOVE node_modules/queue-microtask
1028 silly REMOVE node_modules/qs
1029 silly REMOVE node_modules/pupa
1030 silly REMOVE node_modules/pump
1031 silly REMOVE node_modules/ps-list
1032 silly REMOVE node_modules/proxy-addr
1033 silly REMOVE node_modules/proxy-addr/node_modules/ipaddr.js
1034 silly REMOVE node_modules/proto-list
1035 silly REMOVE node_modules/process-warning
1036 silly REMOVE node_modules/process-nextick-args
1037 silly REMOVE node_modules/process
1038 silly REMOVE node_modules/prettyjson
1039 silly REMOVE node_modules/pretty-ms
1040 silly REMOVE node_modules/precond
1041 silly REMOVE node_modules/precinct
1042 silly REMOVE node_modules/precinct/node_modules/postcss
1043 silly REMOVE node_modules/precinct/node_modules/detective-postcss
1044 silly REMOVE node_modules/powershell-utils
1045 silly REMOVE node_modules/postgres-interval
1046 silly REMOVE node_modules/postgres-date
1047 silly REMOVE node_modules/postgres-bytea
1048 silly REMOVE node_modules/postgres-array
1049 silly REMOVE node_modules/postcss-values-parser
1050 silly REMOVE node_modules/possible-typed-array-names
1051 silly REMOVE node_modules/pino-std-serializers
1052 silly REMOVE node_modules/pino-abstract-transport
1053 silly REMOVE node_modules/pino-abstract-transport/node_modules/split2
1054 silly REMOVE node_modules/pino
1055 silly REMOVE node_modules/picoquery
1056 silly REMOVE node_modules/picomatch
1057 silly REMOVE node_modules/pgpass
1058 silly REMOVE node_modules/pgpass/node_modules/split2
1059 silly REMOVE node_modules/pg-types
1060 silly REMOVE node_modules/pg-protocol
1061 silly REMOVE node_modules/pg-pool
1062 silly REMOVE node_modules/pg-int8
1063 silly REMOVE node_modules/pg-gateway
1064 silly REMOVE node_modules/pg-connection-string
1065 silly REMOVE node_modules/pg-cloudflare
1066 silly REMOVE node_modules/pg
1067 silly REMOVE node_modules/pend
1068 silly REMOVE node_modules/pathe
1069 silly REMOVE node_modules/path-type
1070 silly REMOVE node_modules/path-to-regexp
1071 silly REMOVE node_modules/path-scurry
1072 silly REMOVE node_modules/path-scurry/node_modules/lru-cache
1073 silly REMOVE node_modules/path-parse
1074 silly REMOVE node_modules/path-key
1075 silly REMOVE node_modules/path-exists
1076 silly REMOVE node_modules/parseurl
1077 silly REMOVE node_modules/parse-ms
1078 silly REMOVE node_modules/parse-json
1079 silly REMOVE node_modules/parse-imports
1080 silly REMOVE node_modules/parse-gitignore
1081 silly REMOVE node_modules/parse-github-url
1082 silly REMOVE node_modules/parse-duration
1083 silly REMOVE node_modules/parallel-transform
1084 silly REMOVE node_modules/parallel-transform/node_modules/string_decoder
1085 silly REMOVE node_modules/parallel-transform/node_modules/safe-buffer
1086 silly REMOVE node_modules/parallel-transform/node_modules/readable-stream
1087 silly REMOVE node_modules/parallel-transform/node_modules/isarray
1088 silly REMOVE node_modules/package-json-from-dist
1089 silly REMOVE node_modules/package-json
1090 silly REMOVE node_modules/package-directory
1091 silly REMOVE node_modules/p-wait-for
1092 silly REMOVE node_modules/p-timeout
1093 silly REMOVE node_modules/p-retry
1094 silly REMOVE node_modules/p-reduce
1095 silly REMOVE node_modules/p-map
1096 silly REMOVE node_modules/p-locate
1097 silly REMOVE node_modules/p-locate/node_modules/yocto-queue
1098 silly REMOVE node_modules/p-locate/node_modules/p-limit
1099 silly REMOVE node_modules/p-filter
1100 silly REMOVE node_modules/p-event
1101 silly REMOVE node_modules/own-keys
1102 silly REMOVE node_modules/os-name
1103 silly REMOVE node_modules/ora
1104 silly REMOVE node_modules/ora/node_modules/supports-color
1105 silly REMOVE node_modules/ora/node_modules/is-unicode-supported
1106 silly REMOVE node_modules/ora/node_modules/has-flag
1107 silly REMOVE node_modules/ora/node_modules/chalk
1108 silly REMOVE node_modules/open
1109 silly REMOVE node_modules/onetime
1110 silly REMOVE node_modules/onetime/node_modules/mimic-fn
1111 silly REMOVE node_modules/one-time
1112 silly REMOVE node_modules/on-headers
1113 silly REMOVE node_modules/on-finished
1114 silly REMOVE node_modules/on-exit-leak-free
1115 silly REMOVE node_modules/ofetch
1116 silly REMOVE node_modules/object.entries
1117 silly REMOVE node_modules/object.assign
1118 silly REMOVE node_modules/object-keys
1119 silly REMOVE node_modules/object-inspect
1120 silly REMOVE node_modules/nth-check
1121 silly REMOVE node_modules/npm-run-path
1122 silly REMOVE node_modules/normalize-path
1123 silly REMOVE node_modules/normalize-package-data
1124 silly REMOVE node_modules/normalize-exception
1125 silly REMOVE node_modules/nopt
1126 silly REMOVE node_modules/node-stream-zip
1127 silly REMOVE node_modules/node-source-walk
1128 silly REMOVE node_modules/node-mock-http
1129 silly REMOVE node_modules/node-gyp-build
1130 silly REMOVE node_modules/node-forge
1131 silly REMOVE node_modules/node-fetch-native
1132 silly REMOVE node_modules/node-exports-info
1133 silly REMOVE node_modules/node-exports-info/node_modules/semver
1134 silly REMOVE node_modules/netlify-redirector
1135 silly REMOVE node_modules/netlify-cli
1136 silly REMOVE node_modules/netlify-cli/node_modules/node-fetch
1137 silly REMOVE node_modules/netlify-cli/node_modules/is-stream
1138 silly REMOVE node_modules/netlify-cli/node_modules/https-proxy-agent
1139 silly REMOVE node_modules/netlify-cli/node_modules/agent-base
1140 silly REMOVE node_modules/negotiator
1141 silly REMOVE node_modules/nanospinner
1142 silly REMOVE node_modules/mute-stream
1143 silly REMOVE node_modules/multiparty
1144 silly REMOVE node_modules/multiparty/node_modules/statuses
1145 silly REMOVE node_modules/multiparty/node_modules/http-errors
1146 silly REMOVE node_modules/move-file
1147 silly REMOVE node_modules/module-details-from-path
1148 silly REMOVE node_modules/module-definition
1149 silly REMOVE node_modules/modern-tar
1150 silly REMOVE node_modules/minizlib
1151 silly REMOVE node_modules/minipass
1152 silly REMOVE node_modules/minimist
1153 silly REMOVE node_modules/minimatch
1154 silly REMOVE node_modules/mimic-function
1155 silly REMOVE node_modules/mimic-fn
1156 silly REMOVE node_modules/micromatch
1157 silly REMOVE node_modules/micromatch/node_modules/picomatch
1158 silly REMOVE node_modules/micro-memoize
1159 silly REMOVE node_modules/merge2
1160 silly REMOVE node_modules/merge-stream
1161 silly REMOVE node_modules/merge-options
1162 silly REMOVE node_modules/merge-options/node_modules/is-plain-obj
1163 silly REMOVE node_modules/merge-descriptors
1164 silly REMOVE node_modules/memoize-one
1165 silly REMOVE node_modules/media-typer
1166 silly REMOVE node_modules/mdn-data
1167 silly REMOVE node_modules/maxstache-stream
1168 silly REMOVE node_modules/maxstache-stream/node_modules/pump
1169 silly REMOVE node_modules/maxstache
1170 silly REMOVE node_modules/map-obj
1171 silly REMOVE node_modules/make-error
1172 silly REMOVE node_modules/magic-string
1173 silly REMOVE node_modules/macos-release
1174 silly REMOVE node_modules/luxon
1175 silly REMOVE node_modules/logform
1176 silly REMOVE node_modules/log-update
1177 silly REMOVE node_modules/log-update/node_modules/wrap-ansi
1178 silly REMOVE node_modules/log-update/node_modules/strip-ansi
1179 silly REMOVE node_modules/log-update/node_modules/string-width
1180 silly REMOVE node_modules/log-update/node_modules/signal-exit
1181 silly REMOVE node_modules/log-update/node_modules/restore-cursor
1182 silly REMOVE node_modules/log-update/node_modules/onetime
1183 silly REMOVE node_modules/log-update/node_modules/cli-cursor
1184 silly REMOVE node_modules/log-update/node_modules/ansi-styles
1185 silly REMOVE node_modules/log-update/node_modules/ansi-regex
1186 silly REMOVE node_modules/log-symbols
1187 silly REMOVE node_modules/log-symbols/node_modules/supports-color
1188 silly REMOVE node_modules/log-symbols/node_modules/is-unicode-supported
1189 silly REMOVE node_modules/log-symbols/node_modules/has-flag
1190 silly REMOVE node_modules/log-symbols/node_modules/chalk
1191 silly REMOVE node_modules/log-process-errors
1192 silly REMOVE node_modules/lodash.transform
1193 silly REMOVE node_modules/lodash.isempty
1194 silly REMOVE node_modules/lodash
1195 silly REMOVE node_modules/lockparse
1196 silly REMOVE node_modules/locate-path
1197 silly REMOVE node_modules/listhen
1198 silly REMOVE node_modules/listhen/node_modules/crossws
1199 silly REMOVE node_modules/listhen/node_modules/citty
1200 silly REMOVE node_modules/light-my-request
1201 silly REMOVE node_modules/light-my-request/node_modules/process-warning
1202 silly REMOVE node_modules/leven
1203 silly REMOVE node_modules/lazystream
1204 silly REMOVE node_modules/lazystream/node_modules/string_decoder
1205 silly REMOVE node_modules/lazystream/node_modules/safe-buffer
1206 silly REMOVE node_modules/lazystream/node_modules/readable-stream
1207 silly REMOVE node_modules/lazystream/node_modules/isarray
1208 silly REMOVE node_modules/latest-version
1209 silly REMOVE node_modules/lambda-local
1210 silly REMOVE node_modules/lambda-local/node_modules/dotenv
1211 silly REMOVE node_modules/lambda-local/node_modules/commander
1212 silly REMOVE node_modules/ky
1213 silly REMOVE node_modules/kuler
1214 silly REMOVE node_modules/keep-func-props
1215 silly REMOVE node_modules/jwt-decode
1216 silly REMOVE node_modules/junk
1217 silly REMOVE node_modules/jsonpointer
1218 silly REMOVE node_modules/json-with-bigint
1219 silly REMOVE node_modules/json-schema-traverse
1220 silly REMOVE node_modules/json-schema-ref-resolver
1221 silly REMOVE node_modules/js-tokens
1222 silly REMOVE node_modules/js-image-generator
1223 silly REMOVE node_modules/jpeg-js
1224 silly REMOVE node_modules/jiti
1225 silly REMOVE node_modules/jackspeak
1226 silly REMOVE node_modules/isexe
1227 silly REMOVE node_modules/iserror
1228 silly REMOVE node_modules/isarray
1229 silly REMOVE node_modules/is-wsl
1230 silly REMOVE node_modules/is-weakset
1231 silly REMOVE node_modules/is-weakref
1232 silly REMOVE node_modules/is-weakmap
1233 silly REMOVE node_modules/is-url-superb
1234 silly REMOVE node_modules/is-unicode-supported
1235 silly REMOVE node_modules/is-typed-array
1236 silly REMOVE node_modules/is-symbol
1237 silly REMOVE node_modules/is-string
1238 silly REMOVE node_modules/is-shared-array-buffer
1239 silly REMOVE node_modules/is-set
1240 silly REMOVE node_modules/is-safe-filename
1241 silly REMOVE node_modules/is-regex
1242 silly REMOVE node_modules/is-promise
1243 silly REMOVE node_modules/is-plain-object
1244 silly REMOVE node_modules/is-plain-obj
1245 silly REMOVE node_modules/is-path-inside
1246 silly REMOVE node_modules/is-number-object
1247 silly REMOVE node_modules/is-number
1248 silly REMOVE node_modules/is-npm
1249 silly REMOVE node_modules/is-network-error
1250 silly REMOVE node_modules/is-negative-zero
1251 silly REMOVE node_modules/is-map
1252 silly REMOVE node_modules/is-interactive
1253 silly REMOVE node_modules/is-installed-globally
1254 silly REMOVE node_modules/is-inside-container
1255 silly REMOVE node_modules/is-inside-container/node_modules/is-docker
1256 silly REMOVE node_modules/is-in-ssh
1257 silly REMOVE node_modules/is-in-ci
1258 silly REMOVE node_modules/is-glob
1259 silly REMOVE node_modules/is-generator-function
1260 silly REMOVE node_modules/is-finalizationregistry
1261 silly REMOVE node_modules/is-extglob
1262 silly REMOVE node_modules/is-error-instance
1263 silly REMOVE node_modules/is-document.all
1264 silly REMOVE node_modules/is-docker
1265 silly REMOVE node_modules/is-date-object
1266 silly REMOVE node_modules/is-data-view
1267 silly REMOVE node_modules/is-core-module
1268 silly REMOVE node_modules/is-callable
1269 silly REMOVE node_modules/is-boolean-object
1270 silly REMOVE node_modules/is-bigint
1271 silly REMOVE node_modules/is-async-function
1272 silly REMOVE node_modules/is-array-buffer
1273 silly REMOVE node_modules/iron-webcrypto
1274 silly REMOVE node_modules/ipx
1275 silly REMOVE node_modules/ipaddr.js
1276 silly REMOVE node_modules/internal-slot
1277 silly REMOVE node_modules/inquirer-autocomplete-prompt
1278 silly REMOVE node_modules/inquirer-autocomplete-prompt/node_modules/type-fest
1279 silly REMOVE node_modules/inquirer-autocomplete-prompt/node_modules/tslib
1280 silly REMOVE node_modules/inquirer-autocomplete-prompt/node_modules/supports-color
1281 silly REMOVE node_modules/inquirer-autocomplete-prompt/node_modules/rxjs
1282 silly REMOVE node_modules/inquirer-autocomplete-prompt/node_modules/has-flag
1283 silly REMOVE node_modules/inquirer-autocomplete-prompt/node_modules/figures
1284 silly REMOVE node_modules/inquirer-autocomplete-prompt/node_modules/escape-string-regexp
1285 silly REMOVE node_modules/inquirer-autocomplete-prompt/node_modules/chalk
1286 silly REMOVE node_modules/inquirer-autocomplete-prompt/node_modules/ansi-escapes
1287 silly REMOVE node_modules/inquirer
1288 silly REMOVE node_modules/inquirer/node_modules/wrap-ansi
1289 silly REMOVE node_modules/inquirer/node_modules/type-fest
1290 silly REMOVE node_modules/inquirer/node_modules/supports-color
1291 silly REMOVE node_modules/inquirer/node_modules/has-flag
1292 silly REMOVE node_modules/inquirer/node_modules/figures
1293 silly REMOVE node_modules/inquirer/node_modules/escape-string-regexp
1294 silly REMOVE node_modules/inquirer/node_modules/chalk
1295 silly REMOVE node_modules/inquirer/node_modules/ansi-escapes
1296 silly REMOVE node_modules/ini
1297 silly REMOVE node_modules/index-to-position
1298 silly REMOVE node_modules/indent-string
1299 silly REMOVE node_modules/imurmurhash
1300 silly REMOVE node_modules/import-in-the-middle
1301 silly REMOVE node_modules/import-in-the-middle/node_modules/es-module-lexer
1302 silly REMOVE node_modules/image-size
1303 silly REMOVE node_modules/image-meta
1304 silly REMOVE node_modules/ignore
1305 silly REMOVE node_modules/ieee754
1306 silly REMOVE node_modules/iconv-lite
1307 silly REMOVE node_modules/human-signals
1308 silly REMOVE node_modules/http-shutdown
1309 silly REMOVE node_modules/http-proxy-middleware
1310 silly REMOVE node_modules/http-proxy
1311 silly REMOVE node_modules/http-errors
1312 silly REMOVE node_modules/hot-shots
1313 silly REMOVE node_modules/hosted-git-info
1314 silly REMOVE node_modules/hosted-git-info/node_modules/lru-cache
1315 silly REMOVE node_modules/has-proto
1316 silly REMOVE node_modules/has-property-descriptors
1317 silly REMOVE node_modules/has-flag
1318 silly REMOVE node_modules/has-bigints
1319 silly REMOVE node_modules/h3
1320 silly REMOVE node_modules/graceful-fs
1321 silly REMOVE node_modules/gonzales-pe
1322 silly REMOVE node_modules/globby
1323 silly REMOVE node_modules/globalthis
1324 silly REMOVE node_modules/global-directory
1325 silly REMOVE node_modules/global-directory/node_modules/ini
1326 silly REMOVE node_modules/glob-parent
1327 silly REMOVE node_modules/glob
1328 silly REMOVE node_modules/gitconfiglocal
1329 silly REMOVE node_modules/git-repo-info
1330 silly REMOVE node_modules/get-symbol-description
1331 silly REMOVE node_modules/get-stream
1332 silly REMOVE node_modules/get-stream/node_modules/is-stream
1333 silly REMOVE node_modules/get-port-please
1334 silly REMOVE node_modules/get-port
1335 silly REMOVE node_modules/get-east-asian-width
1336 silly REMOVE node_modules/get-amd-module-type
1337 silly REMOVE node_modules/generator-function
1338 silly REMOVE node_modules/fuzzy
1339 silly REMOVE node_modules/functions-have-names
1340 silly REMOVE node_modules/function.prototype.name
1341 silly REMOVE node_modules/from2
1342 silly REMOVE node_modules/from2/node_modules/string_decoder
1343 silly REMOVE node_modules/from2/node_modules/safe-buffer
1344 silly REMOVE node_modules/from2/node_modules/readable-stream
1345 silly REMOVE node_modules/from2/node_modules/isarray
1346 silly REMOVE node_modules/fresh
1347 silly REMOVE node_modules/forwarded
1348 silly REMOVE node_modules/foreground-child
1349 silly REMOVE node_modules/foreground-child/node_modules/signal-exit
1350 silly REMOVE node_modules/for-each
1351 silly REMOVE node_modules/follow-redirects
1352 silly REMOVE node_modules/folder-walker
1353 silly REMOVE node_modules/fn.name
1354 silly REMOVE node_modules/find-up-simple
1355 silly REMOVE node_modules/find-up
1356 silly REMOVE node_modules/find-my-way
1357 silly REMOVE node_modules/finalhandler
1358 silly REMOVE node_modules/filter-obj
1359 silly REMOVE node_modules/fill-range
1360 silly REMOVE node_modules/file-uri-to-path
1361 silly REMOVE node_modules/figures
1362 silly REMOVE node_modules/fecha
1363 silly REMOVE node_modules/fdir
1364 silly REMOVE node_modules/fd-slicer
1365 silly REMOVE node_modules/fastq
1366 silly REMOVE node_modules/fastify-plugin
1367 silly REMOVE node_modules/fastify
1368 silly REMOVE node_modules/fastest-levenshtein
1369 silly REMOVE node_modules/fast-uri
1370 silly REMOVE node_modules/fast-stringify
1371 silly REMOVE node_modules/fast-string-width
1372 silly REMOVE node_modules/fast-string-truncated-width
1373 silly REMOVE node_modules/fast-safe-stringify
1374 silly REMOVE node_modules/fast-querystring
1375 silly REMOVE node_modules/fast-json-stringify
1376 silly REMOVE node_modules/fast-json-stringify/node_modules/fast-uri
1377 silly REMOVE node_modules/fast-glob
1378 silly REMOVE node_modules/fast-fifo
1379 silly REMOVE node_modules/fast-equals
1380 silly REMOVE node_modules/fast-decode-uri-component
1381 silly REMOVE node_modules/extract-zip
1382 silly REMOVE node_modules/extract-zip/node_modules/yauzl
1383 silly REMOVE node_modules/extract-zip/node_modules/get-stream
1384 silly REMOVE node_modules/extract-zip/node_modules/buffer-crc32
1385 silly REMOVE node_modules/express-logging
1386 silly REMOVE node_modules/express
1387 silly REMOVE node_modules/express/node_modules/mime-types
1388 silly REMOVE node_modules/express/node_modules/mime-db
1389 silly REMOVE node_modules/express/node_modules/cookie
1390 silly REMOVE node_modules/express/node_modules/content-disposition
1391 silly REMOVE node_modules/execa
1392 silly REMOVE node_modules/execa/node_modules/get-stream
1393 silly REMOVE node_modules/events-universal
1394 silly REMOVE node_modules/events
1395 silly REMOVE node_modules/eventemitter3
1396 silly REMOVE node_modules/etag
1397 silly REMOVE node_modules/esutils
1398 silly REMOVE node_modules/estree-walker
1399 silly REMOVE node_modules/estraverse
1400 silly REMOVE node_modules/esprima
1401 silly REMOVE node_modules/eslint-visitor-keys
1402 silly REMOVE node_modules/escodegen
1403 silly REMOVE node_modules/escape-string-regexp
1404 silly REMOVE node_modules/escape-html
1405 silly REMOVE node_modules/escape-goat
1406 silly REMOVE node_modules/esbuild
1407 silly REMOVE node_modules/es-to-primitive
1408 silly REMOVE node_modules/es-shim-unscopables
1409 silly REMOVE node_modules/es-module-lexer
1410 silly REMOVE node_modules/es-abstract-get
1411 silly REMOVE node_modules/es-abstract
1412 silly REMOVE node_modules/error-stack-parser
1413 silly REMOVE node_modules/environment
1414 silly REMOVE node_modules/envinfo
1415 silly REMOVE node_modules/env-paths
1416 silly REMOVE node_modules/entities
1417 silly REMOVE node_modules/enquirer
1418 silly REMOVE node_modules/encodeurl
1419 silly REMOVE node_modules/enabled
1420 silly REMOVE node_modules/empathic
1421 silly REMOVE node_modules/ee-first
1422 silly REMOVE node_modules/eastasianwidth
1423 silly REMOVE node_modules/dotenv
1424 silly REMOVE node_modules/dot-prop
1425 silly REMOVE node_modules/dot-prop/node_modules/type-fest
1426 silly REMOVE node_modules/domutils
1427 silly REMOVE node_modules/domhandler
1428 silly REMOVE node_modules/domelementtype
1429 silly REMOVE node_modules/dom-serializer
1430 silly REMOVE node_modules/dom-serializer/node_modules/entities
1431 silly REMOVE node_modules/diff
1432 silly REMOVE node_modules/dettle
1433 silly REMOVE node_modules/detective-vue2
1434 silly REMOVE node_modules/detective-typescript
1435 silly REMOVE node_modules/detective-stylus
1436 silly REMOVE node_modules/detective-scss
1437 silly REMOVE node_modules/detective-sass
1438 silly REMOVE node_modules/detective-es6
1439 silly REMOVE node_modules/detective-cjs
1440 silly REMOVE node_modules/detective-amd
1441 silly REMOVE node_modules/destr
1442 silly REMOVE node_modules/dequal
1443 silly REMOVE node_modules/depd
1444 silly REMOVE node_modules/defu
1445 silly REMOVE node_modules/define-properties
1446 silly REMOVE node_modules/define-lazy-prop
1447 silly REMOVE node_modules/define-data-property
1448 silly REMOVE node_modules/defaults
1449 silly REMOVE node_modules/default-browser-id
1450 silly REMOVE node_modules/default-browser
1451 silly REMOVE node_modules/deepmerge
1452 silly REMOVE node_modules/deep-extend
1453 silly REMOVE node_modules/decache
1454 silly REMOVE node_modules/data-view-byte-offset
1455 silly REMOVE node_modules/data-view-byte-length
1456 silly REMOVE node_modules/data-view-buffer
1457 silly REMOVE node_modules/cyclist
1458 silly REMOVE node_modules/csso
1459 silly REMOVE node_modules/csso/node_modules/mdn-data
1460 silly REMOVE node_modules/csso/node_modules/css-tree
1461 silly REMOVE node_modules/cssfilter
1462 silly REMOVE node_modules/css-what
1463 silly REMOVE node_modules/css-tree
1464 silly REMOVE node_modules/css-select
1465 silly REMOVE node_modules/crossws
1466 silly REMOVE node_modules/cross-spawn
1467 silly REMOVE node_modules/cron-parser
1468 silly REMOVE node_modules/create-require
1469 silly REMOVE node_modules/crc32-stream
1470 silly REMOVE node_modules/crc32-stream/node_modules/readable-stream
1471 silly REMOVE node_modules/crc32-stream/node_modules/buffer
1472 silly REMOVE node_modules/cpy
1473 silly REMOVE node_modules/core-util-is
1474 silly REMOVE node_modules/copy-file
1475 silly REMOVE node_modules/cookie-signature
1476 silly REMOVE node_modules/cookie-es
1477 silly REMOVE node_modules/cookie
1478 silly REMOVE node_modules/content-type
1479 silly REMOVE node_modules/content-disposition
1480 silly REMOVE node_modules/consola
1481 silly REMOVE node_modules/configstore
1482 silly REMOVE node_modules/configstore/node_modules/dot-prop
1483 silly REMOVE node_modules/config-chain
1484 silly REMOVE node_modules/compress-commons
1485 silly REMOVE node_modules/compress-commons/node_modules/readable-stream
1486 silly REMOVE node_modules/compress-commons/node_modules/is-stream
1487 silly REMOVE node_modules/compress-commons/node_modules/buffer
1488 silly REMOVE node_modules/common-path-prefix
1489 silly REMOVE node_modules/comment-json
1490 silly CHANGE node_modules/commander
1491 silly REMOVE node_modules/colors
1492 silly REMOVE node_modules/color-string
1493 silly REMOVE node_modules/color-string/node_modules/color-name
1494 silly REMOVE node_modules/color
1495 silly REMOVE node_modules/color/node_modules/color-name
1496 silly REMOVE node_modules/color/node_modules/color-convert
1497 silly REMOVE node_modules/clone
1498 silly REMOVE node_modules/cli-width
1499 silly REMOVE node_modules/cli-spinners
1500 silly REMOVE node_modules/cli-cursor
1501 silly REMOVE node_modules/cli-boxes
1502 silly REMOVE node_modules/clean-stack
1503 silly REMOVE node_modules/clean-deep
1504 silly REMOVE node_modules/cjs-module-lexer
1505 silly REMOVE node_modules/citty
1506 silly REMOVE node_modules/ci-info
1507 silly REMOVE node_modules/chownr
1508 silly REMOVE node_modules/chokidar
1509 silly REMOVE node_modules/chokidar/node_modules/readdirp
1510 silly REMOVE node_modules/chardet
1511 silly REMOVE node_modules/chalk
1512 silly REMOVE node_modules/camelcase
1513 silly REMOVE node_modules/callsite
1514 silly REMOVE node_modules/call-bound
1515 silly REMOVE node_modules/call-bind
1516 silly REMOVE node_modules/bytes
1517 silly REMOVE node_modules/byline
1518 silly REMOVE node_modules/bundle-name
1519 silly REMOVE node_modules/buffer-from
1520 silly REMOVE node_modules/buffer-crc32
1521 silly REMOVE node_modules/buffer
1522 silly REMOVE node_modules/braces
1523 silly REMOVE node_modules/brace-expansion
1524 silly REMOVE node_modules/boxen
1525 silly REMOVE node_modules/boxen/node_modules/wrap-ansi
1526 silly REMOVE node_modules/boxen/node_modules/strip-ansi
1527 silly REMOVE node_modules/boxen/node_modules/string-width
1528 silly REMOVE node_modules/boxen/node_modules/emoji-regex
1529 silly REMOVE node_modules/boxen/node_modules/ansi-styles
1530 silly REMOVE node_modules/boxen/node_modules/ansi-regex
1531 silly REMOVE node_modules/boolbase
1532 silly REMOVE node_modules/body-parser
1533 silly REMOVE node_modules/body-parser/node_modules/content-type
1534 silly REMOVE node_modules/bl
1535 silly REMOVE node_modules/bindings
1536 silly REMOVE node_modules/better-ajv-errors
1537 silly REMOVE node_modules/better-ajv-errors/node_modules/supports-color
1538 silly REMOVE node_modules/better-ajv-errors/node_modules/has-flag
1539 silly REMOVE node_modules/better-ajv-errors/node_modules/chalk
1540 silly REMOVE node_modules/before-after-hook
1541 silly REMOVE node_modules/bare-url
1542 silly REMOVE node_modules/bare-stream
1543 silly REMOVE node_modules/bare-path
1544 silly REMOVE node_modules/bare-fs
1545 silly REMOVE node_modules/bare-events
1546 silly REMOVE node_modules/balanced-match
1547 silly REMOVE node_modules/backoff
1548 silly REMOVE node_modules/b4a
1549 silly REMOVE node_modules/avvio
1550 silly REMOVE node_modules/available-typed-arrays
1551 silly REMOVE node_modules/atomically
1552 silly REMOVE node_modules/atomic-sleep
1553 silly REMOVE node_modules/async-sema
1554 silly REMOVE node_modules/async-function
1555 silly REMOVE node_modules/async
1556 silly REMOVE node_modules/ast-module-types
1557 silly REMOVE node_modules/ascii-table
1558 silly REMOVE node_modules/arraybuffer.prototype.slice
1559 silly REMOVE node_modules/array.prototype.flatmap
1560 silly REMOVE node_modules/array-timsort
1561 silly REMOVE node_modules/array-buffer-byte-length
1562 silly REMOVE node_modules/arg
1563 silly REMOVE node_modules/archiver
1564 silly REMOVE node_modules/archiver/node_modules/readable-stream
1565 silly REMOVE node_modules/archiver/node_modules/is-stream
1566 silly REMOVE node_modules/archiver/node_modules/buffer
1567 silly REMOVE node_modules/anymatch
1568 silly REMOVE node_modules/anymatch/node_modules/picomatch
1569 silly REMOVE node_modules/ansis
1570 silly REMOVE node_modules/ansi-to-html
1571 silly REMOVE node_modules/ansi-escapes
1572 silly REMOVE node_modules/ansi-colors
1573 silly REMOVE node_modules/ansi-align
1574 silly REMOVE node_modules/ajv-formats
1575 silly REMOVE node_modules/ajv-errors
1576 silly REMOVE node_modules/ajv
1577 silly REMOVE node_modules/acorn-walk
1578 silly REMOVE node_modules/acorn-import-attributes
1579 silly REMOVE node_modules/acorn
1580 silly REMOVE node_modules/accepts
1581 silly REMOVE node_modules/accepts/node_modules/mime-types
1582 silly REMOVE node_modules/accepts/node_modules/mime-db
1583 silly REMOVE node_modules/abstract-logging
1584 silly REMOVE node_modules/abbrev
1585 silly REMOVE node_modules/@whatwg-node/server
1586 silly REMOVE node_modules/@whatwg-node/promise-helpers
1587 silly REMOVE node_modules/@whatwg-node/node-fetch
1588 silly REMOVE node_modules/@whatwg-node/fetch
1589 silly REMOVE node_modules/@whatwg-node/fetch/node_modules/urlpattern-polyfill
1590 silly REMOVE node_modules/@whatwg-node/disposablestack
1591 silly REMOVE node_modules/@vue/shared
1592 silly REMOVE node_modules/@vue/compiler-ssr
1593 silly REMOVE node_modules/@vue/compiler-sfc
1594 silly REMOVE node_modules/@vue/compiler-sfc/node_modules/postcss
1595 silly REMOVE node_modules/@vue/compiler-dom
1596 silly REMOVE node_modules/@vue/compiler-core
1597 silly REMOVE node_modules/@vue/compiler-core/node_modules/entities
1598 silly REMOVE node_modules/@vercel/nft
1599 silly REMOVE node_modules/@vercel/nft/node_modules/path-scurry
1600 silly REMOVE node_modules/@vercel/nft/node_modules/minimatch
1601 silly REMOVE node_modules/@vercel/nft/node_modules/lru-cache
1602 silly REMOVE node_modules/@vercel/nft/node_modules/glob
1603 silly REMOVE node_modules/@vercel/nft/node_modules/brace-expansion
1604 silly REMOVE node_modules/@vercel/nft/node_modules/balanced-match
1605 silly REMOVE node_modules/@typescript-eslint/visitor-keys
1606 silly REMOVE node_modules/@typescript-eslint/typescript-estree
1607 silly REMOVE node_modules/@typescript-eslint/types
1608 silly REMOVE node_modules/@typescript-eslint/tsconfig-utils
1609 silly REMOVE node_modules/@typescript-eslint/project-service
1610 silly REMOVE node_modules/@types/yauzl
1611 silly REMOVE node_modules/@types/triple-beam
1612 silly REMOVE node_modules/@types/retry
1613 silly REMOVE node_modules/@types/normalize-package-data
1614 silly REMOVE node_modules/@types/http-proxy
1615 silly REMOVE node_modules/@types/estree
1616 silly REMOVE node_modules/@tsconfig/node16
1617 silly REMOVE node_modules/@tsconfig/node14
1618 silly REMOVE node_modules/@tsconfig/node12
1619 silly REMOVE node_modules/@tsconfig/node10
1620 silly REMOVE node_modules/@sveltejs/acorn-typescript
1621 silly REMOVE node_modules/@so-ric/colorspace
1622 silly REMOVE node_modules/@sindresorhus/transliterate
1623 silly REMOVE node_modules/@sindresorhus/slugify
1624 silly REMOVE node_modules/@sindresorhus/merge-streams
1625 silly REMOVE node_modules/@sec-ant/readable-stream
1626 silly REMOVE node_modules/@rollup/pluginutils
1627 silly REMOVE node_modules/@pnpm/tabtab
1628 silly REMOVE node_modules/@pnpm/npm-conf
1629 silly REMOVE node_modules/@pnpm/network.ca-file
1630 silly REMOVE node_modules/@pnpm/network.ca-file/node_modules/graceful-fs
1631 silly REMOVE node_modules/@pnpm/config.env-replace
1632 silly REMOVE node_modules/@pkgjs/parseargs
1633 silly REMOVE node_modules/@pinojs/redact
1634 silly REMOVE node_modules/@parcel/watcher-wasm
1635 silly REMOVE node_modules/@parcel/watcher-wasm/node_modules/napi-wasm
1636 silly REMOVE node_modules/@opentelemetry/semantic-conventions
1637 silly REMOVE node_modules/@opentelemetry/sdk-trace-node
1638 silly REMOVE node_modules/@opentelemetry/sdk-trace-node/node_modules/@opentelemetry/core
1639 silly REMOVE node_modules/@opentelemetry/sdk-trace-base
1640 silly REMOVE node_modules/@opentelemetry/sdk-trace-base/node_modules/@opentelemetry/core
1641 silly REMOVE node_modules/@opentelemetry/sdk-trace
1642 silly REMOVE node_modules/@opentelemetry/sdk-trace/node_modules/@opentelemetry/core
1643 silly REMOVE node_modules/@opentelemetry/resources
1644 silly REMOVE node_modules/@opentelemetry/resources/node_modules/@opentelemetry/core
1645 silly REMOVE node_modules/@opentelemetry/instrumentation
1646 silly REMOVE node_modules/@opentelemetry/core
1647 silly REMOVE node_modules/@opentelemetry/context-async-hooks
1648 silly REMOVE node_modules/@opentelemetry/api-logs
1649 silly CHANGE node_modules/@opentelemetry/api
1650 silly REMOVE node_modules/@octokit/types
1651 silly REMOVE node_modules/@octokit/rest
1652 silly REMOVE node_modules/@octokit/request-error
1653 silly REMOVE node_modules/@octokit/request
1654 silly REMOVE node_modules/@octokit/request/node_modules/content-type
1655 silly REMOVE node_modules/@octokit/plugin-rest-endpoint-methods
1656 silly REMOVE node_modules/@octokit/plugin-rest-endpoint-methods/node_modules/@octokit/types
1657 silly REMOVE node_modules/@octokit/plugin-rest-endpoint-methods/node_modules/@octokit/openapi-types
1658 silly REMOVE node_modules/@octokit/plugin-request-log
1659 silly REMOVE node_modules/@octokit/plugin-paginate-rest
1660 silly REMOVE node_modules/@octokit/plugin-paginate-rest/node_modules/@octokit/types
1661 silly REMOVE node_modules/@octokit/plugin-paginate-rest/node_modules/@octokit/openapi-types
1662 silly REMOVE node_modules/@octokit/openapi-types
1663 silly REMOVE node_modules/@octokit/graphql
1664 silly REMOVE node_modules/@octokit/endpoint
1665 silly REMOVE node_modules/@octokit/core
1666 silly REMOVE node_modules/@octokit/auth-token
1667 silly REMOVE node_modules/@nodelib/fs.walk
1668 silly REMOVE node_modules/@nodelib/fs.stat
1669 silly REMOVE node_modules/@nodelib/fs.scandir
1670 silly REMOVE node_modules/@netlify/zip-it-and-ship-it
1671 silly REMOVE node_modules/@netlify/zip-it-and-ship-it/node_modules/unicorn-magic
1672 silly REMOVE node_modules/@netlify/zip-it-and-ship-it/node_modules/strip-final-newline
1673 silly REMOVE node_modules/@netlify/zip-it-and-ship-it/node_modules/signal-exit
1674 silly REMOVE node_modules/@netlify/zip-it-and-ship-it/node_modules/path-key
1675 silly REMOVE node_modules/@netlify/zip-it-and-ship-it/node_modules/onetime
1676 silly REMOVE node_modules/@netlify/zip-it-and-ship-it/node_modules/npm-run-path
1677 silly REMOVE node_modules/@netlify/zip-it-and-ship-it/node_modules/locate-path
1678 silly REMOVE node_modules/@netlify/zip-it-and-ship-it/node_modules/is-stream
1679 silly REMOVE node_modules/@netlify/zip-it-and-ship-it/node_modules/human-signals
1680 silly REMOVE node_modules/@netlify/zip-it-and-ship-it/node_modules/get-stream
1681 silly REMOVE node_modules/@netlify/zip-it-and-ship-it/node_modules/find-up
1682 silly REMOVE node_modules/@netlify/zip-it-and-ship-it/node_modules/execa
1683 silly REMOVE node_modules/@netlify/types
1684 silly REMOVE node_modules/@netlify/static
1685 silly REMOVE node_modules/@netlify/static/node_modules/mime-types
1686 silly REMOVE node_modules/@netlify/static/node_modules/mime-db
1687 silly REMOVE node_modules/@netlify/serverless-functions-api
1688 silly REMOVE node_modules/@netlify/runtime-utils
1689 silly REMOVE node_modules/@netlify/runtime
1690 silly REMOVE node_modules/@netlify/run-utils
1691 silly REMOVE node_modules/@netlify/run-utils/node_modules/strip-final-newline
1692 silly REMOVE node_modules/@netlify/run-utils/node_modules/signal-exit
1693 silly REMOVE node_modules/@netlify/run-utils/node_modules/path-key
1694 silly REMOVE node_modules/@netlify/run-utils/node_modules/onetime
1695 silly REMOVE node_modules/@netlify/run-utils/node_modules/npm-run-path
1696 silly REMOVE node_modules/@netlify/run-utils/node_modules/is-stream
1697 silly REMOVE node_modules/@netlify/run-utils/node_modules/human-signals
1698 silly REMOVE node_modules/@netlify/run-utils/node_modules/get-stream
1699 silly REMOVE node_modules/@netlify/run-utils/node_modules/execa
1700 silly REMOVE node_modules/@netlify/redirects
1701 silly REMOVE node_modules/@netlify/redirects/node_modules/env-paths
1702 silly REMOVE node_modules/@netlify/redirects/node_modules/dot-prop
1703 silly REMOVE node_modules/@netlify/redirects/node_modules/@netlify/dev-utils
1704 silly REMOVE node_modules/@netlify/redirect-parser
1705 silly REMOVE node_modules/@netlify/plugins-list
1706 silly REMOVE node_modules/@netlify/otel
1707 silly REMOVE node_modules/@netlify/otel/node_modules/@opentelemetry/api
1708 silly REMOVE node_modules/@netlify/opentelemetry-utils
1709 silly REMOVE node_modules/@netlify/open-api
1710 silly REMOVE node_modules/@netlify/local-functions-proxy-win32-x64
1711 silly REMOVE node_modules/@netlify/local-functions-proxy
1712 silly REMOVE node_modules/@netlify/images
1713 silly REMOVE node_modules/@netlify/headers-parser
1714 silly REMOVE node_modules/@netlify/headers
1715 silly REMOVE node_modules/@netlify/git-utils
1716 silly REMOVE node_modules/@netlify/git-utils/node_modules/strip-final-newline
1717 silly REMOVE node_modules/@netlify/git-utils/node_modules/signal-exit
1718 silly REMOVE node_modules/@netlify/git-utils/node_modules/path-key
1719 silly REMOVE node_modules/@netlify/git-utils/node_modules/onetime
1720 silly REMOVE node_modules/@netlify/git-utils/node_modules/npm-run-path
1721 silly REMOVE node_modules/@netlify/git-utils/node_modules/is-stream
1722 silly REMOVE node_modules/@netlify/git-utils/node_modules/human-signals
1723 silly REMOVE node_modules/@netlify/git-utils/node_modules/get-stream
1724 silly REMOVE node_modules/@netlify/git-utils/node_modules/execa
1725 silly REMOVE node_modules/@netlify/functions-utils
1726 silly REMOVE node_modules/@netlify/functions-dev
1727 silly REMOVE node_modules/@netlify/functions-dev/node_modules/read-package-up
1728 silly REMOVE node_modules/@netlify/functions-dev/node_modules/is-stream
1729 silly REMOVE node_modules/@netlify/functions-dev/node_modules/env-paths
1730 silly REMOVE node_modules/@netlify/functions-dev/node_modules/dot-prop
1731 silly REMOVE node_modules/@netlify/functions-dev/node_modules/@netlify/dev-utils
1732 silly REMOVE node_modules/@netlify/functions
1733 silly REMOVE node_modules/@netlify/edge-functions-dev
1734 silly REMOVE node_modules/@netlify/edge-functions-dev/node_modules/unicorn-magic
1735 silly REMOVE node_modules/@netlify/edge-functions-dev/node_modules/strip-final-newline
1736 silly REMOVE node_modules/@netlify/edge-functions-dev/node_modules/signal-exit
1737 silly REMOVE node_modules/@netlify/edge-functions-dev/node_modules/path-key
1738 silly REMOVE node_modules/@netlify/edge-functions-dev/node_modules/p-wait-for
1739 silly REMOVE node_modules/@netlify/edge-functions-dev/node_modules/onetime
1740 silly REMOVE node_modules/@netlify/edge-functions-dev/node_modules/npm-run-path
1741 silly REMOVE node_modules/@netlify/edge-functions-dev/node_modules/locate-path
1742 silly REMOVE node_modules/@netlify/edge-functions-dev/node_modules/is-stream
1743 silly REMOVE node_modules/@netlify/edge-functions-dev/node_modules/human-signals
1744 silly REMOVE node_modules/@netlify/edge-functions-dev/node_modules/get-stream
1745 silly REMOVE node_modules/@netlify/edge-functions-dev/node_modules/get-port
1746 silly REMOVE node_modules/@netlify/edge-functions-dev/node_modules/find-up
1747 silly REMOVE node_modules/@netlify/edge-functions-dev/node_modules/execa
1748 silly REMOVE node_modules/@netlify/edge-functions-dev/node_modules/env-paths
1749 silly REMOVE node_modules/@netlify/edge-functions-dev/node_modules/dot-prop
1750 silly REMOVE node_modules/@netlify/edge-functions-dev/node_modules/@netlify/edge-functions-bootstrap
1751 silly REMOVE node_modules/@netlify/edge-functions-dev/node_modules/@netlify/edge-bundler
1752 silly REMOVE node_modules/@netlify/edge-functions-dev/node_modules/@netlify/dev-utils
1753 silly REMOVE node_modules/@netlify/edge-functions-bootstrap
1754 silly REMOVE node_modules/@netlify/edge-functions
1755 silly REMOVE node_modules/@netlify/edge-bundler
1756 silly REMOVE node_modules/@netlify/edge-bundler/node_modules/unicorn-magic
1757 silly REMOVE node_modules/@netlify/edge-bundler/node_modules/strip-final-newline
1758 silly REMOVE node_modules/@netlify/edge-bundler/node_modules/signal-exit
1759 silly REMOVE node_modules/@netlify/edge-bundler/node_modules/path-key
1760 silly REMOVE node_modules/@netlify/edge-bundler/node_modules/onetime
1761 silly REMOVE node_modules/@netlify/edge-bundler/node_modules/npm-run-path
1762 silly REMOVE node_modules/@netlify/edge-bundler/node_modules/locate-path
1763 silly REMOVE node_modules/@netlify/edge-bundler/node_modules/is-stream
1764 silly REMOVE node_modules/@netlify/edge-bundler/node_modules/human-signals
1765 silly REMOVE node_modules/@netlify/edge-bundler/node_modules/get-stream
1766 silly REMOVE node_modules/@netlify/edge-bundler/node_modules/find-up
1767 silly REMOVE node_modules/@netlify/edge-bundler/node_modules/execa
1768 silly REMOVE node_modules/@netlify/dev-utils
1769 silly REMOVE node_modules/@netlify/dev-utils/node_modules/env-paths
1770 silly REMOVE node_modules/@netlify/dev-utils/node_modules/dot-prop
1771 silly REMOVE node_modules/@netlify/dev
1772 silly REMOVE node_modules/@netlify/dev/node_modules/env-paths
1773 silly REMOVE node_modules/@netlify/dev/node_modules/dot-prop
1774 silly REMOVE node_modules/@netlify/dev/node_modules/@netlify/dev-utils
1775 silly REMOVE node_modules/@netlify/database-dev
1776 silly REMOVE node_modules/@netlify/config
1777 silly REMOVE node_modules/@netlify/config/node_modules/unicorn-magic
1778 silly REMOVE node_modules/@netlify/config/node_modules/strip-final-newline
1779 silly REMOVE node_modules/@netlify/config/node_modules/signal-exit
1780 silly REMOVE node_modules/@netlify/config/node_modules/read-package-up
1781 silly REMOVE node_modules/@netlify/config/node_modules/path-key
1782 silly REMOVE node_modules/@netlify/config/node_modules/onetime
1783 silly REMOVE node_modules/@netlify/config/node_modules/npm-run-path
1784 silly REMOVE node_modules/@netlify/config/node_modules/locate-path
1785 silly REMOVE node_modules/@netlify/config/node_modules/is-stream
1786 silly REMOVE node_modules/@netlify/config/node_modules/human-signals
1787 silly REMOVE node_modules/@netlify/config/node_modules/get-stream
1788 silly REMOVE node_modules/@netlify/config/node_modules/find-up
1789 silly REMOVE node_modules/@netlify/config/node_modules/execa
1790 silly REMOVE node_modules/@netlify/config/node_modules/dot-prop
1791 silly REMOVE node_modules/@netlify/cache-utils
1792 silly REMOVE node_modules/@netlify/cache-utils/node_modules/readdirp
1793 silly REMOVE node_modules/@netlify/cache-utils/node_modules/locate-path
1794 silly REMOVE node_modules/@netlify/cache
1795 silly REMOVE node_modules/@netlify/build-info
1796 silly REMOVE node_modules/@netlify/build-info/node_modules/unicorn-magic
1797 silly REMOVE node_modules/@netlify/build-info/node_modules/locate-path
1798 silly REMOVE node_modules/@netlify/build-info/node_modules/find-up
1799 silly REMOVE node_modules/@netlify/build-info/node_modules/dot-prop
1800 silly REMOVE node_modules/@netlify/build
1801 silly REMOVE node_modules/@netlify/build/node_modules/ts-node
1802 silly REMOVE node_modules/@netlify/build/node_modules/terminal-link
1803 silly REMOVE node_modules/@netlify/build/node_modules/supports-hyperlinks
1804 silly REMOVE node_modules/@netlify/build/node_modules/supports-hyperlinks/node_modules/supports-color
1805 silly REMOVE node_modules/@netlify/build/node_modules/strip-final-newline
1806 silly REMOVE node_modules/@netlify/build/node_modules/signal-exit
1807 silly REMOVE node_modules/@netlify/build/node_modules/readdirp
1808 silly REMOVE node_modules/@netlify/build/node_modules/read-package-up
1809 silly REMOVE node_modules/@netlify/build/node_modules/path-key
1810 silly REMOVE node_modules/@netlify/build/node_modules/onetime
1811 silly REMOVE node_modules/@netlify/build/node_modules/npm-run-path
1812 silly REMOVE node_modules/@netlify/build/node_modules/is-stream
1813 silly REMOVE node_modules/@netlify/build/node_modules/human-signals
1814 silly REMOVE node_modules/@netlify/build/node_modules/has-flag
1815 silly REMOVE node_modules/@netlify/build/node_modules/get-stream
1816 silly REMOVE node_modules/@netlify/build/node_modules/execa
1817 silly REMOVE node_modules/@netlify/blobs
1818 silly REMOVE node_modules/@netlify/blobs/node_modules/env-paths
1819 silly REMOVE node_modules/@netlify/blobs/node_modules/dot-prop
1820 silly REMOVE node_modules/@netlify/blobs/node_modules/@netlify/dev-utils
1821 silly REMOVE node_modules/@netlify/binary-info
1822 silly REMOVE node_modules/@netlify/api
1823 silly REMOVE node_modules/@netlify/api/node_modules/p-wait-for
1824 silly REMOVE node_modules/@netlify/api/node_modules/node-fetch
1825 silly REMOVE node_modules/@netlify/ai
1826 silly REMOVE node_modules/@mapbox/node-pre-gyp
1827 silly REMOVE node_modules/@lukeed/ms
1828 silly REMOVE node_modules/@jridgewell/trace-mapping
1829 silly REMOVE node_modules/@jridgewell/sourcemap-codec
1830 silly REMOVE node_modules/@jridgewell/resolve-uri
1831 silly REMOVE node_modules/@isaacs/fs-minipass
1832 silly REMOVE node_modules/@isaacs/cliui
1833 silly REMOVE node_modules/@isaacs/cliui/node_modules/wrap-ansi
1834 silly REMOVE node_modules/@isaacs/cliui/node_modules/strip-ansi
1835 silly REMOVE node_modules/@isaacs/cliui/node_modules/string-width
1836 silly REMOVE node_modules/@isaacs/cliui/node_modules/emoji-regex
1837 silly REMOVE node_modules/@isaacs/cliui/node_modules/ansi-styles
1838 silly REMOVE node_modules/@isaacs/cliui/node_modules/ansi-regex
1839 silly REMOVE node_modules/@inquirer/external-editor
1840 silly REMOVE node_modules/@import-maps/resolve
1841 silly REMOVE node_modules/@humanwhocodes/momoa
1842 silly REMOVE node_modules/@fastify/static
1843 silly REMOVE node_modules/@fastify/send
1844 silly REMOVE node_modules/@fastify/proxy-addr
1845 silly REMOVE node_modules/@fastify/merge-json-schemas
1846 silly REMOVE node_modules/@fastify/forwarded
1847 silly REMOVE node_modules/@fastify/fast-json-stringify-compiler
1848 silly REMOVE node_modules/@fastify/error
1849 silly REMOVE node_modules/@fastify/ajv-compiler
1850 silly REMOVE node_modules/@fastify/ajv-compiler/node_modules/fast-uri
1851 silly REMOVE node_modules/@fastify/accept-negotiator
1852 silly REMOVE node_modules/@esbuild/win32-x64
1853 silly REMOVE node_modules/@envelop/instrumentation
1854 silly REMOVE node_modules/@electric-sql/pglite
1855 silly REMOVE node_modules/@dependents/detective-less
1856 silly REMOVE node_modules/@dabh/diagnostics
1857 silly REMOVE node_modules/@cspotcode/source-map-support
1858 silly REMOVE node_modules/@colors/colors
1859 silly REMOVE node_modules/@bugsnag/safe-json-stringify
1860 silly REMOVE node_modules/@bugsnag/node
1861 silly REMOVE node_modules/@bugsnag/js
1862 silly REMOVE node_modules/@bugsnag/cuid
1863 silly REMOVE node_modules/@bugsnag/core
1864 silly REMOVE node_modules/@bugsnag/browser
1865 silly REMOVE node_modules/@babel/types
1866 silly REMOVE node_modules/@babel/parser
1867 silly REMOVE node_modules/@babel/helper-validator-identifier
1868 silly REMOVE node_modules/@babel/helper-string-parser
1869 silly REMOVE node_modules/@babel/code-frame
1870 warn allow-scripts 3 packages have install scripts not yet covered by allowScripts:
1870 warn allow-scripts   @firebase/util@1.15.2 (install: (install scripts present))
1870 warn allow-scripts   protobufjs@7.6.5 (install: (install scripts present))
1870 warn allow-scripts   sharp@0.34.5 (install: (install scripts present))
1870 warn allow-scripts
1870 warn allow-scripts Run `npm approve-scripts --allow-scripts-pending` to review, or `npm approve-scripts <pkg>` to allow.
1871 verbose cwd D:\A production\Apti_Test_App-main
1872 verbose os Windows_NT 10.0.26200
1873 verbose node v24.18.1
1874 verbose npm  v11.16.0
1875 verbose exit 0
1876 info ok
