0 verbose cli C:\Program Files\nodejs\node.exe C:\Program Files\nodejs\node_modules\npm\bin\npm-cli.js
1 info using npm@11.16.0
2 info using node@v24.18.1
3 silly config load:file:C:\Program Files\nodejs\node_modules\npm\npmrc
4 silly config load:file:D:\A production\Apti_Test_App-main\.npmrc
5 silly config load:file:C:\Users\VIVEK\.npmrc
6 silly config load:file:C:\Users\VIVEK\AppData\Roaming\npm\etc\npmrc
7 verbose title npm exec vercel@latest --prod --yes
8 verbose argv "exec" "--yes" "--cache" ".npm-cache" "--" "vercel@latest" "--prod" "--yes"
9 verbose logfile logs-max:10 dir:D:\A production\Apti_Test_App-main\.npm-cache\_logs\2026-08-15T15_30_08_040Z-
10 verbose logfile D:\A production\Apti_Test_App-main\.npm-cache\_logs\2026-08-15T15_30_08_040Z-debug-0.log
11 silly logfile start cleaning logs, removing 1 files
12 silly logfile done cleaning log files
13 silly packumentCache heap:4496293888 maxSize:1124073472 maxEntrySize:562036736
14 http fetch GET 200 https://registry.npmjs.org/vercel 6363ms (cache miss)
15 silly packumentCache heap:4496293888 maxSize:1124073472 maxEntrySize:562036736
16 verbose Could not read global path C:\Users\VIVEK\AppData\Roaming\npm, ignoring
17 silly packumentCache heap:4496293888 maxSize:1124073472 maxEntrySize:562036736
18 silly idealTree buildDeps
19 silly fetch manifest vercel@59.1.3
20 silly packumentCache full:https://registry.npmjs.org/vercel cache-miss
21 http fetch GET 200 https://registry.npmjs.org/vercel 1263ms (cache miss)
22 silly packumentCache full:https://registry.npmjs.org/vercel set size:undefined disposed:false
23 silly placeDep ROOT vercel@59.1.3 OK for:  want: 59.1.3
24 silly fetch manifest zod@4.1.11
25 silly packumentCache full:https://registry.npmjs.org/zod cache-miss
26 silly fetch manifest jose@5.9.6
27 silly packumentCache full:https://registry.npmjs.org/jose cache-miss
28 silly fetch manifest uuid@14.0.1
29 silly packumentCache full:https://registry.npmjs.org/uuid cache-miss
30 silly fetch manifest luxon@^3.4.0
31 silly packumentCache full:https://registry.npmjs.org/luxon cache-miss
32 silly fetch manifest undici@5.29.0
33 silly packumentCache full:https://registry.npmjs.org/undici cache-miss
34 silly fetch manifest esbuild@0.27.0
35 silly packumentCache full:https://registry.npmjs.org/esbuild cache-miss
36 silly fetch manifest sandbox@3.4.0
37 silly packumentCache full:https://registry.npmjs.org/sandbox cache-miss
38 silly fetch manifest chokidar@4.0.0
39 silly packumentCache full:https://registry.npmjs.org/chokidar cache-miss
40 silly fetch manifest smol-toml@1.5.2
41 silly packumentCache full:https://registry.npmjs.org/smol-toml cache-miss
42 silly fetch manifest @vercel/go@3.11.0
43 silly packumentCache full:https://registry.npmjs.org/@vercel%2fgo cache-miss
44 silly fetch manifest @vercel/h3@0.1.124
45 silly packumentCache full:https://registry.npmjs.org/@vercel%2fh3 cache-miss
46 silly fetch manifest @vercel/fun@1.3.0
47 silly packumentCache full:https://registry.npmjs.org/@vercel%2ffun cache-miss
48 silly fetch manifest @vercel/koa@0.1.98
49 silly packumentCache full:https://registry.npmjs.org/@vercel%2fkoa cache-miss
50 silly fetch manifest @vercel/blob@2.8.0
51 silly packumentCache full:https://registry.npmjs.org/@vercel%2fblob cache-miss
52 silly fetch manifest @vercel/hono@0.2.118
53 silly packumentCache full:https://registry.npmjs.org/@vercel%2fhono cache-miss
54 http fetch GET 200 https://registry.npmjs.org/undici 726ms (cache miss)
55 silly packumentCache full:https://registry.npmjs.org/undici set size:undefined disposed:false
56 silly fetch manifest @vercel/next@4.21.6
57 silly packumentCache full:https://registry.npmjs.org/@vercel%2fnext cache-miss
58 http fetch GET 200 https://registry.npmjs.org/@vercel%2fnext 664ms (cache miss)
59 silly packumentCache full:https://registry.npmjs.org/@vercel%2fnext set size:undefined disposed:false
60 silly fetch manifest @vercel/node@5.10.1
61 silly packumentCache full:https://registry.npmjs.org/@vercel%2fnode cache-miss
62 http fetch GET 200 https://registry.npmjs.org/@vercel%2fnode 1296ms (cache miss)
63 silly packumentCache full:https://registry.npmjs.org/@vercel%2fnode set size:undefined disposed:false
64 silly fetch manifest @vercel/ruby@2.5.1
65 silly packumentCache full:https://registry.npmjs.org/@vercel%2fruby cache-miss
66 http fetch GET 200 https://registry.npmjs.org/@vercel%2fruby 1447ms (cache miss)
67 silly packumentCache full:https://registry.npmjs.org/@vercel%2fruby set size:undefined disposed:false
68 silly fetch manifest @vercel/rust@1.4.2
69 silly packumentCache full:https://registry.npmjs.org/@vercel%2frust cache-miss
70 http fetch GET 200 https://registry.npmjs.org/@vercel%2frust 1279ms (cache miss)
71 silly packumentCache full:https://registry.npmjs.org/@vercel%2frust set size:undefined disposed:false
72 silly fetch manifest jsonc-parser@3.3.1
73 silly packumentCache full:https://registry.npmjs.org/jsonc-parser cache-miss
74 http fetch GET 200 https://registry.npmjs.org/jsonc-parser 785ms (cache miss)
75 silly packumentCache full:https://registry.npmjs.org/jsonc-parser set size:undefined disposed:false
76 silly fetch manifest @vercel/elysia@0.1.115
77 silly packumentCache full:https://registry.npmjs.org/@vercel%2felysia cache-miss
78 http fetch GET 200 https://registry.npmjs.org/@vercel%2felysia 1728ms (cache miss)
79 silly packumentCache full:https://registry.npmjs.org/@vercel%2felysia set size:undefined disposed:false
80 silly fetch manifest @vercel/nestjs@0.2.119
81 silly packumentCache full:https://registry.npmjs.org/@vercel%2fnestjs cache-miss
82 http fetch GET 200 https://registry.npmjs.org/zod 9041ms (cache revalidated)
83 silly packumentCache full:https://registry.npmjs.org/zod set size:3721026 disposed:false
84 silly fetch manifest @vercel/python@6.57.1
85 silly packumentCache full:https://registry.npmjs.org/@vercel%2fpython cache-miss
86 http fetch GET 200 https://registry.npmjs.org/smol-toml 9103ms (cache revalidated)
87 silly packumentCache full:https://registry.npmjs.org/smol-toml set size:87994 disposed:false
88 silly fetch manifest @vercel/express@0.1.129
89 silly packumentCache full:https://registry.npmjs.org/@vercel%2fexpress cache-miss
90 http fetch GET 200 https://registry.npmjs.org/jose 9113ms (cache revalidated)
91 silly packumentCache full:https://registry.npmjs.org/jose set size:1446624 disposed:false
92 silly fetch manifest @vercel/fastify@0.1.118
93 silly packumentCache full:https://registry.npmjs.org/@vercel%2ffastify cache-miss
94 http fetch GET 200 https://registry.npmjs.org/uuid 9129ms (cache revalidated)
95 silly packumentCache full:https://registry.npmjs.org/uuid set size:256419 disposed:false
96 silly fetch manifest @vercel/redwood@2.5.2
97 silly packumentCache full:https://registry.npmjs.org/@vercel%2fredwood cache-miss
98 http fetch GET 200 https://registry.npmjs.org/@vercel%2fhono 9131ms (cache miss)
99 silly packumentCache full:https://registry.npmjs.org/@vercel%2fhono set size:undefined disposed:false
100 silly fetch manifest @vercel/backends@0.8.38
101 silly packumentCache full:https://registry.npmjs.org/@vercel%2fbackends cache-miss
102 http fetch GET 200 https://registry.npmjs.org/@vercel%2fblob 9234ms (cache revalidated)
103 silly packumentCache full:https://registry.npmjs.org/@vercel%2fblob set size:1054009 disposed:false
104 silly fetch manifest @vercel/cli-auth@0.3.4
105 silly packumentCache full:https://registry.npmjs.org/@vercel%2fcli-auth cache-miss
106 http fetch GET 200 https://registry.npmjs.org/luxon 9294ms (cache revalidated)
107 silly packumentCache full:https://registry.npmjs.org/luxon set size:511002 disposed:false
108 silly fetch manifest @vercel/hydrogen@1.4.2
109 silly packumentCache full:https://registry.npmjs.org/@vercel%2fhydrogen cache-miss
110 http fetch GET 200 https://registry.npmjs.org/@vercel%2fnestjs 1662ms (cache miss)
111 silly packumentCache full:https://registry.npmjs.org/@vercel%2fnestjs set size:undefined disposed:false
112 silly fetch manifest @vercel/container@0.2.0
113 silly packumentCache full:https://registry.npmjs.org/@vercel%2fcontainer cache-miss
114 http fetch GET 200 https://registry.npmjs.org/@vercel%2fbackends 852ms (cache miss)
115 silly packumentCache full:https://registry.npmjs.org/@vercel%2fbackends set size:undefined disposed:false
116 silly fetch manifest @vercel/cli-config@0.2.3
117 silly packumentCache full:https://registry.npmjs.org/@vercel%2fcli-config cache-miss
118 http fetch GET 200 https://registry.npmjs.org/@vercel%2fhydrogen 853ms (cache miss)
119 silly packumentCache full:https://registry.npmjs.org/@vercel%2fhydrogen set size:undefined disposed:false
120 silly fetch manifest @vercel/build-utils@14.1.1
121 silly packumentCache full:https://registry.npmjs.org/@vercel%2fbuild-utils cache-miss
122 http fetch GET 200 https://registry.npmjs.org/esbuild 10254ms (cache revalidated)
123 silly packumentCache full:https://registry.npmjs.org/esbuild set size:1264676 disposed:false
124 silly fetch manifest @vercel/detect-agent@1.2.5
125 silly packumentCache full:https://registry.npmjs.org/@vercel%2fdetect-agent cache-miss
126 http fetch GET 200 https://registry.npmjs.org/sandbox 10271ms (cache miss)
127 silly packumentCache full:https://registry.npmjs.org/sandbox set size:undefined disposed:false
128 silly fetch manifest @vercel/static-build@2.12.7
129 silly packumentCache full:https://registry.npmjs.org/@vercel%2fstatic-build cache-miss
130 http fetch GET 200 https://registry.npmjs.org/@vercel%2fcli-config 332ms (cache miss)
131 silly packumentCache full:https://registry.npmjs.org/@vercel%2fcli-config set size:undefined disposed:false
132 silly fetch manifest @vercel/remix-builder@5.9.5
133 silly packumentCache full:https://registry.npmjs.org/@vercel%2fremix-builder cache-miss
134 http fetch GET 200 https://registry.npmjs.org/@vercel%2fkoa 10408ms (cache miss)
135 silly packumentCache full:https://registry.npmjs.org/@vercel%2fkoa set size:undefined disposed:false
136 silly fetch manifest @vercel/python-analysis@0.13.2
137 silly packumentCache full:https://registry.npmjs.org/@vercel%2fpython-analysis cache-miss
138 http fetch GET 200 https://registry.npmjs.org/@vercel%2fexpress 1387ms (cache miss)
139 silly packumentCache full:https://registry.npmjs.org/@vercel%2fexpress set size:undefined disposed:false
140 silly fetch manifest @vercel/prepare-flags-definitions@0.3.0
141 silly packumentCache full:https://registry.npmjs.org/@vercel%2fprepare-flags-definitions cache-miss
142 http fetch GET 200 https://registry.npmjs.org/chokidar 10501ms (cache revalidated)
143 silly packumentCache full:https://registry.npmjs.org/chokidar set size:255902 disposed:false
144 silly fetch manifest @vercel/vc-native-linux-x64@59.1.3
145 silly packumentCache full:https://registry.npmjs.org/@vercel%2fvc-native-linux-x64 cache-miss
146 http fetch GET 200 https://registry.npmjs.org/@vercel%2fcli-auth 1398ms (cache miss)
147 silly packumentCache full:https://registry.npmjs.org/@vercel%2fcli-auth set size:undefined disposed:false
148 silly fetch manifest @vercel/vc-native-darwin-x64@59.1.3
149 silly packumentCache full:https://registry.npmjs.org/@vercel%2fvc-native-darwin-x64 cache-miss
150 http fetch GET 200 https://registry.npmjs.org/@vercel%2fcontainer 1083ms (cache miss)
151 silly packumentCache full:https://registry.npmjs.org/@vercel%2fcontainer set size:undefined disposed:false
152 silly fetch manifest @vercel/vc-native-linux-arm64@59.1.3
153 silly packumentCache full:https://registry.npmjs.org/@vercel%2fvc-native-linux-arm64 cache-miss
154 http fetch GET 200 https://registry.npmjs.org/@vercel%2ffastify 1727ms (cache miss)
155 silly packumentCache full:https://registry.npmjs.org/@vercel%2ffastify set size:undefined disposed:false
156 silly fetch manifest @vercel/vc-native-darwin-arm64@59.1.3
157 silly packumentCache full:https://registry.npmjs.org/@vercel%2fvc-native-darwin-arm64 cache-miss
158 http fetch GET 200 https://registry.npmjs.org/@vercel%2fdetect-agent 589ms (cache miss)
159 silly packumentCache full:https://registry.npmjs.org/@vercel%2fdetect-agent set size:undefined disposed:false
160 http fetch GET 200 https://registry.npmjs.org/@vercel%2ffun 10854ms (cache miss)
161 silly packumentCache full:https://registry.npmjs.org/@vercel%2ffun set size:undefined disposed:false
162 http fetch GET 200 https://registry.npmjs.org/@vercel%2fpython 2190ms (cache miss)
163 silly packumentCache full:https://registry.npmjs.org/@vercel%2fpython set size:undefined disposed:false
164 http fetch GET 200 https://registry.npmjs.org/@vercel%2fh3 11759ms (cache miss)
165 silly packumentCache full:https://registry.npmjs.org/@vercel%2fh3 set size:undefined disposed:false
166 http fetch GET 200 https://registry.npmjs.org/@vercel%2fredwood 3022ms (cache miss)
167 silly packumentCache full:https://registry.npmjs.org/@vercel%2fredwood set size:undefined disposed:false
168 http fetch GET 200 https://registry.npmjs.org/@vercel%2fpython-analysis 1777ms (cache miss)
169 silly packumentCache full:https://registry.npmjs.org/@vercel%2fpython-analysis set size:undefined disposed:false
170 http fetch GET 200 https://registry.npmjs.org/@vercel%2fremix-builder 1894ms (cache miss)
171 silly packumentCache full:https://registry.npmjs.org/@vercel%2fremix-builder set size:undefined disposed:false
172 http fetch GET 200 https://registry.npmjs.org/@vercel%2fvc-native-linux-x64 1766ms (cache miss)
173 silly packumentCache full:https://registry.npmjs.org/@vercel%2fvc-native-linux-x64 set size:undefined disposed:false
174 http fetch GET 200 https://registry.npmjs.org/@vercel%2fvc-native-darwin-x64 1735ms (cache miss)
175 silly packumentCache full:https://registry.npmjs.org/@vercel%2fvc-native-darwin-x64 set size:undefined disposed:false
176 http fetch GET 200 https://registry.npmjs.org/@vercel%2fvc-native-linux-arm64 1646ms (cache miss)
177 silly packumentCache full:https://registry.npmjs.org/@vercel%2fvc-native-linux-arm64 set size:undefined disposed:false
178 http fetch GET 200 https://registry.npmjs.org/@vercel%2fgo 12580ms (cache miss)
179 silly packumentCache full:https://registry.npmjs.org/@vercel%2fgo set size:undefined disposed:false
180 http fetch GET 200 https://registry.npmjs.org/@vercel%2fprepare-flags-definitions 2092ms (cache miss)
181 silly packumentCache full:https://registry.npmjs.org/@vercel%2fprepare-flags-definitions set size:undefined disposed:false
182 http fetch GET 200 https://registry.npmjs.org/@vercel%2fbuild-utils 2533ms (cache miss)
183 silly packumentCache full:https://registry.npmjs.org/@vercel%2fbuild-utils set size:undefined disposed:false
184 http fetch GET 200 https://registry.npmjs.org/@vercel%2fstatic-build 2513ms (cache miss)
185 silly packumentCache full:https://registry.npmjs.org/@vercel%2fstatic-build set size:undefined disposed:false
186 http fetch GET 200 https://registry.npmjs.org/@vercel%2fvc-native-darwin-arm64 1973ms (cache miss)
187 silly packumentCache full:https://registry.npmjs.org/@vercel%2fvc-native-darwin-arm64 set size:undefined disposed:false
188 silly placeDep ROOT @vercel/backends@0.8.38 OK for: vercel@59.1.3 want: 0.8.38
189 silly placeDep ROOT @vercel/blob@2.8.0 OK for: vercel@59.1.3 want: 2.8.0
190 silly placeDep ROOT @vercel/build-utils@14.1.1 OK for: vercel@59.1.3 want: 14.1.1
191 silly placeDep ROOT @vercel/cli-auth@0.3.4 OK for: vercel@59.1.3 want: 0.3.4
192 silly placeDep ROOT @vercel/cli-config@0.2.3 OK for: vercel@59.1.3 want: 0.2.3
193 silly placeDep ROOT @vercel/container@0.2.0 OK for: vercel@59.1.3 want: 0.2.0
194 silly placeDep ROOT @vercel/detect-agent@1.2.5 OK for: vercel@59.1.3 want: 1.2.5
195 silly placeDep ROOT @vercel/elysia@0.1.115 OK for: vercel@59.1.3 want: 0.1.115
196 silly placeDep ROOT @vercel/express@0.1.129 OK for: vercel@59.1.3 want: 0.1.129
197 silly placeDep ROOT @vercel/fastify@0.1.118 OK for: vercel@59.1.3 want: 0.1.118
198 silly placeDep ROOT @vercel/fun@1.3.0 OK for: vercel@59.1.3 want: 1.3.0
199 silly placeDep ROOT @vercel/go@3.11.0 OK for: vercel@59.1.3 want: 3.11.0
200 silly placeDep ROOT @vercel/h3@0.1.124 OK for: vercel@59.1.3 want: 0.1.124
201 silly placeDep ROOT @vercel/hono@0.2.118 OK for: vercel@59.1.3 want: 0.2.118
202 silly placeDep ROOT @vercel/hydrogen@1.4.2 OK for: vercel@59.1.3 want: 1.4.2
203 silly placeDep ROOT @vercel/koa@0.1.98 OK for: vercel@59.1.3 want: 0.1.98
204 silly placeDep ROOT @vercel/nestjs@0.2.119 OK for: vercel@59.1.3 want: 0.2.119
205 silly placeDep ROOT @vercel/next@4.21.6 OK for: vercel@59.1.3 want: 4.21.6
206 silly placeDep ROOT @vercel/node@5.10.1 OK for: vercel@59.1.3 want: 5.10.1
207 silly placeDep ROOT @vercel/prepare-flags-definitions@0.3.0 OK for: vercel@59.1.3 want: 0.3.0
208 silly placeDep ROOT @vercel/python@6.57.1 OK for: vercel@59.1.3 want: 6.57.1
209 silly placeDep ROOT @vercel/python-analysis@0.13.2 OK for: vercel@59.1.3 want: 0.13.2
210 silly placeDep ROOT @vercel/redwood@2.5.2 OK for: vercel@59.1.3 want: 2.5.2
211 silly placeDep ROOT @vercel/remix-builder@5.9.5 OK for: vercel@59.1.3 want: 5.9.5
212 silly placeDep ROOT @vercel/ruby@2.5.1 OK for: vercel@59.1.3 want: 2.5.1
213 silly placeDep ROOT @vercel/rust@1.4.2 OK for: vercel@59.1.3 want: 1.4.2
214 silly placeDep ROOT @vercel/static-build@2.12.7 OK for: vercel@59.1.3 want: 2.12.7
215 silly placeDep ROOT @vercel/vc-native-darwin-arm64@59.1.3 OK for: vercel@59.1.3 want: 59.1.3
216 silly placeDep ROOT @vercel/vc-native-darwin-x64@59.1.3 OK for: vercel@59.1.3 want: 59.1.3
217 silly placeDep ROOT @vercel/vc-native-linux-arm64@59.1.3 OK for: vercel@59.1.3 want: 59.1.3
218 silly placeDep ROOT @vercel/vc-native-linux-x64@59.1.3 OK for: vercel@59.1.3 want: 59.1.3
219 silly placeDep ROOT chokidar@4.0.0 OK for: vercel@59.1.3 want: 4.0.0
220 silly placeDep ROOT esbuild@0.27.0 OK for: vercel@59.1.3 want: 0.27.0
221 silly placeDep ROOT jose@5.9.6 OK for: vercel@59.1.3 want: 5.9.6
222 silly placeDep ROOT jsonc-parser@3.3.1 OK for: vercel@59.1.3 want: 3.3.1
223 silly placeDep ROOT luxon@3.7.2 OK for: vercel@59.1.3 want: ^3.4.0
224 silly placeDep ROOT sandbox@3.4.0 OK for: vercel@59.1.3 want: 3.4.0
225 silly placeDep ROOT smol-toml@1.5.2 OK for: vercel@59.1.3 want: 1.5.2
226 silly placeDep ROOT undici@5.29.0 OK for: vercel@59.1.3 want: 5.29.0
227 silly placeDep ROOT uuid@14.0.1 OK for: vercel@59.1.3 want: 14.0.1
228 silly placeDep ROOT zod@4.1.11 OK for: vercel@59.1.3 want: 4.1.11
229 silly fetch manifest tsx@4.21.0
230 silly packumentCache full:https://registry.npmjs.org/tsx cache-miss
231 silly fetch manifest zod@3.22.4
232 silly packumentCache full:https://registry.npmjs.org/zod cache-miss
233 silly fetch manifest srvx@0.11.16
234 silly packumentCache full:https://registry.npmjs.org/srvx cache-miss
235 silly fetch manifest execa@3.2.0
236 silly packumentCache full:https://registry.npmjs.org/execa cache-miss
237 silly fetch manifest fs-extra@11.1.0
238 silly packumentCache full:https://registry.npmjs.org/fs-extra cache-miss
239 silly fetch manifest get-port@5.1.1
240 silly packumentCache full:https://registry.npmjs.org/get-port cache-miss
241 silly fetch manifest rolldown@1.0.0-rc.1
242 silly packumentCache full:https://registry.npmjs.org/rolldown cache-miss
243 silly fetch manifest ts-morph@12.0.0
244 silly packumentCache full:https://registry.npmjs.org/ts-morph cache-miss
245 silly fetch manifest @vercel/nft@1.10.0
246 silly packumentCache full:https://registry.npmjs.org/@vercel%2fnft cache-miss
247 silly fetch manifest oxc-transform@0.111.0
248 silly packumentCache full:https://registry.npmjs.org/oxc-transform cache-miss
249 silly fetch manifest path-to-regexp@8.3.0
250 silly packumentCache full:https://registry.npmjs.org/path-to-regexp cache-miss
251 silly fetch manifest resolve.exports@2.0.3
252 silly packumentCache full:https://registry.npmjs.org/resolve.exports cache-miss
253 silly fetch manifest @vercel/static-config@3.4.1
254 silly packumentCache full:https://registry.npmjs.org/@vercel%2fstatic-config cache-miss
255 silly fetch manifest undici@^6.23.0
256 silly packumentCache full:https://registry.npmjs.org/undici cache-miss
257 silly fetch manifest is-buffer@^2.0.5
258 silly packumentCache full:https://registry.npmjs.org/is-buffer cache-miss
259 http cache https://registry.npmjs.org/zod 34ms (cache hit)
260 silly packumentCache full:https://registry.npmjs.org/zod set size:3721026 disposed:false
261 silly fetch manifest throttleit@^2.1.0
262 silly packumentCache full:https://registry.npmjs.org/throttleit cache-miss
263 http cache https://registry.npmjs.org/undici 71ms (cache hit)
264 silly packumentCache full:https://registry.npmjs.org/undici set size:1531430 disposed:false
265 silly fetch manifest async-retry@^1.3.3
266 silly packumentCache full:https://registry.npmjs.org/async-retry cache-miss
267 http fetch GET 200 https://registry.npmjs.org/srvx 2281ms (cache revalidated)
268 silly packumentCache full:https://registry.npmjs.org/srvx set size:294253 disposed:false
269 silly fetch manifest @vercel/oidc@^3.6.1
270 silly packumentCache full:https://registry.npmjs.org/@vercel%2foidc cache-miss
271 http fetch GET 200 https://registry.npmjs.org/@vercel%2fnft 2290ms (cache revalidated)
272 silly packumentCache full:https://registry.npmjs.org/@vercel%2fnft set size:592204 disposed:false
273 silly fetch manifest is-node-process@^1.2.0
274 silly packumentCache full:https://registry.npmjs.org/is-node-process cache-miss
275 http fetch GET 200 https://registry.npmjs.org/execa 2305ms (cache revalidated)
276 silly packumentCache full:https://registry.npmjs.org/execa set size:188760 disposed:false
277 silly fetch manifest es-module-lexer@1.5.0
278 silly packumentCache full:https://registry.npmjs.org/es-module-lexer cache-miss
279 http fetch GET 200 https://registry.npmjs.org/async-retry 2233ms (cache revalidated)
280 silly packumentCache full:https://registry.npmjs.org/async-retry set size:51916 disposed:false
281 silly fetch manifest cjs-module-lexer@1.2.3
282 silly packumentCache full:https://registry.npmjs.org/cjs-module-lexer cache-miss
283 http fetch GET 200 https://registry.npmjs.org/get-port 2327ms (cache revalidated)
284 silly packumentCache full:https://registry.npmjs.org/get-port set size:47891 disposed:false
285 silly fetch manifest open@8.4.0
286 silly packumentCache full:https://registry.npmjs.org/open cache-miss
287 http fetch GET 200 https://registry.npmjs.org/path-to-regexp 2329ms (cache revalidated)
288 silly packumentCache full:https://registry.npmjs.org/path-to-regexp set size:216334 disposed:false
289 silly fetch manifest async-listen@3.0.0
290 silly packumentCache full:https://registry.npmjs.org/async-listen cache-miss
291 http fetch GET 200 https://registry.npmjs.org/oxc-transform 2349ms (cache miss)
292 silly packumentCache full:https://registry.npmjs.org/oxc-transform set size:undefined disposed:false
293 silly fetch manifest @napi-rs/keyring@1.2.0
294 silly packumentCache full:https://registry.npmjs.org/@napi-rs%2fkeyring cache-miss
295 http fetch GET 200 https://registry.npmjs.org/fs-extra 3148ms (cache miss)
296 silly packumentCache full:https://registry.npmjs.org/fs-extra set size:undefined disposed:false
297 silly fetch manifest xdg-app-paths@5
298 silly packumentCache full:https://registry.npmjs.org/xdg-app-paths cache-miss
299 http fetch GET 200 https://registry.npmjs.org/resolve.exports 3158ms (cache miss)
300 silly packumentCache full:https://registry.npmjs.org/resolve.exports set size:undefined disposed:false
301 silly fetch manifest @vercel/static-config@3.4.1
302 silly packumentCache full:https://registry.npmjs.org/@vercel%2fstatic-config cache-miss
303 http fetch GET 200 https://registry.npmjs.org/@vercel%2fstatic-config 3487ms (cache miss)
304 silly packumentCache full:https://registry.npmjs.org/@vercel%2fstatic-config set size:undefined disposed:false
305 silly fetch manifest ts-morph@12.0.0
306 silly packumentCache full:https://registry.npmjs.org/ts-morph cache-miss
307 http fetch GET 200 https://registry.npmjs.org/is-buffer 3491ms (cache miss)
308 silly packumentCache full:https://registry.npmjs.org/is-buffer set size:undefined disposed:false
309 silly fetch manifest @vercel/cervel@0.1.46
310 silly packumentCache full:https://registry.npmjs.org/@vercel%2fcervel cache-miss
311 http fetch GET 200 https://registry.npmjs.org/es-module-lexer 1215ms (cache revalidated)
312 silly packumentCache full:https://registry.npmjs.org/es-module-lexer set size:212402 disposed:false
313 silly fetch manifest ms@2.1.1
314 silly packumentCache full:https://registry.npmjs.org/ms cache-miss
315 http fetch GET 200 https://registry.npmjs.org/cjs-module-lexer 1206ms (cache revalidated)
316 silly packumentCache full:https://registry.npmjs.org/cjs-module-lexer set size:149775 disposed:false
317 silly fetch manifest tar@7.5.7
318 silly packumentCache full:https://registry.npmjs.org/tar cache-miss
319 http fetch GET 200 https://registry.npmjs.org/tsx 3536ms (cache miss)
320 silly packumentCache full:https://registry.npmjs.org/tsx set size:undefined disposed:false
321 silly fetch manifest debug@4.3.4
322 silly packumentCache full:https://registry.npmjs.org/debug cache-miss
323 http fetch GET 200 https://registry.npmjs.org/ts-morph 3588ms (cache miss)
324 silly packumentCache full:https://registry.npmjs.org/ts-morph set size:undefined disposed:false
325 silly fetch manifest micro@9.3.5-canary.3
326 silly packumentCache full:https://registry.npmjs.org/micro cache-miss
327 http fetch GET 200 https://registry.npmjs.org/is-node-process 1502ms (cache miss)
328 silly packumentCache full:https://registry.npmjs.org/is-node-process set size:undefined disposed:false
329 silly fetch manifest semver@7.5.4
330 silly packumentCache full:https://registry.npmjs.org/semver cache-miss
331 http fetch GET 200 https://registry.npmjs.org/rolldown 4059ms (cache miss)
332 silly packumentCache full:https://registry.npmjs.org/rolldown set size:undefined disposed:false
333 silly fetch manifest tinyexec@0.3.2
334 silly packumentCache full:https://registry.npmjs.org/tinyexec cache-miss
335 http fetch GET 200 https://registry.npmjs.org/@vercel%2foidc 1799ms (cache miss)
336 silly packumentCache full:https://registry.npmjs.org/@vercel%2foidc set size:undefined disposed:false
337 silly fetch manifest stat-mode@0.3.0
338 silly packumentCache full:https://registry.npmjs.org/stat-mode cache-miss
339 http fetch GET 200 https://registry.npmjs.org/async-listen 1768ms (cache miss)
340 silly packumentCache full:https://registry.npmjs.org/async-listen set size:undefined disposed:false
341 silly fetch manifest tree-kill@1.2.2
342 silly packumentCache full:https://registry.npmjs.org/tree-kill cache-miss
343 http fetch GET 200 https://registry.npmjs.org/open 1880ms (cache revalidated)
344 silly packumentCache full:https://registry.npmjs.org/open set size:138621 disposed:false
345 silly fetch manifest node-fetch@2.6.7
346 silly packumentCache full:https://registry.npmjs.org/node-fetch cache-miss
347 http fetch GET 200 https://registry.npmjs.org/@vercel%2fstatic-config 1052ms (cache miss)
348 silly packumentCache full:https://registry.npmjs.org/@vercel%2fstatic-config set size:undefined disposed:false
349 silly fetch manifest promisepipe@3.0.0
350 silly packumentCache full:https://registry.npmjs.org/promisepipe cache-miss
351 http fetch GET 200 https://registry.npmjs.org/xdg-app-paths 1154ms (cache miss)
352 silly packumentCache full:https://registry.npmjs.org/xdg-app-paths set size:undefined disposed:false
353 silly fetch manifest uid-promise@1.0.0
354 silly packumentCache full:https://registry.npmjs.org/uid-promise cache-miss
355 http fetch GET 200 https://registry.npmjs.org/@napi-rs%2fkeyring 1959ms (cache miss)
356 silly packumentCache full:https://registry.npmjs.org/@napi-rs%2fkeyring set size:undefined disposed:false
357 silly fetch manifest async-listen@1.2.0
358 silly packumentCache full:https://registry.npmjs.org/async-listen cache-miss
359 http cache https://registry.npmjs.org/async-listen 5ms (cache hit)
360 silly packumentCache full:https://registry.npmjs.org/async-listen set size:27933 disposed:false
361 silly fetch manifest generic-pool@3.4.2
362 silly packumentCache full:https://registry.npmjs.org/generic-pool cache-miss
363 http fetch GET 200 https://registry.npmjs.org/ts-morph 942ms (cache miss)
364 silly packumentCache full:https://registry.npmjs.org/ts-morph set size:undefined disposed:false
365 silly fetch manifest xdg-app-paths@5.1.0
366 silly packumentCache full:https://registry.npmjs.org/xdg-app-paths cache-miss
367 http cache https://registry.npmjs.org/xdg-app-paths 5ms (cache hit)
368 silly packumentCache full:https://registry.npmjs.org/xdg-app-paths set size:295911 disposed:false
369 silly fetch manifest yauzl-promise@2.1.3
370 silly packumentCache full:https://registry.npmjs.org/yauzl-promise cache-miss
371 http fetch GET 200 https://registry.npmjs.org/ms 975ms (cache revalidated)
372 silly packumentCache full:https://registry.npmjs.org/ms set size:92208 disposed:false
373 silly fetch manifest path-to-regexp@8.2.0
374 silly packumentCache full:https://registry.npmjs.org/path-to-regexp cache-hit
375 silly fetch manifest @tootallnate/once@2.0.0
376 silly packumentCache full:https://registry.npmjs.org/@tootallnate%2fonce cache-miss
377 http fetch GET 200 https://registry.npmjs.org/debug 973ms (cache revalidated)
378 silly packumentCache full:https://registry.npmjs.org/debug set size:195840 disposed:false
379 silly fetch manifest stream-to-promise@2.2.0
380 silly packumentCache full:https://registry.npmjs.org/stream-to-promise cache-miss
381 http fetch GET 200 https://registry.npmjs.org/tar 1376ms (cache revalidated)
382 silly packumentCache full:https://registry.npmjs.org/tar set size:591769 disposed:false
383 silly fetch manifest etag@1.8.1
384 silly packumentCache full:https://registry.npmjs.org/etag cache-miss
385 http fetch GET 200 https://registry.npmjs.org/micro 1341ms (cache miss)
386 silly packumentCache full:https://registry.npmjs.org/micro set size:undefined disposed:false
387 silly fetch manifest undici@5.28.4
388 silly packumentCache full:https://registry.npmjs.org/undici cache-miss
389 http cache https://registry.npmjs.org/undici 10ms (cache hit)
390 silly packumentCache full:https://registry.npmjs.org/undici set size:1531430 disposed:false
391 silly fetch manifest mime-types@2.1.35
392 silly packumentCache full:https://registry.npmjs.org/mime-types cache-miss
393 http fetch GET 200 https://registry.npmjs.org/semver 1188ms (cache revalidated)
394 silly packumentCache full:https://registry.npmjs.org/semver set size:246069 disposed:false
395 silly fetch manifest node-fetch@2.6.9
396 silly packumentCache full:https://registry.npmjs.org/node-fetch cache-miss
397 http fetch GET 200 https://registry.npmjs.org/throttleit 4938ms (cache miss)
398 silly packumentCache full:https://registry.npmjs.org/throttleit set size:undefined disposed:false
399 silly fetch manifest typescript@npm:typescript@5.9.3
400 silly packumentCache full:https://registry.npmjs.org/typescript cache-miss
401 http fetch GET 200 https://registry.npmjs.org/@vercel%2fcervel 1580ms (cache miss)
402 silly packumentCache full:https://registry.npmjs.org/@vercel%2fcervel set size:undefined disposed:false
403 silly fetch manifest @types/node@20.11.0
404 silly packumentCache full:https://registry.npmjs.org/@types%2fnode cache-miss
405 http fetch GET 200 https://registry.npmjs.org/tree-kill 1298ms (cache miss)
406 silly packumentCache full:https://registry.npmjs.org/tree-kill set size:undefined disposed:false
407 silly fetch manifest edge-runtime@2.5.9
408 silly packumentCache full:https://registry.npmjs.org/edge-runtime cache-miss
409 http fetch GET 200 https://registry.npmjs.org/node-fetch 1194ms (cache revalidated)
410 silly packumentCache full:https://registry.npmjs.org/node-fetch set size:896010 disposed:false
411 silly fetch manifest path-to-regexp@6.1.0
412 silly packumentCache full:https://registry.npmjs.org/path-to-regexp cache-hit
413 silly fetch manifest es-module-lexer@1.4.1
414 silly packumentCache full:https://registry.npmjs.org/es-module-lexer cache-hit
415 silly fetch manifest @edge-runtime/vm@3.2.0
416 silly packumentCache full:https://registry.npmjs.org/@edge-runtime%2fvm cache-miss
417 http fetch GET 200 https://registry.npmjs.org/@tootallnate%2fonce 1035ms (cache revalidated)
418 silly packumentCache full:https://registry.npmjs.org/@tootallnate%2fonce set size:21927 disposed:false
419 silly fetch manifest @vercel/error-utils@2.2.1
420 silly packumentCache full:https://registry.npmjs.org/@vercel%2ferror-utils cache-miss
421 http fetch GET 200 https://registry.npmjs.org/stat-mode 1487ms (cache miss)
422 silly packumentCache full:https://registry.npmjs.org/stat-mode set size:undefined disposed:false
423 silly fetch manifest path-to-regexp-updated@npm:path-to-regexp@6.3.0
424 silly packumentCache full:https://registry.npmjs.org/path-to-regexp cache-hit
425 silly fetch manifest @edge-runtime/node-utils@2.3.0
426 silly packumentCache full:https://registry.npmjs.org/@edge-runtime%2fnode-utils cache-miss
427 http fetch GET 200 https://registry.npmjs.org/etag 932ms (cache revalidated)
428 silly packumentCache full:https://registry.npmjs.org/etag set size:30032 disposed:false
429 silly fetch manifest @edge-runtime/primitives@4.1.0
430 silly packumentCache full:https://registry.npmjs.org/@edge-runtime%2fprimitives cache-miss
431 http fetch GET 200 https://registry.npmjs.org/mime-types 885ms (cache revalidated)
432 silly packumentCache full:https://registry.npmjs.org/mime-types set size:139110 disposed:false
433 silly fetch manifest js-yaml@4.1.1
434 silly packumentCache full:https://registry.npmjs.org/js-yaml cache-miss
435 http fetch GET 200 https://registry.npmjs.org/typescript 891ms (cache revalidated)
436 silly packumentCache full:https://registry.npmjs.org/typescript set size:15555816 disposed:false
437 silly fetch manifest fs-extra@11.1.1
438 silly packumentCache full:https://registry.npmjs.org/fs-extra cache-miss
439 http fetch GET 200 https://registry.npmjs.org/promisepipe 1791ms (cache miss)
440 silly packumentCache full:https://registry.npmjs.org/promisepipe set size:undefined disposed:false
441 silly fetch manifest minimatch@10.1.1
442 silly packumentCache full:https://registry.npmjs.org/minimatch cache-miss
443 http fetch GET 200 https://registry.npmjs.org/tinyexec 1927ms (cache miss)
444 silly packumentCache full:https://registry.npmjs.org/tinyexec set size:undefined disposed:false
445 silly fetch manifest @renovatebot/pep440@4.2.1
446 silly packumentCache full:https://registry.npmjs.org/@renovatebot%2fpep440 cache-miss
447 http fetch GET 200 https://registry.npmjs.org/node-fetch 1014ms (cache revalidated)
448 silly packumentCache full:https://registry.npmjs.org/node-fetch set size:896010 disposed:false
449 silly packumentCache full:https://registry.npmjs.org/node-fetch dispose
450 silly fetch manifest @bytecodealliance/preview2-shim@0.17.6
451 silly packumentCache full:https://registry.npmjs.org/@bytecodealliance%2fpreview2-shim cache-miss
452 http fetch GET 200 https://registry.npmjs.org/uid-promise 1708ms (cache miss)
453 silly packumentCache full:https://registry.npmjs.org/uid-promise set size:undefined disposed:false
454 silly fetch manifest semver@6.3.1
455 silly packumentCache full:https://registry.npmjs.org/semver cache-hit
456 silly fetch manifest @vercel/error-utils@2.2.1
457 silly packumentCache full:https://registry.npmjs.org/@vercel%2ferror-utils cache-miss
458 http fetch GET 200 https://registry.npmjs.org/generic-pool 1702ms (cache miss)
459 silly packumentCache full:https://registry.npmjs.org/generic-pool set size:undefined disposed:false
460 silly fetch manifest execa@5
461 silly packumentCache full:https://registry.npmjs.org/execa cache-hit
462 silly fetch manifest @vercel/gatsby-plugin-vercel-builder@2.2.41
463 silly packumentCache full:https://registry.npmjs.org/@vercel%2fgatsby-plugin-vercel-builder cache-miss
464 http fetch GET 200 https://registry.npmjs.org/stream-to-promise 1519ms (cache miss)
465 silly packumentCache full:https://registry.npmjs.org/stream-to-promise set size:undefined disposed:false
466 silly fetch manifest @vercel/gatsby-plugin-vercel-analytics@1.0.12
467 silly packumentCache full:https://registry.npmjs.org/@vercel%2fgatsby-plugin-vercel-analytics cache-miss
468 http cache https://registry.npmjs.org/fs-extra 34ms (cache hit)
469 silly packumentCache full:https://registry.npmjs.org/fs-extra set size:239581 disposed:false
470 silly fetch manifest readdirp@^4.0.1
471 silly packumentCache full:https://registry.npmjs.org/readdirp cache-miss
472 http fetch GET 200 https://registry.npmjs.org/yauzl-promise 1595ms (cache miss)
473 silly packumentCache full:https://registry.npmjs.org/yauzl-promise set size:undefined disposed:false
474 silly fetch manifest @esbuild/aix-ppc64@0.27.0
475 silly packumentCache full:https://registry.npmjs.org/@esbuild%2faix-ppc64 cache-miss
476 http fetch GET 200 https://registry.npmjs.org/edge-runtime 868ms (cache miss)
477 silly packumentCache full:https://registry.npmjs.org/edge-runtime set size:undefined disposed:false
478 silly fetch manifest @esbuild/linux-arm@0.27.0
479 silly packumentCache full:https://registry.npmjs.org/@esbuild%2flinux-arm cache-miss
480 http fetch GET 200 https://registry.npmjs.org/@types%2fnode 1220ms (cache revalidated)
481 silly packumentCache full:https://registry.npmjs.org/@types%2fnode set size:11088606 disposed:false
482 silly fetch manifest @esbuild/linux-x64@0.27.0
483 silly packumentCache full:https://registry.npmjs.org/@esbuild%2flinux-x64 cache-miss
484 http fetch GET 200 https://registry.npmjs.org/@edge-runtime%2fvm 988ms (cache miss)
485 silly packumentCache full:https://registry.npmjs.org/@edge-runtime%2fvm set size:undefined disposed:false
486 silly fetch manifest @esbuild/sunos-x64@0.27.0
487 silly packumentCache full:https://registry.npmjs.org/@esbuild%2fsunos-x64 cache-miss
488 http fetch GET 200 https://registry.npmjs.org/@vercel%2ferror-utils 868ms (cache miss)
489 silly packumentCache full:https://registry.npmjs.org/@vercel%2ferror-utils set size:undefined disposed:false
490 silly fetch manifest @esbuild/win32-x64@0.27.0
491 silly packumentCache full:https://registry.npmjs.org/@esbuild%2fwin32-x64 cache-miss
492 http fetch GET 200 https://registry.npmjs.org/minimatch 1164ms (cache revalidated)
493 silly packumentCache full:https://registry.npmjs.org/minimatch set size:377924 disposed:false
494 silly fetch manifest @esbuild/darwin-x64@0.27.0
495 silly packumentCache full:https://registry.npmjs.org/@esbuild%2fdarwin-x64 cache-miss
496 http fetch GET 200 https://registry.npmjs.org/@esbuild%2faix-ppc64 1141ms (cache revalidated)
497 silly packumentCache full:https://registry.npmjs.org/@esbuild%2faix-ppc64 set size:67797 disposed:false
498 silly fetch manifest @esbuild/linux-ia32@0.27.0
499 silly packumentCache full:https://registry.npmjs.org/@esbuild%2flinux-ia32 cache-miss
500 http fetch GET 200 https://registry.npmjs.org/readdirp 1146ms (cache revalidated)
501 silly packumentCache full:https://registry.npmjs.org/readdirp set size:110119 disposed:false
502 silly fetch manifest @esbuild/netbsd-x64@0.27.0
503 silly packumentCache full:https://registry.npmjs.org/@esbuild%2fnetbsd-x64 cache-miss
504 http fetch GET 200 https://registry.npmjs.org/@vercel%2ferror-utils 1169ms (cache miss)
505 silly packumentCache full:https://registry.npmjs.org/@vercel%2ferror-utils set size:undefined disposed:false
506 silly fetch manifest @esbuild/win32-ia32@0.27.0
507 silly packumentCache full:https://registry.npmjs.org/@esbuild%2fwin32-ia32 cache-miss
508 http fetch GET 200 https://registry.npmjs.org/@esbuild%2flinux-arm 916ms (cache revalidated)
509 silly packumentCache full:https://registry.npmjs.org/@esbuild%2flinux-arm set size:198596 disposed:false
510 silly fetch manifest @esbuild/android-arm@0.27.0
511 silly packumentCache full:https://registry.npmjs.org/@esbuild%2fandroid-arm cache-miss
512 http fetch GET 200 https://registry.npmjs.org/@edge-runtime%2fnode-utils 1623ms (cache miss)
513 silly packumentCache full:https://registry.npmjs.org/@edge-runtime%2fnode-utils set size:undefined disposed:false
514 silly fetch manifest @esbuild/android-x64@0.27.0
515 silly packumentCache full:https://registry.npmjs.org/@esbuild%2fandroid-x64 cache-miss
516 http fetch GET 200 https://registry.npmjs.org/@edge-runtime%2fprimitives 1357ms (cache miss)
517 silly packumentCache full:https://registry.npmjs.org/@edge-runtime%2fprimitives set size:undefined disposed:false
518 silly fetch manifest @esbuild/freebsd-x64@0.27.0
519 silly packumentCache full:https://registry.npmjs.org/@esbuild%2ffreebsd-x64 cache-miss
520 http fetch GET 200 https://registry.npmjs.org/js-yaml 1414ms (cache miss)
521 silly packumentCache full:https://registry.npmjs.org/js-yaml set size:undefined disposed:false
522 silly fetch manifest @esbuild/linux-arm64@0.27.0
523 silly packumentCache full:https://registry.npmjs.org/@esbuild%2flinux-arm64 cache-miss
524 http fetch GET 200 https://registry.npmjs.org/@esbuild%2fsunos-x64 901ms (cache revalidated)
525 silly packumentCache full:https://registry.npmjs.org/@esbuild%2fsunos-x64 set size:199187 disposed:false
526 silly fetch manifest @esbuild/linux-ppc64@0.27.0
527 silly packumentCache full:https://registry.npmjs.org/@esbuild%2flinux-ppc64 cache-miss
528 http fetch GET 200 https://registry.npmjs.org/@esbuild%2flinux-x64 934ms (cache revalidated)
529 silly packumentCache full:https://registry.npmjs.org/@esbuild%2flinux-x64 set size:198942 disposed:false
530 silly fetch manifest @esbuild/linux-s390x@0.27.0
531 silly packumentCache full:https://registry.npmjs.org/@esbuild%2flinux-s390x cache-miss
532 http fetch GET 200 https://registry.npmjs.org/@bytecodealliance%2fpreview2-shim 1303ms (cache miss)
533 silly packumentCache full:https://registry.npmjs.org/@bytecodealliance%2fpreview2-shim set size:undefined disposed:false
534 silly fetch manifest @esbuild/openbsd-x64@0.27.0
535 silly packumentCache full:https://registry.npmjs.org/@esbuild%2fopenbsd-x64 cache-miss
536 http fetch GET 200 https://registry.npmjs.org/@renovatebot%2fpep440 1569ms (cache miss)
537 silly packumentCache full:https://registry.npmjs.org/@renovatebot%2fpep440 set size:undefined disposed:false
538 silly fetch manifest @esbuild/win32-arm64@0.27.0
539 silly packumentCache full:https://registry.npmjs.org/@esbuild%2fwin32-arm64 cache-miss
540 http fetch GET 200 https://registry.npmjs.org/@esbuild%2fwin32-x64 1176ms (cache revalidated)
541 silly packumentCache full:https://registry.npmjs.org/@esbuild%2fwin32-x64 set size:197540 disposed:false
542 silly fetch manifest @esbuild/darwin-arm64@0.27.0
543 silly packumentCache full:https://registry.npmjs.org/@esbuild%2fdarwin-arm64 cache-miss
544 http fetch GET 200 https://registry.npmjs.org/@vercel%2fgatsby-plugin-vercel-builder 1560ms (cache miss)
545 silly packumentCache full:https://registry.npmjs.org/@vercel%2fgatsby-plugin-vercel-builder set size:undefined disposed:false
546 silly fetch manifest @esbuild/netbsd-arm64@0.27.0
547 silly packumentCache full:https://registry.npmjs.org/@esbuild%2fnetbsd-arm64 cache-miss
548 http fetch GET 200 https://registry.npmjs.org/@esbuild%2fdarwin-x64 792ms (cache revalidated)
549 silly packumentCache full:https://registry.npmjs.org/@esbuild%2fdarwin-x64 set size:199670 disposed:false
550 silly fetch manifest @esbuild/android-arm64@0.27.0
551 silly packumentCache full:https://registry.npmjs.org/@esbuild%2fandroid-arm64 cache-miss
552 http fetch GET 200 https://registry.npmjs.org/@esbuild%2fnetbsd-x64 783ms (cache revalidated)
553 silly packumentCache full:https://registry.npmjs.org/@esbuild%2fnetbsd-x64 set size:197314 disposed:false
554 silly fetch manifest @esbuild/freebsd-arm64@0.27.0
555 silly packumentCache full:https://registry.npmjs.org/@esbuild%2ffreebsd-arm64 cache-miss
556 http fetch GET 200 https://registry.npmjs.org/@esbuild%2flinux-ia32 794ms (cache revalidated)
557 silly packumentCache full:https://registry.npmjs.org/@esbuild%2flinux-ia32 set size:199625 disposed:false
558 silly fetch manifest @esbuild/linux-loong64@0.27.0
559 silly packumentCache full:https://registry.npmjs.org/@esbuild%2flinux-loong64 cache-miss
560 http fetch GET 200 https://registry.npmjs.org/@esbuild%2fandroid-arm 815ms (cache revalidated)
561 silly packumentCache full:https://registry.npmjs.org/@esbuild%2fandroid-arm set size:225217 disposed:false
562 silly fetch manifest @esbuild/linux-riscv64@0.27.0
563 silly packumentCache full:https://registry.npmjs.org/@esbuild%2flinux-riscv64 cache-miss
564 http fetch GET 200 https://registry.npmjs.org/@esbuild%2fwin32-ia32 824ms (cache revalidated)
565 silly packumentCache full:https://registry.npmjs.org/@esbuild%2fwin32-ia32 set size:199854 disposed:false
566 silly fetch manifest @esbuild/openbsd-arm64@0.27.0
567 silly packumentCache full:https://registry.npmjs.org/@esbuild%2fopenbsd-arm64 cache-miss
568 http fetch GET 200 https://registry.npmjs.org/@esbuild%2ffreebsd-x64 813ms (cache revalidated)
569 silly packumentCache full:https://registry.npmjs.org/@esbuild%2ffreebsd-x64 set size:200565 disposed:false
570 silly fetch manifest @esbuild/linux-mips64el@0.27.0
571 silly packumentCache full:https://registry.npmjs.org/@esbuild%2flinux-mips64el cache-miss
572 http fetch GET 200 https://registry.npmjs.org/@vercel%2fgatsby-plugin-vercel-analytics 2094ms (cache miss)
573 silly packumentCache full:https://registry.npmjs.org/@vercel%2fgatsby-plugin-vercel-analytics set size:undefined disposed:false
574 silly fetch manifest @esbuild/openharmony-arm64@0.27.0
575 silly packumentCache full:https://registry.npmjs.org/@esbuild%2fopenharmony-arm64 cache-miss
576 http fetch GET 200 https://registry.npmjs.org/@esbuild%2flinux-arm64 863ms (cache revalidated)
577 silly packumentCache full:https://registry.npmjs.org/@esbuild%2flinux-arm64 set size:200773 disposed:false
578 silly fetch manifest ws@^8.21.0
579 silly packumentCache full:https://registry.npmjs.org/ws cache-miss
580 http fetch GET 200 https://registry.npmjs.org/@esbuild%2flinux-ppc64 830ms (cache revalidated)
581 silly packumentCache full:https://registry.npmjs.org/@esbuild%2flinux-ppc64 set size:202845 disposed:false
582 silly fetch manifest zod@^4.1.1
583 silly packumentCache full:https://registry.npmjs.org/zod cache-miss
584 http fetch GET 200 https://registry.npmjs.org/@esbuild%2flinux-s390x 835ms (cache revalidated)
585 silly packumentCache full:https://registry.npmjs.org/@esbuild%2flinux-s390x set size:202310 disposed:false
586 silly fetch manifest debug@^4.4.1
587 silly packumentCache full:https://registry.npmjs.org/debug cache-hit
588 silly fetch manifest async-retry@1.3.3
589 silly packumentCache full:https://registry.npmjs.org/async-retry cache-hit
590 silly fetch manifest @vercel/sandbox@2.4.0
591 silly packumentCache full:https://registry.npmjs.org/@vercel%2fsandbox cache-miss
592 http fetch GET 200 https://registry.npmjs.org/@esbuild%2fopenbsd-x64 830ms (cache revalidated)
593 silly packumentCache full:https://registry.npmjs.org/@esbuild%2fopenbsd-x64 set size:200576 disposed:false
594 silly fetch manifest @fastify/busboy@^2.0.0
595 silly packumentCache full:https://registry.npmjs.org/@fastify%2fbusboy cache-miss
596 http cache https://registry.npmjs.org/zod 27ms (cache hit)
597 silly packumentCache full:https://registry.npmjs.org/zod set size:3721026 disposed:false
598 http fetch GET 200 https://registry.npmjs.org/@esbuild%2fandroid-x64 1311ms (cache revalidated)
599 silly packumentCache full:https://registry.npmjs.org/@esbuild%2fandroid-x64 set size:199017 disposed:false
600 http fetch GET 200 https://registry.npmjs.org/@esbuild%2fnetbsd-arm64 1216ms (cache revalidated)
601 silly packumentCache full:https://registry.npmjs.org/@esbuild%2fnetbsd-arm64 set size:44308 disposed:false
602 http fetch GET 200 https://registry.npmjs.org/@esbuild%2fwin32-arm64 1232ms (cache revalidated)
603 silly packumentCache full:https://registry.npmjs.org/@esbuild%2fwin32-arm64 set size:201005 disposed:false
604 http fetch GET 200 https://registry.npmjs.org/@esbuild%2fdarwin-arm64 1228ms (cache revalidated)
605 silly packumentCache full:https://registry.npmjs.org/@esbuild%2fdarwin-arm64 set size:201471 disposed:false
606 http fetch GET 200 https://registry.npmjs.org/@esbuild%2ffreebsd-arm64 876ms (cache revalidated)
607 silly packumentCache full:https://registry.npmjs.org/@esbuild%2ffreebsd-arm64 set size:202383 disposed:false
608 http fetch GET 200 https://registry.npmjs.org/@esbuild%2fandroid-arm64 882ms (cache revalidated)
609 silly packumentCache full:https://registry.npmjs.org/@esbuild%2fandroid-arm64 set size:204216 disposed:false
610 http fetch GET 200 https://registry.npmjs.org/@esbuild%2flinux-riscv64 846ms (cache revalidated)
611 silly packumentCache full:https://registry.npmjs.org/@esbuild%2flinux-riscv64 set size:202512 disposed:false
612 http fetch GET 200 https://registry.npmjs.org/@esbuild%2fopenbsd-arm64 847ms (cache revalidated)
613 silly packumentCache full:https://registry.npmjs.org/@esbuild%2fopenbsd-arm64 set size:49642 disposed:false
614 http fetch GET 200 https://registry.npmjs.org/@esbuild%2flinux-mips64el 845ms (cache revalidated)
615 silly packumentCache full:https://registry.npmjs.org/@esbuild%2flinux-mips64el set size:204633 disposed:false
616 http fetch GET 200 https://registry.npmjs.org/ws 826ms (cache revalidated)
617 silly packumentCache full:https://registry.npmjs.org/ws set size:447661 disposed:false
618 http fetch GET 200 https://registry.npmjs.org/@esbuild%2fopenharmony-arm64 840ms (cache revalidated)
619 silly packumentCache full:https://registry.npmjs.org/@esbuild%2fopenharmony-arm64 set size:33054 disposed:false
620 http fetch GET 200 https://registry.npmjs.org/@esbuild%2flinux-loong64 1176ms (cache revalidated)
621 silly packumentCache full:https://registry.npmjs.org/@esbuild%2flinux-loong64 set size:255749 disposed:false
622 http fetch GET 200 https://registry.npmjs.org/@vercel%2fsandbox 1776ms (cache miss)
623 silly packumentCache full:https://registry.npmjs.org/@vercel%2fsandbox set size:undefined disposed:false
624 http fetch GET 200 https://registry.npmjs.org/@fastify%2fbusboy 1787ms (cache revalidated)
625 silly packumentCache full:https://registry.npmjs.org/@fastify%2fbusboy set size:64649 disposed:false
626 silly placeDep ROOT @vercel/nft@1.10.0 OK for: @vercel/backends@0.8.38 want: 1.10.0
627 silly placeDep ROOT @vercel/static-config@3.4.1 OK for: @vercel/backends@0.8.38 want: 3.4.1
628 silly placeDep ROOT execa@3.2.0 OK for: @vercel/backends@0.8.38 want: 3.2.0
629 silly placeDep ROOT fs-extra@11.1.0 OK for: @vercel/backends@0.8.38 want: 11.1.0
630 silly placeDep ROOT get-port@5.1.1 OK for: @vercel/backends@0.8.38 want: 5.1.1
631 silly placeDep ROOT oxc-transform@0.111.0 OK for: @vercel/backends@0.8.38 want: 0.111.0
632 silly placeDep ROOT path-to-regexp@8.3.0 OK for: @vercel/backends@0.8.38 want: 8.3.0
633 silly placeDep ROOT resolve.exports@2.0.3 OK for: @vercel/backends@0.8.38 want: 2.0.3
634 silly placeDep ROOT rolldown@1.0.0-rc.1 OK for: @vercel/backends@0.8.38 want: 1.0.0-rc.1
635 silly placeDep ROOT srvx@0.11.16 OK for: @vercel/backends@0.8.38 want: 0.11.16
636 silly placeDep ROOT ts-morph@12.0.0 OK for: @vercel/backends@0.8.38 want: 12.0.0
637 silly placeDep ROOT tsx@4.21.0 OK for: @vercel/backends@0.8.38 want: 4.21.0
638 silly placeDep node_modules/@vercel/backends zod@3.22.4 OK for: @vercel/backends@0.8.38 want: 3.22.4
639 silly fetch manifest glob@^13.0.0
640 silly packumentCache full:https://registry.npmjs.org/glob cache-miss
641 silly fetch manifest acorn@^8.6.0
642 silly packumentCache full:https://registry.npmjs.org/acorn cache-miss
643 silly fetch manifest bindings@^1.4.0
644 silly packumentCache full:https://registry.npmjs.org/bindings cache-miss
645 silly fetch manifest picomatch@^4.0.2
646 silly packumentCache full:https://registry.npmjs.org/picomatch cache-miss
647 silly fetch manifest async-sema@^3.1.1
648 silly packumentCache full:https://registry.npmjs.org/async-sema cache-miss
649 silly fetch manifest graceful-fs@^4.2.9
650 silly packumentCache full:https://registry.npmjs.org/graceful-fs cache-miss
651 silly fetch manifest resolve-from@^5.0.0
652 silly packumentCache full:https://registry.npmjs.org/resolve-from cache-miss
653 silly fetch manifest estree-walker@2.0.2
654 silly packumentCache full:https://registry.npmjs.org/estree-walker cache-miss
655 silly fetch manifest node-gyp-build@^4.2.2
656 silly packumentCache full:https://registry.npmjs.org/node-gyp-build cache-miss
657 silly fetch manifest @rollup/pluginutils@^5.1.3
658 silly packumentCache full:https://registry.npmjs.org/@rollup%2fpluginutils cache-miss
659 silly fetch manifest @mapbox/node-pre-gyp@^2.0.0
660 silly packumentCache full:https://registry.npmjs.org/@mapbox%2fnode-pre-gyp cache-miss
661 silly fetch manifest acorn-import-attributes@^1.9.5
662 silly packumentCache full:https://registry.npmjs.org/acorn-import-attributes cache-miss
663 silly fetch manifest ajv@8.6.3
664 silly packumentCache full:https://registry.npmjs.org/ajv cache-miss
665 silly fetch manifest json-schema-to-ts@1.6.4
666 silly packumentCache full:https://registry.npmjs.org/json-schema-to-ts cache-miss
667 silly fetch manifest onetime@^5.1.0
668 silly packumentCache full:https://registry.npmjs.org/onetime cache-miss
669 http fetch GET 200 https://registry.npmjs.org/acorn 2245ms (cache revalidated)
670 silly packumentCache full:https://registry.npmjs.org/acorn set size:383439 disposed:false
671 silly fetch manifest is-stream@^2.0.0
672 silly packumentCache full:https://registry.npmjs.org/is-stream cache-miss
673 http fetch GET 200 https://registry.npmjs.org/onetime 2308ms (cache revalidated)
674 silly packumentCache full:https://registry.npmjs.org/onetime set size:32314 disposed:false
675 silly fetch manifest p-finally@^2.0.0
676 silly packumentCache full:https://registry.npmjs.org/p-finally cache-miss
677 http fetch GET 200 https://registry.npmjs.org/picomatch 2316ms (cache revalidated)
678 silly packumentCache full:https://registry.npmjs.org/picomatch set size:128942 disposed:false
679 silly fetch manifest get-stream@^5.0.0
680 silly packumentCache full:https://registry.npmjs.org/get-stream cache-miss
681 http fetch GET 200 https://registry.npmjs.org/ajv 2318ms (cache revalidated)
682 silly packumentCache full:https://registry.npmjs.org/ajv set size:1142658 disposed:false
683 silly fetch manifest cross-spawn@^7.0.0
684 silly packumentCache full:https://registry.npmjs.org/cross-spawn cache-miss
685 http fetch GET 200 https://registry.npmjs.org/glob 2350ms (cache revalidated)
686 silly packumentCache full:https://registry.npmjs.org/glob set size:469465 disposed:false
687 silly fetch manifest signal-exit@^3.0.2
688 silly packumentCache full:https://registry.npmjs.org/signal-exit cache-miss
689 http fetch GET 200 https://registry.npmjs.org/node-gyp-build 2355ms (cache revalidated)
690 silly packumentCache full:https://registry.npmjs.org/node-gyp-build set size:84545 disposed:false
691 silly fetch manifest merge-stream@^2.0.0
692 silly packumentCache full:https://registry.npmjs.org/merge-stream cache-miss
693 http fetch GET 200 https://registry.npmjs.org/graceful-fs 2359ms (cache revalidated)
694 silly packumentCache full:https://registry.npmjs.org/graceful-fs set size:124285 disposed:false
695 silly fetch manifest npm-run-path@^4.0.0
696 silly packumentCache full:https://registry.npmjs.org/npm-run-path cache-miss
697 http fetch GET 200 https://registry.npmjs.org/resolve-from 2362ms (cache revalidated)
698 silly packumentCache full:https://registry.npmjs.org/resolve-from set size:12911 disposed:false
699 silly fetch manifest human-signals@^1.1.1
700 silly packumentCache full:https://registry.npmjs.org/human-signals cache-miss
701 http fetch GET 200 https://registry.npmjs.org/estree-walker 2388ms (cache revalidated)
702 silly packumentCache full:https://registry.npmjs.org/estree-walker set size:60887 disposed:false
703 silly fetch manifest strip-final-newline@^2.0.0
704 silly packumentCache full:https://registry.npmjs.org/strip-final-newline cache-miss
705 http fetch GET 200 https://registry.npmjs.org/json-schema-to-ts 2395ms (cache miss)
706 silly packumentCache full:https://registry.npmjs.org/json-schema-to-ts set size:undefined disposed:false
707 silly fetch manifest jsonfile@^6.0.1
708 silly packumentCache full:https://registry.npmjs.org/jsonfile cache-miss
709 http fetch GET 200 https://registry.npmjs.org/acorn-import-attributes 2731ms (cache revalidated)
710 silly packumentCache full:https://registry.npmjs.org/acorn-import-attributes set size:16911 disposed:false
711 silly fetch manifest graceful-fs@^4.2.0
712 silly packumentCache full:https://registry.npmjs.org/graceful-fs cache-hit
713 silly fetch manifest universalify@^2.0.0
714 silly packumentCache full:https://registry.npmjs.org/universalify cache-miss
715 http fetch GET 200 https://registry.npmjs.org/async-sema 2735ms (cache revalidated)
716 silly packumentCache full:https://registry.npmjs.org/async-sema set size:46767 disposed:false
717 silly fetch manifest @oxc-transform/binding-darwin-x64@0.111.0
718 silly packumentCache full:https://registry.npmjs.org/@oxc-transform%2fbinding-darwin-x64 cache-miss
719 http fetch GET 200 https://registry.npmjs.org/bindings 2738ms (cache revalidated)
720 silly packumentCache full:https://registry.npmjs.org/bindings set size:31303 disposed:false
721 silly fetch manifest @oxc-transform/binding-freebsd-x64@0.111.0
722 silly packumentCache full:https://registry.npmjs.org/@oxc-transform%2fbinding-freebsd-x64 cache-miss
723 http fetch GET 200 https://registry.npmjs.org/@rollup%2fpluginutils 2737ms (cache revalidated)
724 silly packumentCache full:https://registry.npmjs.org/@rollup%2fpluginutils set size:121958 disposed:false
725 silly fetch manifest @oxc-transform/binding-wasm32-wasi@0.111.0
726 silly packumentCache full:https://registry.npmjs.org/@oxc-transform%2fbinding-wasm32-wasi cache-miss
727 http fetch GET 200 https://registry.npmjs.org/@mapbox%2fnode-pre-gyp 2882ms (cache revalidated)
728 silly packumentCache full:https://registry.npmjs.org/@mapbox%2fnode-pre-gyp set size:134009 disposed:false
729 silly fetch manifest @oxc-transform/binding-darwin-arm64@0.111.0
730 silly packumentCache full:https://registry.npmjs.org/@oxc-transform%2fbinding-darwin-arm64 cache-miss
731 http fetch GET 200 https://registry.npmjs.org/is-stream 653ms (cache revalidated)
732 silly packumentCache full:https://registry.npmjs.org/is-stream set size:18582 disposed:false
733 silly fetch manifest @oxc-transform/binding-android-arm64@0.111.0
734 silly packumentCache full:https://registry.npmjs.org/@oxc-transform%2fbinding-android-arm64 cache-miss
735 http fetch GET 200 https://registry.npmjs.org/p-finally 926ms (cache miss)
736 silly packumentCache full:https://registry.npmjs.org/p-finally set size:undefined disposed:false
737 silly fetch manifest @oxc-transform/binding-linux-x64-gnu@0.111.0
738 silly packumentCache full:https://registry.npmjs.org/@oxc-transform%2fbinding-linux-x64-gnu cache-miss
739 http fetch GET 200 https://registry.npmjs.org/get-stream 934ms (cache revalidated)
740 silly packumentCache full:https://registry.npmjs.org/get-stream set size:57536 disposed:false
741 silly fetch manifest @oxc-transform/binding-linux-x64-musl@0.111.0
742 silly packumentCache full:https://registry.npmjs.org/@oxc-transform%2fbinding-linux-x64-musl cache-miss
743 http fetch GET 200 https://registry.npmjs.org/merge-stream 932ms (cache revalidated)
744 silly packumentCache full:https://registry.npmjs.org/merge-stream set size:22168 disposed:false
745 silly fetch manifest @oxc-transform/binding-win32-x64-msvc@0.111.0
746 silly packumentCache full:https://registry.npmjs.org/@oxc-transform%2fbinding-win32-x64-msvc cache-miss
747 http fetch GET 200 https://registry.npmjs.org/npm-run-path 931ms (cache revalidated)
748 silly packumentCache full:https://registry.npmjs.org/npm-run-path set size:33596 disposed:false
749 silly fetch manifest @oxc-transform/binding-linux-arm64-gnu@0.111.0
750 silly packumentCache full:https://registry.npmjs.org/@oxc-transform%2fbinding-linux-arm64-gnu cache-miss
751 http fetch GET 200 https://registry.npmjs.org/signal-exit 940ms (cache revalidated)
752 silly packumentCache full:https://registry.npmjs.org/signal-exit set size:53489 disposed:false
753 silly fetch manifest @oxc-transform/binding-linux-ppc64-gnu@0.111.0
754 silly packumentCache full:https://registry.npmjs.org/@oxc-transform%2fbinding-linux-ppc64-gnu cache-miss
755 http fetch GET 200 https://registry.npmjs.org/human-signals 933ms (cache revalidated)
756 silly packumentCache full:https://registry.npmjs.org/human-signals set size:47322 disposed:false
757 silly fetch manifest @oxc-transform/binding-linux-s390x-gnu@0.111.0
758 silly packumentCache full:https://registry.npmjs.org/@oxc-transform%2fbinding-linux-s390x-gnu cache-miss
759 http fetch GET 200 https://registry.npmjs.org/strip-final-newline 954ms (cache revalidated)
760 silly packumentCache full:https://registry.npmjs.org/strip-final-newline set size:9328 disposed:false
761 silly fetch manifest @oxc-transform/binding-win32-ia32-msvc@0.111.0
762 silly packumentCache full:https://registry.npmjs.org/@oxc-transform%2fbinding-win32-ia32-msvc cache-miss
763 http fetch GET 200 https://registry.npmjs.org/jsonfile 947ms (cache miss)
764 silly packumentCache full:https://registry.npmjs.org/jsonfile set size:undefined disposed:false
765 silly fetch manifest @oxc-transform/binding-android-arm-eabi@0.111.0
766 silly packumentCache full:https://registry.npmjs.org/@oxc-transform%2fbinding-android-arm-eabi cache-miss
767 http fetch GET 200 https://registry.npmjs.org/cross-spawn 1222ms (cache revalidated)
768 silly packumentCache full:https://registry.npmjs.org/cross-spawn set size:109066 disposed:false
769 silly fetch manifest @oxc-transform/binding-linux-arm64-musl@0.111.0
770 silly packumentCache full:https://registry.npmjs.org/@oxc-transform%2fbinding-linux-arm64-musl cache-miss
771 http fetch GET 200 https://registry.npmjs.org/universalify 1290ms (cache miss)
772 silly packumentCache full:https://registry.npmjs.org/universalify set size:undefined disposed:false
773 silly fetch manifest @oxc-transform/binding-win32-arm64-msvc@0.111.0
774 silly packumentCache full:https://registry.npmjs.org/@oxc-transform%2fbinding-win32-arm64-msvc cache-miss
775 http fetch GET 200 https://registry.npmjs.org/@oxc-transform%2fbinding-wasm32-wasi 1586ms (cache miss)
776 silly packumentCache full:https://registry.npmjs.org/@oxc-transform%2fbinding-wasm32-wasi set size:undefined disposed:false
777 silly fetch manifest @oxc-transform/binding-linux-riscv64-gnu@0.111.0
778 silly packumentCache full:https://registry.npmjs.org/@oxc-transform%2fbinding-linux-riscv64-gnu cache-miss
779 http fetch GET 200 https://registry.npmjs.org/@oxc-transform%2fbinding-android-arm64 1743ms (cache miss)
780 silly packumentCache full:https://registry.npmjs.org/@oxc-transform%2fbinding-android-arm64 set size:undefined disposed:false
781 silly fetch manifest @oxc-transform/binding-openharmony-arm64@0.111.0
782 silly packumentCache full:https://registry.npmjs.org/@oxc-transform%2fbinding-openharmony-arm64 cache-miss
783 http fetch GET 200 https://registry.npmjs.org/@oxc-transform%2fbinding-freebsd-x64 2208ms (cache miss)
784 silly packumentCache full:https://registry.npmjs.org/@oxc-transform%2fbinding-freebsd-x64 set size:undefined disposed:false
785 silly fetch manifest @oxc-transform/binding-linux-riscv64-musl@0.111.0
786 silly packumentCache full:https://registry.npmjs.org/@oxc-transform%2fbinding-linux-riscv64-musl cache-miss
787 http fetch GET 200 https://registry.npmjs.org/@oxc-transform%2fbinding-darwin-arm64 2791ms (cache miss)
788 silly packumentCache full:https://registry.npmjs.org/@oxc-transform%2fbinding-darwin-arm64 set size:undefined disposed:false
789 silly fetch manifest @oxc-transform/binding-linux-arm-gnueabihf@0.111.0
790 silly packumentCache full:https://registry.npmjs.org/@oxc-transform%2fbinding-linux-arm-gnueabihf cache-miss
791 http fetch GET 200 https://registry.npmjs.org/@oxc-transform%2fbinding-linux-s390x-gnu 2723ms (cache miss)
792 silly packumentCache full:https://registry.npmjs.org/@oxc-transform%2fbinding-linux-s390x-gnu set size:undefined disposed:false
793 silly fetch manifest @oxc-transform/binding-linux-arm-musleabihf@0.111.0
794 silly packumentCache full:https://registry.npmjs.org/@oxc-transform%2fbinding-linux-arm-musleabihf cache-miss
795 http fetch GET 200 https://registry.npmjs.org/@oxc-transform%2fbinding-win32-x64-msvc 2983ms (cache miss)
796 silly packumentCache full:https://registry.npmjs.org/@oxc-transform%2fbinding-win32-x64-msvc set size:undefined disposed:false
797 silly fetch manifest @oxc-project/types@=0.110.0
798 silly packumentCache full:https://registry.npmjs.org/@oxc-project%2ftypes cache-miss
799 http fetch GET 200 https://registry.npmjs.org/@oxc-transform%2fbinding-android-arm-eabi 3043ms (cache miss)
800 silly packumentCache full:https://registry.npmjs.org/@oxc-transform%2fbinding-android-arm-eabi set size:undefined disposed:false
801 silly fetch manifest @rolldown/pluginutils@1.0.0-rc.1
802 silly packumentCache full:https://registry.npmjs.org/@rolldown%2fpluginutils cache-miss
803 http fetch GET 200 https://registry.npmjs.org/@oxc-transform%2fbinding-linux-x64-gnu 3182ms (cache miss)
804 silly packumentCache full:https://registry.npmjs.org/@oxc-transform%2fbinding-linux-x64-gnu set size:undefined disposed:false
805 silly fetch manifest @rolldown/binding-darwin-x64@1.0.0-rc.1
806 silly packumentCache full:https://registry.npmjs.org/@rolldown%2fbinding-darwin-x64 cache-miss
807 http fetch GET 200 https://registry.npmjs.org/@oxc-transform%2fbinding-linux-ppc64-gnu 3168ms (cache miss)
808 silly packumentCache full:https://registry.npmjs.org/@oxc-transform%2fbinding-linux-ppc64-gnu set size:undefined disposed:false
809 silly fetch manifest @rolldown/binding-freebsd-x64@1.0.0-rc.1
810 silly packumentCache full:https://registry.npmjs.org/@rolldown%2fbinding-freebsd-x64 cache-miss
811 http fetch GET 200 https://registry.npmjs.org/@oxc-transform%2fbinding-darwin-x64 3731ms (cache miss)
812 silly packumentCache full:https://registry.npmjs.org/@oxc-transform%2fbinding-darwin-x64 set size:undefined disposed:false
813 silly fetch manifest @rolldown/binding-wasm32-wasi@1.0.0-rc.1
814 silly packumentCache full:https://registry.npmjs.org/@rolldown%2fbinding-wasm32-wasi cache-miss
815 http fetch GET 200 https://registry.npmjs.org/@oxc-transform%2fbinding-linux-x64-musl 3250ms (cache miss)
816 silly packumentCache full:https://registry.npmjs.org/@oxc-transform%2fbinding-linux-x64-musl set size:undefined disposed:false
817 silly fetch manifest @rolldown/binding-darwin-arm64@1.0.0-rc.1
818 silly packumentCache full:https://registry.npmjs.org/@rolldown%2fbinding-darwin-arm64 cache-miss
819 http fetch GET 200 https://registry.npmjs.org/@oxc-transform%2fbinding-win32-ia32-msvc 3587ms (cache miss)
820 silly packumentCache full:https://registry.npmjs.org/@oxc-transform%2fbinding-win32-ia32-msvc set size:undefined disposed:false
821 silly fetch manifest @rolldown/binding-android-arm64@1.0.0-rc.1
822 silly packumentCache full:https://registry.npmjs.org/@rolldown%2fbinding-android-arm64 cache-miss
823 http fetch GET 200 https://registry.npmjs.org/@oxc-transform%2fbinding-linux-riscv64-musl 1991ms (cache miss)
824 silly packumentCache full:https://registry.npmjs.org/@oxc-transform%2fbinding-linux-riscv64-musl set size:undefined disposed:false
825 silly fetch manifest @rolldown/binding-linux-x64-gnu@1.0.0-rc.1
826 silly packumentCache full:https://registry.npmjs.org/@rolldown%2fbinding-linux-x64-gnu cache-miss
827 http fetch GET 200 https://registry.npmjs.org/@oxc-transform%2fbinding-linux-arm64-gnu 3649ms (cache miss)
828 silly packumentCache full:https://registry.npmjs.org/@oxc-transform%2fbinding-linux-arm64-gnu set size:undefined disposed:false
829 silly fetch manifest @rolldown/binding-linux-x64-musl@1.0.0-rc.1
830 silly packumentCache full:https://registry.npmjs.org/@rolldown%2fbinding-linux-x64-musl cache-miss
831 http fetch GET 200 https://registry.npmjs.org/@oxc-transform%2fbinding-linux-arm64-musl 3404ms (cache miss)
832 silly packumentCache full:https://registry.npmjs.org/@oxc-transform%2fbinding-linux-arm64-musl set size:undefined disposed:false
833 silly fetch manifest @rolldown/binding-win32-x64-msvc@1.0.0-rc.1
834 silly packumentCache full:https://registry.npmjs.org/@rolldown%2fbinding-win32-x64-msvc cache-miss
835 http fetch GET 200 https://registry.npmjs.org/@oxc-project%2ftypes 691ms (cache miss)
836 silly packumentCache full:https://registry.npmjs.org/@oxc-project%2ftypes set size:undefined disposed:false
837 silly fetch manifest @rolldown/binding-linux-arm64-gnu@1.0.0-rc.1
838 silly packumentCache full:https://registry.npmjs.org/@rolldown%2fbinding-linux-arm64-gnu cache-miss
839 http fetch GET 200 https://registry.npmjs.org/@oxc-transform%2fbinding-linux-arm-musleabihf 1113ms (cache miss)
840 silly packumentCache full:https://registry.npmjs.org/@oxc-transform%2fbinding-linux-arm-musleabihf set size:undefined disposed:false
841 silly fetch manifest @rolldown/binding-linux-arm64-musl@1.0.0-rc.1
842 silly packumentCache full:https://registry.npmjs.org/@rolldown%2fbinding-linux-arm64-musl cache-miss
843 http fetch GET 200 https://registry.npmjs.org/@oxc-transform%2fbinding-linux-riscv64-gnu 2832ms (cache miss)
844 silly packumentCache full:https://registry.npmjs.org/@oxc-transform%2fbinding-linux-riscv64-gnu set size:undefined disposed:false
845 silly fetch manifest @rolldown/binding-win32-arm64-msvc@1.0.0-rc.1
846 silly packumentCache full:https://registry.npmjs.org/@rolldown%2fbinding-win32-arm64-msvc cache-miss
847 http fetch GET 200 https://registry.npmjs.org/@rolldown%2fpluginutils 1483ms (cache miss)
848 silly packumentCache full:https://registry.npmjs.org/@rolldown%2fpluginutils set size:undefined disposed:false
849 silly fetch manifest @rolldown/binding-openharmony-arm64@1.0.0-rc.1
850 silly packumentCache full:https://registry.npmjs.org/@rolldown%2fbinding-openharmony-arm64 cache-miss
851 http fetch GET 200 https://registry.npmjs.org/@oxc-transform%2fbinding-openharmony-arm64 3241ms (cache miss)
852 silly packumentCache full:https://registry.npmjs.org/@oxc-transform%2fbinding-openharmony-arm64 set size:undefined disposed:false
853 silly fetch manifest @rolldown/binding-linux-arm-gnueabihf@1.0.0-rc.1
854 silly packumentCache full:https://registry.npmjs.org/@rolldown%2fbinding-linux-arm-gnueabihf cache-miss
855 http fetch GET 200 https://registry.npmjs.org/@oxc-transform%2fbinding-win32-arm64-msvc 3988ms (cache miss)
856 silly packumentCache full:https://registry.npmjs.org/@oxc-transform%2fbinding-win32-arm64-msvc set size:undefined disposed:false
857 silly fetch manifest @ts-morph/common@~0.11.0
858 silly packumentCache full:https://registry.npmjs.org/@ts-morph%2fcommon cache-miss
859 http fetch GET 200 https://registry.npmjs.org/@rolldown%2fbinding-android-arm64 1162ms (cache miss)
860 silly packumentCache full:https://registry.npmjs.org/@rolldown%2fbinding-android-arm64 set size:undefined disposed:false
861 silly fetch manifest code-block-writer@^10.1.1
862 silly packumentCache full:https://registry.npmjs.org/code-block-writer cache-miss
863 http fetch GET 200 https://registry.npmjs.org/@rolldown%2fbinding-linux-x64-musl 1825ms (cache miss)
864 silly packumentCache full:https://registry.npmjs.org/@rolldown%2fbinding-linux-x64-musl set size:undefined disposed:false
865 silly fetch manifest get-tsconfig@^4.7.5
866 silly packumentCache full:https://registry.npmjs.org/get-tsconfig cache-miss
867 http fetch GET 200 https://registry.npmjs.org/@rolldown%2fbinding-wasm32-wasi 2333ms (cache miss)
868 silly packumentCache full:https://registry.npmjs.org/@rolldown%2fbinding-wasm32-wasi set size:undefined disposed:false
869 silly fetch manifest fsevents@~2.3.3
870 silly packumentCache full:https://registry.npmjs.org/fsevents cache-miss
871 http fetch GET 200 https://registry.npmjs.org/@rolldown%2fbinding-win32-x64-msvc 1856ms (cache miss)
872 silly packumentCache full:https://registry.npmjs.org/@rolldown%2fbinding-win32-x64-msvc set size:undefined disposed:false
873 http fetch GET 200 https://registry.npmjs.org/@rolldown%2fbinding-openharmony-arm64 975ms (cache miss)
874 silly packumentCache full:https://registry.npmjs.org/@rolldown%2fbinding-openharmony-arm64 set size:undefined disposed:false
875 http fetch GET 200 https://registry.npmjs.org/@rolldown%2fbinding-linux-arm-gnueabihf 969ms (cache miss)
876 silly packumentCache full:https://registry.npmjs.org/@rolldown%2fbinding-linux-arm-gnueabihf set size:undefined disposed:false
877 http fetch GET 200 https://registry.npmjs.org/@rolldown%2fbinding-win32-arm64-msvc 2299ms (cache miss)
878 silly packumentCache full:https://registry.npmjs.org/@rolldown%2fbinding-win32-arm64-msvc set size:undefined disposed:false
879 http fetch GET 200 https://registry.npmjs.org/@rolldown%2fbinding-linux-arm64-gnu 2519ms (cache miss)
880 silly packumentCache full:https://registry.npmjs.org/@rolldown%2fbinding-linux-arm64-gnu set size:undefined disposed:false
881 http fetch GET 200 https://registry.npmjs.org/@rolldown%2fbinding-darwin-arm64 2997ms (cache miss)
882 silly packumentCache full:https://registry.npmjs.org/@rolldown%2fbinding-darwin-arm64 set size:undefined disposed:false
883 http fetch GET 200 https://registry.npmjs.org/@rolldown%2fbinding-linux-arm64-musl 2384ms (cache miss)
884 silly packumentCache full:https://registry.npmjs.org/@rolldown%2fbinding-linux-arm64-musl set size:undefined disposed:false
885 http fetch GET 200 https://registry.npmjs.org/@rolldown%2fbinding-freebsd-x64 3077ms (cache miss)
886 silly packumentCache full:https://registry.npmjs.org/@rolldown%2fbinding-freebsd-x64 set size:undefined disposed:false
887 http fetch GET 200 https://registry.npmjs.org/@ts-morph%2fcommon 1536ms (cache miss)
888 silly packumentCache full:https://registry.npmjs.org/@ts-morph%2fcommon set size:undefined disposed:false
889 http fetch GET 200 https://registry.npmjs.org/@rolldown%2fbinding-darwin-x64 3243ms (cache miss)
890 silly packumentCache full:https://registry.npmjs.org/@rolldown%2fbinding-darwin-x64 set size:undefined disposed:false
891 http fetch GET 200 https://registry.npmjs.org/code-block-writer 1901ms (cache miss)
892 silly packumentCache full:https://registry.npmjs.org/code-block-writer set size:undefined disposed:false
893 http fetch GET 200 https://registry.npmjs.org/get-tsconfig 1414ms (cache miss)
894 silly packumentCache full:https://registry.npmjs.org/get-tsconfig set size:undefined disposed:false
895 http fetch GET 200 https://registry.npmjs.org/fsevents 1384ms (cache miss)
896 silly packumentCache full:https://registry.npmjs.org/fsevents set size:undefined disposed:false
897 http fetch GET 200 https://registry.npmjs.org/@oxc-transform%2fbinding-linux-arm-gnueabihf 4602ms (cache miss)
898 silly packumentCache full:https://registry.npmjs.org/@oxc-transform%2fbinding-linux-arm-gnueabihf set size:undefined disposed:false
899 http fetch GET 200 https://registry.npmjs.org/@rolldown%2fbinding-linux-x64-gnu 12749ms (cache miss)
900 silly packumentCache full:https://registry.npmjs.org/@rolldown%2fbinding-linux-x64-gnu set size:undefined disposed:false
901 silly placeDep ROOT @vercel/oidc@3.8.4 OK for: @vercel/blob@2.8.0 want: ^3.6.1
902 silly placeDep ROOT async-retry@1.3.3 OK for: @vercel/blob@2.8.0 want: ^1.3.3
903 silly placeDep ROOT is-buffer@2.0.5 OK for: @vercel/blob@2.8.0 want: ^2.0.5
904 silly placeDep ROOT is-node-process@1.2.0 OK for: @vercel/blob@2.8.0 want: ^1.2.0
905 silly placeDep ROOT throttleit@2.1.0 OK for: @vercel/blob@2.8.0 want: ^2.1.0
906 silly placeDep node_modules/@vercel/blob undici@6.28.0 OK for: @vercel/blob@2.8.0 want: ^6.23.0
907 silly fetch manifest @vercel/cli-exec@1.0.1
908 silly packumentCache full:https://registry.npmjs.org/@vercel%2fcli-exec cache-miss
909 silly fetch manifest retry@0.13.1
910 silly packumentCache full:https://registry.npmjs.org/retry cache-miss
911 http fetch GET 200 https://registry.npmjs.org/retry 702ms (cache revalidated)
912 silly packumentCache full:https://registry.npmjs.org/retry set size:31161 disposed:false
913 http fetch GET 200 https://registry.npmjs.org/@vercel%2fcli-exec 1957ms (cache miss)
914 silly packumentCache full:https://registry.npmjs.org/@vercel%2fcli-exec set size:undefined disposed:false
915 silly placeDep ROOT cjs-module-lexer@1.2.3 OK for: @vercel/build-utils@14.1.1 want: 1.2.3
916 silly placeDep ROOT es-module-lexer@1.5.0 OK for: @vercel/build-utils@14.1.1 want: 1.5.0
917 silly placeDep ROOT @napi-rs/keyring@1.2.0 OK for: @vercel/cli-auth@0.3.4 want: 1.2.0
918 silly placeDep ROOT async-listen@3.0.0 OK for: @vercel/cli-auth@0.3.4 want: 3.0.0
919 silly placeDep ROOT open@8.4.0 OK for: @vercel/cli-auth@0.3.4 want: 8.4.0
920 silly fetch manifest @napi-rs/keyring-darwin-x64@1.2.0
921 silly packumentCache full:https://registry.npmjs.org/@napi-rs%2fkeyring-darwin-x64 cache-miss
922 silly fetch manifest @napi-rs/keyring-freebsd-x64@1.2.0
923 silly packumentCache full:https://registry.npmjs.org/@napi-rs%2fkeyring-freebsd-x64 cache-miss
924 silly fetch manifest @napi-rs/keyring-darwin-arm64@1.2.0
925 silly packumentCache full:https://registry.npmjs.org/@napi-rs%2fkeyring-darwin-arm64 cache-miss
926 silly fetch manifest @napi-rs/keyring-linux-x64-gnu@1.2.0
927 silly packumentCache full:https://registry.npmjs.org/@napi-rs%2fkeyring-linux-x64-gnu cache-miss
928 silly fetch manifest @napi-rs/keyring-linux-x64-musl@1.2.0
929 silly packumentCache full:https://registry.npmjs.org/@napi-rs%2fkeyring-linux-x64-musl cache-miss
930 silly fetch manifest @napi-rs/keyring-win32-x64-msvc@1.2.0
931 silly packumentCache full:https://registry.npmjs.org/@napi-rs%2fkeyring-win32-x64-msvc cache-miss
932 silly fetch manifest @napi-rs/keyring-linux-arm64-gnu@1.2.0
933 silly packumentCache full:https://registry.npmjs.org/@napi-rs%2fkeyring-linux-arm64-gnu cache-miss
934 silly fetch manifest @napi-rs/keyring-win32-ia32-msvc@1.2.0
935 silly packumentCache full:https://registry.npmjs.org/@napi-rs%2fkeyring-win32-ia32-msvc cache-miss
936 silly fetch manifest @napi-rs/keyring-linux-arm64-musl@1.2.0
937 silly packumentCache full:https://registry.npmjs.org/@napi-rs%2fkeyring-linux-arm64-musl cache-miss
938 silly fetch manifest @napi-rs/keyring-win32-arm64-msvc@1.2.0
939 silly packumentCache full:https://registry.npmjs.org/@napi-rs%2fkeyring-win32-arm64-msvc cache-miss
940 silly fetch manifest @napi-rs/keyring-linux-riscv64-gnu@1.2.0
941 silly packumentCache full:https://registry.npmjs.org/@napi-rs%2fkeyring-linux-riscv64-gnu cache-miss
942 silly fetch manifest @napi-rs/keyring-linux-arm-gnueabihf@1.2.0
943 silly packumentCache full:https://registry.npmjs.org/@napi-rs%2fkeyring-linux-arm-gnueabihf cache-miss
944 silly fetch manifest is-wsl@^2.2.0
945 silly packumentCache full:https://registry.npmjs.org/is-wsl cache-miss
946 silly fetch manifest is-docker@^2.1.1
947 silly packumentCache full:https://registry.npmjs.org/is-docker cache-miss
948 silly fetch manifest define-lazy-prop@^2.0.0
949 silly packumentCache full:https://registry.npmjs.org/define-lazy-prop cache-miss
950 http fetch GET 200 https://registry.npmjs.org/@napi-rs%2fkeyring-freebsd-x64 942ms (cache miss)
951 silly packumentCache full:https://registry.npmjs.org/@napi-rs%2fkeyring-freebsd-x64 set size:undefined disposed:false
952 http fetch GET 200 https://registry.npmjs.org/@napi-rs%2fkeyring-linux-arm64-musl 969ms (cache miss)
953 silly packumentCache full:https://registry.npmjs.org/@napi-rs%2fkeyring-linux-arm64-musl set size:undefined disposed:false
954 http fetch GET 200 https://registry.npmjs.org/@napi-rs%2fkeyring-darwin-x64 974ms (cache miss)
955 silly packumentCache full:https://registry.npmjs.org/@napi-rs%2fkeyring-darwin-x64 set size:undefined disposed:false
956 http fetch GET 200 https://registry.npmjs.org/is-docker 976ms (cache revalidated)
957 silly packumentCache full:https://registry.npmjs.org/is-docker set size:23690 disposed:false
958 http fetch GET 200 https://registry.npmjs.org/define-lazy-prop 979ms (cache revalidated)
959 silly packumentCache full:https://registry.npmjs.org/define-lazy-prop set size:9337 disposed:false
960 http fetch GET 200 https://registry.npmjs.org/@napi-rs%2fkeyring-win32-x64-msvc 1116ms (cache miss)
961 silly packumentCache full:https://registry.npmjs.org/@napi-rs%2fkeyring-win32-x64-msvc set size:undefined disposed:false
962 http fetch GET 200 https://registry.npmjs.org/@napi-rs%2fkeyring-linux-x64-musl 1322ms (cache miss)
963 silly packumentCache full:https://registry.npmjs.org/@napi-rs%2fkeyring-linux-x64-musl set size:undefined disposed:false
964 http fetch GET 200 https://registry.npmjs.org/is-wsl 1326ms (cache revalidated)
965 silly packumentCache full:https://registry.npmjs.org/is-wsl set size:20683 disposed:false
966 http fetch GET 200 https://registry.npmjs.org/@napi-rs%2fkeyring-darwin-arm64 1371ms (cache miss)
967 silly packumentCache full:https://registry.npmjs.org/@napi-rs%2fkeyring-darwin-arm64 set size:undefined disposed:false
968 http fetch GET 200 https://registry.npmjs.org/@napi-rs%2fkeyring-win32-arm64-msvc 1424ms (cache miss)
969 silly packumentCache full:https://registry.npmjs.org/@napi-rs%2fkeyring-win32-arm64-msvc set size:undefined disposed:false
970 http fetch GET 200 https://registry.npmjs.org/@napi-rs%2fkeyring-linux-arm-gnueabihf 1525ms (cache miss)
971 silly packumentCache full:https://registry.npmjs.org/@napi-rs%2fkeyring-linux-arm-gnueabihf set size:undefined disposed:false
972 http fetch GET 200 https://registry.npmjs.org/@napi-rs%2fkeyring-linux-riscv64-gnu 1651ms (cache miss)
973 silly packumentCache full:https://registry.npmjs.org/@napi-rs%2fkeyring-linux-riscv64-gnu set size:undefined disposed:false
974 http fetch GET 200 https://registry.npmjs.org/@napi-rs%2fkeyring-win32-ia32-msvc 1743ms (cache miss)
975 silly packumentCache full:https://registry.npmjs.org/@napi-rs%2fkeyring-win32-ia32-msvc set size:undefined disposed:false
976 http fetch GET 200 https://registry.npmjs.org/@napi-rs%2fkeyring-linux-x64-gnu 1939ms (cache miss)
977 silly packumentCache full:https://registry.npmjs.org/@napi-rs%2fkeyring-linux-x64-gnu set size:undefined disposed:false
978 http fetch GET 200 https://registry.npmjs.org/@napi-rs%2fkeyring-linux-arm64-gnu 1939ms (cache miss)
979 silly packumentCache full:https://registry.npmjs.org/@napi-rs%2fkeyring-linux-arm64-gnu set size:undefined disposed:false
980 silly placeDep ROOT @napi-rs/keyring-darwin-arm64@1.2.0 OK for: @napi-rs/keyring@1.2.0 want: 1.2.0
981 silly placeDep ROOT @napi-rs/keyring-darwin-x64@1.2.0 OK for: @napi-rs/keyring@1.2.0 want: 1.2.0
982 silly placeDep ROOT @napi-rs/keyring-freebsd-x64@1.2.0 OK for: @napi-rs/keyring@1.2.0 want: 1.2.0
983 silly placeDep ROOT @napi-rs/keyring-linux-arm-gnueabihf@1.2.0 OK for: @napi-rs/keyring@1.2.0 want: 1.2.0
984 silly placeDep ROOT @napi-rs/keyring-linux-arm64-gnu@1.2.0 OK for: @napi-rs/keyring@1.2.0 want: 1.2.0
985 silly placeDep ROOT @napi-rs/keyring-linux-arm64-musl@1.2.0 OK for: @napi-rs/keyring@1.2.0 want: 1.2.0
986 silly placeDep ROOT @napi-rs/keyring-linux-riscv64-gnu@1.2.0 OK for: @napi-rs/keyring@1.2.0 want: 1.2.0
987 silly placeDep ROOT @napi-rs/keyring-linux-x64-gnu@1.2.0 OK for: @napi-rs/keyring@1.2.0 want: 1.2.0
988 silly placeDep ROOT @napi-rs/keyring-linux-x64-musl@1.2.0 OK for: @napi-rs/keyring@1.2.0 want: 1.2.0
989 silly placeDep ROOT @napi-rs/keyring-win32-arm64-msvc@1.2.0 OK for: @napi-rs/keyring@1.2.0 want: 1.2.0
990 silly placeDep ROOT @napi-rs/keyring-win32-ia32-msvc@1.2.0 OK for: @napi-rs/keyring@1.2.0 want: 1.2.0
991 silly placeDep ROOT @napi-rs/keyring-win32-x64-msvc@1.2.0 OK for: @napi-rs/keyring@1.2.0 want: 1.2.0
992 silly placeDep ROOT xdg-app-paths@5.5.1 OK for: @vercel/cli-config@0.2.3 want: 5
993 silly fetch manifest os-paths@^4.0.1
994 silly packumentCache full:https://registry.npmjs.org/os-paths cache-miss
995 silly fetch manifest xdg-portable@^7.2.0
996 silly packumentCache full:https://registry.npmjs.org/xdg-portable cache-miss
997 http fetch GET 200 https://registry.npmjs.org/xdg-portable 478ms (cache miss)
998 silly packumentCache full:https://registry.npmjs.org/xdg-portable set size:undefined disposed:false
999 http fetch GET 200 https://registry.npmjs.org/os-paths 1109ms (cache miss)
1000 silly packumentCache full:https://registry.npmjs.org/os-paths set size:undefined disposed:false
1001 silly placeDep ROOT @vercel/cervel@0.1.46 OK for: @vercel/express@0.1.129 want: 0.1.46
1002 silly placeDep node_modules/@vercel/express zod@3.22.4 OK for: @vercel/express@0.1.129 want: 3.22.4
1003 silly fetch manifest encoding@^0.1.0
1004 silly packumentCache full:https://registry.npmjs.org/encoding cache-miss
1005 http fetch GET 200 https://registry.npmjs.org/encoding 97ms (cache revalidated)
1006 silly packumentCache full:https://registry.npmjs.org/encoding set size:17833 disposed:false
1007 silly placeDep ROOT @tootallnate/once@2.0.0 OK for: @vercel/fun@1.3.0 want: 2.0.0
1008 silly placeDep node_modules/@vercel/fun async-listen@1.2.0 OK for: @vercel/fun@1.3.0 want: 1.2.0
1009 silly placeDep ROOT debug@4.3.4 OK for: @vercel/fun@1.3.0 want: 4.3.4
1010 silly placeDep ROOT generic-pool@3.4.2 OK for: @vercel/fun@1.3.0 want: 3.4.2
1011 silly placeDep ROOT micro@9.3.5-canary.3 OK for: @vercel/fun@1.3.0 want: 9.3.5-canary.3
1012 silly placeDep ROOT ms@2.1.1 OK for: @vercel/fun@1.3.0 want: 2.1.1
1013 silly placeDep ROOT node-fetch@2.6.7 OK for: @vercel/fun@1.3.0 want: 2.6.7
1014 silly placeDep node_modules/@vercel/fun path-to-regexp@8.2.0 OK for: @vercel/fun@1.3.0 want: 8.2.0
1015 silly placeDep ROOT promisepipe@3.0.0 OK for: @vercel/fun@1.3.0 want: 3.0.0
1016 silly placeDep ROOT semver@7.5.4 OK for: @vercel/fun@1.3.0 want: 7.5.4
1017 silly placeDep ROOT stat-mode@0.3.0 OK for: @vercel/fun@1.3.0 want: 0.3.0
1018 silly placeDep ROOT stream-to-promise@2.2.0 OK for: @vercel/fun@1.3.0 want: 2.2.0
1019 silly placeDep ROOT tar@7.5.7 OK for: @vercel/fun@1.3.0 want: 7.5.7
1020 silly placeDep ROOT tinyexec@0.3.2 OK for: @vercel/fun@1.3.0 want: 0.3.2
1021 silly placeDep ROOT tree-kill@1.2.2 OK for: @vercel/fun@1.3.0 want: 1.2.2
1022 silly placeDep ROOT uid-promise@1.0.0 OK for: @vercel/fun@1.3.0 want: 1.0.0
1023 silly placeDep node_modules/@vercel/fun xdg-app-paths@5.1.0 OK for: @vercel/fun@1.3.0 want: 5.1.0
1024 silly placeDep ROOT yauzl-promise@2.1.3 OK for: @vercel/fun@1.3.0 want: 2.1.3
1025 silly fetch manifest ms@2.1.2
1026 silly packumentCache full:https://registry.npmjs.org/ms cache-hit
1027 silly fetch manifest arg@4.1.0
1028 silly packumentCache full:https://registry.npmjs.org/arg cache-miss
1029 silly fetch manifest raw-body@2.4.1
1030 silly packumentCache full:https://registry.npmjs.org/raw-body cache-miss
1031 silly fetch manifest content-type@1.0.4
1032 silly packumentCache full:https://registry.npmjs.org/content-type cache-miss
1033 silly fetch manifest whatwg-url@^5.0.0
1034 silly packumentCache full:https://registry.npmjs.org/whatwg-url cache-miss
1035 silly fetch manifest lru-cache@^6.0.0
1036 silly packumentCache full:https://registry.npmjs.org/lru-cache cache-miss
1037 silly fetch manifest any-promise@~1.3.0
1038 silly packumentCache full:https://registry.npmjs.org/any-promise cache-miss
1039 silly fetch manifest end-of-stream@~1.1.0
1040 silly packumentCache full:https://registry.npmjs.org/end-of-stream cache-miss
1041 silly fetch manifest stream-to-array@~2.3.0
1042 silly packumentCache full:https://registry.npmjs.org/stream-to-array cache-miss
1043 silly fetch manifest chownr@^3.0.0
1044 silly packumentCache full:https://registry.npmjs.org/chownr cache-miss
1045 silly fetch manifest yallist@^5.0.0
1046 silly packumentCache full:https://registry.npmjs.org/yallist cache-miss
1047 silly fetch manifest minipass@^7.1.2
1048 silly packumentCache full:https://registry.npmjs.org/minipass cache-miss
1049 silly fetch manifest minizlib@^3.1.0
1050 silly packumentCache full:https://registry.npmjs.org/minizlib cache-miss
1051 silly fetch manifest @isaacs/fs-minipass@^4.0.0
1052 silly packumentCache full:https://registry.npmjs.org/@isaacs%2ffs-minipass cache-miss
1053 silly fetch manifest xdg-portable@^7.0.0
1054 silly packumentCache full:https://registry.npmjs.org/xdg-portable cache-miss
1055 silly fetch manifest yauzl@^2.9.1
1056 silly packumentCache full:https://registry.npmjs.org/yauzl cache-miss
1057 http cache https://registry.npmjs.org/xdg-portable 52ms (cache hit)
1058 silly packumentCache full:https://registry.npmjs.org/xdg-portable set size:329210 disposed:false
1059 silly fetch manifest yauzl-clone@^1.0.4
1060 silly packumentCache full:https://registry.npmjs.org/yauzl-clone cache-miss
1061 http fetch GET 200 https://registry.npmjs.org/yallist 91ms (cache revalidated)
1062 silly packumentCache full:https://registry.npmjs.org/yallist set size:34610 disposed:false
1063 http fetch GET 200 https://registry.npmjs.org/arg 98ms (cache revalidated)
1064 silly packumentCache full:https://registry.npmjs.org/arg set size:67036 disposed:false
1065 http fetch GET 200 https://registry.npmjs.org/content-type 123ms (cache revalidated)
1066 silly packumentCache full:https://registry.npmjs.org/content-type set size:21479 disposed:false
1067 http fetch GET 200 https://registry.npmjs.org/whatwg-url 123ms (cache revalidated)
1068 silly packumentCache full:https://registry.npmjs.org/whatwg-url set size:177251 disposed:false
1069 http fetch GET 200 https://registry.npmjs.org/raw-body 129ms (cache revalidated)
1070 silly packumentCache full:https://registry.npmjs.org/raw-body set size:120042 disposed:false
1071 http fetch GET 200 https://registry.npmjs.org/yauzl 133ms (cache revalidated)
1072 silly packumentCache full:https://registry.npmjs.org/yauzl set size:114252 disposed:false
1073 http fetch GET 200 https://registry.npmjs.org/any-promise 150ms (cache miss)
1074 silly packumentCache full:https://registry.npmjs.org/any-promise set size:undefined disposed:false
1075 http fetch GET 200 https://registry.npmjs.org/chownr 178ms (cache revalidated)
1076 silly packumentCache full:https://registry.npmjs.org/chownr set size:22157 disposed:false
1077 http fetch GET 200 https://registry.npmjs.org/end-of-stream 181ms (cache revalidated)
1078 silly packumentCache full:https://registry.npmjs.org/end-of-stream set size:27842 disposed:false
1079 http fetch GET 200 https://registry.npmjs.org/stream-to-array 334ms (cache miss)
1080 silly packumentCache full:https://registry.npmjs.org/stream-to-array set size:undefined disposed:false
1081 http fetch GET 200 https://registry.npmjs.org/lru-cache 347ms (cache revalidated)
1082 silly packumentCache full:https://registry.npmjs.org/lru-cache set size:460407 disposed:false
1083 http fetch GET 200 https://registry.npmjs.org/minipass 352ms (cache revalidated)
1084 silly packumentCache full:https://registry.npmjs.org/minipass set size:276925 disposed:false
1085 http fetch GET 200 https://registry.npmjs.org/minizlib 359ms (cache revalidated)
1086 silly packumentCache full:https://registry.npmjs.org/minizlib set size:62862 disposed:false
1087 http fetch GET 200 https://registry.npmjs.org/yauzl-clone 343ms (cache miss)
1088 silly packumentCache full:https://registry.npmjs.org/yauzl-clone set size:undefined disposed:false
1089 http fetch GET 200 https://registry.npmjs.org/@isaacs%2ffs-minipass 980ms (cache revalidated)
1090 silly packumentCache full:https://registry.npmjs.org/@isaacs%2ffs-minipass set size:7912 disposed:false
1091 silly placeDep node_modules/@vercel/hono zod@3.22.4 OK for: @vercel/hono@0.2.118 want: 3.22.4
1092 silly fetch manifest rollup@^1.20.0||^2.0.0||^3.0.0||^4.0.0
1093 silly packumentCache full:https://registry.npmjs.org/rollup cache-miss
1094 http fetch GET 200 https://registry.npmjs.org/rollup 121ms (cache revalidated)
1095 silly packumentCache full:https://registry.npmjs.org/rollup set size:6278661 disposed:false
1096 silly placeDep ROOT @mapbox/node-pre-gyp@2.0.3 OK for: @vercel/nft@1.10.0 want: ^2.0.0
1097 silly placeDep ROOT @rollup/pluginutils@5.4.0 OK for: @vercel/nft@1.10.0 want: ^5.1.3
1098 silly placeDep ROOT acorn@8.18.0 OK for: @vercel/nft@1.10.0 want: ^8.6.0
1099 silly placeDep ROOT acorn-import-attributes@1.9.5 OK for: @vercel/nft@1.10.0 want: ^1.9.5
1100 silly placeDep ROOT async-sema@3.1.1 OK for: @vercel/nft@1.10.0 want: ^3.1.1
1101 silly placeDep ROOT bindings@1.5.0 OK for: @vercel/nft@1.10.0 want: ^1.4.0
1102 silly placeDep ROOT estree-walker@2.0.2 OK for: @vercel/nft@1.10.0 want: 2.0.2
1103 silly placeDep ROOT glob@13.0.6 OK for: @vercel/nft@1.10.0 want: ^13.0.0
1104 silly placeDep ROOT graceful-fs@4.2.11 OK for: @vercel/nft@1.10.0 want: ^4.2.9
1105 silly placeDep ROOT node-gyp-build@4.8.4 OK for: @vercel/nft@1.10.0 want: ^4.2.2
1106 silly placeDep ROOT picomatch@4.0.5 OK for: @vercel/nft@1.10.0 want: ^4.0.2
1107 silly placeDep ROOT resolve-from@5.0.0 OK for: @vercel/nft@1.10.0 want: ^5.0.0
1108 silly fetch manifest nopt@^8.0.0
1109 silly packumentCache full:https://registry.npmjs.org/nopt cache-miss
1110 silly fetch manifest consola@^3.2.3
1111 silly packumentCache full:https://registry.npmjs.org/consola cache-miss
1112 silly fetch manifest detect-libc@^2.0.0
1113 silly packumentCache full:https://registry.npmjs.org/detect-libc cache-miss
1114 silly fetch manifest https-proxy-agent@^7.0.5
1115 silly packumentCache full:https://registry.npmjs.org/https-proxy-agent cache-miss
1116 silly fetch manifest @types/estree@^1.0.0
1117 silly packumentCache full:https://registry.npmjs.org/@types%2festree cache-miss
1118 silly fetch manifest estree-walker@^2.0.2
1119 silly packumentCache full:https://registry.npmjs.org/estree-walker cache-hit
1120 silly fetch manifest file-uri-to-path@1.0.0
1121 silly packumentCache full:https://registry.npmjs.org/file-uri-to-path cache-miss
1122 silly fetch manifest minimatch@^10.2.2
1123 silly packumentCache full:https://registry.npmjs.org/minimatch cache-hit
1124 silly fetch manifest minipass@^7.1.3
1125 silly packumentCache full:https://registry.npmjs.org/minipass cache-hit
1126 silly fetch manifest path-scurry@^2.0.2
1127 silly packumentCache full:https://registry.npmjs.org/path-scurry cache-miss
1128 http fetch GET 200 https://registry.npmjs.org/https-proxy-agent 162ms (cache revalidated)
1129 silly packumentCache full:https://registry.npmjs.org/https-proxy-agent set size:83792 disposed:false
1130 http fetch GET 200 https://registry.npmjs.org/file-uri-to-path 164ms (cache revalidated)
1131 silly packumentCache full:https://registry.npmjs.org/file-uri-to-path set size:10154 disposed:false
1132 http fetch GET 200 https://registry.npmjs.org/path-scurry 165ms (cache revalidated)
1133 silly packumentCache full:https://registry.npmjs.org/path-scurry set size:117612 disposed:false
1134 http fetch GET 200 https://registry.npmjs.org/detect-libc 169ms (cache revalidated)
1135 silly packumentCache full:https://registry.npmjs.org/detect-libc set size:47861 disposed:false
1136 http fetch GET 200 https://registry.npmjs.org/nopt 171ms (cache revalidated)
1137 silly packumentCache full:https://registry.npmjs.org/nopt set size:76679 disposed:false
1138 http fetch GET 200 https://registry.npmjs.org/@types%2festree 172ms (cache revalidated)
1139 silly packumentCache full:https://registry.npmjs.org/@types%2festree set size:76072 disposed:false
1140 http fetch GET 200 https://registry.npmjs.org/consola 176ms (cache revalidated)
1141 silly packumentCache full:https://registry.npmjs.org/consola set size:324648 disposed:false
1142 silly placeDep ROOT consola@3.4.2 OK for: @mapbox/node-pre-gyp@2.0.3 want: ^3.2.3
1143 silly placeDep ROOT detect-libc@2.1.2 OK for: @mapbox/node-pre-gyp@2.0.3 want: ^2.0.0
1144 silly placeDep ROOT https-proxy-agent@7.0.6 OK for: @mapbox/node-pre-gyp@2.0.3 want: ^7.0.5
1145 silly placeDep ROOT nopt@8.1.0 OK for: @mapbox/node-pre-gyp@2.0.3 want: ^8.0.0
1146 silly fetch manifest agent-base@^7.1.2
1147 silly packumentCache full:https://registry.npmjs.org/agent-base cache-miss
1148 silly fetch manifest abbrev@^3.0.0
1149 silly packumentCache full:https://registry.npmjs.org/abbrev cache-miss
1150 http fetch GET 200 https://registry.npmjs.org/agent-base 110ms (cache revalidated)
1151 silly packumentCache full:https://registry.npmjs.org/agent-base set size:72085 disposed:false
1152 http fetch GET 200 https://registry.npmjs.org/abbrev 112ms (cache revalidated)
1153 silly packumentCache full:https://registry.npmjs.org/abbrev set size:24188 disposed:false
1154 silly placeDep ROOT @types/estree@1.0.9 OK for: @rollup/pluginutils@5.4.0 want: ^1.0.0
1155 silly placeDep ROOT @edge-runtime/node-utils@2.3.0 OK for: @vercel/node@5.10.1 want: 2.3.0
1156 silly placeDep ROOT @edge-runtime/primitives@4.1.0 OK for: @vercel/node@5.10.1 want: 4.1.0
1157 silly placeDep ROOT @edge-runtime/vm@3.2.0 OK for: @vercel/node@5.10.1 want: 3.2.0
1158 silly placeDep ROOT @types/node@20.11.0 OK for: @vercel/node@5.10.1 want: 20.11.0
1159 silly placeDep ROOT @vercel/error-utils@2.2.1 OK for: @vercel/node@5.10.1 want: 2.2.1
1160 silly placeDep ROOT edge-runtime@2.5.9 OK for: @vercel/node@5.10.1 want: 2.5.9
1161 silly placeDep node_modules/@vercel/node es-module-lexer@1.4.1 OK for: @vercel/node@5.10.1 want: 1.4.1
1162 silly placeDep ROOT etag@1.8.1 OK for: @vercel/node@5.10.1 want: 1.8.1
1163 silly placeDep ROOT mime-types@2.1.35 OK for: @vercel/node@5.10.1 want: 2.1.35
1164 silly placeDep node_modules/@vercel/node node-fetch@2.6.9 OK for: @vercel/node@5.10.1 want: 2.6.9
1165 silly placeDep node_modules/@vercel/node path-to-regexp@6.1.0 OK for: @vercel/node@5.10.1 want: 6.1.0
1166 silly placeDep ROOT path-to-regexp-updated@6.3.0 OK for: @vercel/node@5.10.1 want: npm:path-to-regexp@6.3.0
1167 silly placeDep ROOT typescript@5.9.3 OK for: @vercel/node@5.10.1 want: npm:typescript@5.9.3
1168 silly placeDep node_modules/@vercel/node undici@5.28.4 OK for: @vercel/node@5.10.1 want: 5.28.4
1169 silly fetch manifest undici-types@~5.26.4
1170 silly packumentCache full:https://registry.npmjs.org/undici-types cache-miss
1171 silly fetch manifest mri@1.2.0
1172 silly packumentCache full:https://registry.npmjs.org/mri cache-miss
1173 silly fetch manifest pretty-ms@7.0.1
1174 silly packumentCache full:https://registry.npmjs.org/pretty-ms cache-miss
1175 silly fetch manifest time-span@4.0.0
1176 silly packumentCache full:https://registry.npmjs.org/time-span cache-miss
1177 silly fetch manifest picocolors@1.0.0
1178 silly packumentCache full:https://registry.npmjs.org/picocolors cache-miss
1179 silly fetch manifest signal-exit@4.0.2
1180 silly packumentCache full:https://registry.npmjs.org/signal-exit cache-hit
1181 silly fetch manifest async-listen@3.0.1
1182 silly packumentCache full:https://registry.npmjs.org/async-listen cache-hit
1183 silly fetch manifest @edge-runtime/format@2.2.1
1184 silly packumentCache full:https://registry.npmjs.org/@edge-runtime%2fformat cache-miss
1185 silly fetch manifest @edge-runtime/ponyfill@2.4.2
1186 silly packumentCache full:https://registry.npmjs.org/@edge-runtime%2fponyfill cache-miss
1187 silly fetch manifest mime-db@1.52.0
1188 silly packumentCache full:https://registry.npmjs.org/mime-db cache-miss
1189 http fetch GET 200 https://registry.npmjs.org/picocolors 179ms (cache revalidated)
1190 silly packumentCache full:https://registry.npmjs.org/picocolors set size:16648 disposed:false
1191 http fetch GET 200 https://registry.npmjs.org/mime-db 181ms (cache revalidated)
1192 silly packumentCache full:https://registry.npmjs.org/mime-db set size:164953 disposed:false
1193 http fetch GET 200 https://registry.npmjs.org/undici-types 186ms (cache revalidated)
1194 silly packumentCache full:https://registry.npmjs.org/undici-types set size:250438 disposed:false
1195 http fetch GET 200 https://registry.npmjs.org/pretty-ms 389ms (cache revalidated)
1196 silly packumentCache full:https://registry.npmjs.org/pretty-ms set size:61783 disposed:false
1197 http fetch GET 200 https://registry.npmjs.org/@edge-runtime%2fformat 420ms (cache miss)
1198 silly packumentCache full:https://registry.npmjs.org/@edge-runtime%2fformat set size:undefined disposed:false
1199 http fetch GET 200 https://registry.npmjs.org/time-span 424ms (cache miss)
1200 silly packumentCache full:https://registry.npmjs.org/time-span set size:undefined disposed:false
1201 http fetch GET 200 https://registry.npmjs.org/mri 425ms (cache miss)
1202 silly packumentCache full:https://registry.npmjs.org/mri set size:undefined disposed:false
1203 http fetch GET 200 https://registry.npmjs.org/@edge-runtime%2fponyfill 685ms (cache miss)
1204 silly packumentCache full:https://registry.npmjs.org/@edge-runtime%2fponyfill set size:undefined disposed:false
1205 silly placeDep ROOT undici-types@5.26.5 OK for: @types/node@20.11.0 want: ~5.26.4
1206 silly placeDep ROOT @vercel/cli-exec@1.0.1 OK for: @vercel/oidc@3.8.4 want: 1.0.1
1207 silly fetch manifest execa@5.1.1
1208 silly packumentCache full:https://registry.npmjs.org/execa cache-hit
1209 silly placeDep node_modules/@vercel/cli-exec execa@5.1.1 OK for: @vercel/cli-exec@1.0.1 want: 5.1.1
1210 silly fetch manifest onetime@^5.1.2
1211 silly packumentCache full:https://registry.npmjs.org/onetime cache-hit
1212 silly fetch manifest get-stream@^6.0.0
1213 silly packumentCache full:https://registry.npmjs.org/get-stream cache-hit
1214 silly fetch manifest cross-spawn@^7.0.3
1215 silly packumentCache full:https://registry.npmjs.org/cross-spawn cache-hit
1216 silly fetch manifest signal-exit@^3.0.3
1217 silly packumentCache full:https://registry.npmjs.org/signal-exit cache-hit
1218 silly fetch manifest npm-run-path@^4.0.1
1219 silly packumentCache full:https://registry.npmjs.org/npm-run-path cache-hit
1220 silly fetch manifest human-signals@^2.1.0
1221 silly packumentCache full:https://registry.npmjs.org/human-signals cache-hit
1222 silly placeDep ROOT @bytecodealliance/preview2-shim@0.17.6 OK for: @vercel/python-analysis@0.13.2 want: 0.17.6
1223 silly placeDep ROOT @renovatebot/pep440@4.2.1 OK for: @vercel/python-analysis@0.13.2 want: 4.2.1
1224 silly placeDep node_modules/@vercel/python-analysis fs-extra@11.1.1 OK for: @vercel/python-analysis@0.13.2 want: 11.1.1
1225 silly placeDep ROOT js-yaml@4.1.1 OK for: @vercel/python-analysis@0.13.2 want: 4.1.1
1226 silly placeDep ROOT minimatch@10.1.1 OK for: @vercel/python-analysis@0.13.2 want: 10.1.1
1227 silly placeDep node_modules/@vercel/python-analysis zod@3.22.4 OK for: @vercel/python-analysis@0.13.2 want: 3.22.4
1228 silly fetch manifest argparse@^2.0.1
1229 silly packumentCache full:https://registry.npmjs.org/argparse cache-miss
1230 silly fetch manifest @isaacs/brace-expansion@^5.0.0
1231 silly packumentCache full:https://registry.npmjs.org/@isaacs%2fbrace-expansion cache-miss
1232 http fetch GET 200 https://registry.npmjs.org/argparse 287ms (cache miss)
1233 silly packumentCache full:https://registry.npmjs.org/argparse set size:undefined disposed:false
1234 http fetch GET 200 https://registry.npmjs.org/@isaacs%2fbrace-expansion 1208ms (cache miss)
1235 silly packumentCache full:https://registry.npmjs.org/@isaacs%2fbrace-expansion set size:undefined disposed:false
1236 silly placeDep node_modules/@vercel/redwood semver@6.3.1 OK for: @vercel/redwood@2.5.2 want: 6.3.1
1237 silly placeDep node_modules/@vercel/remix-builder path-to-regexp@6.1.0 OK for: @vercel/remix-builder@5.9.5 want: 6.1.0
1238 silly placeDep node_modules/@vercel/rust execa@5.1.1 OK for: @vercel/rust@1.4.2 want: 5
1239 silly placeDep ROOT @vercel/gatsby-plugin-vercel-analytics@1.0.12 OK for: @vercel/static-build@2.12.7 want: 1.0.12
1240 silly placeDep ROOT @vercel/gatsby-plugin-vercel-builder@2.2.41 OK for: @vercel/static-build@2.12.7 want: 2.2.41
1241 silly fetch manifest web-vitals@0.2.4
1242 silly packumentCache full:https://registry.npmjs.org/web-vitals cache-miss
1243 silly fetch manifest @sinclair/typebox@0.25.24
1244 silly packumentCache full:https://registry.npmjs.org/@sinclair%2ftypebox cache-miss
1245 http fetch GET 200 https://registry.npmjs.org/web-vitals 367ms (cache miss)
1246 silly packumentCache full:https://registry.npmjs.org/web-vitals set size:undefined disposed:false
1247 http fetch GET 200 https://registry.npmjs.org/@sinclair%2ftypebox 2128ms (cache miss)
1248 silly packumentCache full:https://registry.npmjs.org/@sinclair%2ftypebox set size:undefined disposed:false
1249 silly placeDep ROOT web-vitals@0.2.4 OK for: @vercel/gatsby-plugin-vercel-analytics@1.0.12 want: 0.2.4
1250 silly placeDep ROOT @sinclair/typebox@0.25.24 OK for: @vercel/gatsby-plugin-vercel-builder@2.2.41 want: 0.25.24
1251 silly placeDep ROOT ajv@8.6.3 OK for: @vercel/static-config@3.4.1 want: 8.6.3
1252 silly placeDep ROOT json-schema-to-ts@1.6.4 OK for: @vercel/static-config@3.4.1 want: 1.6.4
1253 silly fetch manifest uri-js@^4.2.2
1254 silly packumentCache full:https://registry.npmjs.org/uri-js cache-miss
1255 silly fetch manifest fast-deep-equal@^3.1.1
1256 silly packumentCache full:https://registry.npmjs.org/fast-deep-equal cache-miss
1257 silly fetch manifest require-from-string@^2.0.2
1258 silly packumentCache full:https://registry.npmjs.org/require-from-string cache-miss
1259 silly fetch manifest json-schema-traverse@^1.0.0
1260 silly packumentCache full:https://registry.npmjs.org/json-schema-traverse cache-miss
1261 silly fetch manifest ts-toolbelt@^6.15.5
1262 silly packumentCache full:https://registry.npmjs.org/ts-toolbelt cache-miss
1263 silly fetch manifest @types/json-schema@^7.0.6
1264 silly packumentCache full:https://registry.npmjs.org/@types%2fjson-schema cache-miss
1265 http fetch GET 200 https://registry.npmjs.org/@types%2fjson-schema 108ms (cache miss)
1266 silly packumentCache full:https://registry.npmjs.org/@types%2fjson-schema set size:undefined disposed:false
1267 http fetch GET 200 https://registry.npmjs.org/require-from-string 114ms (cache revalidated)
1268 silly packumentCache full:https://registry.npmjs.org/require-from-string set size:15128 disposed:false
1269 http fetch GET 200 https://registry.npmjs.org/fast-deep-equal 116ms (cache revalidated)
1270 silly packumentCache full:https://registry.npmjs.org/fast-deep-equal set size:48634 disposed:false
1271 http fetch GET 200 https://registry.npmjs.org/uri-js 196ms (cache miss)
1272 silly packumentCache full:https://registry.npmjs.org/uri-js set size:undefined disposed:false
1273 http fetch GET 200 https://registry.npmjs.org/json-schema-traverse 402ms (cache revalidated)
1274 silly packumentCache full:https://registry.npmjs.org/json-schema-traverse set size:23537 disposed:false
1275 http fetch GET 200 https://registry.npmjs.org/ts-toolbelt 2359ms (cache miss)
1276 silly packumentCache full:https://registry.npmjs.org/ts-toolbelt set size:undefined disposed:false
1277 silly placeDep ROOT fast-deep-equal@3.1.3 OK for: ajv@8.6.3 want: ^3.1.1
1278 silly placeDep ROOT json-schema-traverse@1.0.0 OK for: ajv@8.6.3 want: ^1.0.0
1279 silly placeDep ROOT require-from-string@2.0.2 OK for: ajv@8.6.3 want: ^2.0.2
1280 silly placeDep ROOT uri-js@4.4.1 OK for: ajv@8.6.3 want: ^4.2.2
1281 silly fetch manifest punycode@^2.1.0
1282 silly packumentCache full:https://registry.npmjs.org/punycode cache-miss
1283 http fetch GET 200 https://registry.npmjs.org/punycode 125ms (cache revalidated)
1284 silly packumentCache full:https://registry.npmjs.org/punycode set size:61278 disposed:false
1285 silly placeDep ROOT retry@0.13.1 OK for: async-retry@1.3.3 want: 0.13.1
1286 silly placeDep ROOT file-uri-to-path@1.0.0 OK for: bindings@1.5.0 want: 1.0.0
1287 silly placeDep ROOT readdirp@4.1.2 OK for: chokidar@4.0.0 want: ^4.0.1
1288 silly placeDep node_modules/debug ms@2.1.2 OK for: debug@4.3.4 want: 2.1.2
1289 silly placeDep ROOT @edge-runtime/format@2.2.1 OK for: edge-runtime@2.5.9 want: 2.2.1
1290 silly placeDep ROOT @edge-runtime/ponyfill@2.4.2 OK for: edge-runtime@2.5.9 want: 2.4.2
1291 silly placeDep node_modules/edge-runtime async-listen@3.0.1 OK for: edge-runtime@2.5.9 want: 3.0.1
1292 silly placeDep ROOT mri@1.2.0 OK for: edge-runtime@2.5.9 want: 1.2.0
1293 silly placeDep ROOT picocolors@1.0.0 OK for: edge-runtime@2.5.9 want: 1.0.0
1294 silly placeDep ROOT pretty-ms@7.0.1 OK for: edge-runtime@2.5.9 want: 7.0.1
1295 silly placeDep ROOT signal-exit@4.0.2 OK for: edge-runtime@2.5.9 want: 4.0.2
1296 silly placeDep ROOT time-span@4.0.0 OK for: edge-runtime@2.5.9 want: 4.0.0
1297 silly fetch manifest parse-ms@^2.1.0
1298 silly packumentCache full:https://registry.npmjs.org/parse-ms cache-miss
1299 silly fetch manifest convert-hrtime@^3.0.0
1300 silly packumentCache full:https://registry.npmjs.org/convert-hrtime cache-miss
1301 http fetch GET 200 https://registry.npmjs.org/parse-ms 186ms (cache revalidated)
1302 silly packumentCache full:https://registry.npmjs.org/parse-ms set size:18020 disposed:false
1303 http fetch GET 200 https://registry.npmjs.org/convert-hrtime 329ms (cache miss)
1304 silly packumentCache full:https://registry.npmjs.org/convert-hrtime set size:undefined disposed:false
1305 silly placeDep ROOT @esbuild/aix-ppc64@0.27.0 OK for: esbuild@0.27.0 want: 0.27.0
1306 silly placeDep ROOT @esbuild/android-arm@0.27.0 OK for: esbuild@0.27.0 want: 0.27.0
1307 silly placeDep ROOT @esbuild/android-arm64@0.27.0 OK for: esbuild@0.27.0 want: 0.27.0
1308 silly placeDep ROOT @esbuild/android-x64@0.27.0 OK for: esbuild@0.27.0 want: 0.27.0
1309 silly placeDep ROOT @esbuild/darwin-arm64@0.27.0 OK for: esbuild@0.27.0 want: 0.27.0
1310 silly placeDep ROOT @esbuild/darwin-x64@0.27.0 OK for: esbuild@0.27.0 want: 0.27.0
1311 silly placeDep ROOT @esbuild/freebsd-arm64@0.27.0 OK for: esbuild@0.27.0 want: 0.27.0
1312 silly placeDep ROOT @esbuild/freebsd-x64@0.27.0 OK for: esbuild@0.27.0 want: 0.27.0
1313 silly placeDep ROOT @esbuild/linux-arm@0.27.0 OK for: esbuild@0.27.0 want: 0.27.0
1314 silly placeDep ROOT @esbuild/linux-arm64@0.27.0 OK for: esbuild@0.27.0 want: 0.27.0
1315 silly placeDep ROOT @esbuild/linux-ia32@0.27.0 OK for: esbuild@0.27.0 want: 0.27.0
1316 silly placeDep ROOT @esbuild/linux-loong64@0.27.0 OK for: esbuild@0.27.0 want: 0.27.0
1317 silly placeDep ROOT @esbuild/linux-mips64el@0.27.0 OK for: esbuild@0.27.0 want: 0.27.0
1318 silly placeDep ROOT @esbuild/linux-ppc64@0.27.0 OK for: esbuild@0.27.0 want: 0.27.0
1319 silly placeDep ROOT @esbuild/linux-riscv64@0.27.0 OK for: esbuild@0.27.0 want: 0.27.0
1320 silly placeDep ROOT @esbuild/linux-s390x@0.27.0 OK for: esbuild@0.27.0 want: 0.27.0
1321 silly placeDep ROOT @esbuild/linux-x64@0.27.0 OK for: esbuild@0.27.0 want: 0.27.0
1322 silly placeDep ROOT @esbuild/netbsd-arm64@0.27.0 OK for: esbuild@0.27.0 want: 0.27.0
1323 silly placeDep ROOT @esbuild/netbsd-x64@0.27.0 OK for: esbuild@0.27.0 want: 0.27.0
1324 silly placeDep ROOT @esbuild/openbsd-arm64@0.27.0 OK for: esbuild@0.27.0 want: 0.27.0
1325 silly placeDep ROOT @esbuild/openbsd-x64@0.27.0 OK for: esbuild@0.27.0 want: 0.27.0
1326 silly placeDep ROOT @esbuild/openharmony-arm64@0.27.0 OK for: esbuild@0.27.0 want: 0.27.0
1327 silly placeDep ROOT @esbuild/sunos-x64@0.27.0 OK for: esbuild@0.27.0 want: 0.27.0
1328 silly placeDep ROOT @esbuild/win32-arm64@0.27.0 OK for: esbuild@0.27.0 want: 0.27.0
1329 silly placeDep ROOT @esbuild/win32-ia32@0.27.0 OK for: esbuild@0.27.0 want: 0.27.0
1330 silly placeDep ROOT @esbuild/win32-x64@0.27.0 OK for: esbuild@0.27.0 want: 0.27.0
1331 silly placeDep ROOT cross-spawn@7.0.6 OK for: execa@3.2.0 want: ^7.0.0
1332 silly placeDep ROOT get-stream@5.2.0 OK for: execa@3.2.0 want: ^5.0.0
1333 silly placeDep ROOT human-signals@1.1.1 OK for: execa@3.2.0 want: ^1.1.1
1334 silly placeDep ROOT is-stream@2.0.1 OK for: execa@3.2.0 want: ^2.0.0
1335 silly placeDep ROOT merge-stream@2.0.0 OK for: execa@3.2.0 want: ^2.0.0
1336 silly placeDep ROOT npm-run-path@4.0.1 OK for: execa@3.2.0 want: ^4.0.0
1337 silly placeDep ROOT onetime@5.1.2 OK for: execa@3.2.0 want: ^5.1.0
1338 silly placeDep ROOT p-finally@2.0.1 OK for: execa@3.2.0 want: ^2.0.0
1339 silly placeDep node_modules/execa signal-exit@3.0.7 OK for: execa@3.2.0 want: ^3.0.2
1340 silly placeDep ROOT strip-final-newline@2.0.0 OK for: execa@3.2.0 want: ^2.0.0
1341 silly fetch manifest which@^2.0.1
1342 silly packumentCache full:https://registry.npmjs.org/which cache-miss
1343 silly fetch manifest path-key@^3.1.0
1344 silly packumentCache full:https://registry.npmjs.org/path-key cache-miss
1345 silly fetch manifest shebang-command@^2.0.0
1346 silly packumentCache full:https://registry.npmjs.org/shebang-command cache-miss
1347 silly fetch manifest pump@^3.0.0
1348 silly packumentCache full:https://registry.npmjs.org/pump cache-miss
1349 silly fetch manifest path-key@^3.0.0
1350 silly packumentCache full:https://registry.npmjs.org/path-key cache-miss
1351 silly fetch manifest mimic-fn@^2.1.0
1352 silly packumentCache full:https://registry.npmjs.org/mimic-fn cache-miss
1353 http fetch GET 200 https://registry.npmjs.org/path-key 103ms (cache revalidated)
1354 silly packumentCache full:https://registry.npmjs.org/path-key set size:16975 disposed:false
1355 http fetch GET 200 https://registry.npmjs.org/which 105ms (cache revalidated)
1356 silly packumentCache full:https://registry.npmjs.org/which set size:70087 disposed:false
1357 http fetch GET 200 https://registry.npmjs.org/path-key 119ms (cache revalidated)
1358 silly packumentCache full:https://registry.npmjs.org/path-key set size:16975 disposed:false
1359 silly packumentCache full:https://registry.npmjs.org/path-key dispose
1360 http fetch GET 200 https://registry.npmjs.org/shebang-command 120ms (cache revalidated)
1361 silly packumentCache full:https://registry.npmjs.org/shebang-command set size:8525 disposed:false
1362 http fetch GET 200 https://registry.npmjs.org/pump 120ms (cache revalidated)
1363 silly packumentCache full:https://registry.npmjs.org/pump set size:41178 disposed:false
1364 http fetch GET 200 https://registry.npmjs.org/mimic-fn 121ms (cache revalidated)
1365 silly packumentCache full:https://registry.npmjs.org/mimic-fn set size:22257 disposed:false
1366 silly placeDep ROOT path-key@3.1.1 OK for: cross-spawn@7.0.6 want: ^3.1.0
1367 silly placeDep ROOT shebang-command@2.0.0 OK for: cross-spawn@7.0.6 want: ^2.0.0
1368 silly placeDep ROOT which@2.0.2 OK for: cross-spawn@7.0.6 want: ^2.0.1
1369 silly fetch manifest shebang-regex@^3.0.0
1370 silly packumentCache full:https://registry.npmjs.org/shebang-regex cache-miss
1371 silly fetch manifest isexe@^2.0.0
1372 silly packumentCache full:https://registry.npmjs.org/isexe cache-miss
1373 http fetch GET 200 https://registry.npmjs.org/shebang-regex 739ms (cache revalidated)
1374 silly packumentCache full:https://registry.npmjs.org/shebang-regex set size:9763 disposed:false
1375 http fetch GET 200 https://registry.npmjs.org/isexe 740ms (cache revalidated)
1376 silly packumentCache full:https://registry.npmjs.org/isexe set size:31756 disposed:false
1377 silly placeDep ROOT jsonfile@6.2.1 OK for: fs-extra@11.1.0 want: ^6.0.1
1378 silly placeDep ROOT universalify@2.0.1 OK for: fs-extra@11.1.0 want: ^2.0.0
1379 silly placeDep ROOT pump@3.0.4 OK for: get-stream@5.2.0 want: ^3.0.0
1380 silly fetch manifest end-of-stream@^1.1.0
1381 silly packumentCache full:https://registry.npmjs.org/end-of-stream cache-hit
1382 silly fetch manifest once@^1.3.1
1383 silly packumentCache full:https://registry.npmjs.org/once cache-miss
1384 http fetch GET 200 https://registry.npmjs.org/once 75ms (cache revalidated)
1385 silly packumentCache full:https://registry.npmjs.org/once set size:11752 disposed:false
1386 silly placeDep node_modules/glob minimatch@10.2.6 OK for: glob@13.0.6 want: ^10.2.2
1387 silly placeDep ROOT minipass@7.1.3 OK for: glob@13.0.6 want: ^7.1.3
1388 silly placeDep ROOT path-scurry@2.0.2 OK for: glob@13.0.6 want: ^2.0.2
1389 silly fetch manifest brace-expansion@^5.0.8
1390 silly packumentCache full:https://registry.npmjs.org/brace-expansion cache-miss
1391 silly fetch manifest lru-cache@^11.0.0
1392 silly packumentCache full:https://registry.npmjs.org/lru-cache cache-hit
1393 http fetch GET 200 https://registry.npmjs.org/brace-expansion 86ms (cache revalidated)
1394 silly packumentCache full:https://registry.npmjs.org/brace-expansion set size:101024 disposed:false
1395 silly placeDep ROOT agent-base@7.1.4 OK for: https-proxy-agent@7.0.6 want: ^7.1.2
1396 silly placeDep ROOT argparse@2.0.1 OK for: js-yaml@4.1.1 want: ^2.0.1
1397 silly placeDep ROOT @types/json-schema@7.0.15 OK for: json-schema-to-ts@1.6.4 want: ^7.0.6
1398 silly placeDep ROOT ts-toolbelt@6.15.5 OK for: json-schema-to-ts@1.6.4 want: ^6.15.5
1399 silly placeDep ROOT arg@4.1.0 OK for: micro@9.3.5-canary.3 want: 4.1.0
1400 silly placeDep ROOT content-type@1.0.4 OK for: micro@9.3.5-canary.3 want: 1.0.4
1401 silly placeDep ROOT raw-body@2.4.1 OK for: micro@9.3.5-canary.3 want: 2.4.1
1402 silly fetch manifest bytes@3.1.0
1403 silly packumentCache full:https://registry.npmjs.org/bytes cache-miss
1404 silly fetch manifest unpipe@1.0.0
1405 silly packumentCache full:https://registry.npmjs.org/unpipe cache-miss
1406 silly fetch manifest iconv-lite@0.4.24
1407 silly packumentCache full:https://registry.npmjs.org/iconv-lite cache-miss
1408 silly fetch manifest http-errors@1.7.3
1409 silly packumentCache full:https://registry.npmjs.org/http-errors cache-miss
1410 http fetch GET 200 https://registry.npmjs.org/unpipe 92ms (cache revalidated)
1411 silly packumentCache full:https://registry.npmjs.org/unpipe set size:3609 disposed:false
1412 http fetch GET 200 https://registry.npmjs.org/bytes 94ms (cache revalidated)
1413 silly packumentCache full:https://registry.npmjs.org/bytes set size:37018 disposed:false
1414 http fetch GET 200 https://registry.npmjs.org/http-errors 106ms (cache revalidated)
1415 silly packumentCache full:https://registry.npmjs.org/http-errors set size:71987 disposed:false
1416 http fetch GET 200 https://registry.npmjs.org/iconv-lite 109ms (cache revalidated)
1417 silly packumentCache full:https://registry.npmjs.org/iconv-lite set size:126462 disposed:false
1418 silly placeDep ROOT mime-db@1.52.0 OK for: mime-types@2.1.35 want: 1.52.0
1419 silly placeDep ROOT @isaacs/brace-expansion@5.0.1 OK for: minimatch@10.1.1 want: ^5.0.0
1420 silly fetch manifest @isaacs/balanced-match@^4.0.1
1421 silly packumentCache full:https://registry.npmjs.org/@isaacs%2fbalanced-match cache-miss
1422 http fetch GET 200 https://registry.npmjs.org/@isaacs%2fbalanced-match 473ms (cache miss)
1423 silly packumentCache full:https://registry.npmjs.org/@isaacs%2fbalanced-match set size:undefined disposed:false
1424 silly placeDep ROOT @isaacs/balanced-match@4.0.1 OK for: @isaacs/brace-expansion@5.0.1 want: ^4.0.1
1425 silly placeDep ROOT whatwg-url@5.0.0 OK for: node-fetch@2.6.7 want: ^5.0.0
1426 silly fetch manifest tr46@~0.0.3
1427 silly packumentCache full:https://registry.npmjs.org/tr46 cache-miss
1428 silly fetch manifest webidl-conversions@^3.0.0
1429 silly packumentCache full:https://registry.npmjs.org/webidl-conversions cache-miss
1430 http fetch GET 200 https://registry.npmjs.org/webidl-conversions 206ms (cache revalidated)
1431 silly packumentCache full:https://registry.npmjs.org/webidl-conversions set size:46073 disposed:false
1432 http fetch GET 200 https://registry.npmjs.org/tr46 210ms (cache revalidated)
1433 silly packumentCache full:https://registry.npmjs.org/tr46 set size:47377 disposed:false
1434 silly placeDep ROOT abbrev@3.0.1 OK for: nopt@8.1.0 want: ^3.0.0
1435 silly placeDep ROOT mimic-fn@2.1.0 OK for: onetime@5.1.2 want: ^2.1.0
1436 silly placeDep ROOT define-lazy-prop@2.0.0 OK for: open@8.4.0 want: ^2.0.0
1437 silly placeDep ROOT is-docker@2.2.1 OK for: open@8.4.0 want: ^2.1.1
1438 silly placeDep ROOT is-wsl@2.2.0 OK for: open@8.4.0 want: ^2.2.0
1439 silly placeDep ROOT @oxc-transform/binding-android-arm-eabi@0.111.0 OK for: oxc-transform@0.111.0 want: 0.111.0
1440 silly placeDep ROOT @oxc-transform/binding-android-arm64@0.111.0 OK for: oxc-transform@0.111.0 want: 0.111.0
1441 silly placeDep ROOT @oxc-transform/binding-darwin-arm64@0.111.0 OK for: oxc-transform@0.111.0 want: 0.111.0
1442 silly placeDep ROOT @oxc-transform/binding-darwin-x64@0.111.0 OK for: oxc-transform@0.111.0 want: 0.111.0
1443 silly placeDep ROOT @oxc-transform/binding-freebsd-x64@0.111.0 OK for: oxc-transform@0.111.0 want: 0.111.0
1444 silly placeDep ROOT @oxc-transform/binding-linux-arm-gnueabihf@0.111.0 OK for: oxc-transform@0.111.0 want: 0.111.0
1445 silly placeDep ROOT @oxc-transform/binding-linux-arm-musleabihf@0.111.0 OK for: oxc-transform@0.111.0 want: 0.111.0
1446 silly placeDep ROOT @oxc-transform/binding-linux-arm64-gnu@0.111.0 OK for: oxc-transform@0.111.0 want: 0.111.0
1447 silly placeDep ROOT @oxc-transform/binding-linux-arm64-musl@0.111.0 OK for: oxc-transform@0.111.0 want: 0.111.0
1448 silly placeDep ROOT @oxc-transform/binding-linux-ppc64-gnu@0.111.0 OK for: oxc-transform@0.111.0 want: 0.111.0
1449 silly placeDep ROOT @oxc-transform/binding-linux-riscv64-gnu@0.111.0 OK for: oxc-transform@0.111.0 want: 0.111.0
1450 silly placeDep ROOT @oxc-transform/binding-linux-riscv64-musl@0.111.0 OK for: oxc-transform@0.111.0 want: 0.111.0
1451 silly placeDep ROOT @oxc-transform/binding-linux-s390x-gnu@0.111.0 OK for: oxc-transform@0.111.0 want: 0.111.0
1452 silly placeDep ROOT @oxc-transform/binding-linux-x64-gnu@0.111.0 OK for: oxc-transform@0.111.0 want: 0.111.0
1453 silly placeDep ROOT @oxc-transform/binding-linux-x64-musl@0.111.0 OK for: oxc-transform@0.111.0 want: 0.111.0
1454 silly placeDep ROOT @oxc-transform/binding-openharmony-arm64@0.111.0 OK for: oxc-transform@0.111.0 want: 0.111.0
1455 silly placeDep ROOT @oxc-transform/binding-wasm32-wasi@0.111.0 OK for: oxc-transform@0.111.0 want: 0.111.0
1456 silly placeDep ROOT @oxc-transform/binding-win32-arm64-msvc@0.111.0 OK for: oxc-transform@0.111.0 want: 0.111.0
1457 silly placeDep ROOT @oxc-transform/binding-win32-ia32-msvc@0.111.0 OK for: oxc-transform@0.111.0 want: 0.111.0
1458 silly placeDep ROOT @oxc-transform/binding-win32-x64-msvc@0.111.0 OK for: oxc-transform@0.111.0 want: 0.111.0
1459 silly fetch manifest @napi-rs/wasm-runtime@^1.1.1
1460 silly packumentCache full:https://registry.npmjs.org/@napi-rs%2fwasm-runtime cache-miss
1461 http fetch GET 200 https://registry.npmjs.org/@napi-rs%2fwasm-runtime 462ms (cache miss)
1462 silly packumentCache full:https://registry.npmjs.org/@napi-rs%2fwasm-runtime set size:undefined disposed:false
1463 silly fetch manifest @emnapi/core@^1.7.1 || ^2.0.0-alpha.4
1464 silly packumentCache full:https://registry.npmjs.org/@emnapi%2fcore cache-miss
1465 http fetch GET 200 https://registry.npmjs.org/@emnapi%2fcore 610ms (cache miss)
1466 silly packumentCache full:https://registry.npmjs.org/@emnapi%2fcore set size:undefined disposed:false
1467 silly fetch manifest @emnapi/runtime@^1.7.1 || ^2.0.0-alpha.4
1468 silly packumentCache full:https://registry.npmjs.org/@emnapi%2fruntime cache-miss
1469 http fetch GET 200 https://registry.npmjs.org/@emnapi%2fruntime 223ms (cache revalidated)
1470 silly packumentCache full:https://registry.npmjs.org/@emnapi%2fruntime set size:125040 disposed:false
1471 silly placeDep ROOT @napi-rs/wasm-runtime@1.2.3 OK for: @oxc-transform/binding-wasm32-wasi@0.111.0 want: ^1.1.1
1472 silly placeDep ROOT @emnapi/core@1.11.3 OK for: @napi-rs/wasm-runtime@1.2.3 want: ^1.7.1 || ^2.0.0-alpha.4
1473 silly placeDep ROOT @emnapi/runtime@1.11.3 OK for: @napi-rs/wasm-runtime@1.2.3 want: ^1.7.1 || ^2.0.0-alpha.4
1474 silly fetch manifest @tybys/wasm-util@^0.10.3
1475 silly packumentCache full:https://registry.npmjs.org/@tybys%2fwasm-util cache-miss
1476 silly fetch manifest tslib@^2.4.0
1477 silly packumentCache full:https://registry.npmjs.org/tslib cache-miss
1478 silly fetch manifest tslib@^2.4.0
1479 silly packumentCache full:https://registry.npmjs.org/tslib cache-miss
1480 silly fetch manifest @emnapi/wasi-threads@1.2.3
1481 silly packumentCache full:https://registry.npmjs.org/@emnapi%2fwasi-threads cache-miss
1482 http fetch GET 200 https://registry.npmjs.org/@tybys%2fwasm-util 225ms (cache miss)
1483 silly packumentCache full:https://registry.npmjs.org/@tybys%2fwasm-util set size:undefined disposed:false
1484 http fetch GET 200 https://registry.npmjs.org/tslib 231ms (cache revalidated)
1485 silly packumentCache full:https://registry.npmjs.org/tslib set size:108843 disposed:false
1486 http fetch GET 200 https://registry.npmjs.org/tslib 232ms (cache revalidated)
1487 silly packumentCache full:https://registry.npmjs.org/tslib set size:108843 disposed:false
1488 silly packumentCache full:https://registry.npmjs.org/tslib dispose
1489 http fetch GET 200 https://registry.npmjs.org/@emnapi%2fwasi-threads 783ms (cache miss)
1490 silly packumentCache full:https://registry.npmjs.org/@emnapi%2fwasi-threads set size:undefined disposed:false
1491 silly placeDep ROOT @emnapi/wasi-threads@1.2.3 OK for: @emnapi/core@1.11.3 want: 1.2.3
1492 silly placeDep ROOT tslib@2.8.1 OK for: @emnapi/core@1.11.3 want: ^2.4.0
1493 silly placeDep ROOT @tybys/wasm-util@0.10.3 OK for: @napi-rs/wasm-runtime@1.2.3 want: ^0.10.3
1494 silly placeDep ROOT lru-cache@11.5.2 OK for: path-scurry@2.0.2 want: ^11.0.0
1495 silly placeDep ROOT parse-ms@2.1.0 OK for: pretty-ms@7.0.1 want: ^2.1.0
1496 silly placeDep ROOT end-of-stream@1.4.5 OK for: pump@3.0.4 want: ^1.1.0
1497 silly placeDep ROOT once@1.4.0 OK for: pump@3.0.4 want: ^1.3.1
1498 silly fetch manifest once@^1.4.0
1499 silly packumentCache full:https://registry.npmjs.org/once cache-hit
1500 silly fetch manifest wrappy@1
1501 silly packumentCache full:https://registry.npmjs.org/wrappy cache-miss
1502 http fetch GET 200 https://registry.npmjs.org/wrappy 104ms (cache revalidated)
1503 silly packumentCache full:https://registry.npmjs.org/wrappy set size:7682 disposed:false
1504 silly placeDep ROOT wrappy@1.0.2 OK for: once@1.4.0 want: 1
1505 silly placeDep ROOT bytes@3.1.0 OK for: raw-body@2.4.1 want: 3.1.0
1506 silly placeDep ROOT http-errors@1.7.3 OK for: raw-body@2.4.1 want: 1.7.3
1507 silly placeDep ROOT iconv-lite@0.4.24 OK for: raw-body@2.4.1 want: 0.4.24
1508 silly placeDep ROOT unpipe@1.0.0 OK for: raw-body@2.4.1 want: 1.0.0
1509 silly fetch manifest depd@~1.1.2
1510 silly packumentCache full:https://registry.npmjs.org/depd cache-miss
1511 silly fetch manifest inherits@2.0.4
1512 silly packumentCache full:https://registry.npmjs.org/inherits cache-miss
1513 silly fetch manifest statuses@>= 1.5.0 < 2
1514 silly packumentCache full:https://registry.npmjs.org/statuses cache-miss
1515 silly fetch manifest toidentifier@1.0.0
1516 silly packumentCache full:https://registry.npmjs.org/toidentifier cache-miss
1517 silly fetch manifest setprototypeof@1.1.1
1518 silly packumentCache full:https://registry.npmjs.org/setprototypeof cache-miss
1519 silly fetch manifest safer-buffer@>= 2.1.2 < 3
1520 silly packumentCache full:https://registry.npmjs.org/safer-buffer cache-miss
1521 http fetch GET 200 https://registry.npmjs.org/toidentifier 99ms (cache revalidated)
1522 silly packumentCache full:https://registry.npmjs.org/toidentifier set size:12006 disposed:false
1523 http fetch GET 200 https://registry.npmjs.org/statuses 101ms (cache revalidated)
1524 silly packumentCache full:https://registry.npmjs.org/statuses set size:37117 disposed:false
1525 http fetch GET 200 https://registry.npmjs.org/setprototypeof 102ms (cache revalidated)
1526 silly packumentCache full:https://registry.npmjs.org/setprototypeof set size:14532 disposed:false
1527 http fetch GET 200 https://registry.npmjs.org/depd 105ms (cache revalidated)
1528 silly packumentCache full:https://registry.npmjs.org/depd set size:40182 disposed:false
1529 http fetch GET 200 https://registry.npmjs.org/safer-buffer 110ms (cache revalidated)
1530 silly packumentCache full:https://registry.npmjs.org/safer-buffer set size:18521 disposed:false
1531 http fetch GET 200 https://registry.npmjs.org/inherits 113ms (cache revalidated)
1532 silly packumentCache full:https://registry.npmjs.org/inherits set size:12925 disposed:false
1533 silly placeDep ROOT depd@1.1.2 OK for: http-errors@1.7.3 want: ~1.1.2
1534 silly placeDep ROOT inherits@2.0.4 OK for: http-errors@1.7.3 want: 2.0.4
1535 silly placeDep ROOT setprototypeof@1.1.1 OK for: http-errors@1.7.3 want: 1.1.1
1536 silly placeDep ROOT statuses@1.5.0 OK for: http-errors@1.7.3 want: >= 1.5.0 < 2
1537 silly placeDep ROOT toidentifier@1.0.0 OK for: http-errors@1.7.3 want: 1.0.0
1538 silly placeDep ROOT safer-buffer@2.1.2 OK for: iconv-lite@0.4.24 want: >= 2.1.2 < 3
1539 silly placeDep ROOT @oxc-project/types@0.110.0 OK for: rolldown@1.0.0-rc.1 want: =0.110.0
1540 silly placeDep ROOT @rolldown/binding-android-arm64@1.0.0-rc.1 OK for: rolldown@1.0.0-rc.1 want: 1.0.0-rc.1
1541 silly placeDep ROOT @rolldown/binding-darwin-arm64@1.0.0-rc.1 OK for: rolldown@1.0.0-rc.1 want: 1.0.0-rc.1
1542 silly placeDep ROOT @rolldown/binding-darwin-x64@1.0.0-rc.1 OK for: rolldown@1.0.0-rc.1 want: 1.0.0-rc.1
1543 silly placeDep ROOT @rolldown/binding-freebsd-x64@1.0.0-rc.1 OK for: rolldown@1.0.0-rc.1 want: 1.0.0-rc.1
1544 silly placeDep ROOT @rolldown/binding-linux-arm-gnueabihf@1.0.0-rc.1 OK for: rolldown@1.0.0-rc.1 want: 1.0.0-rc.1
1545 silly placeDep ROOT @rolldown/binding-linux-arm64-gnu@1.0.0-rc.1 OK for: rolldown@1.0.0-rc.1 want: 1.0.0-rc.1
1546 silly placeDep ROOT @rolldown/binding-linux-arm64-musl@1.0.0-rc.1 OK for: rolldown@1.0.0-rc.1 want: 1.0.0-rc.1
1547 silly placeDep ROOT @rolldown/binding-linux-x64-gnu@1.0.0-rc.1 OK for: rolldown@1.0.0-rc.1 want: 1.0.0-rc.1
1548 silly placeDep ROOT @rolldown/binding-linux-x64-musl@1.0.0-rc.1 OK for: rolldown@1.0.0-rc.1 want: 1.0.0-rc.1
1549 silly placeDep ROOT @rolldown/binding-openharmony-arm64@1.0.0-rc.1 OK for: rolldown@1.0.0-rc.1 want: 1.0.0-rc.1
1550 silly placeDep ROOT @rolldown/binding-wasm32-wasi@1.0.0-rc.1 OK for: rolldown@1.0.0-rc.1 want: 1.0.0-rc.1
1551 silly placeDep ROOT @rolldown/binding-win32-arm64-msvc@1.0.0-rc.1 OK for: rolldown@1.0.0-rc.1 want: 1.0.0-rc.1
1552 silly placeDep ROOT @rolldown/binding-win32-x64-msvc@1.0.0-rc.1 OK for: rolldown@1.0.0-rc.1 want: 1.0.0-rc.1
1553 silly placeDep ROOT @rolldown/pluginutils@1.0.0-rc.1 OK for: rolldown@1.0.0-rc.1 want: 1.0.0-rc.1
1554 silly fetch manifest bufferutil@^4.0.1
1555 silly packumentCache full:https://registry.npmjs.org/bufferutil cache-miss
1556 http fetch GET 200 https://registry.npmjs.org/bufferutil 152ms (cache revalidated)
1557 silly packumentCache full:https://registry.npmjs.org/bufferutil set size:52668 disposed:false
1558 silly fetch manifest utf-8-validate@>=5.0.2
1559 silly packumentCache full:https://registry.npmjs.org/utf-8-validate cache-miss
1560 http fetch GET 200 https://registry.npmjs.org/utf-8-validate 108ms (cache revalidated)
1561 silly packumentCache full:https://registry.npmjs.org/utf-8-validate set size:77012 disposed:false
1562 silly placeDep ROOT @vercel/sandbox@2.4.0 OK for: sandbox@3.4.0 want: 2.4.0
1563 silly placeDep node_modules/sandbox debug@4.4.3 OK for: sandbox@3.4.0 want: ^4.4.1
1564 silly placeDep ROOT ws@8.21.3 OK for: sandbox@3.4.0 want: ^8.21.0
1565 silly fetch manifest ms@2.1.3
1566 silly packumentCache full:https://registry.npmjs.org/ms cache-hit
1567 silly fetch manifest jose@6.2.3
1568 silly packumentCache full:https://registry.npmjs.org/jose cache-miss
1569 silly fetch manifest undici@^7.27.1
1570 silly packumentCache full:https://registry.npmjs.org/undici cache-miss
1571 silly fetch manifest jsonlines@0.1.1
1572 silly packumentCache full:https://registry.npmjs.org/jsonlines cache-miss
1573 silly fetch manifest picocolors@^1.1.1
1574 silly packumentCache full:https://registry.npmjs.org/picocolors cache-hit
1575 silly fetch manifest tar-stream@3.1.7
1576 silly packumentCache full:https://registry.npmjs.org/tar-stream cache-miss
1577 silly fetch manifest @vercel/oidc@3.2.0
1578 silly packumentCache full:https://registry.npmjs.org/@vercel%2foidc cache-miss
1579 silly fetch manifest @workflow/serde@4.1.0-beta.2
1580 silly packumentCache full:https://registry.npmjs.org/@workflow%2fserde cache-miss
1581 silly fetch manifest ms@^2.1.3
1582 silly packumentCache full:https://registry.npmjs.org/ms cache-hit
1583 http cache https://registry.npmjs.org/jose 13ms (cache hit)
1584 silly packumentCache full:https://registry.npmjs.org/jose set size:1446624 disposed:false
1585 http cache https://registry.npmjs.org/@vercel%2foidc 25ms (cache hit)
1586 silly packumentCache full:https://registry.npmjs.org/@vercel%2foidc set size:90895 disposed:false
1587 http cache https://registry.npmjs.org/undici 31ms (cache hit)
1588 silly packumentCache full:https://registry.npmjs.org/undici set size:1531430 disposed:false
1589 http fetch GET 200 https://registry.npmjs.org/tar-stream 186ms (cache revalidated)
1590 silly packumentCache full:https://registry.npmjs.org/tar-stream set size:137875 disposed:false
1591 http fetch GET 200 https://registry.npmjs.org/jsonlines 390ms (cache miss)
1592 silly packumentCache full:https://registry.npmjs.org/jsonlines set size:undefined disposed:false
1593 http fetch GET 200 https://registry.npmjs.org/@workflow%2fserde 798ms (cache miss)
1594 silly packumentCache full:https://registry.npmjs.org/@workflow%2fserde set size:undefined disposed:false
1595 silly placeDep node_modules/@vercel/sandbox @vercel/oidc@3.2.0 OK for: @vercel/sandbox@2.4.0 want: 3.2.0
1596 silly placeDep ROOT @workflow/serde@4.1.0-beta.2 OK for: @vercel/sandbox@2.4.0 want: 4.1.0-beta.2
1597 silly placeDep node_modules/@vercel/sandbox jose@6.2.3 OK for: @vercel/sandbox@2.4.0 want: 6.2.3
1598 silly placeDep ROOT jsonlines@0.1.1 OK for: @vercel/sandbox@2.4.0 want: 0.1.1
1599 silly placeDep node_modules/@vercel/sandbox ms@2.1.3 OK for: @vercel/sandbox@2.4.0 want: 2.1.3
1600 silly placeDep node_modules/@vercel/sandbox picocolors@1.1.1 OK for: @vercel/sandbox@2.4.0 want: ^1.1.1
1601 silly placeDep ROOT tar-stream@3.1.7 OK for: @vercel/sandbox@2.4.0 want: 3.1.7
1602 silly placeDep node_modules/@vercel/sandbox undici@7.29.0 OK for: @vercel/sandbox@2.4.0 want: ^7.27.1
1603 silly placeDep node_modules/@vercel/sandbox xdg-app-paths@5.1.0 OK for: @vercel/sandbox@2.4.0 want: 5.1.0
1604 silly fetch manifest b4a@^1.6.4
1605 silly packumentCache full:https://registry.npmjs.org/b4a cache-miss
1606 silly fetch manifest streamx@^2.15.0
1607 silly packumentCache full:https://registry.npmjs.org/streamx cache-miss
1608 silly fetch manifest fast-fifo@^1.2.0
1609 silly packumentCache full:https://registry.npmjs.org/fast-fifo cache-miss
1610 http fetch GET 200 https://registry.npmjs.org/fast-fifo 99ms (cache revalidated)
1611 silly packumentCache full:https://registry.npmjs.org/fast-fifo set size:13855 disposed:false
1612 http fetch GET 200 https://registry.npmjs.org/streamx 106ms (cache revalidated)
1613 silly packumentCache full:https://registry.npmjs.org/streamx set size:167396 disposed:false
1614 http fetch GET 200 https://registry.npmjs.org/b4a 700ms (cache revalidated)
1615 silly packumentCache full:https://registry.npmjs.org/b4a set size:71632 disposed:false
1616 silly placeDep node_modules/semver lru-cache@6.0.0 OK for: semver@7.5.4 want: ^6.0.0
1617 silly fetch manifest yallist@^4.0.0
1618 silly packumentCache full:https://registry.npmjs.org/yallist cache-hit
1619 silly placeDep ROOT shebang-regex@3.0.0 OK for: shebang-command@2.0.0 want: ^3.0.0
1620 silly placeDep ROOT any-promise@1.3.0 OK for: stream-to-promise@2.2.0 want: ~1.3.0
1621 silly placeDep node_modules/stream-to-promise end-of-stream@1.1.0 OK for: stream-to-promise@2.2.0 want: ~1.1.0
1622 silly placeDep ROOT stream-to-array@2.3.0 OK for: stream-to-promise@2.2.0 want: ~2.3.0
1623 silly fetch manifest once@~1.3.0
1624 silly packumentCache full:https://registry.npmjs.org/once cache-hit
1625 silly placeDep ROOT @isaacs/fs-minipass@4.0.1 OK for: tar@7.5.7 want: ^4.0.0
1626 silly placeDep ROOT chownr@3.0.0 OK for: tar@7.5.7 want: ^3.0.0
1627 silly placeDep ROOT minizlib@3.1.0 OK for: tar@7.5.7 want: ^3.1.0
1628 silly placeDep ROOT yallist@5.0.0 OK for: tar@7.5.7 want: ^5.0.0
1629 silly fetch manifest react-native-b4a@*
1630 silly packumentCache full:https://registry.npmjs.org/react-native-b4a cache-miss
1631 http fetch GET 200 https://registry.npmjs.org/react-native-b4a 326ms (cache revalidated)
1632 silly packumentCache full:https://registry.npmjs.org/react-native-b4a set size:12027 disposed:false
1633 silly fetch manifest react@*
1634 silly packumentCache full:https://registry.npmjs.org/react cache-miss
1635 http fetch GET 200 https://registry.npmjs.org/react 85ms (cache revalidated)
1636 silly packumentCache full:https://registry.npmjs.org/react set size:6897881 disposed:false
1637 silly fetch manifest react-native@*
1638 silly packumentCache full:https://registry.npmjs.org/react-native cache-miss
1639 http fetch GET 200 https://registry.npmjs.org/react-native 190ms (cache revalidated)
1640 silly packumentCache full:https://registry.npmjs.org/react-native set size:15664969 disposed:false
1641 silly fetch manifest @types/react@^19.1.1
1642 silly packumentCache full:https://registry.npmjs.org/@types%2freact cache-miss
1643 http fetch GET 200 https://registry.npmjs.org/@types%2freact 115ms (cache revalidated)
1644 silly packumentCache full:https://registry.npmjs.org/@types%2freact set size:2637439 disposed:false
1645 silly placeDep ROOT b4a@1.8.1 OK for: tar-stream@3.1.7 want: ^1.6.4
1646 silly placeDep ROOT fast-fifo@1.3.2 OK for: tar-stream@3.1.7 want: ^1.2.0
1647 silly placeDep ROOT streamx@2.28.0 OK for: tar-stream@3.1.7 want: ^2.15.0
1648 silly fetch manifest events-universal@^1.0.0
1649 silly packumentCache full:https://registry.npmjs.org/events-universal cache-miss
1650 silly fetch manifest text-decoder@^1.1.0
1651 silly packumentCache full:https://registry.npmjs.org/text-decoder cache-miss
1652 http fetch GET 200 https://registry.npmjs.org/text-decoder 127ms (cache revalidated)
1653 silly packumentCache full:https://registry.npmjs.org/text-decoder set size:22264 disposed:false
1654 http fetch GET 200 https://registry.npmjs.org/events-universal 332ms (cache revalidated)
1655 silly packumentCache full:https://registry.npmjs.org/events-universal set size:4251 disposed:false
1656 silly placeDep ROOT events-universal@1.0.1 OK for: streamx@2.28.0 want: ^1.0.0
1657 silly placeDep ROOT text-decoder@1.2.7 OK for: streamx@2.28.0 want: ^1.1.0
1658 silly fetch manifest bare-events@^2.7.0
1659 silly packumentCache full:https://registry.npmjs.org/bare-events cache-miss
1660 http fetch GET 200 https://registry.npmjs.org/bare-events 318ms (cache revalidated)
1661 silly packumentCache full:https://registry.npmjs.org/bare-events set size:51893 disposed:false
1662 silly fetch manifest bare-abort-controller@*
1663 silly packumentCache full:https://registry.npmjs.org/bare-abort-controller cache-miss
1664 http fetch GET 200 https://registry.npmjs.org/bare-abort-controller 320ms (cache revalidated)
1665 silly packumentCache full:https://registry.npmjs.org/bare-abort-controller set size:11265 disposed:false
1666 silly placeDep ROOT bare-events@2.9.1 OK for: events-universal@1.0.1 want: ^2.7.0
1667 silly placeDep ROOT convert-hrtime@3.0.0 OK for: time-span@4.0.0 want: ^3.0.0
1668 silly placeDep ROOT @ts-morph/common@0.11.1 OK for: ts-morph@12.0.0 want: ~0.11.0
1669 silly placeDep ROOT code-block-writer@10.1.1 OK for: ts-morph@12.0.0 want: ^10.1.1
1670 silly fetch manifest mkdirp@^1.0.4
1671 silly packumentCache full:https://registry.npmjs.org/mkdirp cache-miss
1672 silly fetch manifest fast-glob@^3.2.7
1673 silly packumentCache full:https://registry.npmjs.org/fast-glob cache-miss
1674 silly fetch manifest minimatch@^3.0.4
1675 silly packumentCache full:https://registry.npmjs.org/minimatch cache-hit
1676 silly fetch manifest path-browserify@^1.0.1
1677 silly packumentCache full:https://registry.npmjs.org/path-browserify cache-miss
1678 http fetch GET 200 https://registry.npmjs.org/fast-glob 77ms (cache revalidated)
1679 silly packumentCache full:https://registry.npmjs.org/fast-glob set size:220556 disposed:false
1680 http fetch GET 200 https://registry.npmjs.org/path-browserify 164ms (cache miss)
1681 silly packumentCache full:https://registry.npmjs.org/path-browserify set size:undefined disposed:false
1682 http fetch GET 200 https://registry.npmjs.org/mkdirp 276ms (cache miss)
1683 silly packumentCache full:https://registry.npmjs.org/mkdirp set size:undefined disposed:false
1684 silly placeDep ROOT fast-glob@3.3.3 OK for: @ts-morph/common@0.11.1 want: ^3.2.7
1685 silly placeDep node_modules/@ts-morph/common minimatch@3.1.5 OK for: @ts-morph/common@0.11.1 want: ^3.0.4
1686 silly placeDep ROOT mkdirp@1.0.4 OK for: @ts-morph/common@0.11.1 want: ^1.0.4
1687 silly placeDep ROOT path-browserify@1.0.1 OK for: @ts-morph/common@0.11.1 want: ^1.0.1
1688 silly fetch manifest @nodelib/fs.stat@^2.0.2
1689 silly packumentCache full:https://registry.npmjs.org/@nodelib%2ffs.stat cache-miss
1690 silly fetch manifest @nodelib/fs.walk@^1.2.3
1691 silly packumentCache full:https://registry.npmjs.org/@nodelib%2ffs.walk cache-miss
1692 silly fetch manifest glob-parent@^5.1.2
1693 silly packumentCache full:https://registry.npmjs.org/glob-parent cache-miss
1694 silly fetch manifest merge2@^1.3.0
1695 silly packumentCache full:https://registry.npmjs.org/merge2 cache-miss
1696 silly fetch manifest micromatch@^4.0.8
1697 silly packumentCache full:https://registry.npmjs.org/micromatch cache-miss
1698 silly fetch manifest brace-expansion@^1.1.7
1699 silly packumentCache full:https://registry.npmjs.org/brace-expansion cache-hit
1700 http fetch GET 200 https://registry.npmjs.org/glob-parent 105ms (cache revalidated)
1701 silly packumentCache full:https://registry.npmjs.org/glob-parent set size:42445 disposed:false
1702 http fetch GET 200 https://registry.npmjs.org/merge2 106ms (cache revalidated)
1703 silly packumentCache full:https://registry.npmjs.org/merge2 set size:46159 disposed:false
1704 http fetch GET 200 https://registry.npmjs.org/micromatch 110ms (cache revalidated)
1705 silly packumentCache full:https://registry.npmjs.org/micromatch set size:240630 disposed:false
1706 http fetch GET 200 https://registry.npmjs.org/@nodelib%2ffs.walk 117ms (cache revalidated)
1707 silly packumentCache full:https://registry.npmjs.org/@nodelib%2ffs.walk set size:41589 disposed:false
1708 http fetch GET 200 https://registry.npmjs.org/@nodelib%2ffs.stat 515ms (cache revalidated)
1709 silly packumentCache full:https://registry.npmjs.org/@nodelib%2ffs.stat set size:36993 disposed:false
1710 silly placeDep ROOT @nodelib/fs.stat@2.0.5 OK for: fast-glob@3.3.3 want: ^2.0.2
1711 silly placeDep ROOT @nodelib/fs.walk@1.2.8 OK for: fast-glob@3.3.3 want: ^1.2.3
1712 silly placeDep ROOT glob-parent@5.1.2 OK for: fast-glob@3.3.3 want: ^5.1.2
1713 silly placeDep ROOT merge2@1.4.1 OK for: fast-glob@3.3.3 want: ^1.3.0
1714 silly placeDep ROOT micromatch@4.0.8 OK for: fast-glob@3.3.3 want: ^4.0.8
1715 silly fetch manifest fastq@^1.6.0
1716 silly packumentCache full:https://registry.npmjs.org/fastq cache-miss
1717 silly fetch manifest @nodelib/fs.scandir@2.1.5
1718 silly packumentCache full:https://registry.npmjs.org/@nodelib%2ffs.scandir cache-miss
1719 silly fetch manifest is-glob@^4.0.1
1720 silly packumentCache full:https://registry.npmjs.org/is-glob cache-miss
1721 silly fetch manifest braces@^3.0.3
1722 silly packumentCache full:https://registry.npmjs.org/braces cache-miss
1723 silly fetch manifest picomatch@^2.3.1
1724 silly packumentCache full:https://registry.npmjs.org/picomatch cache-hit
1725 http fetch GET 200 https://registry.npmjs.org/braces 186ms (cache revalidated)
1726 silly packumentCache full:https://registry.npmjs.org/braces set size:114529 disposed:false
1727 http fetch GET 200 https://registry.npmjs.org/is-glob 189ms (cache revalidated)
1728 silly packumentCache full:https://registry.npmjs.org/is-glob set size:40530 disposed:false
1729 http fetch GET 200 https://registry.npmjs.org/@nodelib%2ffs.scandir 190ms (cache revalidated)
1730 silly packumentCache full:https://registry.npmjs.org/@nodelib%2ffs.scandir set size:49256 disposed:false
1731 http fetch GET 200 https://registry.npmjs.org/fastq 381ms (cache revalidated)
1732 silly packumentCache full:https://registry.npmjs.org/fastq set size:78301 disposed:false
1733 silly placeDep ROOT @nodelib/fs.scandir@2.1.5 OK for: @nodelib/fs.walk@1.2.8 want: 2.1.5
1734 silly placeDep ROOT fastq@1.20.1 OK for: @nodelib/fs.walk@1.2.8 want: ^1.6.0
1735 silly fetch manifest run-parallel@^1.1.9
1736 silly packumentCache full:https://registry.npmjs.org/run-parallel cache-miss
1737 silly fetch manifest reusify@^1.0.4
1738 silly packumentCache full:https://registry.npmjs.org/reusify cache-miss
1739 http fetch GET 200 https://registry.npmjs.org/run-parallel 112ms (cache revalidated)
1740 silly packumentCache full:https://registry.npmjs.org/run-parallel set size:35172 disposed:false
1741 http fetch GET 200 https://registry.npmjs.org/reusify 114ms (cache revalidated)
1742 silly packumentCache full:https://registry.npmjs.org/reusify set size:14249 disposed:false
1743 silly placeDep ROOT run-parallel@1.2.0 OK for: @nodelib/fs.scandir@2.1.5 want: ^1.1.9
1744 silly fetch manifest queue-microtask@^1.2.2
1745 silly packumentCache full:https://registry.npmjs.org/queue-microtask cache-miss
1746 http fetch GET 200 https://registry.npmjs.org/queue-microtask 96ms (cache revalidated)
1747 silly packumentCache full:https://registry.npmjs.org/queue-microtask set size:36088 disposed:false
1748 silly placeDep ROOT reusify@1.1.0 OK for: fastq@1.20.1 want: ^1.0.4
1749 silly placeDep ROOT is-glob@4.0.3 OK for: glob-parent@5.1.2 want: ^4.0.1
1750 silly fetch manifest is-extglob@^2.1.1
1751 silly packumentCache full:https://registry.npmjs.org/is-extglob cache-miss
1752 http fetch GET 200 https://registry.npmjs.org/is-extglob 68ms (cache revalidated)
1753 silly packumentCache full:https://registry.npmjs.org/is-extglob set size:11766 disposed:false
1754 silly placeDep ROOT is-extglob@2.1.1 OK for: is-glob@4.0.3 want: ^2.1.1
1755 silly placeDep ROOT braces@3.0.3 OK for: micromatch@4.0.8 want: ^3.0.3
1756 silly placeDep node_modules/micromatch picomatch@2.3.2 OK for: micromatch@4.0.8 want: ^2.3.1
1757 silly fetch manifest fill-range@^7.1.1
1758 silly packumentCache full:https://registry.npmjs.org/fill-range cache-miss
1759 http fetch GET 200 https://registry.npmjs.org/fill-range 122ms (cache revalidated)
1760 silly packumentCache full:https://registry.npmjs.org/fill-range set size:90162 disposed:false
1761 silly placeDep ROOT fill-range@7.1.1 OK for: braces@3.0.3 want: ^7.1.1
1762 silly fetch manifest to-regex-range@^5.0.1
1763 silly packumentCache full:https://registry.npmjs.org/to-regex-range cache-miss
1764 http fetch GET 200 https://registry.npmjs.org/to-regex-range 200ms (cache revalidated)
1765 silly packumentCache full:https://registry.npmjs.org/to-regex-range set size:61569 disposed:false
1766 silly placeDep ROOT to-regex-range@5.0.1 OK for: fill-range@7.1.1 want: ^5.0.1
1767 silly fetch manifest is-number@^7.0.0
1768 silly packumentCache full:https://registry.npmjs.org/is-number cache-miss
1769 http fetch GET 200 https://registry.npmjs.org/is-number 98ms (cache revalidated)
1770 silly packumentCache full:https://registry.npmjs.org/is-number set size:36183 disposed:false
1771 silly placeDep ROOT queue-microtask@1.2.3 OK for: run-parallel@1.2.0 want: ^1.2.2
1772 silly placeDep ROOT is-number@7.0.0 OK for: to-regex-range@5.0.1 want: ^7.0.0
1773 silly placeDep ROOT fsevents@2.3.3 OK for: tsx@4.21.0 want: ~2.3.3
1774 silly placeDep ROOT get-tsconfig@4.14.2 OK for: tsx@4.21.0 want: ^4.7.5
1775 silly fetch manifest resolve-pkg-maps@^1.0.0
1776 silly packumentCache full:https://registry.npmjs.org/resolve-pkg-maps cache-miss
1777 http fetch GET 200 https://registry.npmjs.org/resolve-pkg-maps 73ms (cache miss)
1778 silly packumentCache full:https://registry.npmjs.org/resolve-pkg-maps set size:undefined disposed:false
1779 silly placeDep ROOT resolve-pkg-maps@1.0.0 OK for: get-tsconfig@4.14.2 want: ^1.0.0
1780 silly placeDep ROOT @fastify/busboy@2.1.1 OK for: undici@5.29.0 want: ^2.0.0
1781 silly placeDep ROOT punycode@2.3.1 OK for: uri-js@4.4.1 want: ^2.1.0
1782 silly placeDep ROOT tr46@0.0.3 OK for: whatwg-url@5.0.0 want: ~0.0.3
1783 silly placeDep ROOT webidl-conversions@3.0.1 OK for: whatwg-url@5.0.0 want: ^3.0.0
1784 silly placeDep ROOT isexe@2.0.0 OK for: which@2.0.2 want: ^2.0.0
1785 silly placeDep ROOT os-paths@4.4.0 OK for: xdg-app-paths@5.5.1 want: ^4.0.1
1786 silly placeDep ROOT xdg-portable@7.3.0 OK for: xdg-app-paths@5.5.1 want: ^7.2.0
1787 silly placeDep ROOT yauzl@2.10.0 OK for: yauzl-promise@2.1.3 want: ^2.9.1
1788 silly placeDep ROOT yauzl-clone@1.0.4 OK for: yauzl-promise@2.1.3 want: ^1.0.4
1789 silly fetch manifest fd-slicer@~1.1.0
1790 silly packumentCache full:https://registry.npmjs.org/fd-slicer cache-miss
1791 silly fetch manifest buffer-crc32@~0.2.3
1792 silly packumentCache full:https://registry.npmjs.org/buffer-crc32 cache-miss
1793 silly fetch manifest events-intercept@^2.0.0
1794 silly packumentCache full:https://registry.npmjs.org/events-intercept cache-miss
1795 http fetch GET 200 https://registry.npmjs.org/fd-slicer 102ms (cache revalidated)
1796 silly packumentCache full:https://registry.npmjs.org/fd-slicer set size:25525 disposed:false
1797 http fetch GET 200 https://registry.npmjs.org/buffer-crc32 102ms (cache revalidated)
1798 silly packumentCache full:https://registry.npmjs.org/buffer-crc32 set size:58100 disposed:false
1799 http fetch GET 200 https://registry.npmjs.org/events-intercept 314ms (cache miss)
1800 silly packumentCache full:https://registry.npmjs.org/events-intercept set size:undefined disposed:false
1801 silly placeDep ROOT buffer-crc32@0.2.13 OK for: yauzl@2.10.0 want: ~0.2.3
1802 silly placeDep ROOT fd-slicer@1.1.0 OK for: yauzl@2.10.0 want: ~1.1.0
1803 silly fetch manifest pend@~1.2.0
1804 silly packumentCache full:https://registry.npmjs.org/pend cache-miss
1805 http fetch GET 200 https://registry.npmjs.org/pend 108ms (cache revalidated)
1806 silly packumentCache full:https://registry.npmjs.org/pend set size:8066 disposed:false
1807 silly placeDep ROOT pend@1.2.0 OK for: fd-slicer@1.1.0 want: ~1.2.0
1808 silly placeDep ROOT events-intercept@2.0.0 OK for: yauzl-clone@1.0.4 want: ^2.0.0
1809 silly placeDep ROOT brace-expansion@1.1.18 OK for: minimatch@3.1.5 want: ^1.1.7
1810 silly fetch manifest concat-map@0.0.1
1811 silly packumentCache full:https://registry.npmjs.org/concat-map cache-miss
1812 silly fetch manifest balanced-match@^1.0.0
1813 silly packumentCache full:https://registry.npmjs.org/balanced-match cache-miss
1814 http fetch GET 200 https://registry.npmjs.org/concat-map 172ms (cache miss)
1815 silly packumentCache full:https://registry.npmjs.org/concat-map set size:undefined disposed:false
1816 http fetch GET 200 https://registry.npmjs.org/balanced-match 179ms (cache revalidated)
1817 silly packumentCache full:https://registry.npmjs.org/balanced-match set size:39082 disposed:false
1818 silly placeDep ROOT balanced-match@1.0.2 OK for: brace-expansion@1.1.18 want: ^1.0.0
1819 silly placeDep ROOT concat-map@0.0.1 OK for: brace-expansion@1.1.18 want: 0.0.1
1820 silly placeDep node_modules/@vercel/cli-exec get-stream@6.0.1 OK for: execa@5.1.1 want: ^6.0.0
1821 silly placeDep node_modules/@vercel/cli-exec human-signals@2.1.0 OK for: execa@5.1.1 want: ^2.1.0
1822 silly placeDep node_modules/@vercel/cli-exec signal-exit@3.0.7 OK for: execa@5.1.1 want: ^3.0.3
1823 silly placeDep node_modules/@vercel/rust get-stream@6.0.1 OK for: execa@5.1.1 want: ^6.0.0
1824 silly placeDep node_modules/@vercel/rust human-signals@2.1.0 OK for: execa@5.1.1 want: ^2.1.0
1825 silly placeDep node_modules/@vercel/rust signal-exit@3.0.7 OK for: execa@5.1.1 want: ^3.0.3
1826 silly placeDep node_modules/glob brace-expansion@5.0.9 OK for: minimatch@10.2.6 want: ^5.0.8
1827 silly fetch manifest balanced-match@^4.0.2
1828 silly packumentCache full:https://registry.npmjs.org/balanced-match cache-hit
1829 silly placeDep node_modules/glob balanced-match@4.0.4 OK for: brace-expansion@5.0.9 want: ^4.0.2
1830 silly placeDep node_modules/sandbox ms@2.1.3 OK for: debug@4.4.3 want: ^2.1.3
1831 silly placeDep node_modules/semver yallist@4.0.0 OK for: lru-cache@6.0.0 want: ^4.0.0
1832 silly placeDep node_modules/stream-to-promise once@1.3.3 OK for: end-of-stream@1.1.0 want: ~1.3.0
1833 silly reify moves {}
1834 silly audit bulk request {
1834 silly audit   vercel: [ '59.1.3' ],
1834 silly audit   '@vercel/backends': [ '0.8.38' ],
1834 silly audit   '@vercel/blob': [ '2.8.0' ],
1834 silly audit   '@vercel/build-utils': [ '14.1.1' ],
1834 silly audit   '@vercel/cli-auth': [ '0.3.4' ],
1834 silly audit   '@vercel/cli-config': [ '0.2.3' ],
1834 silly audit   '@vercel/container': [ '0.2.0' ],
1834 silly audit   '@vercel/detect-agent': [ '1.2.5' ],
1834 silly audit   '@vercel/elysia': [ '0.1.115' ],
1834 silly audit   '@vercel/express': [ '0.1.129' ],
1834 silly audit   '@vercel/fastify': [ '0.1.118' ],
1834 silly audit   '@vercel/fun': [ '1.3.0' ],
1834 silly audit   '@vercel/go': [ '3.11.0' ],
1834 silly audit   '@vercel/h3': [ '0.1.124' ],
1834 silly audit   '@vercel/hono': [ '0.2.118' ],
1834 silly audit   '@vercel/hydrogen': [ '1.4.2' ],
1834 silly audit   '@vercel/koa': [ '0.1.98' ],
1834 silly audit   '@vercel/nestjs': [ '0.2.119' ],
1834 silly audit   '@vercel/next': [ '4.21.6' ],
1834 silly audit   '@vercel/node': [ '5.10.1' ],
1834 silly audit   '@vercel/prepare-flags-definitions': [ '0.3.0' ],
1834 silly audit   '@vercel/python': [ '6.57.1' ],
1834 silly audit   '@vercel/python-analysis': [ '0.13.2' ],
1834 silly audit   '@vercel/redwood': [ '2.5.2' ],
1834 silly audit   '@vercel/remix-builder': [ '5.9.5' ],
1834 silly audit   '@vercel/ruby': [ '2.5.1' ],
1834 silly audit   '@vercel/rust': [ '1.4.2' ],
1834 silly audit   '@vercel/static-build': [ '2.12.7' ],
1834 silly audit   '@vercel/vc-native-darwin-arm64': [ '59.1.3' ],
1834 silly audit   '@vercel/vc-native-darwin-x64': [ '59.1.3' ],
1834 silly audit   '@vercel/vc-native-linux-arm64': [ '59.1.3' ],
1834 silly audit   '@vercel/vc-native-linux-x64': [ '59.1.3' ],
1834 silly audit   chokidar: [ '4.0.0' ],
1834 silly audit   esbuild: [ '0.27.0' ],
1834 silly audit   jose: [ '5.9.6', '6.2.3' ],
1834 silly audit   'jsonc-parser': [ '3.3.1' ],
1834 silly audit   luxon: [ '3.7.2' ],
1834 silly audit   sandbox: [ '3.4.0' ],
1834 silly audit   'smol-toml': [ '1.5.2' ],
1834 silly audit   undici: [ '5.29.0', '6.28.0', '5.28.4', '7.29.0' ],
1834 silly audit   uuid: [ '14.0.1' ],
1834 silly audit   zod: [ '4.1.11', '3.22.4' ],
1834 silly audit   '@vercel/nft': [ '1.10.0' ],
1834 silly audit   '@vercel/static-config': [ '3.4.1' ],
1834 silly audit   execa: [ '3.2.0', '5.1.1' ],
1834 silly audit   'fs-extra': [ '11.1.0', '11.1.1' ],
1834 silly audit   'get-port': [ '5.1.1' ],
1834 silly audit   'oxc-transform': [ '0.111.0' ],
1834 silly audit   'path-to-regexp': [ '8.3.0', '8.2.0', '6.1.0', '6.3.0' ],
1834 silly audit   'resolve.exports': [ '2.0.3' ],
1834 silly audit   rolldown: [ '1.0.0-rc.1' ],
1834 silly audit   srvx: [ '0.11.16' ],
1834 silly audit   'ts-morph': [ '12.0.0' ],
1834 silly audit   tsx: [ '4.21.0' ],
1834 silly audit   '@vercel/oidc': [ '3.8.4', '3.2.0' ],
1834 silly audit   'async-retry': [ '1.3.3' ],
1834 silly audit   'is-buffer': [ '2.0.5' ],
1834 silly audit   'is-node-process': [ '1.2.0' ],
1834 silly audit   throttleit: [ '2.1.0' ],
1834 silly audit   'cjs-module-lexer': [ '1.2.3' ],
1834 silly audit   'es-module-lexer': [ '1.5.0', '1.4.1' ],
1834 silly audit   '@napi-rs/keyring': [ '1.2.0' ],
1834 silly audit   'async-listen': [ '3.0.0', '1.2.0', '3.0.1' ],
1834 silly audit   open: [ '8.4.0' ],
1834 silly audit   '@napi-rs/keyring-darwin-arm64': [ '1.2.0' ],
1834 silly audit   '@napi-rs/keyring-darwin-x64': [ '1.2.0' ],
1834 silly audit   '@napi-rs/keyring-freebsd-x64': [ '1.2.0' ],
1834 silly audit   '@napi-rs/keyring-linux-arm-gnueabihf': [ '1.2.0' ],
1834 silly audit   '@napi-rs/keyring-linux-arm64-gnu': [ '1.2.0' ],
1834 silly audit   '@napi-rs/keyring-linux-arm64-musl': [ '1.2.0' ],
1834 silly audit   '@napi-rs/keyring-linux-riscv64-gnu': [ '1.2.0' ],
1834 silly audit   '@napi-rs/keyring-linux-x64-gnu': [ '1.2.0' ],
1834 silly audit   '@napi-rs/keyring-linux-x64-musl': [ '1.2.0' ],
1834 silly audit   '@napi-rs/keyring-win32-arm64-msvc': [ '1.2.0' ],
1834 silly audit   '@napi-rs/keyring-win32-ia32-msvc': [ '1.2.0' ],
1834 silly audit   '@napi-rs/keyring-win32-x64-msvc': [ '1.2.0' ],
1834 silly audit   'xdg-app-paths': [ '5.5.1', '5.1.0' ],
1834 silly audit   '@vercel/cervel': [ '0.1.46' ],
1834 silly audit   '@tootallnate/once': [ '2.0.0' ],
1834 silly audit   debug: [ '4.3.4', '4.4.3' ],
1834 silly audit   'generic-pool': [ '3.4.2' ],
1834 silly audit   micro: [ '9.3.5-canary.3' ],
1834 silly audit   ms: [ '2.1.1', '2.1.2', '2.1.3' ],
1834 silly audit   'node-fetch': [ '2.6.7', '2.6.9' ],
1834 silly audit   promisepipe: [ '3.0.0' ],
1834 silly audit   semver: [ '7.5.4', '6.3.1' ],
1834 silly audit   'stat-mode': [ '0.3.0' ],
1834 silly audit   'stream-to-promise': [ '2.2.0' ],
1834 silly audit   tar: [ '7.5.7' ],
1834 silly audit   tinyexec: [ '0.3.2' ],
1834 silly audit   'tree-kill': [ '1.2.2' ],
1834 silly audit   'uid-promise': [ '1.0.0' ],
1834 silly audit   'yauzl-promise': [ '2.1.3' ],
1834 silly audit   '@mapbox/node-pre-gyp': [ '2.0.3' ],
1834 silly audit   '@rollup/pluginutils': [ '5.4.0' ],
1834 silly audit   acorn: [ '8.18.0' ],
1834 silly audit   'acorn-import-attributes': [ '1.9.5' ],
1834 silly audit   'async-sema': [ '3.1.1' ],
1834 silly audit   bindings: [ '1.5.0' ],
1834 silly audit   'estree-walker': [ '2.0.2' ],
1834 silly audit   glob: [ '13.0.6' ],
1834 silly audit   'graceful-fs': [ '4.2.11' ],
1834 silly audit   'node-gyp-build': [ '4.8.4' ],
1834 silly audit   picomatch: [ '4.0.5', '2.3.2' ],
1834 silly audit   'resolve-from': [ '5.0.0' ],
1834 silly audit   consola: [ '3.4.2' ],
1834 silly audit   'detect-libc': [ '2.1.2' ],
1834 silly audit   'https-proxy-agent': [ '7.0.6' ],
1834 silly audit   nopt: [ '8.1.0' ],
1834 silly audit   '@types/estree': [ '1.0.9' ],
1834 silly audit   '@edge-runtime/node-utils': [ '2.3.0' ],
1834 silly audit   '@edge-runtime/primitives': [ '4.1.0' ],
1834 silly audit   '@edge-runtime/vm': [ '3.2.0' ],
1834 silly audit   '@types/node': [ '20.11.0' ],
1834 silly audit   '@vercel/error-utils': [ '2.2.1' ],
1834 silly audit   'edge-runtime': [ '2.5.9' ],
1834 silly audit   etag: [ '1.8.1' ],
1834 silly audit   'mime-types': [ '2.1.35' ],
1834 silly audit   typescript: [ '5.9.3' ],
1834 silly audit   'undici-types': [ '5.26.5' ],
1834 silly audit   '@vercel/cli-exec': [ '1.0.1' ],
1834 silly audit   '@bytecodealliance/preview2-shim': [ '0.17.6' ],
1834 silly audit   '@renovatebot/pep440': [ '4.2.1' ],
1834 silly audit   'js-yaml': [ '4.1.1' ],
1834 silly audit   minimatch: [ '10.1.1', '10.2.6', '3.1.5' ],
1834 silly audit   '@vercel/gatsby-plugin-vercel-analytics': [ '1.0.12' ],
1834 silly audit   '@vercel/gatsby-plugin-vercel-builder': [ '2.2.41' ],
1834 silly audit   'web-vitals': [ '0.2.4' ],
1834 silly audit   '@sinclair/typebox': [ '0.25.24' ],
1834 silly audit   ajv: [ '8.6.3' ],
1834 silly audit   'json-schema-to-ts': [ '1.6.4' ],
1834 silly audit   'fast-deep-equal': [ '3.1.3' ],
1834 silly audit   'json-schema-traverse': [ '1.0.0' ],
1834 silly audit   'require-from-string': [ '2.0.2' ],
1834 silly audit   'uri-js': [ '4.4.1' ],
1834 silly audit   retry: [ '0.13.1' ],
1834 silly audit   'file-uri-to-path': [ '1.0.0' ],
1834 silly audit   readdirp: [ '4.1.2' ],
1834 silly audit   '@edge-runtime/format': [ '2.2.1' ],
1834 silly audit   '@edge-runtime/ponyfill': [ '2.4.2' ],
1834 silly audit   mri: [ '1.2.0' ],
1834 silly audit   picocolors: [ '1.0.0', '1.1.1' ],
1834 silly audit   'pretty-ms': [ '7.0.1' ],
1834 silly audit   'signal-exit': [ '4.0.2', '3.0.7' ],
1834 silly audit   'time-span': [ '4.0.0' ],
1834 silly audit   '@esbuild/aix-ppc64': [ '0.27.0' ],
1834 silly audit   '@esbuild/android-arm': [ '0.27.0' ],
1834 silly audit   '@esbuild/android-arm64': [ '0.27.0' ],
1834 silly audit   '@esbuild/android-x64': [ '0.27.0' ],
1834 silly audit   '@esbuild/darwin-arm64': [ '0.27.0' ],
1834 silly audit   '@esbuild/darwin-x64': [ '0.27.0' ],
1834 silly audit   '@esbuild/freebsd-arm64': [ '0.27.0' ],
1834 silly audit   '@esbuild/freebsd-x64': [ '0.27.0' ],
1834 silly audit   '@esbuild/linux-arm': [ '0.27.0' ],
1834 silly audit   '@esbuild/linux-arm64': [ '0.27.0' ],
1834 silly audit   '@esbuild/linux-ia32': [ '0.27.0' ],
1834 silly audit   '@esbuild/linux-loong64': [ '0.27.0' ],
1834 silly audit   '@esbuild/linux-mips64el': [ '0.27.0' ],
1834 silly audit   '@esbuild/linux-ppc64': [ '0.27.0' ],
1834 silly audit   '@esbuild/linux-riscv64': [ '0.27.0' ],
1834 silly audit   '@esbuild/linux-s390x': [ '0.27.0' ],
1834 silly audit   '@esbuild/linux-x64': [ '0.27.0' ],
1834 silly audit   '@esbuild/netbsd-arm64': [ '0.27.0' ],
1834 silly audit   '@esbuild/netbsd-x64': [ '0.27.0' ],
1834 silly audit   '@esbuild/openbsd-arm64': [ '0.27.0' ],
1834 silly audit   '@esbuild/openbsd-x64': [ '0.27.0' ],
1834 silly audit   '@esbuild/openharmony-arm64': [ '0.27.0' ],
1834 silly audit   '@esbuild/sunos-x64': [ '0.27.0' ],
1834 silly audit   '@esbuild/win32-arm64': [ '0.27.0' ],
1834 silly audit   '@esbuild/win32-ia32': [ '0.27.0' ],
1834 silly audit   '@esbuild/win32-x64': [ '0.27.0' ],
1834 silly audit   'cross-spawn': [ '7.0.6' ],
1834 silly audit   'get-stream': [ '5.2.0', '6.0.1' ],
1834 silly audit   'human-signals': [ '1.1.1', '2.1.0' ],
1834 silly audit   'is-stream': [ '2.0.1' ],
1834 silly audit   'merge-stream': [ '2.0.0' ],
1834 silly audit   'npm-run-path': [ '4.0.1' ],
1834 silly audit   onetime: [ '5.1.2' ],
1834 silly audit   'p-finally': [ '2.0.1' ],
1834 silly audit   'strip-final-newline': [ '2.0.0' ],
1834 silly audit   'path-key': [ '3.1.1' ],
1834 silly audit   'shebang-command': [ '2.0.0' ],
1834 silly audit   which: [ '2.0.2' ],
1834 silly audit   jsonfile: [ '6.2.1' ],
1834 silly audit   universalify: [ '2.0.1' ],
1834 silly audit   pump: [ '3.0.4' ],
1834 silly audit   minipass: [ '7.1.3' ],
1834 silly audit   'path-scurry': [ '2.0.2' ],
1834 silly audit   'agent-base': [ '7.1.4' ],
1834 silly audit   argparse: [ '2.0.1' ],
1834 silly audit   '@types/json-schema': [ '7.0.15' ],
1834 silly audit   'ts-toolbelt': [ '6.15.5' ],
1834 silly audit   arg: [ '4.1.0' ],
1834 silly audit   'content-type': [ '1.0.4' ],
1834 silly audit   'raw-body': [ '2.4.1' ],
1834 silly audit   'mime-db': [ '1.52.0' ],
1834 silly audit   '@isaacs/brace-expansion': [ '5.0.1' ],
1834 silly audit   '@isaacs/balanced-match': [ '4.0.1' ],
1834 silly audit   'whatwg-url': [ '5.0.0' ],
1834 silly audit   abbrev: [ '3.0.1' ],
1834 silly audit   'mimic-fn': [ '2.1.0' ],
1834 silly audit   'define-lazy-prop': [ '2.0.0' ],
1834 silly audit   'is-docker': [ '2.2.1' ],
1834 silly audit   'is-wsl': [ '2.2.0' ],
1834 silly audit   '@oxc-transform/binding-android-arm-eabi': [ '0.111.0' ],
1834 silly audit   '@oxc-transform/binding-android-arm64': [ '0.111.0' ],
1834 silly audit   '@oxc-transform/binding-darwin-arm64': [ '0.111.0' ],
1834 silly audit   '@oxc-transform/binding-darwin-x64': [ '0.111.0' ],
1834 silly audit   '@oxc-transform/binding-freebsd-x64': [ '0.111.0' ],
1834 silly audit   '@oxc-transform/binding-linux-arm-gnueabihf': [ '0.111.0' ],
1834 silly audit   '@oxc-transform/binding-linux-arm-musleabihf': [ '0.111.0' ],
1834 silly audit   '@oxc-transform/binding-linux-arm64-gnu': [ '0.111.0' ],
1834 silly audit   '@oxc-transform/binding-linux-arm64-musl': [ '0.111.0' ],
1834 silly audit   '@oxc-transform/binding-linux-ppc64-gnu': [ '0.111.0' ],
1834 silly audit   '@oxc-transform/binding-linux-riscv64-gnu': [ '0.111.0' ],
1834 silly audit   '@oxc-transform/binding-linux-riscv64-musl': [ '0.111.0' ],
1834 silly audit   '@oxc-transform/binding-linux-s390x-gnu': [ '0.111.0' ],
1834 silly audit   '@oxc-transform/binding-linux-x64-gnu': [ '0.111.0' ],
1834 silly audit   '@oxc-transform/binding-linux-x64-musl': [ '0.111.0' ],
1834 silly audit   '@oxc-transform/binding-openharmony-arm64': [ '0.111.0' ],
1834 silly audit   '@oxc-transform/binding-wasm32-wasi': [ '0.111.0' ],
1834 silly audit   '@oxc-transform/binding-win32-arm64-msvc': [ '0.111.0' ],
1834 silly audit   '@oxc-transform/binding-win32-ia32-msvc': [ '0.111.0' ],
1834 silly audit   '@oxc-transform/binding-win32-x64-msvc': [ '0.111.0' ],
1834 silly audit   '@napi-rs/wasm-runtime': [ '1.2.3' ],
1834 silly audit   '@emnapi/core': [ '1.11.3' ],
1834 silly audit   '@emnapi/runtime': [ '1.11.3' ],
1834 silly audit   '@emnapi/wasi-threads': [ '1.2.3' ],
1834 silly audit   tslib: [ '2.8.1' ],
1834 silly audit   '@tybys/wasm-util': [ '0.10.3' ],
1834 silly audit   'lru-cache': [ '11.5.2', '6.0.0' ],
1834 silly audit   'parse-ms': [ '2.1.0' ],
1834 silly audit   'end-of-stream': [ '1.4.5', '1.1.0' ],
1834 silly audit   once: [ '1.4.0', '1.3.3' ],
1834 silly audit   wrappy: [ '1.0.2' ],
1834 silly audit   bytes: [ '3.1.0' ],
1834 silly audit   'http-errors': [ '1.7.3' ],
1834 silly audit   'iconv-lite': [ '0.4.24' ],
1834 silly audit   unpipe: [ '1.0.0' ],
1834 silly audit   depd: [ '1.1.2' ],
1834 silly audit   inherits: [ '2.0.4' ],
1834 silly audit   setprototypeof: [ '1.1.1' ],
1834 silly audit   statuses: [ '1.5.0' ],
1834 silly audit   toidentifier: [ '1.0.0' ],
1834 silly audit   'safer-buffer': [ '2.1.2' ],
1834 silly audit   '@oxc-project/types': [ '0.110.0' ],
1834 silly audit   '@rolldown/binding-android-arm64': [ '1.0.0-rc.1' ],
1834 silly audit   '@rolldown/binding-darwin-arm64': [ '1.0.0-rc.1' ],
1834 silly audit   '@rolldown/binding-darwin-x64': [ '1.0.0-rc.1' ],
1834 silly audit   '@rolldown/binding-freebsd-x64': [ '1.0.0-rc.1' ],
1834 silly audit   '@rolldown/binding-linux-arm-gnueabihf': [ '1.0.0-rc.1' ],
1834 silly audit   '@rolldown/binding-linux-arm64-gnu': [ '1.0.0-rc.1' ],
1834 silly audit   '@rolldown/binding-linux-arm64-musl': [ '1.0.0-rc.1' ],
1834 silly audit   '@rolldown/binding-linux-x64-gnu': [ '1.0.0-rc.1' ],
1834 silly audit   '@rolldown/binding-linux-x64-musl': [ '1.0.0-rc.1' ],
1834 silly audit   '@rolldown/binding-openharmony-arm64': [ '1.0.0-rc.1' ],
1834 silly audit   '@rolldown/binding-wasm32-wasi': [ '1.0.0-rc.1' ],
1834 silly audit   '@rolldown/binding-win32-arm64-msvc': [ '1.0.0-rc.1' ],
1834 silly audit   '@rolldown/binding-win32-x64-msvc': [ '1.0.0-rc.1' ],
1834 silly audit   '@rolldown/pluginutils': [ '1.0.0-rc.1' ],
1834 silly audit   '@vercel/sandbox': [ '2.4.0' ],
1834 silly audit   ws: [ '8.21.3' ],
1834 silly audit   '@workflow/serde': [ '4.1.0-beta.2' ],
1834 silly audit   jsonlines: [ '0.1.1' ],
1834 silly audit   'tar-stream': [ '3.1.7' ],
1834 silly audit   'shebang-regex': [ '3.0.0' ],
1834 silly audit   'any-promise': [ '1.3.0' ],
1834 silly audit   'stream-to-array': [ '2.3.0' ],
1834 silly audit   '@isaacs/fs-minipass': [ '4.0.1' ],
1834 silly audit   chownr: [ '3.0.0' ],
1834 silly audit   minizlib: [ '3.1.0' ],
1834 silly audit   yallist: [ '5.0.0', '4.0.0' ],
1834 silly audit   b4a: [ '1.8.1' ],
1834 silly audit   'fast-fifo': [ '1.3.2' ],
1834 silly audit   streamx: [ '2.28.0' ],
1834 silly audit   'events-universal': [ '1.0.1' ],
1834 silly audit   'text-decoder': [ '1.2.7' ],
1834 silly audit   'bare-events': [ '2.9.1' ],
1834 silly audit   'convert-hrtime': [ '3.0.0' ],
1834 silly audit   '@ts-morph/common': [ '0.11.1' ],
1834 silly audit   'code-block-writer': [ '10.1.1' ],
1834 silly audit   'fast-glob': [ '3.3.3' ],
1834 silly audit   mkdirp: [ '1.0.4' ],
1834 silly audit   'path-browserify': [ '1.0.1' ],
1834 silly audit   '@nodelib/fs.stat': [ '2.0.5' ],
1834 silly audit   '@nodelib/fs.walk': [ '1.2.8' ],
1834 silly audit   'glob-parent': [ '5.1.2' ],
1834 silly audit   merge2: [ '1.4.1' ],
1834 silly audit   micromatch: [ '4.0.8' ],
1834 silly audit   '@nodelib/fs.scandir': [ '2.1.5' ],
1834 silly audit   fastq: [ '1.20.1' ],
1834 silly audit   'run-parallel': [ '1.2.0' ],
1834 silly audit   reusify: [ '1.1.0' ],
1834 silly audit   'is-glob': [ '4.0.3' ],
1834 silly audit   'is-extglob': [ '2.1.1' ],
1834 silly audit   braces: [ '3.0.3' ],
1834 silly audit   'fill-range': [ '7.1.1' ],
1834 silly audit   'to-regex-range': [ '5.0.1' ],
1834 silly audit   'queue-microtask': [ '1.2.3' ],
1834 silly audit   'is-number': [ '7.0.0' ],
1834 silly audit   fsevents: [ '2.3.3' ],
1834 silly audit   'get-tsconfig': [ '4.14.2' ],
1834 silly audit   'resolve-pkg-maps': [ '1.0.0' ],
1834 silly audit   '@fastify/busboy': [ '2.1.1' ],
1834 silly audit   punycode: [ '2.3.1' ],
1834 silly audit   tr46: [ '0.0.3' ],
1834 silly audit   'webidl-conversions': [ '3.0.1' ],
1834 silly audit   isexe: [ '2.0.0' ],
1834 silly audit   'os-paths': [ '4.4.0' ],
1834 silly audit   'xdg-portable': [ '7.3.0' ],
1834 silly audit   yauzl: [ '2.10.0' ],
1834 silly audit   'yauzl-clone': [ '1.0.4' ],
1834 silly audit   'buffer-crc32': [ '0.2.13' ],
1834 silly audit   'fd-slicer': [ '1.1.0' ],
1834 silly audit   pend: [ '1.2.0' ],
1834 silly audit   'events-intercept': [ '2.0.0' ],
1834 silly audit   'brace-expansion': [ '1.1.18', '5.0.9' ],
1834 silly audit   'balanced-match': [ '1.0.2', '4.0.4' ],
1834 silly audit   'concat-map': [ '0.0.1' ]
1834 silly audit }
1835 http cache concat-map@https://registry.npmjs.org/concat-map/-/concat-map-0.0.1.tgz 0ms (cache hit)
1836 http cache balanced-match@https://registry.npmjs.org/balanced-match/-/balanced-match-1.0.2.tgz 0ms (cache hit)
1837 http cache events-intercept@https://registry.npmjs.org/events-intercept/-/events-intercept-2.0.0.tgz 0ms (cache hit)
1838 http cache brace-expansion@https://registry.npmjs.org/brace-expansion/-/brace-expansion-1.1.18.tgz 0ms (cache hit)
1839 http cache pend@https://registry.npmjs.org/pend/-/pend-1.2.0.tgz 0ms (cache hit)
1840 http cache fd-slicer@https://registry.npmjs.org/fd-slicer/-/fd-slicer-1.1.0.tgz 0ms (cache hit)
1841 http cache yauzl-clone@https://registry.npmjs.org/yauzl-clone/-/yauzl-clone-1.0.4.tgz 0ms (cache hit)
1842 http cache buffer-crc32@https://registry.npmjs.org/buffer-crc32/-/buffer-crc32-0.2.13.tgz 0ms (cache hit)
1843 http cache yauzl@https://registry.npmjs.org/yauzl/-/yauzl-2.10.0.tgz 0ms (cache hit)
1844 http cache os-paths@https://registry.npmjs.org/os-paths/-/os-paths-4.4.0.tgz 0ms (cache hit)
1845 http cache xdg-portable@https://registry.npmjs.org/xdg-portable/-/xdg-portable-7.3.0.tgz 0ms (cache hit)
1846 http cache webidl-conversions@https://registry.npmjs.org/webidl-conversions/-/webidl-conversions-3.0.1.tgz 0ms (cache hit)
1847 http cache isexe@https://registry.npmjs.org/isexe/-/isexe-2.0.0.tgz 0ms (cache hit)
1848 http cache @fastify/busboy@https://registry.npmjs.org/@fastify/busboy/-/busboy-2.1.1.tgz 0ms (cache hit)
1849 http cache resolve-pkg-maps@https://registry.npmjs.org/resolve-pkg-maps/-/resolve-pkg-maps-1.0.0.tgz 0ms (cache hit)
1850 http cache punycode@https://registry.npmjs.org/punycode/-/punycode-2.3.1.tgz 0ms (cache hit)
1851 http cache tr46@https://registry.npmjs.org/tr46/-/tr46-0.0.3.tgz 0ms (cache hit)
1852 http cache get-tsconfig@https://registry.npmjs.org/get-tsconfig/-/get-tsconfig-4.14.2.tgz 0ms (cache hit)
1853 http cache is-number@https://registry.npmjs.org/is-number/-/is-number-7.0.0.tgz 0ms (cache hit)
1854 http cache queue-microtask@https://registry.npmjs.org/queue-microtask/-/queue-microtask-1.2.3.tgz 0ms (cache hit)
1855 http cache to-regex-range@https://registry.npmjs.org/to-regex-range/-/to-regex-range-5.0.1.tgz 0ms (cache hit)
1856 http cache braces@https://registry.npmjs.org/braces/-/braces-3.0.3.tgz 0ms (cache hit)
1857 http cache fill-range@https://registry.npmjs.org/fill-range/-/fill-range-7.1.1.tgz 0ms (cache hit)
1858 http cache is-glob@https://registry.npmjs.org/is-glob/-/is-glob-4.0.3.tgz 0ms (cache hit)
1859 http cache is-extglob@https://registry.npmjs.org/is-extglob/-/is-extglob-2.1.1.tgz 0ms (cache hit)
1860 http cache @nodelib/fs.scandir@https://registry.npmjs.org/@nodelib/fs.scandir/-/fs.scandir-2.1.5.tgz 0ms (cache hit)
1861 http cache reusify@https://registry.npmjs.org/reusify/-/reusify-1.1.0.tgz 0ms (cache hit)
1862 http cache run-parallel@https://registry.npmjs.org/run-parallel/-/run-parallel-1.2.0.tgz 0ms (cache hit)
1863 http cache fastq@https://registry.npmjs.org/fastq/-/fastq-1.20.1.tgz 0ms (cache hit)
1864 http cache @nodelib/fs.walk@https://registry.npmjs.org/@nodelib/fs.walk/-/fs.walk-1.2.8.tgz 0ms (cache hit)
1865 http cache @nodelib/fs.stat@https://registry.npmjs.org/@nodelib/fs.stat/-/fs.stat-2.0.5.tgz 0ms (cache hit)
1866 http cache micromatch@https://registry.npmjs.org/micromatch/-/micromatch-4.0.8.tgz 0ms (cache hit)
1867 http cache merge2@https://registry.npmjs.org/merge2/-/merge2-1.4.1.tgz 1ms (cache hit)
1868 http cache glob-parent@https://registry.npmjs.org/glob-parent/-/glob-parent-5.1.2.tgz 0ms (cache hit)
1869 http cache fast-glob@https://registry.npmjs.org/fast-glob/-/fast-glob-3.3.3.tgz 0ms (cache hit)
1870 http cache path-browserify@https://registry.npmjs.org/path-browserify/-/path-browserify-1.0.1.tgz 0ms (cache hit)
1871 http cache mkdirp@https://registry.npmjs.org/mkdirp/-/mkdirp-1.0.4.tgz 0ms (cache hit)
1872 http cache code-block-writer@https://registry.npmjs.org/code-block-writer/-/code-block-writer-10.1.1.tgz 0ms (cache hit)
1873 http cache @ts-morph/common@https://registry.npmjs.org/@ts-morph/common/-/common-0.11.1.tgz 0ms (cache hit)
1874 http cache convert-hrtime@https://registry.npmjs.org/convert-hrtime/-/convert-hrtime-3.0.0.tgz 0ms (cache hit)
1875 http cache events-universal@https://registry.npmjs.org/events-universal/-/events-universal-1.0.1.tgz 0ms (cache hit)
1876 http cache bare-events@https://registry.npmjs.org/bare-events/-/bare-events-2.9.1.tgz 0ms (cache hit)
1877 http cache text-decoder@https://registry.npmjs.org/text-decoder/-/text-decoder-1.2.7.tgz 0ms (cache hit)
1878 http cache streamx@https://registry.npmjs.org/streamx/-/streamx-2.28.0.tgz 0ms (cache hit)
1879 http cache fast-fifo@https://registry.npmjs.org/fast-fifo/-/fast-fifo-1.3.2.tgz 0ms (cache hit)
1880 http cache yallist@https://registry.npmjs.org/yallist/-/yallist-5.0.0.tgz 0ms (cache hit)
1881 http cache b4a@https://registry.npmjs.org/b4a/-/b4a-1.8.1.tgz 0ms (cache hit)
1882 http cache @isaacs/fs-minipass@https://registry.npmjs.org/@isaacs/fs-minipass/-/fs-minipass-4.0.1.tgz 0ms (cache hit)
1883 http cache minizlib@https://registry.npmjs.org/minizlib/-/minizlib-3.1.0.tgz 0ms (cache hit)
1884 http cache chownr@https://registry.npmjs.org/chownr/-/chownr-3.0.0.tgz 0ms (cache hit)
1885 http cache stream-to-array@https://registry.npmjs.org/stream-to-array/-/stream-to-array-2.3.0.tgz 0ms (cache hit)
1886 http cache any-promise@https://registry.npmjs.org/any-promise/-/any-promise-1.3.0.tgz 0ms (cache hit)
1887 http cache shebang-regex@https://registry.npmjs.org/shebang-regex/-/shebang-regex-3.0.0.tgz 0ms (cache hit)
1888 http cache @workflow/serde@https://registry.npmjs.org/@workflow/serde/-/serde-4.1.0-beta.2.tgz 0ms (cache hit)
1889 http cache tar-stream@https://registry.npmjs.org/tar-stream/-/tar-stream-3.1.7.tgz 0ms (cache hit)
1890 http cache jsonlines@https://registry.npmjs.org/jsonlines/-/jsonlines-0.1.1.tgz 0ms (cache hit)
1891 http cache @vercel/sandbox@https://registry.npmjs.org/@vercel/sandbox/-/sandbox-2.4.0.tgz 0ms (cache hit)
1892 http cache ws@https://registry.npmjs.org/ws/-/ws-8.21.3.tgz 0ms (cache hit)
1893 http cache toidentifier@https://registry.npmjs.org/toidentifier/-/toidentifier-1.0.0.tgz 0ms (cache hit)
1894 http cache @oxc-project/types@https://registry.npmjs.org/@oxc-project/types/-/types-0.110.0.tgz 0ms (cache hit)
1895 http cache safer-buffer@https://registry.npmjs.org/safer-buffer/-/safer-buffer-2.1.2.tgz 0ms (cache hit)
1896 http cache @rolldown/binding-win32-x64-msvc@https://registry.npmjs.org/@rolldown/binding-win32-x64-msvc/-/binding-win32-x64-msvc-1.0.0-rc.1.tgz 0ms (cache hit)
1897 http cache @rolldown/pluginutils@https://registry.npmjs.org/@rolldown/pluginutils/-/pluginutils-1.0.0-rc.1.tgz 0ms (cache hit)
1898 http cache statuses@https://registry.npmjs.org/statuses/-/statuses-1.5.0.tgz 0ms (cache hit)
1899 http cache setprototypeof@https://registry.npmjs.org/setprototypeof/-/setprototypeof-1.1.1.tgz 0ms (cache hit)
1900 http cache unpipe@https://registry.npmjs.org/unpipe/-/unpipe-1.0.0.tgz 0ms (cache hit)
1901 http cache inherits@https://registry.npmjs.org/inherits/-/inherits-2.0.4.tgz 0ms (cache hit)
1902 http cache depd@https://registry.npmjs.org/depd/-/depd-1.1.2.tgz 0ms (cache hit)
1903 http cache iconv-lite@https://registry.npmjs.org/iconv-lite/-/iconv-lite-0.4.24.tgz 0ms (cache hit)
1904 http cache http-errors@https://registry.npmjs.org/http-errors/-/http-errors-1.7.3.tgz 0ms (cache hit)
1905 http cache bytes@https://registry.npmjs.org/bytes/-/bytes-3.1.0.tgz 0ms (cache hit)
1906 http cache wrappy@https://registry.npmjs.org/wrappy/-/wrappy-1.0.2.tgz 0ms (cache hit)
1907 http cache end-of-stream@https://registry.npmjs.org/end-of-stream/-/end-of-stream-1.4.5.tgz 0ms (cache hit)
1908 http cache once@https://registry.npmjs.org/once/-/once-1.4.0.tgz 0ms (cache hit)
1909 http cache @oxc-transform/binding-win32-x64-msvc@https://registry.npmjs.org/@oxc-transform/binding-win32-x64-msvc/-/binding-win32-x64-msvc-0.111.0.tgz 0ms (cache hit)
1910 http cache parse-ms@https://registry.npmjs.org/parse-ms/-/parse-ms-2.1.0.tgz 0ms (cache hit)
1911 http cache is-wsl@https://registry.npmjs.org/is-wsl/-/is-wsl-2.2.0.tgz 0ms (cache hit)
1912 http cache define-lazy-prop@https://registry.npmjs.org/define-lazy-prop/-/define-lazy-prop-2.0.0.tgz 0ms (cache hit)
1913 http cache @isaacs/balanced-match@https://registry.npmjs.org/@isaacs/balanced-match/-/balanced-match-4.0.1.tgz 0ms (cache hit)
1914 http cache is-docker@https://registry.npmjs.org/is-docker/-/is-docker-2.2.1.tgz 0ms (cache hit)
1915 http cache mimic-fn@https://registry.npmjs.org/mimic-fn/-/mimic-fn-2.1.0.tgz 0ms (cache hit)
1916 http cache @isaacs/brace-expansion@https://registry.npmjs.org/@isaacs/brace-expansion/-/brace-expansion-5.0.1.tgz 0ms (cache hit)
1917 http cache abbrev@https://registry.npmjs.org/abbrev/-/abbrev-3.0.1.tgz 0ms (cache hit)
1918 http cache whatwg-url@https://registry.npmjs.org/whatwg-url/-/whatwg-url-5.0.0.tgz 0ms (cache hit)
1919 http cache mime-db@https://registry.npmjs.org/mime-db/-/mime-db-1.52.0.tgz 0ms (cache hit)
1920 http cache raw-body@https://registry.npmjs.org/raw-body/-/raw-body-2.4.1.tgz 0ms (cache hit)
1921 http cache content-type@https://registry.npmjs.org/content-type/-/content-type-1.0.4.tgz 0ms (cache hit)
1922 http cache @types/json-schema@https://registry.npmjs.org/@types/json-schema/-/json-schema-7.0.15.tgz 0ms (cache hit)
1923 http cache ts-toolbelt@https://registry.npmjs.org/ts-toolbelt/-/ts-toolbelt-6.15.5.tgz 0ms (cache hit)
1924 http cache argparse@https://registry.npmjs.org/argparse/-/argparse-2.0.1.tgz 0ms (cache hit)
1925 http cache arg@https://registry.npmjs.org/arg/-/arg-4.1.0.tgz 0ms (cache hit)
1926 http cache agent-base@https://registry.npmjs.org/agent-base/-/agent-base-7.1.4.tgz 0ms (cache hit)
1927 http cache path-scurry@https://registry.npmjs.org/path-scurry/-/path-scurry-2.0.2.tgz 0ms (cache hit)
1928 http cache minipass@https://registry.npmjs.org/minipass/-/minipass-7.1.3.tgz 0ms (cache hit)
1929 http cache lru-cache@https://registry.npmjs.org/lru-cache/-/lru-cache-11.5.2.tgz 0ms (cache hit)
1930 http cache pump@https://registry.npmjs.org/pump/-/pump-3.0.4.tgz 0ms (cache hit)
1931 http cache universalify@https://registry.npmjs.org/universalify/-/universalify-2.0.1.tgz 0ms (cache hit)
1932 http cache jsonfile@https://registry.npmjs.org/jsonfile/-/jsonfile-6.2.1.tgz 0ms (cache hit)
1933 http cache which@https://registry.npmjs.org/which/-/which-2.0.2.tgz 0ms (cache hit)
1934 http cache shebang-command@https://registry.npmjs.org/shebang-command/-/shebang-command-2.0.0.tgz 0ms (cache hit)
1935 http cache path-key@https://registry.npmjs.org/path-key/-/path-key-3.1.1.tgz 0ms (cache hit)
1936 http cache npm-run-path@https://registry.npmjs.org/npm-run-path/-/npm-run-path-4.0.1.tgz 0ms (cache hit)
1937 http cache merge-stream@https://registry.npmjs.org/merge-stream/-/merge-stream-2.0.0.tgz 0ms (cache hit)
1938 http cache strip-final-newline@https://registry.npmjs.org/strip-final-newline/-/strip-final-newline-2.0.0.tgz 0ms (cache hit)
1939 http cache is-stream@https://registry.npmjs.org/is-stream/-/is-stream-2.0.1.tgz 0ms (cache hit)
1940 http cache human-signals@https://registry.npmjs.org/human-signals/-/human-signals-1.1.1.tgz 0ms (cache hit)
1941 http cache @esbuild/win32-x64@https://registry.npmjs.org/@esbuild/win32-x64/-/win32-x64-0.27.0.tgz 0ms (cache hit)
1942 http cache get-stream@https://registry.npmjs.org/get-stream/-/get-stream-5.2.0.tgz 0ms (cache hit)
1943 http cache cross-spawn@https://registry.npmjs.org/cross-spawn/-/cross-spawn-7.0.6.tgz 0ms (cache hit)
1944 http cache onetime@https://registry.npmjs.org/onetime/-/onetime-5.1.2.tgz 0ms (cache hit)
1945 http cache time-span@https://registry.npmjs.org/time-span/-/time-span-4.0.0.tgz 0ms (cache hit)
1946 http cache signal-exit@https://registry.npmjs.org/signal-exit/-/signal-exit-4.0.2.tgz 0ms (cache hit)
1947 http cache pretty-ms@https://registry.npmjs.org/pretty-ms/-/pretty-ms-7.0.1.tgz 0ms (cache hit)
1948 http cache mri@https://registry.npmjs.org/mri/-/mri-1.2.0.tgz 0ms (cache hit)
1949 http cache picocolors@https://registry.npmjs.org/picocolors/-/picocolors-1.0.0.tgz 0ms (cache hit)
1950 http cache @edge-runtime/ponyfill@https://registry.npmjs.org/@edge-runtime/ponyfill/-/ponyfill-2.4.2.tgz 0ms (cache hit)
1951 http cache readdirp@https://registry.npmjs.org/readdirp/-/readdirp-4.1.2.tgz 0ms (cache hit)
1952 http cache file-uri-to-path@https://registry.npmjs.org/file-uri-to-path/-/file-uri-to-path-1.0.0.tgz 1ms (cache hit)
1953 http cache p-finally@https://registry.npmjs.org/p-finally/-/p-finally-2.0.1.tgz 0ms (cache hit)
1954 http cache @edge-runtime/format@https://registry.npmjs.org/@edge-runtime/format/-/format-2.2.1.tgz 0ms (cache hit)
1955 http cache retry@https://registry.npmjs.org/retry/-/retry-0.13.1.tgz 0ms (cache hit)
1956 http cache uri-js@https://registry.npmjs.org/uri-js/-/uri-js-4.4.1.tgz 0ms (cache hit)
1957 http cache json-schema-traverse@https://registry.npmjs.org/json-schema-traverse/-/json-schema-traverse-1.0.0.tgz 0ms (cache hit)
1958 http cache @sinclair/typebox@https://registry.npmjs.org/@sinclair/typebox/-/typebox-0.25.24.tgz 0ms (cache hit)
1959 http cache require-from-string@https://registry.npmjs.org/require-from-string/-/require-from-string-2.0.2.tgz 0ms (cache hit)
1960 http cache fast-deep-equal@https://registry.npmjs.org/fast-deep-equal/-/fast-deep-equal-3.1.3.tgz 0ms (cache hit)
1961 http cache json-schema-to-ts@https://registry.npmjs.org/json-schema-to-ts/-/json-schema-to-ts-1.6.4.tgz 0ms (cache hit)
1962 http cache @vercel/gatsby-plugin-vercel-builder@https://registry.npmjs.org/@vercel/gatsby-plugin-vercel-builder/-/gatsby-plugin-vercel-builder-2.2.41.tgz 0ms (cache hit)
1963 http cache @vercel/gatsby-plugin-vercel-analytics@https://registry.npmjs.org/@vercel/gatsby-plugin-vercel-analytics/-/gatsby-plugin-vercel-analytics-1.0.12.tgz 0ms (cache hit)
1964 http cache @renovatebot/pep440@https://registry.npmjs.org/@renovatebot/pep440/-/pep440-4.2.1.tgz 0ms (cache hit)
1965 http cache ajv@https://registry.npmjs.org/ajv/-/ajv-8.6.3.tgz 0ms (cache hit)
1966 http cache @vercel/cli-exec@https://registry.npmjs.org/@vercel/cli-exec/-/cli-exec-1.0.1.tgz 0ms (cache hit)
1967 http cache web-vitals@https://registry.npmjs.org/web-vitals/-/web-vitals-0.2.4.tgz 0ms (cache hit)
1968 http cache @bytecodealliance/preview2-shim@https://registry.npmjs.org/@bytecodealliance/preview2-shim/-/preview2-shim-0.17.6.tgz 0ms (cache hit)
1969 http cache minimatch@https://registry.npmjs.org/minimatch/-/minimatch-10.1.1.tgz 0ms (cache hit)
1970 http cache js-yaml@https://registry.npmjs.org/js-yaml/-/js-yaml-4.1.1.tgz 0ms (cache hit)
1971 http cache typescript@https://registry.npmjs.org/typescript/-/typescript-5.9.3.tgz 0ms (cache hit)
1972 http cache undici-types@https://registry.npmjs.org/undici-types/-/undici-types-5.26.5.tgz 0ms (cache hit)
1973 http cache path-to-regexp-updated@https://registry.npmjs.org/path-to-regexp/-/path-to-regexp-6.3.0.tgz 0ms (cache hit)
1974 http cache @vercel/error-utils@https://registry.npmjs.org/@vercel/error-utils/-/error-utils-2.2.1.tgz 0ms (cache hit)
1975 http cache mime-types@https://registry.npmjs.org/mime-types/-/mime-types-2.1.35.tgz 0ms (cache hit)
1976 http cache @types/node@https://registry.npmjs.org/@types/node/-/node-20.11.0.tgz 0ms (cache hit)
1977 http cache @edge-runtime/vm@https://registry.npmjs.org/@edge-runtime/vm/-/vm-3.2.0.tgz 0ms (cache hit)
1978 http cache edge-runtime@https://registry.npmjs.org/edge-runtime/-/edge-runtime-2.5.9.tgz 0ms (cache hit)
1979 http cache etag@https://registry.npmjs.org/etag/-/etag-1.8.1.tgz 0ms (cache hit)
1980 http cache @edge-runtime/node-utils@https://registry.npmjs.org/@edge-runtime/node-utils/-/node-utils-2.3.0.tgz 0ms (cache hit)
1981 http cache @types/estree@https://registry.npmjs.org/@types/estree/-/estree-1.0.9.tgz 0ms (cache hit)
1982 http cache @edge-runtime/primitives@https://registry.npmjs.org/@edge-runtime/primitives/-/primitives-4.1.0.tgz 0ms (cache hit)
1983 http cache https-proxy-agent@https://registry.npmjs.org/https-proxy-agent/-/https-proxy-agent-7.0.6.tgz 0ms (cache hit)
1984 http cache detect-libc@https://registry.npmjs.org/detect-libc/-/detect-libc-2.1.2.tgz 0ms (cache hit)
1985 http cache consola@https://registry.npmjs.org/consola/-/consola-3.4.2.tgz 0ms (cache hit)
1986 http cache resolve-from@https://registry.npmjs.org/resolve-from/-/resolve-from-5.0.0.tgz 0ms (cache hit)
1987 http cache node-gyp-build@https://registry.npmjs.org/node-gyp-build/-/node-gyp-build-4.8.4.tgz 0ms (cache hit)
1988 http cache graceful-fs@https://registry.npmjs.org/graceful-fs/-/graceful-fs-4.2.11.tgz 0ms (cache hit)
1989 http cache glob@https://registry.npmjs.org/glob/-/glob-13.0.6.tgz 0ms (cache hit)
1990 http cache picomatch@https://registry.npmjs.org/picomatch/-/picomatch-4.0.5.tgz 0ms (cache hit)
1991 http cache estree-walker@https://registry.npmjs.org/estree-walker/-/estree-walker-2.0.2.tgz 0ms (cache hit)
1992 http cache async-sema@https://registry.npmjs.org/async-sema/-/async-sema-3.1.1.tgz 0ms (cache hit)
1993 http cache @rollup/pluginutils@https://registry.npmjs.org/@rollup/pluginutils/-/pluginutils-5.4.0.tgz 0ms (cache hit)
1994 http cache @mapbox/node-pre-gyp@https://registry.npmjs.org/@mapbox/node-pre-gyp/-/node-pre-gyp-2.0.3.tgz 0ms (cache hit)
1995 http cache acorn-import-attributes@https://registry.npmjs.org/acorn-import-attributes/-/acorn-import-attributes-1.9.5.tgz 0ms (cache hit)
1996 http cache nopt@https://registry.npmjs.org/nopt/-/nopt-8.1.0.tgz 0ms (cache hit)
1997 http cache acorn@https://registry.npmjs.org/acorn/-/acorn-8.18.0.tgz 0ms (cache hit)
1998 http cache yauzl-promise@https://registry.npmjs.org/yauzl-promise/-/yauzl-promise-2.1.3.tgz 0ms (cache hit)
1999 http cache tree-kill@https://registry.npmjs.org/tree-kill/-/tree-kill-1.2.2.tgz 0ms (cache hit)
2000 http cache uid-promise@https://registry.npmjs.org/uid-promise/-/uid-promise-1.0.0.tgz 0ms (cache hit)
2001 http cache tinyexec@https://registry.npmjs.org/tinyexec/-/tinyexec-0.3.2.tgz 0ms (cache hit)
2002 http cache tar@https://registry.npmjs.org/tar/-/tar-7.5.7.tgz 0ms (cache hit)
2003 http cache stream-to-promise@https://registry.npmjs.org/stream-to-promise/-/stream-to-promise-2.2.0.tgz 0ms (cache hit)
2004 http cache stat-mode@https://registry.npmjs.org/stat-mode/-/stat-mode-0.3.0.tgz 0ms (cache hit)
2005 http cache semver@https://registry.npmjs.org/semver/-/semver-7.5.4.tgz 0ms (cache hit)
2006 http cache bindings@https://registry.npmjs.org/bindings/-/bindings-1.5.0.tgz 0ms (cache hit)
2007 http cache node-fetch@https://registry.npmjs.org/node-fetch/-/node-fetch-2.6.7.tgz 0ms (cache hit)
2008 http cache ms@https://registry.npmjs.org/ms/-/ms-2.1.1.tgz 0ms (cache hit)
2009 http cache promisepipe@https://registry.npmjs.org/promisepipe/-/promisepipe-3.0.0.tgz 0ms (cache hit)
2010 http cache generic-pool@https://registry.npmjs.org/generic-pool/-/generic-pool-3.4.2.tgz 0ms (cache hit)
2011 http cache micro@https://registry.npmjs.org/micro/-/micro-9.3.5-canary.3.tgz 0ms (cache hit)
2012 http cache @vercel/cervel@https://registry.npmjs.org/@vercel/cervel/-/cervel-0.1.46.tgz 0ms (cache hit)
2013 http cache @tootallnate/once@https://registry.npmjs.org/@tootallnate/once/-/once-2.0.0.tgz 0ms (cache hit)
2014 http cache @napi-rs/keyring-win32-x64-msvc@https://registry.npmjs.org/@napi-rs/keyring-win32-x64-msvc/-/keyring-win32-x64-msvc-1.2.0.tgz 0ms (cache hit)
2015 http cache debug@https://registry.npmjs.org/debug/-/debug-4.3.4.tgz 0ms (cache hit)
2016 http cache @napi-rs/keyring@https://registry.npmjs.org/@napi-rs/keyring/-/keyring-1.2.0.tgz 0ms (cache hit)
2017 http cache open@https://registry.npmjs.org/open/-/open-8.4.0.tgz 0ms (cache hit)
2018 http cache xdg-app-paths@https://registry.npmjs.org/xdg-app-paths/-/xdg-app-paths-5.5.1.tgz 0ms (cache hit)
2019 http cache es-module-lexer@https://registry.npmjs.org/es-module-lexer/-/es-module-lexer-1.5.0.tgz 0ms (cache hit)
2020 http cache cjs-module-lexer@https://registry.npmjs.org/cjs-module-lexer/-/cjs-module-lexer-1.2.3.tgz 0ms (cache hit)
2021 http cache throttleit@https://registry.npmjs.org/throttleit/-/throttleit-2.1.0.tgz 0ms (cache hit)
2022 http cache is-node-process@https://registry.npmjs.org/is-node-process/-/is-node-process-1.2.0.tgz 0ms (cache hit)
2023 http cache @vercel/oidc@https://registry.npmjs.org/@vercel/oidc/-/oidc-3.8.4.tgz 0ms (cache hit)
2024 http cache is-buffer@https://registry.npmjs.org/is-buffer/-/is-buffer-2.0.5.tgz 0ms (cache hit)
2025 http cache async-listen@https://registry.npmjs.org/async-listen/-/async-listen-3.0.0.tgz 0ms (cache hit)
2026 http cache tsx@https://registry.npmjs.org/tsx/-/tsx-4.21.0.tgz 0ms (cache hit)
2027 http cache srvx@https://registry.npmjs.org/srvx/-/srvx-0.11.16.tgz 0ms (cache hit)
2028 http cache async-retry@https://registry.npmjs.org/async-retry/-/async-retry-1.3.3.tgz 0ms (cache hit)
2029 http cache rolldown@https://registry.npmjs.org/rolldown/-/rolldown-1.0.0-rc.1.tgz 0ms (cache hit)
2030 http cache resolve.exports@https://registry.npmjs.org/resolve.exports/-/resolve.exports-2.0.3.tgz 0ms (cache hit)
2031 http cache path-to-regexp@https://registry.npmjs.org/path-to-regexp/-/path-to-regexp-8.3.0.tgz 0ms (cache hit)
2032 http cache get-port@https://registry.npmjs.org/get-port/-/get-port-5.1.1.tgz 0ms (cache hit)
2033 http cache @vercel/nft@https://registry.npmjs.org/@vercel/nft/-/nft-1.10.0.tgz 0ms (cache hit)
2034 http cache @vercel/static-config@https://registry.npmjs.org/@vercel/static-config/-/static-config-3.4.1.tgz 0ms (cache hit)
2035 http cache oxc-transform@https://registry.npmjs.org/oxc-transform/-/oxc-transform-0.111.0.tgz 0ms (cache hit)
2036 http cache ts-morph@https://registry.npmjs.org/ts-morph/-/ts-morph-12.0.0.tgz 0ms (cache hit)
2037 http cache fs-extra@https://registry.npmjs.org/fs-extra/-/fs-extra-11.1.0.tgz 0ms (cache hit)
2038 http cache execa@https://registry.npmjs.org/execa/-/execa-3.2.0.tgz 0ms (cache hit)
2039 http cache undici@https://registry.npmjs.org/undici/-/undici-5.29.0.tgz 0ms (cache hit)
2040 http cache smol-toml@https://registry.npmjs.org/smol-toml/-/smol-toml-1.5.2.tgz 0ms (cache hit)
2041 http cache zod@https://registry.npmjs.org/zod/-/zod-4.1.11.tgz 0ms (cache hit)
2042 http cache uuid@https://registry.npmjs.org/uuid/-/uuid-14.0.1.tgz 0ms (cache hit)
2043 http cache sandbox@https://registry.npmjs.org/sandbox/-/sandbox-3.4.0.tgz 0ms (cache hit)
2044 http cache @vercel/static-build@https://registry.npmjs.org/@vercel/static-build/-/static-build-2.12.7.tgz 0ms (cache hit)
2045 http cache luxon@https://registry.npmjs.org/luxon/-/luxon-3.7.2.tgz 0ms (cache hit)
2046 http cache jose@https://registry.npmjs.org/jose/-/jose-5.9.6.tgz 0ms (cache hit)
2047 http cache jsonc-parser@https://registry.npmjs.org/jsonc-parser/-/jsonc-parser-3.3.1.tgz 0ms (cache hit)
2048 http cache @vercel/ruby@https://registry.npmjs.org/@vercel/ruby/-/ruby-2.5.1.tgz 0ms (cache hit)
2049 http cache @vercel/rust@https://registry.npmjs.org/@vercel/rust/-/rust-1.4.2.tgz 0ms (cache hit)
2050 http cache esbuild@https://registry.npmjs.org/esbuild/-/esbuild-0.27.0.tgz 0ms (cache hit)
2051 http cache @vercel/redwood@https://registry.npmjs.org/@vercel/redwood/-/redwood-2.5.2.tgz 0ms (cache hit)
2052 http cache chokidar@https://registry.npmjs.org/chokidar/-/chokidar-4.0.0.tgz 0ms (cache hit)
2053 http cache @vercel/python-analysis@https://registry.npmjs.org/@vercel/python-analysis/-/python-analysis-0.13.2.tgz 0ms (cache hit)
2054 http cache @vercel/python@https://registry.npmjs.org/@vercel/python/-/python-6.57.1.tgz 0ms (cache hit)
2055 http cache @vercel/remix-builder@https://registry.npmjs.org/@vercel/remix-builder/-/remix-builder-5.9.5.tgz 0ms (cache hit)
2056 http cache @vercel/node@https://registry.npmjs.org/@vercel/node/-/node-5.10.1.tgz 0ms (cache hit)
2057 http cache @vercel/nestjs@https://registry.npmjs.org/@vercel/nestjs/-/nestjs-0.2.119.tgz 0ms (cache hit)
2058 http cache @vercel/next@https://registry.npmjs.org/@vercel/next/-/next-4.21.6.tgz 0ms (cache hit)
2059 http cache @vercel/koa@https://registry.npmjs.org/@vercel/koa/-/koa-0.1.98.tgz 0ms (cache hit)
2060 http cache @vercel/hydrogen@https://registry.npmjs.org/@vercel/hydrogen/-/hydrogen-1.4.2.tgz 0ms (cache hit)
2061 http cache @vercel/hono@https://registry.npmjs.org/@vercel/hono/-/hono-0.2.118.tgz 0ms (cache hit)
2062 http cache @vercel/h3@https://registry.npmjs.org/@vercel/h3/-/h3-0.1.124.tgz 0ms (cache hit)
2063 http cache @vercel/fun@https://registry.npmjs.org/@vercel/fun/-/fun-1.3.0.tgz 0ms (cache hit)
2064 http cache @vercel/fastify@https://registry.npmjs.org/@vercel/fastify/-/fastify-0.1.118.tgz 0ms (cache hit)
2065 http cache @vercel/express@https://registry.npmjs.org/@vercel/express/-/express-0.1.129.tgz 0ms (cache hit)
2066 http cache @vercel/prepare-flags-definitions@https://registry.npmjs.org/@vercel/prepare-flags-definitions/-/prepare-flags-definitions-0.3.0.tgz 0ms (cache hit)
2067 http cache @vercel/elysia@https://registry.npmjs.org/@vercel/elysia/-/elysia-0.1.115.tgz 0ms (cache hit)
2068 http cache @vercel/detect-agent@https://registry.npmjs.org/@vercel/detect-agent/-/detect-agent-1.2.5.tgz 0ms (cache hit)
2069 http cache @vercel/container@https://registry.npmjs.org/@vercel/container/-/container-0.2.0.tgz 0ms (cache hit)
2070 http cache @vercel/cli-config@https://registry.npmjs.org/@vercel/cli-config/-/cli-config-0.2.3.tgz 0ms (cache hit)
2071 http cache @vercel/cli-auth@https://registry.npmjs.org/@vercel/cli-auth/-/cli-auth-0.3.4.tgz 0ms (cache hit)
2072 http cache @vercel/build-utils@https://registry.npmjs.org/@vercel/build-utils/-/build-utils-14.1.1.tgz 0ms (cache hit)
2073 http cache @vercel/go@https://registry.npmjs.org/@vercel/go/-/go-3.11.0.tgz 0ms (cache hit)
2074 http cache @vercel/backends@https://registry.npmjs.org/@vercel/backends/-/backends-0.8.38.tgz 0ms (cache hit)
2075 http cache @vercel/blob@https://registry.npmjs.org/@vercel/blob/-/blob-2.8.0.tgz 0ms (cache hit)
2076 http cache picomatch@https://registry.npmjs.org/picomatch/-/picomatch-2.3.2.tgz 0ms (cache hit)
2077 http cache vercel@https://registry.npmjs.org/vercel/-/vercel-59.1.3.tgz 0ms (cache hit)
2078 http cache minimatch@https://registry.npmjs.org/minimatch/-/minimatch-3.1.5.tgz 0ms (cache hit)
2079 http cache undici@https://registry.npmjs.org/undici/-/undici-7.29.0.tgz 0ms (cache hit)
2080 http cache xdg-app-paths@https://registry.npmjs.org/xdg-app-paths/-/xdg-app-paths-5.1.0.tgz 0ms (cache hit)
2081 http cache picocolors@https://registry.npmjs.org/picocolors/-/picocolors-1.1.1.tgz 0ms (cache hit)
2082 http cache ms@https://registry.npmjs.org/ms/-/ms-2.1.3.tgz 0ms (cache hit)
2083 http cache signal-exit@https://registry.npmjs.org/signal-exit/-/signal-exit-3.0.7.tgz 0ms (cache hit)
2084 http cache @vercel/oidc@https://registry.npmjs.org/@vercel/oidc/-/oidc-3.2.0.tgz 0ms (cache hit)
2085 http cache jose@https://registry.npmjs.org/jose/-/jose-6.2.3.tgz 0ms (cache hit)
2086 http cache async-listen@https://registry.npmjs.org/async-listen/-/async-listen-3.0.1.tgz 0ms (cache hit)
2087 http cache human-signals@https://registry.npmjs.org/human-signals/-/human-signals-2.1.0.tgz 0ms (cache hit)
2088 http cache brace-expansion@https://registry.npmjs.org/brace-expansion/-/brace-expansion-5.0.9.tgz 0ms (cache hit)
2089 http cache get-stream@https://registry.npmjs.org/get-stream/-/get-stream-6.0.1.tgz 0ms (cache hit)
2090 http cache execa@https://registry.npmjs.org/execa/-/execa-5.1.1.tgz 0ms (cache hit)
2091 http cache minimatch@https://registry.npmjs.org/minimatch/-/minimatch-10.2.6.tgz 0ms (cache hit)
2092 http cache balanced-match@https://registry.npmjs.org/balanced-match/-/balanced-match-4.0.4.tgz 0ms (cache hit)
2093 http cache ms@https://registry.npmjs.org/ms/-/ms-2.1.2.tgz 0ms (cache hit)
2094 http cache yallist@https://registry.npmjs.org/yallist/-/yallist-4.0.0.tgz 0ms (cache hit)
2095 http cache once@https://registry.npmjs.org/once/-/once-1.3.3.tgz 0ms (cache hit)
2096 http cache end-of-stream@https://registry.npmjs.org/end-of-stream/-/end-of-stream-1.1.0.tgz 0ms (cache hit)
2097 http cache lru-cache@https://registry.npmjs.org/lru-cache/-/lru-cache-6.0.0.tgz 0ms (cache hit)
2098 http cache signal-exit@https://registry.npmjs.org/signal-exit/-/signal-exit-3.0.7.tgz 0ms (cache hit)
2099 http cache debug@https://registry.npmjs.org/debug/-/debug-4.4.3.tgz 0ms (cache hit)
2100 http cache ms@https://registry.npmjs.org/ms/-/ms-2.1.3.tgz 0ms (cache hit)
2101 http cache signal-exit@https://registry.npmjs.org/signal-exit/-/signal-exit-3.0.7.tgz 0ms (cache hit)
2102 http cache human-signals@https://registry.npmjs.org/human-signals/-/human-signals-2.1.0.tgz 0ms (cache hit)
2103 http cache get-stream@https://registry.npmjs.org/get-stream/-/get-stream-6.0.1.tgz 0ms (cache hit)
2104 http cache semver@https://registry.npmjs.org/semver/-/semver-6.3.1.tgz 0ms (cache hit)
2105 http cache undici@https://registry.npmjs.org/undici/-/undici-5.28.4.tgz 0ms (cache hit)
2106 http cache execa@https://registry.npmjs.org/execa/-/execa-5.1.1.tgz 0ms (cache hit)
2107 http cache path-to-regexp@https://registry.npmjs.org/path-to-regexp/-/path-to-regexp-6.1.0.tgz 0ms (cache hit)
2108 http cache zod@https://registry.npmjs.org/zod/-/zod-3.22.4.tgz 0ms (cache hit)
2109 http cache fs-extra@https://registry.npmjs.org/fs-extra/-/fs-extra-11.1.1.tgz 0ms (cache hit)
2110 http cache zod@https://registry.npmjs.org/zod/-/zod-3.22.4.tgz 0ms (cache hit)
2111 http cache es-module-lexer@https://registry.npmjs.org/es-module-lexer/-/es-module-lexer-1.4.1.tgz 0ms (cache hit)
2112 http cache path-to-regexp@https://registry.npmjs.org/path-to-regexp/-/path-to-regexp-6.1.0.tgz 0ms (cache hit)
2113 http cache xdg-app-paths@https://registry.npmjs.org/xdg-app-paths/-/xdg-app-paths-5.1.0.tgz 0ms (cache hit)
2114 http cache zod@https://registry.npmjs.org/zod/-/zod-3.22.4.tgz 0ms (cache hit)
2115 http cache undici@https://registry.npmjs.org/undici/-/undici-6.28.0.tgz 0ms (cache hit)
2116 http cache node-fetch@https://registry.npmjs.org/node-fetch/-/node-fetch-2.6.9.tgz 0ms (cache hit)
2117 silly tarball no local data for concat-map@https://registry.npmjs.org/concat-map/-/concat-map-0.0.1.tgz. Extracting by manifest.
2118 silly tarball no local data for events-intercept@https://registry.npmjs.org/events-intercept/-/events-intercept-2.0.0.tgz. Extracting by manifest.
2119 silly tarball no local data for brace-expansion@https://registry.npmjs.org/brace-expansion/-/brace-expansion-1.1.18.tgz. Extracting by manifest.
2120 http cache zod@https://registry.npmjs.org/zod/-/zod-3.22.4.tgz 0ms (cache hit)
2121 silly tarball no local data for yauzl-clone@https://registry.npmjs.org/yauzl-clone/-/yauzl-clone-1.0.4.tgz. Extracting by manifest.
2122 silly tarball no local data for os-paths@https://registry.npmjs.org/os-paths/-/os-paths-4.4.0.tgz. Extracting by manifest.
2123 silly tarball no local data for xdg-portable@https://registry.npmjs.org/xdg-portable/-/xdg-portable-7.3.0.tgz. Extracting by manifest.
2124 silly tarball no local data for @fastify/busboy@https://registry.npmjs.org/@fastify/busboy/-/busboy-2.1.1.tgz. Extracting by manifest.
2125 silly tarball no local data for resolve-pkg-maps@https://registry.npmjs.org/resolve-pkg-maps/-/resolve-pkg-maps-1.0.0.tgz. Extracting by manifest.
2126 silly tarball no local data for get-tsconfig@https://registry.npmjs.org/get-tsconfig/-/get-tsconfig-4.14.2.tgz. Extracting by manifest.
2127 silly tarball no local data for path-browserify@https://registry.npmjs.org/path-browserify/-/path-browserify-1.0.1.tgz. Extracting by manifest.
2128 silly tarball no local data for mkdirp@https://registry.npmjs.org/mkdirp/-/mkdirp-1.0.4.tgz. Extracting by manifest.
2129 silly tarball no local data for code-block-writer@https://registry.npmjs.org/code-block-writer/-/code-block-writer-10.1.1.tgz. Extracting by manifest.
2130 silly tarball no local data for @ts-morph/common@https://registry.npmjs.org/@ts-morph/common/-/common-0.11.1.tgz. Extracting by manifest.
2131 silly tarball no local data for convert-hrtime@https://registry.npmjs.org/convert-hrtime/-/convert-hrtime-3.0.0.tgz. Extracting by manifest.
2132 silly tarball no local data for stream-to-array@https://registry.npmjs.org/stream-to-array/-/stream-to-array-2.3.0.tgz. Extracting by manifest.
2133 silly tarball no local data for any-promise@https://registry.npmjs.org/any-promise/-/any-promise-1.3.0.tgz. Extracting by manifest.
2134 silly tarball no local data for @workflow/serde@https://registry.npmjs.org/@workflow/serde/-/serde-4.1.0-beta.2.tgz. Extracting by manifest.
2135 silly tarball no local data for tar-stream@https://registry.npmjs.org/tar-stream/-/tar-stream-3.1.7.tgz. Extracting by manifest.
2136 silly tarball no local data for jsonlines@https://registry.npmjs.org/jsonlines/-/jsonlines-0.1.1.tgz. Extracting by manifest.
2137 silly tarball no local data for @vercel/sandbox@https://registry.npmjs.org/@vercel/sandbox/-/sandbox-2.4.0.tgz. Extracting by manifest.
2138 silly tarball no local data for toidentifier@https://registry.npmjs.org/toidentifier/-/toidentifier-1.0.0.tgz. Extracting by manifest.
2139 http cache path-to-regexp@https://registry.npmjs.org/path-to-regexp/-/path-to-regexp-8.2.0.tgz 1ms (cache hit)
2140 silly tarball no local data for @oxc-project/types@https://registry.npmjs.org/@oxc-project/types/-/types-0.110.0.tgz. Extracting by manifest.
2141 silly tarball no local data for @rolldown/binding-win32-x64-msvc@https://registry.npmjs.org/@rolldown/binding-win32-x64-msvc/-/binding-win32-x64-msvc-1.0.0-rc.1.tgz. Extracting by manifest.
2142 silly tarball no local data for @rolldown/pluginutils@https://registry.npmjs.org/@rolldown/pluginutils/-/pluginutils-1.0.0-rc.1.tgz. Extracting by manifest.
2143 silly tarball no local data for statuses@https://registry.npmjs.org/statuses/-/statuses-1.5.0.tgz. Extracting by manifest.
2144 http cache async-listen@https://registry.npmjs.org/async-listen/-/async-listen-1.2.0.tgz 0ms (cache hit)
2145 silly tarball no local data for setprototypeof@https://registry.npmjs.org/setprototypeof/-/setprototypeof-1.1.1.tgz. Extracting by manifest.
2146 silly tarball no local data for depd@https://registry.npmjs.org/depd/-/depd-1.1.2.tgz. Extracting by manifest.
2147 silly tarball no local data for iconv-lite@https://registry.npmjs.org/iconv-lite/-/iconv-lite-0.4.24.tgz. Extracting by manifest.
2148 silly tarball no local data for http-errors@https://registry.npmjs.org/http-errors/-/http-errors-1.7.3.tgz. Extracting by manifest.
2149 silly tarball no local data for bytes@https://registry.npmjs.org/bytes/-/bytes-3.1.0.tgz. Extracting by manifest.
2150 silly tarball no local data for @oxc-transform/binding-win32-x64-msvc@https://registry.npmjs.org/@oxc-transform/binding-win32-x64-msvc/-/binding-win32-x64-msvc-0.111.0.tgz. Extracting by manifest.
2151 silly tarball no local data for parse-ms@https://registry.npmjs.org/parse-ms/-/parse-ms-2.1.0.tgz. Extracting by manifest.
2152 silly tarball no local data for is-wsl@https://registry.npmjs.org/is-wsl/-/is-wsl-2.2.0.tgz. Extracting by manifest.
2153 silly tarball no local data for define-lazy-prop@https://registry.npmjs.org/define-lazy-prop/-/define-lazy-prop-2.0.0.tgz. Extracting by manifest.
2154 silly tarball no local data for @isaacs/balanced-match@https://registry.npmjs.org/@isaacs/balanced-match/-/balanced-match-4.0.1.tgz. Extracting by manifest.
2155 silly tarball no local data for is-docker@https://registry.npmjs.org/is-docker/-/is-docker-2.2.1.tgz. Extracting by manifest.
2156 silly tarball no local data for @isaacs/brace-expansion@https://registry.npmjs.org/@isaacs/brace-expansion/-/brace-expansion-5.0.1.tgz. Extracting by manifest.
2157 silly tarball no local data for raw-body@https://registry.npmjs.org/raw-body/-/raw-body-2.4.1.tgz. Extracting by manifest.
2158 silly tarball no local data for content-type@https://registry.npmjs.org/content-type/-/content-type-1.0.4.tgz. Extracting by manifest.
2159 silly tarball no local data for @types/json-schema@https://registry.npmjs.org/@types/json-schema/-/json-schema-7.0.15.tgz. Extracting by manifest.
2160 silly tarball no local data for ts-toolbelt@https://registry.npmjs.org/ts-toolbelt/-/ts-toolbelt-6.15.5.tgz. Extracting by manifest.
2161 silly tarball no local data for argparse@https://registry.npmjs.org/argparse/-/argparse-2.0.1.tgz. Extracting by manifest.
2162 silly tarball no local data for arg@https://registry.npmjs.org/arg/-/arg-4.1.0.tgz. Extracting by manifest.
2163 silly tarball no local data for universalify@https://registry.npmjs.org/universalify/-/universalify-2.0.1.tgz. Extracting by manifest.
2164 silly tarball no local data for jsonfile@https://registry.npmjs.org/jsonfile/-/jsonfile-6.2.1.tgz. Extracting by manifest.
2165 silly tarball no local data for human-signals@https://registry.npmjs.org/human-signals/-/human-signals-1.1.1.tgz. Extracting by manifest.
2166 silly tarball no local data for @esbuild/win32-x64@https://registry.npmjs.org/@esbuild/win32-x64/-/win32-x64-0.27.0.tgz. Extracting by manifest.
2167 silly tarball no local data for time-span@https://registry.npmjs.org/time-span/-/time-span-4.0.0.tgz. Extracting by manifest.
2168 silly tarball no local data for signal-exit@https://registry.npmjs.org/signal-exit/-/signal-exit-4.0.2.tgz. Extracting by manifest.
2169 silly tarball no local data for pretty-ms@https://registry.npmjs.org/pretty-ms/-/pretty-ms-7.0.1.tgz. Extracting by manifest.
2170 silly tarball no local data for mri@https://registry.npmjs.org/mri/-/mri-1.2.0.tgz. Extracting by manifest.
2171 silly tarball no local data for picocolors@https://registry.npmjs.org/picocolors/-/picocolors-1.0.0.tgz. Extracting by manifest.
2172 silly tarball no local data for @edge-runtime/ponyfill@https://registry.npmjs.org/@edge-runtime/ponyfill/-/ponyfill-2.4.2.tgz. Extracting by manifest.
2173 silly tarball no local data for p-finally@https://registry.npmjs.org/p-finally/-/p-finally-2.0.1.tgz. Extracting by manifest.
2174 silly tarball no local data for @edge-runtime/format@https://registry.npmjs.org/@edge-runtime/format/-/format-2.2.1.tgz. Extracting by manifest.
2175 silly tarball no local data for uri-js@https://registry.npmjs.org/uri-js/-/uri-js-4.4.1.tgz. Extracting by manifest.
2176 silly tarball no local data for @sinclair/typebox@https://registry.npmjs.org/@sinclair/typebox/-/typebox-0.25.24.tgz. Extracting by manifest.
2177 silly tarball no local data for json-schema-to-ts@https://registry.npmjs.org/json-schema-to-ts/-/json-schema-to-ts-1.6.4.tgz. Extracting by manifest.
2178 silly tarball no local data for @vercel/gatsby-plugin-vercel-builder@https://registry.npmjs.org/@vercel/gatsby-plugin-vercel-builder/-/gatsby-plugin-vercel-builder-2.2.41.tgz. Extracting by manifest.
2179 silly tarball no local data for @vercel/gatsby-plugin-vercel-analytics@https://registry.npmjs.org/@vercel/gatsby-plugin-vercel-analytics/-/gatsby-plugin-vercel-analytics-1.0.12.tgz. Extracting by manifest.
2180 silly tarball no local data for @renovatebot/pep440@https://registry.npmjs.org/@renovatebot/pep440/-/pep440-4.2.1.tgz. Extracting by manifest.
2181 silly tarball no local data for ajv@https://registry.npmjs.org/ajv/-/ajv-8.6.3.tgz. Extracting by manifest.
2182 silly tarball no local data for @vercel/cli-exec@https://registry.npmjs.org/@vercel/cli-exec/-/cli-exec-1.0.1.tgz. Extracting by manifest.
2183 silly tarball no local data for web-vitals@https://registry.npmjs.org/web-vitals/-/web-vitals-0.2.4.tgz. Extracting by manifest.
2184 silly tarball no local data for @bytecodealliance/preview2-shim@https://registry.npmjs.org/@bytecodealliance/preview2-shim/-/preview2-shim-0.17.6.tgz. Extracting by manifest.
2185 silly tarball no local data for minimatch@https://registry.npmjs.org/minimatch/-/minimatch-10.1.1.tgz. Extracting by manifest.
2186 silly tarball no local data for js-yaml@https://registry.npmjs.org/js-yaml/-/js-yaml-4.1.1.tgz. Extracting by manifest.
2187 silly tarball no local data for undici-types@https://registry.npmjs.org/undici-types/-/undici-types-5.26.5.tgz. Extracting by manifest.
2188 silly tarball no local data for path-to-regexp-updated@https://registry.npmjs.org/path-to-regexp/-/path-to-regexp-6.3.0.tgz. Extracting by manifest.
2189 silly tarball no local data for @vercel/error-utils@https://registry.npmjs.org/@vercel/error-utils/-/error-utils-2.2.1.tgz. Extracting by manifest.
2190 silly tarball no local data for @types/node@https://registry.npmjs.org/@types/node/-/node-20.11.0.tgz. Extracting by manifest.
2191 silly tarball no local data for @edge-runtime/vm@https://registry.npmjs.org/@edge-runtime/vm/-/vm-3.2.0.tgz. Extracting by manifest.
2192 silly tarball no local data for edge-runtime@https://registry.npmjs.org/edge-runtime/-/edge-runtime-2.5.9.tgz. Extracting by manifest.
2193 silly tarball no local data for @edge-runtime/node-utils@https://registry.npmjs.org/@edge-runtime/node-utils/-/node-utils-2.3.0.tgz. Extracting by manifest.
2194 silly tarball no local data for @edge-runtime/primitives@https://registry.npmjs.org/@edge-runtime/primitives/-/primitives-4.1.0.tgz. Extracting by manifest.
2195 silly tarball no local data for yauzl-promise@https://registry.npmjs.org/yauzl-promise/-/yauzl-promise-2.1.3.tgz. Extracting by manifest.
2196 silly tarball no local data for tree-kill@https://registry.npmjs.org/tree-kill/-/tree-kill-1.2.2.tgz. Extracting by manifest.
2197 silly tarball no local data for uid-promise@https://registry.npmjs.org/uid-promise/-/uid-promise-1.0.0.tgz. Extracting by manifest.
2198 silly tarball no local data for tinyexec@https://registry.npmjs.org/tinyexec/-/tinyexec-0.3.2.tgz. Extracting by manifest.
2199 silly tarball no local data for tar@https://registry.npmjs.org/tar/-/tar-7.5.7.tgz. Extracting by manifest.
2200 silly tarball no local data for stream-to-promise@https://registry.npmjs.org/stream-to-promise/-/stream-to-promise-2.2.0.tgz. Extracting by manifest.
2201 silly tarball no local data for stat-mode@https://registry.npmjs.org/stat-mode/-/stat-mode-0.3.0.tgz. Extracting by manifest.
2202 silly tarball no local data for semver@https://registry.npmjs.org/semver/-/semver-7.5.4.tgz. Extracting by manifest.
2203 silly tarball no local data for node-fetch@https://registry.npmjs.org/node-fetch/-/node-fetch-2.6.7.tgz. Extracting by manifest.
2204 silly tarball no local data for ms@https://registry.npmjs.org/ms/-/ms-2.1.1.tgz. Extracting by manifest.
2205 silly tarball no local data for promisepipe@https://registry.npmjs.org/promisepipe/-/promisepipe-3.0.0.tgz. Extracting by manifest.
2206 silly tarball no local data for generic-pool@https://registry.npmjs.org/generic-pool/-/generic-pool-3.4.2.tgz. Extracting by manifest.
2207 silly tarball no local data for micro@https://registry.npmjs.org/micro/-/micro-9.3.5-canary.3.tgz. Extracting by manifest.
2208 silly tarball no local data for @vercel/cervel@https://registry.npmjs.org/@vercel/cervel/-/cervel-0.1.46.tgz. Extracting by manifest.
2209 silly tarball no local data for @tootallnate/once@https://registry.npmjs.org/@tootallnate/once/-/once-2.0.0.tgz. Extracting by manifest.
2210 silly tarball no local data for @napi-rs/keyring-win32-x64-msvc@https://registry.npmjs.org/@napi-rs/keyring-win32-x64-msvc/-/keyring-win32-x64-msvc-1.2.0.tgz. Extracting by manifest.
2211 silly tarball no local data for debug@https://registry.npmjs.org/debug/-/debug-4.3.4.tgz. Extracting by manifest.
2212 silly tarball no local data for @napi-rs/keyring@https://registry.npmjs.org/@napi-rs/keyring/-/keyring-1.2.0.tgz. Extracting by manifest.
2213 silly tarball no local data for open@https://registry.npmjs.org/open/-/open-8.4.0.tgz. Extracting by manifest.
2214 silly tarball no local data for xdg-app-paths@https://registry.npmjs.org/xdg-app-paths/-/xdg-app-paths-5.5.1.tgz. Extracting by manifest.
2215 silly tarball no local data for es-module-lexer@https://registry.npmjs.org/es-module-lexer/-/es-module-lexer-1.5.0.tgz. Extracting by manifest.
2216 silly tarball no local data for cjs-module-lexer@https://registry.npmjs.org/cjs-module-lexer/-/cjs-module-lexer-1.2.3.tgz. Extracting by manifest.
2217 silly tarball no local data for throttleit@https://registry.npmjs.org/throttleit/-/throttleit-2.1.0.tgz. Extracting by manifest.
2218 silly tarball no local data for is-node-process@https://registry.npmjs.org/is-node-process/-/is-node-process-1.2.0.tgz. Extracting by manifest.
2219 silly tarball no local data for @vercel/oidc@https://registry.npmjs.org/@vercel/oidc/-/oidc-3.8.4.tgz. Extracting by manifest.
2220 silly tarball no local data for is-buffer@https://registry.npmjs.org/is-buffer/-/is-buffer-2.0.5.tgz. Extracting by manifest.
2221 silly tarball no local data for async-listen@https://registry.npmjs.org/async-listen/-/async-listen-3.0.0.tgz. Extracting by manifest.
2222 silly tarball no local data for tsx@https://registry.npmjs.org/tsx/-/tsx-4.21.0.tgz. Extracting by manifest.
2223 silly tarball no local data for srvx@https://registry.npmjs.org/srvx/-/srvx-0.11.16.tgz. Extracting by manifest.
2224 silly tarball no local data for rolldown@https://registry.npmjs.org/rolldown/-/rolldown-1.0.0-rc.1.tgz. Extracting by manifest.
2225 silly tarball no local data for resolve.exports@https://registry.npmjs.org/resolve.exports/-/resolve.exports-2.0.3.tgz. Extracting by manifest.
2226 silly tarball no local data for path-to-regexp@https://registry.npmjs.org/path-to-regexp/-/path-to-regexp-8.3.0.tgz. Extracting by manifest.
2227 silly tarball no local data for @vercel/nft@https://registry.npmjs.org/@vercel/nft/-/nft-1.10.0.tgz. Extracting by manifest.
2228 silly tarball no local data for @vercel/static-config@https://registry.npmjs.org/@vercel/static-config/-/static-config-3.4.1.tgz. Extracting by manifest.
2229 silly tarball no local data for oxc-transform@https://registry.npmjs.org/oxc-transform/-/oxc-transform-0.111.0.tgz. Extracting by manifest.
2230 silly tarball no local data for ts-morph@https://registry.npmjs.org/ts-morph/-/ts-morph-12.0.0.tgz. Extracting by manifest.
2231 silly tarball no local data for fs-extra@https://registry.npmjs.org/fs-extra/-/fs-extra-11.1.0.tgz. Extracting by manifest.
2232 silly tarball no local data for execa@https://registry.npmjs.org/execa/-/execa-3.2.0.tgz. Extracting by manifest.
2233 silly tarball no local data for undici@https://registry.npmjs.org/undici/-/undici-5.29.0.tgz. Extracting by manifest.
2234 silly tarball no local data for smol-toml@https://registry.npmjs.org/smol-toml/-/smol-toml-1.5.2.tgz. Extracting by manifest.
2235 silly tarball no local data for zod@https://registry.npmjs.org/zod/-/zod-4.1.11.tgz. Extracting by manifest.
2236 silly tarball no local data for uuid@https://registry.npmjs.org/uuid/-/uuid-14.0.1.tgz. Extracting by manifest.
2237 silly tarball no local data for sandbox@https://registry.npmjs.org/sandbox/-/sandbox-3.4.0.tgz. Extracting by manifest.
2238 silly tarball no local data for @vercel/static-build@https://registry.npmjs.org/@vercel/static-build/-/static-build-2.12.7.tgz. Extracting by manifest.
2239 silly tarball no local data for jose@https://registry.npmjs.org/jose/-/jose-5.9.6.tgz. Extracting by manifest.
2240 silly tarball no local data for jsonc-parser@https://registry.npmjs.org/jsonc-parser/-/jsonc-parser-3.3.1.tgz. Extracting by manifest.
2241 silly tarball no local data for @vercel/ruby@https://registry.npmjs.org/@vercel/ruby/-/ruby-2.5.1.tgz. Extracting by manifest.
2242 silly tarball no local data for @vercel/rust@https://registry.npmjs.org/@vercel/rust/-/rust-1.4.2.tgz. Extracting by manifest.
2243 silly tarball no local data for esbuild@https://registry.npmjs.org/esbuild/-/esbuild-0.27.0.tgz. Extracting by manifest.
2244 silly tarball no local data for @vercel/redwood@https://registry.npmjs.org/@vercel/redwood/-/redwood-2.5.2.tgz. Extracting by manifest.
2245 silly tarball no local data for chokidar@https://registry.npmjs.org/chokidar/-/chokidar-4.0.0.tgz. Extracting by manifest.
2246 silly tarball no local data for @vercel/python-analysis@https://registry.npmjs.org/@vercel/python-analysis/-/python-analysis-0.13.2.tgz. Extracting by manifest.
2247 silly tarball no local data for @vercel/python@https://registry.npmjs.org/@vercel/python/-/python-6.57.1.tgz. Extracting by manifest.
2248 silly tarball no local data for @vercel/remix-builder@https://registry.npmjs.org/@vercel/remix-builder/-/remix-builder-5.9.5.tgz. Extracting by manifest.
2249 silly tarball no local data for @vercel/node@https://registry.npmjs.org/@vercel/node/-/node-5.10.1.tgz. Extracting by manifest.
2250 silly tarball no local data for @vercel/nestjs@https://registry.npmjs.org/@vercel/nestjs/-/nestjs-0.2.119.tgz. Extracting by manifest.
2251 silly tarball no local data for @vercel/next@https://registry.npmjs.org/@vercel/next/-/next-4.21.6.tgz. Extracting by manifest.
2252 silly tarball no local data for @vercel/koa@https://registry.npmjs.org/@vercel/koa/-/koa-0.1.98.tgz. Extracting by manifest.
2253 silly tarball no local data for @vercel/hydrogen@https://registry.npmjs.org/@vercel/hydrogen/-/hydrogen-1.4.2.tgz. Extracting by manifest.
2254 silly tarball no local data for @vercel/hono@https://registry.npmjs.org/@vercel/hono/-/hono-0.2.118.tgz. Extracting by manifest.
2255 silly tarball no local data for @vercel/h3@https://registry.npmjs.org/@vercel/h3/-/h3-0.1.124.tgz. Extracting by manifest.
2256 silly tarball no local data for @vercel/fun@https://registry.npmjs.org/@vercel/fun/-/fun-1.3.0.tgz. Extracting by manifest.
2257 silly tarball no local data for @vercel/fastify@https://registry.npmjs.org/@vercel/fastify/-/fastify-0.1.118.tgz. Extracting by manifest.
2258 silly tarball no local data for @vercel/express@https://registry.npmjs.org/@vercel/express/-/express-0.1.129.tgz. Extracting by manifest.
2259 silly tarball no local data for @vercel/prepare-flags-definitions@https://registry.npmjs.org/@vercel/prepare-flags-definitions/-/prepare-flags-definitions-0.3.0.tgz. Extracting by manifest.
2260 silly tarball no local data for @vercel/elysia@https://registry.npmjs.org/@vercel/elysia/-/elysia-0.1.115.tgz. Extracting by manifest.
2261 silly tarball no local data for @vercel/detect-agent@https://registry.npmjs.org/@vercel/detect-agent/-/detect-agent-1.2.5.tgz. Extracting by manifest.
2262 silly tarball no local data for @vercel/container@https://registry.npmjs.org/@vercel/container/-/container-0.2.0.tgz. Extracting by manifest.
2263 silly tarball no local data for @vercel/cli-config@https://registry.npmjs.org/@vercel/cli-config/-/cli-config-0.2.3.tgz. Extracting by manifest.
2264 silly tarball no local data for @vercel/cli-auth@https://registry.npmjs.org/@vercel/cli-auth/-/cli-auth-0.3.4.tgz. Extracting by manifest.
2265 silly tarball no local data for @vercel/build-utils@https://registry.npmjs.org/@vercel/build-utils/-/build-utils-14.1.1.tgz. Extracting by manifest.
2266 silly tarball no local data for @vercel/go@https://registry.npmjs.org/@vercel/go/-/go-3.11.0.tgz. Extracting by manifest.
2267 silly tarball no local data for @vercel/backends@https://registry.npmjs.org/@vercel/backends/-/backends-0.8.38.tgz. Extracting by manifest.
2268 silly tarball no local data for @vercel/blob@https://registry.npmjs.org/@vercel/blob/-/blob-2.8.0.tgz. Extracting by manifest.
2269 silly tarball no local data for vercel@https://registry.npmjs.org/vercel/-/vercel-59.1.3.tgz. Extracting by manifest.
2270 silly tarball no local data for minimatch@https://registry.npmjs.org/minimatch/-/minimatch-3.1.5.tgz. Extracting by manifest.
2271 silly tarball no local data for undici@https://registry.npmjs.org/undici/-/undici-7.29.0.tgz. Extracting by manifest.
2272 silly tarball no local data for xdg-app-paths@https://registry.npmjs.org/xdg-app-paths/-/xdg-app-paths-5.1.0.tgz. Extracting by manifest.
2273 silly tarball no local data for @vercel/oidc@https://registry.npmjs.org/@vercel/oidc/-/oidc-3.2.0.tgz. Extracting by manifest.
2274 silly tarball no local data for jose@https://registry.npmjs.org/jose/-/jose-6.2.3.tgz. Extracting by manifest.
2275 silly tarball no local data for async-listen@https://registry.npmjs.org/async-listen/-/async-listen-3.0.1.tgz. Extracting by manifest.
2276 silly tarball no local data for ms@https://registry.npmjs.org/ms/-/ms-2.1.2.tgz. Extracting by manifest.
2277 silly tarball no local data for once@https://registry.npmjs.org/once/-/once-1.3.3.tgz. Extracting by manifest.
2278 silly tarball no local data for end-of-stream@https://registry.npmjs.org/end-of-stream/-/end-of-stream-1.1.0.tgz. Extracting by manifest.
2279 silly tarball no local data for undici@https://registry.npmjs.org/undici/-/undici-5.28.4.tgz. Extracting by manifest.
2280 silly tarball no local data for path-to-regexp@https://registry.npmjs.org/path-to-regexp/-/path-to-regexp-6.1.0.tgz. Extracting by manifest.
2281 silly tarball no local data for zod@https://registry.npmjs.org/zod/-/zod-3.22.4.tgz. Extracting by manifest.
2282 silly tarball no local data for fs-extra@https://registry.npmjs.org/fs-extra/-/fs-extra-11.1.1.tgz. Extracting by manifest.
2283 silly tarball no local data for zod@https://registry.npmjs.org/zod/-/zod-3.22.4.tgz. Extracting by manifest.
2284 silly tarball no local data for es-module-lexer@https://registry.npmjs.org/es-module-lexer/-/es-module-lexer-1.4.1.tgz. Extracting by manifest.
2285 silly tarball no local data for path-to-regexp@https://registry.npmjs.org/path-to-regexp/-/path-to-regexp-6.1.0.tgz. Extracting by manifest.
2286 silly tarball no local data for xdg-app-paths@https://registry.npmjs.org/xdg-app-paths/-/xdg-app-paths-5.1.0.tgz. Extracting by manifest.
2287 silly tarball no local data for zod@https://registry.npmjs.org/zod/-/zod-3.22.4.tgz. Extracting by manifest.
2288 silly tarball no local data for undici@https://registry.npmjs.org/undici/-/undici-6.28.0.tgz. Extracting by manifest.
2289 silly tarball no local data for node-fetch@https://registry.npmjs.org/node-fetch/-/node-fetch-2.6.9.tgz. Extracting by manifest.
2290 silly tarball no local data for zod@https://registry.npmjs.org/zod/-/zod-3.22.4.tgz. Extracting by manifest.
2291 silly tarball no local data for path-to-regexp@https://registry.npmjs.org/path-to-regexp/-/path-to-regexp-8.2.0.tgz. Extracting by manifest.
2292 silly tarball no local data for async-listen@https://registry.npmjs.org/async-listen/-/async-listen-1.2.0.tgz. Extracting by manifest.
2293 http fetch GET 200 https://registry.npmjs.org/concat-map/-/concat-map-0.0.1.tgz 525ms (cache miss)
2294 http fetch GET 200 https://registry.npmjs.org/events-intercept/-/events-intercept-2.0.0.tgz 529ms (cache miss)
2295 http fetch GET 200 https://registry.npmjs.org/convert-hrtime/-/convert-hrtime-3.0.0.tgz 531ms (cache miss)
2296 http fetch POST 200 https://registry.npmjs.org/-/npm/v1/security/advisories/bulk 776ms
2297 silly audit report {
2297 silly audit report   'smol-toml': [
2297 silly audit report     {
2297 silly audit report       id: 1115393,
2297 silly audit report       url: 'https://github.com/advisories/GHSA-v3rj-xjv7-4jmq',
2297 silly audit report       title: 'smol-toml: Denial of Service via TOML documents containing thousands of consecutive commented lines',
2297 silly audit report       severity: 'moderate',
2297 silly audit report       vulnerable_versions: '<1.6.1',
2297 silly audit report       cwe: [Array],
2297 silly audit report       cvss: [Object]
2297 silly audit report     }
2297 silly audit report   ],
2297 silly audit report   undici: [
2297 silly audit report     {
2297 silly audit report       id: 1101610,
2297 silly audit report       url: 'https://github.com/advisories/GHSA-c76h-2ccp-4975',
2297 silly audit report       title: 'Use of Insufficiently Random Values in undici',
2297 silly audit report       severity: 'moderate',
2297 silly audit report       vulnerable_versions: '>=4.5.0 <5.28.5',
2297 silly audit report       cwe: [Array],
2297 silly audit report       cvss: [Object]
2297 silly audit report     },
2297 silly audit report     {
2297 silly audit report       id: 1112496,
2297 silly audit report       url: 'https://github.com/advisories/GHSA-g9mf-h72j-4rw9',
2297 silly audit report       title: 'Undici has an unbounded decompression chain in HTTP responses on Node.js Fetch API via Content-Encoding leads to resource exhaustion',
2297 silly audit report       severity: 'moderate',
2297 silly audit report       vulnerable_versions: '<6.23.0',
2297 silly audit report       cwe: [Array],
2297 silly audit report       cvss: [Object]
2297 silly audit report     },
2297 silly audit report     {
2297 silly audit report       id: 1113069,
2297 silly audit report       url: 'https://github.com/advisories/GHSA-cxrh-j4jr-qwg3',
2297 silly audit report       title: 'undici Denial of Service attack via bad certificate data',
2297 silly audit report       severity: 'low',
2297 silly audit report       vulnerable_versions: '<5.29.0',
2297 silly audit report       cwe: [Array],
2297 silly audit report       cvss: [Object]
2297 silly audit report     },
2297 silly audit report     {
2297 silly audit report       id: 1114594,
2297 silly audit report       url: 'https://github.com/advisories/GHSA-2mjp-6q6p-2qxm',
2297 silly audit report       title: 'Undici has an HTTP Request/Response Smuggling issue',
2297 silly audit report       severity: 'moderate',
2297 silly audit report       vulnerable_versions: '<6.24.0',
2297 silly audit report       cwe: [Array],
2297 silly audit report       cvss: [Object]
2297 silly audit report     },
2297 silly audit report     {
2297 silly audit report       id: 1114638,
2297 silly audit report       url: 'https://github.com/advisories/GHSA-vrm6-8vpv-qv8q',
2297 silly audit report       title: 'Undici has Unbounded Memory Consumption in WebSocket permessage-deflate Decompression',
2297 silly audit report       severity: 'high',
2297 silly audit report       vulnerable_versions: '<6.24.0',
2297 silly audit report       cwe: [Array],
2297 silly audit report       cvss: [Object]
2297 silly audit report     },
2297 silly audit report     {
2297 silly audit report       id: 1114640,
2297 silly audit report       url: 'https://github.com/advisories/GHSA-v9p9-hfj2-hcw8',
2297 silly audit report       title: 'Undici has Unhandled Exception in WebSocket Client Due to Invalid server_max_window_bits Validation',
2297 silly audit report       severity: 'high',
2297 silly audit report       vulnerable_versions: '<6.24.0',
2297 silly audit report       cwe: [Array],
2297 silly audit report       cvss: [Object]
2297 silly audit report     },
2297 silly audit report     {
2297 silly audit report       id: 1114642,
2297 silly audit report       url: 'https://github.com/advisories/GHSA-4992-7rv2-5pvq',
2297 silly audit report       title: 'Undici has CRLF Injection in undici via `upgrade` option',
2297 silly audit report       severity: 'moderate',
2297 silly audit report       vulnerable_versions: '<6.24.0',
2297 silly audit report       cwe: [Array],
2297 silly audit report       cvss: [Object]
2297 silly audit report     },
2297 silly audit report     {
2297 silly audit report       id: 1130716,
2297 silly audit report       url: 'https://github.com/advisories/GHSA-8xcm-r25x-g524',
2297 silly audit report       title: 'undici vulnerable to downstream response desynchronization via retry interceptor',
2297 silly audit report       severity: 'moderate',
2297 silly audit report       vulnerable_versions: '<6.28.0',
2297 silly audit report       cwe: [Array],
2297 silly audit report       cvss: [Object]
2297 silly audit report     },
2297 silly audit report     {
2297 silly audit report       id: 1130727,
2297 silly audit report       url: 'https://github.com/advisories/GHSA-m8rv-5g2x-5cg5',
2297 silly audit report       title: "undici vulnerable to CRLF Injection via blob-like body 'type' property",
2297 silly audit report       severity: 'moderate',
2297 silly audit report       vulnerable_versions: '<6.28.0',
2297 silly audit report       cwe: [Array],
2297 silly audit report       cvss: [Object]
2297 silly audit report     },
2297 silly audit report     {
2297 silly audit report       id: 1130732,
2297 silly audit report       url: 'https://github.com/advisories/GHSA-v3r7-h72x-cjcm',
2297 silly audit report       title: 'undici vulnerable to cookie attribute injection via unsanitized domain and unparsed setCookie fields',
2297 silly audit report       severity: 'moderate',
2297 silly audit report       vulnerable_versions: '<6.28.0',
2297 silly audit report       cwe: [Array],
2297 silly audit report       cvss: [Object]
2297 silly audit report     },
2297 silly audit report     {
2297 silly audit report       id: 1121242,
2297 silly audit report       url: 'https://github.com/advisories/GHSA-p88m-4jfj-68fv',
2297 silly audit report       title: 'undici vulnerable to HTTP header injection via Set-Cookie percent-decoding',
2297 silly audit report       severity: 'moderate',
2297 silly audit report       vulnerable_versions: '<6.27.0',
2297 silly audit report       cwe: [Array],
2297 silly audit report       cvss: [Object]
2297 silly audit report     },
2297 silly audit report     {
2297 silly audit report       id: 1121245,
2297 silly audit report       url: 'https://github.com/advisories/GHSA-vxpw-j846-p89q',
2297 silly audit report       title: 'undici WebSocket client vulnerable to denial of service via fragment count bypass',
2297 silly audit report       severity: 'high',
2297 silly audit report       vulnerable_versions: '<6.27.0',
2297 silly audit report       cwe: [Array],
2297 silly audit report       cvss: [Object]
2297 silly audit report     },
2297 silly audit report     {
2297 silly audit report       id: 1121255,
2297 silly audit report       url: 'https://github.com/advisories/GHSA-g8m3-5g58-fq7m',
2297 silly audit report       title: 'undici vulnerable to Set-Cookie SameSite attribute downgrade via permissive substring matching',
2297 silly audit report       severity: 'low',
2297 silly audit report       vulnerable_versions: '<6.27.0',
2297 silly audit report       cwe: [Array],
2297 silly audit report       cvss: [Object]
2297 silly audit report     },
2297 silly audit report     {
2297 silly audit report       id: 1137243,
2297 silly audit report       url: 'https://github.com/advisories/GHSA-35p6-xmwp-9g52',
2297 silly audit report       title: 'undici vulnerable to HTTP response queue poisoning via keep-alive socket reuse',
2297 silly audit report       severity: 'low',
2297 silly audit report       vulnerable_versions: '<6.27.0',
2297 silly audit report       cwe: [Array],
2297 silly audit report       cvss: [Object]
2297 silly audit report     }
2297 silly audit report   ],
2297 silly audit report   'path-to-regexp': [
2297 silly audit report     {
2297 silly audit report       id: 1101846,
2297 silly audit report       url: 'https://github.com/advisories/GHSA-9wv6-86v2-598j',
2297 silly audit report       title: 'path-to-regexp outputs backtracking regular expressions',
2297 silly audit report       severity: 'high',
2297 silly audit report       vulnerable_versions: '>=4.0.0 <6.3.0',
2297 silly audit report       cwe: [Array],
2297 silly audit report       cvss: [Object]
2297 silly audit report     },
2297 silly audit report     {
2297 silly audit report       id: 1115573,
2297 silly audit report       url: 'https://github.com/advisories/GHSA-j3q9-mxjg-w52f',
2297 silly audit report       title: 'path-to-regexp vulnerable to Denial of Service via sequential optional groups',
2297 silly audit report       severity: 'high',
2297 silly audit report       vulnerable_versions: '>=8.0.0 <8.4.0',
2297 silly audit report       cwe: [Array],
2297 silly audit report       cvss: [Object]
2297 silly audit report     },
2297 silly audit report     {
2297 silly audit report       id: 1115582,
2297 silly audit report       url: 'https://github.com/advisories/GHSA-27v5-c462-wpq7',
2297 silly audit report       title: 'path-to-regexp vulnerable to Regular Expression Denial of Service via multiple wildcards',
2297 silly audit report       severity: 'moderate',
2297 silly audit report       vulnerable_versions: '>=8.0.0 <8.4.0',
2297 silly audit report       cwe: [Array],
2297 silly audit report       cvss: [Object]
2297 silly audit report     }
2297 silly audit report   ],
2297 silly audit report   '@tootallnate/once': [
2297 silly audit report     {
2297 silly audit report       id: 1119438,
2297 silly audit report       url: 'https://github.com/advisories/GHSA-vpq2-c234-7xj6',
2297 silly audit report       title: '@tootallnate/once vulnerable to Incorrect Control Flow Scoping',
2297 silly audit report       severity: 'low',
2297 silly audit report       vulnerable_versions: '<2.0.1',
2297 silly audit report       cwe: [Array],
2297 silly audit report       cvss: [Object]
2297 silly audit report     }
2297 silly audit report   ],
2297 silly audit report   tar: [
2297 silly audit report     {
2297 silly audit report       id: 1113375,
2297 silly audit report       url: 'https://github.com/advisories/GHSA-83g3-92jg-28cx',
2297 silly audit report       title: 'Arbitrary File Read/Write via Hardlink Target Escape Through Symlink Chain in node-tar Extraction',
2297 silly audit report       severity: 'high',
2297 silly audit report       vulnerable_versions: '<7.5.8',
2297 silly audit report       cwe: [Array],
2297 silly audit report       cvss: [Object]
2297 silly audit report     },
2297 silly audit report     {
2297 silly audit report       id: 1114200,
2297 silly audit report       url: 'https://github.com/advisories/GHSA-qffp-2rhf-9h96',
2297 silly audit report       title: 'tar has Hardlink Path Traversal via Drive-Relative Linkpath',
2297 silly audit report       severity: 'high',
2297 silly audit report       vulnerable_versions: '<=7.5.9',
2297 silly audit report       cwe: [Array],
2297 silly audit report       cvss: [Object]
2297 silly audit report     },
2297 silly audit report     {
2297 silly audit report       id: 1114302,
2297 silly audit report       url: 'https://github.com/advisories/GHSA-9ppj-qmqm-q256',
2297 silly audit report       title: 'node-tar Symlink Path Traversal via Drive-Relative Linkpath',
2297 silly audit report       severity: 'high',
2297 silly audit report       vulnerable_versions: '<=7.5.10',
2297 silly audit report       cwe: [Array],
2297 silly audit report       cvss: [Object]
2297 silly audit report     },
2297 silly audit report     {
2297 silly audit report       id: 1120782,
2297 silly audit report       url: 'https://github.com/advisories/GHSA-vmf3-w455-68vh',
2297 silly audit report       title: 'node-tar applies PAX size override to intermediary GNU long-name/long-link headers, causing tar parser interpretation differential (file smuggling)',
2297 silly audit report       severity: 'moderate',
2297 silly audit report       vulnerable_versions: '<=7.5.15',
2297 silly audit report       cwe: [Array],
2297 silly audit report       cvss: [Object]
2297 silly audit report     },
2297 silly audit report     {
2297 silly audit report       id: 1123939,
2297 silly audit report       url: 'https://github.com/advisories/GHSA-w8wr-v893-vjvp',
2297 silly audit report       title: 'node-tar: Process crash via PAX numeric path type confusion',
2297 silly audit report       severity: 'moderate',
2297 silly audit report       vulnerable_versions: '<=7.5.17',
2297 silly audit report       cwe: [Array],
2297 silly audit report       cvss: [Object]
2297 silly audit report     },
2297 silly audit report     {
2297 silly audit report       id: 1123940,
2297 silly audit report       url: 'https://github.com/advisories/GHSA-23hp-3jrh-7fpw',
2297 silly audit report       title: 'node-tar: Decompression/parse DoS via unlimited input',
2297 silly audit report       severity: 'critical',
2297 silly audit report       vulnerable_versions: '<=7.5.18',
2297 silly audit report       cwe: [Array],
2297 silly audit report       cvss: [Object]
2297 silly audit report     },
2297 silly audit report     {
2297 silly audit report       id: 1123941,
2297 silly audit report       url: 'https://github.com/advisories/GHSA-8x88-c5mf-7j5w',
2297 silly audit report       title: 'node-tar: Negative tar entry size causes infinite loop in archive replace',
2297 silly audit report       severity: 'high',
2297 silly audit report       vulnerable_versions: '<=7.5.17',
2297 silly audit report       cwe: [Array],
2297 silly audit report       cvss: [Object]
2297 silly audit report     },
2297 silly audit report     {
2297 silly audit report       id: 1123942,
2297 silly audit report       url: 'https://github.com/advisories/GHSA-gvwx-54wh-qm9j',
2297 silly audit report       title: 'node-tar: Uncaught Exception DoS via NUL byte in PAX path/linkpath records',
2297 silly audit report       severity: 'moderate',
2297 silly audit report       vulnerable_versions: '<=7.5.16',
2297 silly audit report       cwe: [Array],
2297 silly audit report       cvss: [Object]
2297 silly audit report     },
2297 silly audit report     {
2297 silly audit report       id: 1124287,
2297 silly audit report       url: 'https://github.com/advisories/GHSA-r292-9mhp-454m',
2297 silly audit report       title: 'node-tar: Uncontrolled recursion in mapHas/filesFilter allows uncatchable stack-overflow DoS via crafted long-path tar with member selection',
2297 silly audit report       severity: 'moderate',
2297 silly audit report       vulnerable_versions: '<=7.5.20',
2297 silly audit report       cwe: [Array],
2297 silly audit report       cvss: [Object]
2297 silly audit report     }
2297 silly audit report   ],
2297 silly audit report   'js-yaml': [
2297 silly audit report     {
2297 silly audit report       id: 1121860,
2297 silly audit report       url: 'https://github.com/advisories/GHSA-h67p-54hq-rp68',
2297 silly audit report       title: 'JS-YAML: Quadratic-complexity DoS in merge key handling via repeated aliases',
2297 silly audit report       severity: 'moderate',
2297 silly audit report       vulnerable_versions: '>=4.0.0 <=4.1.1',
2297 silly audit report       cwe: [Array],
2297 silly audit report       cvss: [Object]
2297 silly audit report     },
2297 silly audit report     {
2297 silly audit report       id: 1123911,
2297 silly audit report       url: 'https://github.com/advisories/GHSA-52cp-r559-cp3m',
2297 silly audit report       title: 'js-yaml: YAML merge-key chains can force quadratic CPU consumption',
2297 silly audit report       severity: 'high',
2297 silly audit report       vulnerable_versions: '>=4.0.0 <4.3.0',
2297 silly audit report       cwe: [Array],
2297 silly audit report       cvss: [Object]
2297 silly audit report     },
2297 silly audit report     {
2297 silly audit report       id: 1138115,
2297 silly audit report       url: 'https://github.com/advisories/GHSA-5p4m-2wfm-xmqj',
2297 silly audit report       title: 'JS-YAML: Quadratic CPU consumption in !!omap resolution (3.x and 4.x) — CVE-2026-59870 fix not backported',
2297 silly audit report       severity: 'high',
2297 silly audit report       vulnerable_versions: '>=4.0.0 <4.3.1',
2297 silly audit report       cwe: [Array],
2297 silly audit report       cvss: [Object]
2297 silly audit report     }
2297 silly audit report   ],
2297 silly audit report   minimatch: [
2297 silly audit report     {
2297 silly audit report       id: 1113466,
2297 silly audit report       url: 'https://github.com/advisories/GHSA-3ppc-4f35-3m26',
2297 silly audit report       title: 'minimatch has a ReDoS via repeated wildcards with non-matching literal in pattern',
2297 silly audit report       severity: 'high',
2297 silly audit report       vulnerable_versions: '>=10.0.0 <10.2.1',
2297 silly audit report       cwe: [Array],
2297 silly audit report       cvss: [Object]
2297 silly audit report     },
2297 silly audit report     {
2297 silly audit report       id: 1113545,
2297 silly audit report       url: 'https://github.com/advisories/GHSA-7r86-cg39-jmmj',
2297 silly audit report       title: 'minimatch has ReDoS: matchOne() combinatorial backtracking via multiple non-adjacent GLOBSTAR segments',
2297 silly audit report       severity: 'high',
2297 silly audit report       vulnerable_versions: '>=10.0.0 <10.2.3',
2297 silly audit report       cwe: [Array],
2297 silly audit report       cvss: [Object]
2297 silly audit report     },
2297 silly audit report     {
2297 silly audit report       id: 1113553,
2297 silly audit report       url: 'https://github.com/advisories/GHSA-23c5-xmqv-rm74',
2297 silly audit report       title: 'minimatch ReDoS: nested *() extglobs generate catastrophically backtracking regular expressions',
2297 silly audit report       severity: 'high',
2297 silly audit report       vulnerable_versions: '>=10.0.0 <10.2.3',
2297 silly audit report       cwe: [Array],
2297 silly audit report       cvss: [Object]
2297 silly audit report     }
2297 silly audit report   ],
2297 silly audit report   ajv: [
2297 silly audit report     {
2297 silly audit report       id: 1113715,
2297 silly audit report       url: 'https://github.com/advisories/GHSA-2g4f-4pwh-qvx6',
2297 silly audit report       title: 'ajv has ReDoS when using `$data` option',
2297 silly audit report       severity: 'moderate',
2297 silly audit report       vulnerable_versions: '>=7.0.0-alpha.0 <8.18.0',
2297 silly audit report       cwe: [Array],
2297 silly audit report       cvss: [Object]
2297 silly audit report     }
2297 silly audit report   ]
2297 silly audit report }
2298 silly packumentCache corgi:https://registry.npmjs.org/smol-toml cache-miss
2299 silly packumentCache corgi:https://registry.npmjs.org/undici cache-miss
2300 silly packumentCache corgi:https://registry.npmjs.org/path-to-regexp cache-miss
2301 silly packumentCache corgi:https://registry.npmjs.org/@tootallnate%2fonce cache-miss
2302 silly packumentCache corgi:https://registry.npmjs.org/tar cache-miss
2303 silly packumentCache corgi:https://registry.npmjs.org/js-yaml cache-miss
2304 silly packumentCache corgi:https://registry.npmjs.org/minimatch cache-miss
2305 silly packumentCache corgi:https://registry.npmjs.org/ajv cache-miss
2306 http fetch GET 200 https://registry.npmjs.org/resolve-pkg-maps/-/resolve-pkg-maps-1.0.0.tgz 657ms (cache miss)
2307 http fetch GET 200 https://registry.npmjs.org/mkdirp/-/mkdirp-1.0.4.tgz 661ms (cache miss)
2308 http fetch GET 200 https://registry.npmjs.org/xdg-portable/-/xdg-portable-7.3.0.tgz 666ms (cache miss)
2309 http fetch GET 200 https://registry.npmjs.org/yauzl-clone/-/yauzl-clone-1.0.4.tgz 670ms (cache miss)
2310 http fetch GET 200 https://registry.npmjs.org/brace-expansion/-/brace-expansion-1.1.18.tgz 674ms (cache miss)
2311 http fetch GET 200 https://registry.npmjs.org/os-paths/-/os-paths-4.4.0.tgz 675ms (cache miss)
2312 http fetch GET 200 https://registry.npmjs.org/stream-to-array/-/stream-to-array-2.3.0.tgz 670ms (cache miss)
2313 http fetch GET 200 https://registry.npmjs.org/any-promise/-/any-promise-1.3.0.tgz 670ms (cache miss)
2314 http fetch GET 200 https://registry.npmjs.org/jsonlines/-/jsonlines-0.1.1.tgz 671ms (cache miss)
2315 http fetch GET 200 https://registry.npmjs.org/code-block-writer/-/code-block-writer-10.1.1.tgz 694ms (cache miss)
2316 http fetch GET 200 https://registry.npmjs.org/tar-stream/-/tar-stream-3.1.7.tgz 705ms (cache miss)
2317 http fetch GET 200 https://registry.npmjs.org/path-browserify/-/path-browserify-1.0.1.tgz 775ms (cache miss)
2318 http fetch GET 200 https://registry.npmjs.org/@fastify/busboy/-/busboy-2.1.1.tgz 793ms (cache miss)
2319 http fetch GET 200 https://registry.npmjs.org/get-tsconfig/-/get-tsconfig-4.14.2.tgz 833ms (cache miss)
2320 http fetch GET 200 https://registry.npmjs.org/toidentifier/-/toidentifier-1.0.0.tgz 826ms (cache miss)
2321 http fetch GET 200 https://registry.npmjs.org/http-errors/-/http-errors-1.7.3.tgz 826ms (cache miss)
2322 http fetch GET 200 https://registry.npmjs.org/bytes/-/bytes-3.1.0.tgz 849ms (cache miss)
2323 http fetch GET 200 https://registry.npmjs.org/setprototypeof/-/setprototypeof-1.1.1.tgz 911ms (cache miss)
2324 http fetch GET 200 https://registry.npmjs.org/statuses/-/statuses-1.5.0.tgz 961ms (cache miss)
2325 http fetch GET 200 https://registry.npmjs.org/depd/-/depd-1.1.2.tgz 1030ms (cache miss)
2326 http fetch GET 200 https://registry.npmjs.org/define-lazy-prop/-/define-lazy-prop-2.0.0.tgz 1047ms (cache miss)
2327 http fetch GET 200 https://registry.npmjs.org/is-wsl/-/is-wsl-2.2.0.tgz 1058ms (cache miss)
2328 http fetch GET 200 https://registry.npmjs.org/parse-ms/-/parse-ms-2.1.0.tgz 1074ms (cache miss)
2329 http fetch GET 200 https://registry.npmjs.org/@oxc-project/types/-/types-0.110.0.tgz 1084ms (cache miss)
2330 http fetch GET 200 https://registry.npmjs.org/iconv-lite/-/iconv-lite-0.4.24.tgz 1085ms (cache miss)
2331 http fetch GET 200 https://registry.npmjs.org/@workflow/serde/-/serde-4.1.0-beta.2.tgz 1121ms (cache miss)
2332 http fetch GET 200 https://registry.npmjs.org/@rolldown/pluginutils/-/pluginutils-1.0.0-rc.1.tgz 1118ms (cache miss)
2333 http fetch GET 200 https://registry.npmjs.org/is-docker/-/is-docker-2.2.1.tgz 1122ms (cache miss)
2334 http fetch GET 200 https://registry.npmjs.org/content-type/-/content-type-1.0.4.tgz 1261ms (cache miss)
2335 http fetch GET 200 https://registry.npmjs.org/@types/json-schema/-/json-schema-7.0.15.tgz 1281ms (cache miss)
2336 http fetch GET 200 https://registry.npmjs.org/universalify/-/universalify-2.0.1.tgz 1406ms (cache miss)
2337 http fetch GET 200 https://registry.npmjs.org/arg/-/arg-4.1.0.tgz 1424ms (cache miss)
2338 http fetch GET 200 https://registry.npmjs.org/jsonfile/-/jsonfile-6.2.1.tgz 1467ms (cache miss)
2339 http fetch GET 200 https://registry.npmjs.org/argparse/-/argparse-2.0.1.tgz 1471ms (cache miss)
2340 http fetch GET 200 https://registry.npmjs.org/raw-body/-/raw-body-2.4.1.tgz 1479ms (cache miss)
2341 http fetch GET 200 https://registry.npmjs.org/time-span/-/time-span-4.0.0.tgz 1509ms (cache miss)
2342 http fetch GET 200 https://registry.npmjs.org/human-signals/-/human-signals-1.1.1.tgz 1525ms (cache miss)
2343 http fetch GET 200 https://registry.npmjs.org/@isaacs/brace-expansion/-/brace-expansion-5.0.1.tgz 1548ms (cache miss)
2344 http fetch GET 200 https://registry.npmjs.org/@vercel/sandbox/-/sandbox-2.4.0.tgz 1577ms (cache miss)
2345 http fetch GET 200 https://registry.npmjs.org/signal-exit/-/signal-exit-4.0.2.tgz 1571ms (cache miss)
2346 http fetch GET 200 https://registry.npmjs.org/pretty-ms/-/pretty-ms-7.0.1.tgz 1820ms (cache miss)
2347 http fetch GET 200 https://registry.npmjs.org/picocolors/-/picocolors-1.0.0.tgz 1884ms (cache miss)
2348 http fetch GET 200 https://registry.npmjs.org/@isaacs/balanced-match/-/balanced-match-4.0.1.tgz 1976ms (cache miss)
2349 http fetch GET 200 https://registry.npmjs.org/mri/-/mri-1.2.0.tgz 1965ms (cache miss)
2350 http fetch GET 200 https://registry.npmjs.org/p-finally/-/p-finally-2.0.1.tgz 1971ms (cache miss)
2351 http fetch GET 200 https://registry.npmjs.org/uri-js/-/uri-js-4.4.1.tgz 2461ms (cache miss)
2352 http fetch GET 200 https://registry.npmjs.org/@edge-runtime/ponyfill/-/ponyfill-2.4.2.tgz 2636ms (cache miss)
2353 http fetch GET 200 https://registry.npmjs.org/@edge-runtime/format/-/format-2.2.1.tgz 2726ms (cache miss)
2354 http fetch GET 200 https://registry.npmjs.org/json-schema-to-ts/-/json-schema-to-ts-1.6.4.tgz 2746ms (cache miss)
2355 http fetch GET 200 https://registry.npmjs.org/@vercel/gatsby-plugin-vercel-analytics/-/gatsby-plugin-vercel-analytics-1.0.12.tgz 3161ms (cache miss)
2356 http fetch GET 200 https://registry.npmjs.org/@sinclair/typebox/-/typebox-0.25.24.tgz 3209ms (cache miss)
2357 http fetch GET 200 https://registry.npmjs.org/web-vitals/-/web-vitals-0.2.4.tgz 3285ms (cache miss)
2358 http fetch GET 200 https://registry.npmjs.org/@vercel/gatsby-plugin-vercel-builder/-/gatsby-plugin-vercel-builder-2.2.41.tgz 3373ms (cache miss)
2359 http fetch GET 200 https://registry.npmjs.org/ts-toolbelt/-/ts-toolbelt-6.15.5.tgz 3522ms (cache miss)
2360 http fetch GET 200 https://registry.npmjs.org/undici-types/-/undici-types-5.26.5.tgz 3786ms (cache miss)
2361 http fetch GET 200 https://registry.npmjs.org/path-to-regexp/-/path-to-regexp-6.3.0.tgz 3917ms (cache miss)
2362 http fetch GET 200 https://registry.npmjs.org/ajv/-/ajv-8.6.3.tgz 3948ms (cache miss)
2363 http fetch GET 200 https://registry.npmjs.org/@renovatebot/pep440/-/pep440-4.2.1.tgz 4135ms (cache miss)
2364 http fetch GET 200 https://registry.npmjs.org/@vercel/error-utils/-/error-utils-2.2.1.tgz 4156ms (cache miss)
2365 http fetch GET 200 https://registry.npmjs.org/tree-kill/-/tree-kill-1.2.2.tgz 5268ms (cache miss)
2366 http fetch GET 200 https://registry.npmjs.org/edge-runtime/-/edge-runtime-2.5.9.tgz 5536ms (cache miss)
2367 http fetch GET 200 https://registry.npmjs.org/@bytecodealliance/preview2-shim/-/preview2-shim-0.17.6.tgz 6230ms (cache miss)
2368 http fetch GET 200 https://registry.npmjs.org/yauzl-promise/-/yauzl-promise-2.1.3.tgz 6235ms (cache miss)
2369 http fetch GET 200 https://registry.npmjs.org/uid-promise/-/uid-promise-1.0.0.tgz 6234ms (cache miss)
2370 http fetch GET 200 https://registry.npmjs.org/js-yaml/-/js-yaml-4.1.1.tgz 6601ms (cache miss)
2371 http fetch GET 200 https://registry.npmjs.org/@vercel/cli-exec/-/cli-exec-1.0.1.tgz 6640ms (cache miss)
2372 http fetch GET 200 https://registry.npmjs.org/tinyexec/-/tinyexec-0.3.2.tgz 6795ms (cache miss)
2373 http fetch GET 200 https://registry.npmjs.org/stream-to-promise/-/stream-to-promise-2.2.0.tgz 7351ms (cache miss)
2374 http fetch GET 200 https://registry.npmjs.org/stat-mode/-/stat-mode-0.3.0.tgz 7351ms (cache miss)
2375 warn deprecated stream-to-promise@2.2.0: Deprecated. Use node:stream/promises and node:stream/consumers instead.
2376 http fetch GET 200 https://registry.npmjs.org/@ts-morph/common/-/common-0.11.1.tgz 7486ms (cache miss)
2377 http fetch GET 200 https://registry.npmjs.org/minimatch/-/minimatch-10.1.1.tgz 7466ms (cache miss)
2378 http fetch GET 200 https://registry.npmjs.org/@edge-runtime/primitives/-/primitives-4.1.0.tgz 7473ms (cache miss)
2379 http fetch GET 200 https://registry.npmjs.org/ms/-/ms-2.1.1.tgz 8220ms (cache miss)
2380 http fetch GET 200 https://registry.npmjs.org/@edge-runtime/vm/-/vm-3.2.0.tgz 8445ms (cache miss)
2381 http fetch GET 200 https://registry.npmjs.org/promisepipe/-/promisepipe-3.0.0.tgz 8654ms (cache miss)
2382 http fetch GET 200 https://registry.npmjs.org/micro/-/micro-9.3.5-canary.3.tgz 8744ms (cache miss)
2383 http fetch GET 200 https://registry.npmjs.org/generic-pool/-/generic-pool-3.4.2.tgz 8763ms (cache miss)
2384 http fetch GET 200 https://registry.npmjs.org/@vercel/cervel/-/cervel-0.1.46.tgz 8788ms (cache miss)
2385 http fetch GET 200 https://registry.npmjs.org/@tootallnate/once/-/once-2.0.0.tgz 8789ms (cache miss)
2386 http fetch GET 200 https://registry.npmjs.org/es-module-lexer/-/es-module-lexer-1.5.0.tgz 9908ms (cache miss)
2387 http fetch GET 200 https://registry.npmjs.org/cjs-module-lexer/-/cjs-module-lexer-1.2.3.tgz 9908ms (cache miss)
2388 http fetch GET 200 https://registry.npmjs.org/debug/-/debug-4.3.4.tgz 9954ms (cache miss)
2389 http fetch GET 200 https://registry.npmjs.org/xdg-app-paths/-/xdg-app-paths-5.5.1.tgz 10059ms (cache miss)
2390 http fetch GET 200 https://registry.npmjs.org/@napi-rs/keyring-win32-x64-msvc/-/keyring-win32-x64-msvc-1.2.0.tgz 10163ms (cache miss)
2391 http fetch GET 200 https://registry.npmjs.org/open/-/open-8.4.0.tgz 10222ms (cache miss)
2392 http fetch GET 200 https://registry.npmjs.org/@napi-rs/keyring/-/keyring-1.2.0.tgz 10588ms (cache miss)
2393 http fetch GET 200 https://registry.npmjs.org/throttleit/-/throttleit-2.1.0.tgz 10663ms (cache miss)
2394 http fetch GET 200 https://registry.npmjs.org/is-node-process/-/is-node-process-1.2.0.tgz 10666ms (cache miss)
2395 http fetch GET 200 https://registry.npmjs.org/is-buffer/-/is-buffer-2.0.5.tgz 10714ms (cache miss)
2396 http fetch GET 200 https://registry.npmjs.org/async-listen/-/async-listen-3.0.0.tgz 10723ms (cache miss)
2397 http fetch GET 200 https://registry.npmjs.org/node-fetch/-/node-fetch-2.6.7.tgz 10777ms (cache miss)
2398 http fetch GET 200 https://registry.npmjs.org/resolve.exports/-/resolve.exports-2.0.3.tgz 10823ms (cache miss)
2399 http fetch GET 200 https://registry.npmjs.org/srvx/-/srvx-0.11.16.tgz 10876ms (cache miss)
2400 http fetch GET 200 https://registry.npmjs.org/@vercel/oidc/-/oidc-3.8.4.tgz 10946ms (cache miss)
2401 http fetch GET 200 https://registry.npmjs.org/path-to-regexp/-/path-to-regexp-8.3.0.tgz 10955ms (cache miss)
2402 http fetch GET 200 https://registry.npmjs.org/oxc-transform/-/oxc-transform-0.111.0.tgz 10995ms (cache miss)
2403 http fetch GET 200 https://registry.npmjs.org/rolldown/-/rolldown-1.0.0-rc.1.tgz 11042ms (cache miss)
2404 http fetch GET 200 https://registry.npmjs.org/@oxc-transform/binding-win32-x64-msvc/-/binding-win32-x64-msvc-0.111.0.tgz 11183ms (cache miss)
2405 http fetch GET 200 https://registry.npmjs.org/semver/-/semver-7.5.4.tgz 11167ms (cache miss)
2406 http fetch GET 200 https://registry.npmjs.org/ts-morph/-/ts-morph-12.0.0.tgz 11265ms (cache miss)
2407 http fetch GET 200 https://registry.npmjs.org/execa/-/execa-3.2.0.tgz 11275ms (cache miss)
2408 http fetch GET 200 https://registry.npmjs.org/smol-toml/-/smol-toml-1.5.2.tgz 11310ms (cache miss)
2409 http fetch GET 200 https://registry.npmjs.org/fs-extra/-/fs-extra-11.1.0.tgz 11337ms (cache miss)
2410 http fetch GET 200 https://registry.npmjs.org/undici/-/undici-5.29.0.tgz 11641ms (cache miss)
2411 http fetch GET 200 https://registry.npmjs.org/@vercel/nft/-/nft-1.10.0.tgz 11687ms (cache miss)
2412 http fetch GET 200 https://registry.npmjs.org/@vercel/rust/-/rust-1.4.2.tgz 12876ms (cache miss)
2413 http fetch GET 200 https://registry.npmjs.org/@vercel/ruby/-/ruby-2.5.1.tgz 12886ms (cache miss)
2414 http fetch GET 200 https://registry.npmjs.org/esbuild/-/esbuild-0.27.0.tgz 13407ms (cache miss)
2415 http fetch GET 200 https://registry.npmjs.org/uuid/-/uuid-14.0.1.tgz 15270ms (cache miss)
2416 http fetch GET 200 https://registry.npmjs.org/@vercel/redwood/-/redwood-2.5.2.tgz 15327ms (cache miss)
2417 http fetch GET 200 https://registry.npmjs.org/chokidar/-/chokidar-4.0.0.tgz 15329ms (cache miss)
2418 http fetch GET 200 https://registry.npmjs.org/sandbox/-/sandbox-3.4.0.tgz 15358ms (cache miss)
2419 http fetch GET 200 https://registry.npmjs.org/@vercel/static-config/-/static-config-3.4.1.tgz 16129ms (cache miss)
2420 http fetch GET 200 https://registry.npmjs.org/tar/-/tar-7.5.7.tgz 16197ms (cache miss)
2421 warn deprecated tar@7.5.7: Old versions of tar are not supported, and contain widely publicized security vulnerabilities, which have been fixed in the current version. Please update. Support for old versions may be purchased (at exorbitant rates) by contacting i@izs.me
2422 http fetch GET 200 https://registry.npmjs.org/@vercel/python/-/python-6.57.1.tgz 16806ms (cache miss)
2423 http fetch GET 200 https://registry.npmjs.org/@vercel/koa/-/koa-0.1.98.tgz 18228ms (cache miss)
2424 http fetch GET 200 https://registry.npmjs.org/@vercel/nestjs/-/nestjs-0.2.119.tgz 18360ms (cache miss)
2425 http fetch GET 200 https://registry.npmjs.org/jsonc-parser/-/jsonc-parser-3.3.1.tgz 18385ms (cache miss)
2426 http fetch GET 200 https://registry.npmjs.org/tsx/-/tsx-4.21.0.tgz 18401ms (cache miss)
2427 http fetch GET 200 https://registry.npmjs.org/jose/-/jose-5.9.6.tgz 18621ms (cache miss)
2428 http fetch GET 200 https://registry.npmjs.org/@vercel/hono/-/hono-0.2.118.tgz 19947ms (cache miss)
2429 http fetch GET 200 https://registry.npmjs.org/@vercel/h3/-/h3-0.1.124.tgz 20502ms (cache miss)
2430 http fetch GET 200 https://registry.npmjs.org/@vercel/node/-/node-5.10.1.tgz 20523ms (cache miss)
2431 http fetch GET 200 https://registry.npmjs.org/@vercel/fastify/-/fastify-0.1.118.tgz 20563ms (cache miss)
2432 http fetch GET 200 https://registry.npmjs.org/@vercel/fun/-/fun-1.3.0.tgz 20766ms (cache miss)
2433 http fetch GET 200 https://registry.npmjs.org/@vercel/hydrogen/-/hydrogen-1.4.2.tgz 20789ms (cache miss)
2434 http fetch GET 200 https://registry.npmjs.org/@vercel/remix-builder/-/remix-builder-5.9.5.tgz 20856ms (cache miss)
2435 http fetch GET 200 https://registry.npmjs.org/@vercel/express/-/express-0.1.129.tgz 20862ms (cache miss)
2436 http fetch GET 200 https://registry.npmjs.org/zod/-/zod-4.1.11.tgz 20892ms (cache miss)
2437 http fetch GET 200 https://registry.npmjs.org/@vercel/detect-agent/-/detect-agent-1.2.5.tgz 20974ms (cache miss)
2438 http fetch GET 200 https://registry.npmjs.org/@vercel/elysia/-/elysia-0.1.115.tgz 21037ms (cache miss)
2439 http fetch GET 200 https://registry.npmjs.org/@vercel/cli-auth/-/cli-auth-0.3.4.tgz 21543ms (cache miss)
2440 http fetch GET 200 https://registry.npmjs.org/@esbuild/win32-x64/-/win32-x64-0.27.0.tgz 21619ms (cache miss)
2441 http fetch GET 200 https://registry.npmjs.org/@vercel/cli-config/-/cli-config-0.2.3.tgz 21620ms (cache miss)
2442 http fetch GET 200 https://registry.npmjs.org/@vercel/static-build/-/static-build-2.12.7.tgz 21635ms (cache miss)
2443 http fetch GET 200 https://registry.npmjs.org/@vercel/prepare-flags-definitions/-/prepare-flags-definitions-0.3.0.tgz 21638ms (cache miss)
2444 http fetch GET 200 https://registry.npmjs.org/minimatch/-/minimatch-3.1.5.tgz 21673ms (cache miss)
2445 http fetch GET 200 https://registry.npmjs.org/xdg-app-paths/-/xdg-app-paths-5.1.0.tgz 21708ms (cache miss)
2446 http fetch GET 200 https://registry.npmjs.org/async-listen/-/async-listen-3.0.1.tgz 22165ms (cache miss)
2447 http fetch GET 200 https://registry.npmjs.org/@vercel/container/-/container-0.2.0.tgz 22412ms (cache miss)
2448 http fetch GET 200 https://registry.npmjs.org/jose/-/jose-6.2.3.tgz 22604ms (cache miss)
2449 http fetch GET 200 https://registry.npmjs.org/ms/-/ms-2.1.2.tgz 22714ms (cache miss)
2450 http fetch GET 200 https://registry.npmjs.org/@vercel/oidc/-/oidc-3.2.0.tgz 22773ms (cache miss)
2451 http fetch GET 200 https://registry.npmjs.org/once/-/once-1.3.3.tgz 22900ms (cache miss)
2452 http fetch GET 200 https://registry.npmjs.org/end-of-stream/-/end-of-stream-1.1.0.tgz 22970ms (cache miss)
2453 http fetch GET 200 https://registry.npmjs.org/path-to-regexp/-/path-to-regexp-6.1.0.tgz 23229ms (cache miss)
2454 http fetch GET 200 https://registry.npmjs.org/@vercel/backends/-/backends-0.8.38.tgz 23849ms (cache miss)
2455 http fetch GET 200 https://registry.npmjs.org/fs-extra/-/fs-extra-11.1.1.tgz 24229ms (cache miss)
2456 http fetch GET 200 https://registry.npmjs.org/zod/-/zod-3.22.4.tgz 24474ms (cache miss)
2457 http fetch GET 200 https://registry.npmjs.org/xdg-app-paths/-/xdg-app-paths-5.1.0.tgz 24844ms (cache miss)
2458 http fetch GET 200 https://registry.npmjs.org/@vercel/build-utils/-/build-utils-14.1.1.tgz 24919ms (cache miss)
2459 http fetch GET 200 https://registry.npmjs.org/@vercel/blob/-/blob-2.8.0.tgz 24934ms (cache miss)
2460 http fetch GET 200 https://registry.npmjs.org/path-to-regexp/-/path-to-regexp-6.1.0.tgz 24982ms (cache miss)
2461 http fetch GET 200 https://registry.npmjs.org/es-module-lexer/-/es-module-lexer-1.4.1.tgz 25171ms (cache miss)
2462 http fetch GET 200 https://registry.npmjs.org/node-fetch/-/node-fetch-2.6.9.tgz 25732ms (cache miss)
2463 http fetch GET 200 https://registry.npmjs.org/path-to-regexp/-/path-to-regexp-8.2.0.tgz 26040ms (cache miss)
2464 http fetch GET 200 https://registry.npmjs.org/zod/-/zod-3.22.4.tgz 26113ms (cache miss)
2465 http fetch GET 200 https://registry.npmjs.org/async-listen/-/async-listen-1.2.0.tgz 26102ms (cache miss)
2466 http fetch GET 200 https://registry.npmjs.org/zod/-/zod-3.22.4.tgz 26175ms (cache miss)
2467 http fetch GET 200 https://registry.npmjs.org/@tootallnate%2fonce 25831ms (cache miss)
2468 silly packumentCache corgi:https://registry.npmjs.org/@tootallnate%2fonce set size:undefined disposed:false
2469 http fetch GET 200 https://registry.npmjs.org/smol-toml 26038ms (cache miss)
2470 silly packumentCache corgi:https://registry.npmjs.org/smol-toml set size:undefined disposed:false
2471 http fetch GET 200 https://registry.npmjs.org/js-yaml 26528ms (cache miss)
2472 silly packumentCache corgi:https://registry.npmjs.org/js-yaml set size:undefined disposed:false
2473 http fetch GET 200 https://registry.npmjs.org/tar 26962ms (cache miss)
2474 silly packumentCache corgi:https://registry.npmjs.org/tar set size:undefined disposed:false
2475 http fetch GET 200 https://registry.npmjs.org/undici 27152ms (cache miss)
2476 silly packumentCache corgi:https://registry.npmjs.org/undici set size:undefined disposed:false
2477 http fetch GET 200 https://registry.npmjs.org/vercel/-/vercel-59.1.3.tgz 27674ms (cache miss)
2478 http fetch GET 200 https://registry.npmjs.org/path-to-regexp 27223ms (cache miss)
2479 silly packumentCache corgi:https://registry.npmjs.org/path-to-regexp set size:undefined disposed:false
2480 http fetch GET 200 https://registry.npmjs.org/minimatch 27513ms (cache miss)
2481 silly packumentCache corgi:https://registry.npmjs.org/minimatch set size:undefined disposed:false
2482 http fetch GET 200 https://registry.npmjs.org/zod/-/zod-3.22.4.tgz 27983ms (cache miss)
2483 http fetch GET 200 https://registry.npmjs.org/ajv 28456ms (cache miss)
2484 silly packumentCache corgi:https://registry.npmjs.org/ajv set size:undefined disposed:false
2485 silly packumentCache corgi:https://registry.npmjs.org/vercel cache-miss
2486 silly packumentCache corgi:https://registry.npmjs.org/@vercel%2fpython-analysis cache-miss
2487 silly packumentCache corgi:https://registry.npmjs.org/@vercel%2frust cache-miss
2488 http cache https://registry.npmjs.org/vercel 19ms (cache hit)
2489 silly packumentCache corgi:https://registry.npmjs.org/vercel set size:4580874 disposed:false
2490 http fetch GET 200 https://registry.npmjs.org/@vercel%2fpython-analysis 395ms (cache miss)
2491 silly packumentCache corgi:https://registry.npmjs.org/@vercel%2fpython-analysis set size:undefined disposed:false
2492 http fetch GET 200 https://registry.npmjs.org/undici/-/undici-7.29.0.tgz 29362ms (cache miss)
2493 http fetch GET 200 https://registry.npmjs.org/@vercel%2frust 562ms (cache miss)
2494 silly packumentCache corgi:https://registry.npmjs.org/@vercel%2frust set size:undefined disposed:false
2495 silly packumentCache corgi:https://registry.npmjs.org/@vercel%2fnode cache-miss
2496 http fetch GET 200 https://registry.npmjs.org/@edge-runtime/node-utils/-/node-utils-2.3.0.tgz 30365ms (cache miss)
2497 http fetch GET 200 https://registry.npmjs.org/undici/-/undici-6.28.0.tgz 30950ms (cache miss)
2498 http fetch GET 200 https://registry.npmjs.org/@vercel/next/-/next-4.21.6.tgz 31416ms (cache miss)
2499 http fetch GET 200 https://registry.npmjs.org/@vercel/python-analysis/-/python-analysis-0.13.2.tgz 32773ms (cache miss)
2500 http fetch GET 200 https://registry.npmjs.org/undici/-/undici-5.28.4.tgz 33167ms (cache miss)
2501 http fetch GET 200 https://registry.npmjs.org/@types/node/-/node-20.11.0.tgz 34449ms (cache miss)
2502 http fetch GET 200 https://registry.npmjs.org/@rolldown/binding-win32-x64-msvc/-/binding-win32-x64-msvc-1.0.0-rc.1.tgz 34567ms (cache miss)
2503 http fetch GET 200 https://registry.npmjs.org/@vercel%2fnode 5810ms (cache miss)
2504 silly packumentCache corgi:https://registry.npmjs.org/@vercel%2fnode set size:undefined disposed:false
2505 silly packumentCache corgi:https://registry.npmjs.org/@vercel%2fremix-builder cache-miss
2506 http fetch GET 200 https://registry.npmjs.org/@vercel%2fremix-builder 1402ms (cache miss)
2507 silly packumentCache corgi:https://registry.npmjs.org/@vercel%2fremix-builder set size:undefined disposed:false
2508 silly packumentCache corgi:https://registry.npmjs.org/@vercel%2fbackends cache-miss
2509 silly packumentCache corgi:https://registry.npmjs.org/@vercel%2fexpress cache-miss
2510 silly packumentCache corgi:https://registry.npmjs.org/@vercel%2fhono cache-miss
2511 silly packumentCache corgi:https://registry.npmjs.org/@vercel%2ffun cache-miss
2512 http fetch GET 200 https://registry.npmjs.org/@vercel%2ffun 742ms (cache miss)
2513 silly packumentCache corgi:https://registry.npmjs.org/@vercel%2ffun set size:undefined disposed:false
2514 http fetch GET 200 https://registry.npmjs.org/@vercel%2fbackends 846ms (cache miss)
2515 silly packumentCache corgi:https://registry.npmjs.org/@vercel%2fbackends set size:undefined disposed:false
2516 http fetch GET 200 https://registry.npmjs.org/@vercel%2fhono 971ms (cache miss)
2517 silly packumentCache corgi:https://registry.npmjs.org/@vercel%2fhono set size:undefined disposed:false
2518 http fetch GET 200 https://registry.npmjs.org/@vercel%2fexpress 1403ms (cache miss)
2519 silly packumentCache corgi:https://registry.npmjs.org/@vercel%2fexpress set size:undefined disposed:false
2520 silly packumentCache corgi:https://registry.npmjs.org/@mapbox%2fnode-pre-gyp cache-miss
2521 http fetch GET 200 https://registry.npmjs.org/@mapbox%2fnode-pre-gyp 140ms (cache miss)
2522 silly packumentCache corgi:https://registry.npmjs.org/@mapbox%2fnode-pre-gyp set size:undefined disposed:false
2523 silly packumentCache corgi:https://registry.npmjs.org/@vercel%2fstatic-config cache-miss
2524 http fetch GET 200 https://registry.npmjs.org/@vercel%2fstatic-config 712ms (cache miss)
2525 silly packumentCache corgi:https://registry.npmjs.org/@vercel%2fstatic-config set size:undefined disposed:false
2526 silly packumentCache corgi:https://registry.npmjs.org/@vercel%2fbuild-utils cache-miss
2527 silly packumentCache corgi:https://registry.npmjs.org/@vercel%2fpython cache-miss
2528 http fetch GET 200 https://registry.npmjs.org/@vercel%2fpython 1747ms (cache miss)
2529 silly packumentCache corgi:https://registry.npmjs.org/@vercel%2fpython set size:undefined disposed:false
2530 http fetch GET 200 https://registry.npmjs.org/@vercel/go/-/go-3.11.0.tgz 41594ms (cache miss)
2531 info run esbuild@0.27.0 postinstall node_modules/esbuild node install.js
2532 info run esbuild@0.27.0 postinstall { code: 0, signal: null }
2533 http fetch GET 200 https://registry.npmjs.org/@vercel%2fbuild-utils 4073ms (cache miss)
2534 silly packumentCache corgi:https://registry.npmjs.org/@vercel%2fbuild-utils set size:undefined disposed:false
2535 silly packumentCache corgi:https://registry.npmjs.org/@vercel%2felysia cache-miss
2536 silly packumentCache corgi:https://registry.npmjs.org/@vercel%2ffastify cache-miss
2537 silly packumentCache corgi:https://registry.npmjs.org/@vercel%2fh3 cache-miss
2538 silly packumentCache corgi:https://registry.npmjs.org/@vercel%2fkoa cache-miss
2539 silly packumentCache corgi:https://registry.npmjs.org/@vercel%2fnestjs cache-miss
2540 http fetch GET 200 https://registry.npmjs.org/@vercel%2fnestjs 1073ms (cache miss)
2541 silly packumentCache corgi:https://registry.npmjs.org/@vercel%2fnestjs set size:undefined disposed:false
2542 http fetch GET 200 https://registry.npmjs.org/@vercel%2fh3 1455ms (cache miss)
2543 silly packumentCache corgi:https://registry.npmjs.org/@vercel%2fh3 set size:undefined disposed:false
2544 http fetch GET 200 https://registry.npmjs.org/@vercel%2felysia 1576ms (cache miss)
2545 silly packumentCache corgi:https://registry.npmjs.org/@vercel%2felysia set size:undefined disposed:false
2546 http fetch GET 200 https://registry.npmjs.org/@vercel%2fkoa 1634ms (cache miss)
2547 silly packumentCache corgi:https://registry.npmjs.org/@vercel%2fkoa set size:undefined disposed:false
2548 http fetch GET 200 https://registry.npmjs.org/@vercel%2ffastify 1644ms (cache miss)
2549 silly packumentCache corgi:https://registry.npmjs.org/@vercel%2ffastify set size:undefined disposed:false
2550 silly packumentCache corgi:https://registry.npmjs.org/@vercel%2fcervel cache-miss
2551 http fetch GET 200 https://registry.npmjs.org/@vercel%2fcervel 977ms (cache miss)
2552 silly packumentCache corgi:https://registry.npmjs.org/@vercel%2fcervel set size:undefined disposed:false
2553 silly packumentCache corgi:https://registry.npmjs.org/@vercel%2fhydrogen cache-miss
2554 silly packumentCache corgi:https://registry.npmjs.org/@vercel%2fredwood cache-miss
2555 silly packumentCache corgi:https://registry.npmjs.org/@vercel%2fstatic-build cache-miss
2556 http fetch GET 200 https://registry.npmjs.org/@vercel%2fhydrogen 1061ms (cache miss)
2557 silly packumentCache corgi:https://registry.npmjs.org/@vercel%2fhydrogen set size:undefined disposed:false
2558 http fetch GET 200 https://registry.npmjs.org/@vercel%2fredwood 1111ms (cache miss)
2559 silly packumentCache corgi:https://registry.npmjs.org/@vercel%2fredwood set size:undefined disposed:false
2560 http fetch GET 200 https://registry.npmjs.org/@vercel%2fstatic-build 1509ms (cache miss)
2561 silly packumentCache corgi:https://registry.npmjs.org/@vercel%2fstatic-build set size:undefined disposed:false
2562 silly packumentCache corgi:https://registry.npmjs.org/@vercel%2fgatsby-plugin-vercel-builder cache-miss
2563 http fetch GET 200 https://registry.npmjs.org/@vercel%2fgatsby-plugin-vercel-builder 1473ms (cache miss)
2564 silly packumentCache corgi:https://registry.npmjs.org/@vercel%2fgatsby-plugin-vercel-builder set size:undefined disposed:false
2565 verbose cwd D:\A production\Apti_Test_App-main
2566 verbose os Windows_NT 10.0.26200
2567 verbose node v24.18.1
2568 verbose npm  v11.16.0
2569 verbose exit 0
2570 info ok
