0 verbose cli C:\Program Files\nodejs\node.exe C:\Program Files\nodejs\node_modules\npm\bin\npm-cli.js
1 info using npm@11.16.0
2 info using node@v24.18.1
3 silly config load:file:C:\Program Files\nodejs\node_modules\npm\npmrc
4 silly config load:file:D:\A production\Apti_Test_App-main\.npmrc
5 silly config load:file:C:\Users\VIVEK\.npmrc
6 silly config load:file:C:\Users\VIVEK\AppData\Roaming\npm\etc\npmrc
7 verbose title npm install netlify-cli@latest
8 verbose argv "install" "--no-save" "netlify-cli@latest" "--cache" ".npm-cache"
9 verbose logfile logs-max:10 dir:D:\A production\Apti_Test_App-main\.npm-cache\_logs\2026-08-15T13_58_19_616Z-
10 verbose logfile D:\A production\Apti_Test_App-main\.npm-cache\_logs\2026-08-15T13_58_19_616Z-debug-0.log
11 silly logfile start cleaning logs, removing 1 files
12 silly logfile done cleaning log files
13 silly packumentCache heap:4496293888 maxSize:1124073472 maxEntrySize:562036736
14 silly packumentCache corgi:https://registry.npmjs.org/netlify-cli cache-miss
15 http cache https://registry.npmjs.org/netlify-cli 55ms (cache hit)
16 silly packumentCache corgi:https://registry.npmjs.org/netlify-cli set size:5663683 disposed:false
17 silly idealTree buildDeps
18 silly fetch manifest netlify-cli@27.1.1
19 silly packumentCache full:https://registry.npmjs.org/netlify-cli cache-miss
20 http cache https://registry.npmjs.org/netlify-cli 32ms (cache hit)
21 silly packumentCache full:https://registry.npmjs.org/netlify-cli set size:12004623 disposed:false
22 silly placeDep ROOT netlify-cli@27.1.1 OK for: apptitude-web-app@1.0.0 want: 27.1.1
23 silly fetch manifest @fastify/static@^10.0.0
24 silly packumentCache full:https://registry.npmjs.org/@fastify%2fstatic cache-miss
25 silly fetch manifest @netlify/ai@^0.4.3
26 silly packumentCache full:https://registry.npmjs.org/@netlify%2fai cache-miss
27 silly fetch manifest @netlify/api@^15.1.1
28 silly packumentCache full:https://registry.npmjs.org/@netlify%2fapi cache-miss
29 silly fetch manifest @netlify/blobs@^10.7.10
30 silly packumentCache full:https://registry.npmjs.org/@netlify%2fblobs cache-miss
31 silly fetch manifest @netlify/build@^36.3.2
32 silly packumentCache full:https://registry.npmjs.org/@netlify%2fbuild cache-miss
33 silly fetch manifest @netlify/build-info@^11.3.0
34 silly packumentCache full:https://registry.npmjs.org/@netlify%2fbuild-info cache-miss
35 silly fetch manifest @netlify/config@^25.2.1
36 silly packumentCache full:https://registry.npmjs.org/@netlify%2fconfig cache-miss
37 silly fetch manifest @netlify/dev@^4.18.10
38 silly packumentCache full:https://registry.npmjs.org/@netlify%2fdev cache-miss
39 silly fetch manifest @netlify/dev-utils@^4.4.7
40 silly packumentCache full:https://registry.npmjs.org/@netlify%2fdev-utils cache-miss
41 silly fetch manifest @netlify/edge-bundler@^16.0.1
42 silly packumentCache full:https://registry.npmjs.org/@netlify%2fedge-bundler cache-miss
43 silly fetch manifest @netlify/edge-functions@^3.0.8
44 silly packumentCache full:https://registry.npmjs.org/@netlify%2fedge-functions cache-miss
45 silly fetch manifest @netlify/edge-functions-bootstrap@^2.17.1
46 silly packumentCache full:https://registry.npmjs.org/@netlify%2fedge-functions-bootstrap cache-miss
47 silly fetch manifest @netlify/headers-parser@^10.1.0
48 silly packumentCache full:https://registry.npmjs.org/@netlify%2fheaders-parser cache-miss
49 silly fetch manifest @netlify/images@^1.3.11
50 silly packumentCache full:https://registry.npmjs.org/@netlify%2fimages cache-miss
51 silly fetch manifest @netlify/local-functions-proxy@^2.0.3
52 silly packumentCache full:https://registry.npmjs.org/@netlify%2flocal-functions-proxy cache-miss
53 http cache https://registry.npmjs.org/@netlify%2fai 39ms (cache hit)
54 silly packumentCache full:https://registry.npmjs.org/@netlify%2fai set size:53128 disposed:false
55 silly fetch manifest @netlify/redirect-parser@^16.1.0
56 silly packumentCache full:https://registry.npmjs.org/@netlify%2fredirect-parser cache-miss
57 http cache https://registry.npmjs.org/@fastify%2fstatic 44ms (cache hit)
58 silly packumentCache full:https://registry.npmjs.org/@fastify%2fstatic set size:214813 disposed:false
59 silly fetch manifest @netlify/zip-it-and-ship-it@^15.3.2
60 silly packumentCache full:https://registry.npmjs.org/@netlify%2fzip-it-and-ship-it cache-miss
61 http cache https://registry.npmjs.org/@netlify%2fdev 36ms (cache hit)
62 silly packumentCache full:https://registry.npmjs.org/@netlify%2fdev set size:362308 disposed:false
63 silly fetch manifest @octokit/rest@^22.0.0
64 silly packumentCache full:https://registry.npmjs.org/@octokit%2frest cache-miss
65 http cache https://registry.npmjs.org/@netlify%2fedge-bundler 43ms (cache hit)
66 silly packumentCache full:https://registry.npmjs.org/@netlify%2fedge-bundler set size:1022116 disposed:false
67 silly fetch manifest @pnpm/tabtab@^0.5.4
68 silly packumentCache full:https://registry.npmjs.org/@pnpm%2ftabtab cache-miss
69 http cache https://registry.npmjs.org/@netlify%2fapi 64ms (cache hit)
70 silly packumentCache full:https://registry.npmjs.org/@netlify%2fapi set size:89436 disposed:false
71 silly fetch manifest ansi-escapes@^7.3.0
72 silly packumentCache full:https://registry.npmjs.org/ansi-escapes cache-miss
73 http cache https://registry.npmjs.org/@netlify%2fblobs 67ms (cache hit)
74 silly packumentCache full:https://registry.npmjs.org/@netlify%2fblobs set size:431528 disposed:false
75 silly fetch manifest ansi-to-html@^0.7.2
76 silly packumentCache full:https://registry.npmjs.org/ansi-to-html cache-miss
77 http cache https://registry.npmjs.org/@netlify%2fedge-functions 62ms (cache hit)
78 silly packumentCache full:https://registry.npmjs.org/@netlify%2fedge-functions set size:191939 disposed:false
79 silly fetch manifest ascii-table@^0.0.9
80 silly packumentCache full:https://registry.npmjs.org/ascii-table cache-miss
81 http cache https://registry.npmjs.org/@netlify%2fdev-utils 66ms (cache hit)
82 silly packumentCache full:https://registry.npmjs.org/@netlify%2fdev-utils set size:105464 disposed:false
83 silly fetch manifest backoff@^2.5.0
84 silly packumentCache full:https://registry.npmjs.org/backoff cache-miss
85 http cache https://registry.npmjs.org/@netlify%2fbuild-info 73ms (cache hit)
86 silly packumentCache full:https://registry.npmjs.org/@netlify%2fbuild-info set size:712496 disposed:false
87 silly fetch manifest boxen@^8.0.1
88 silly packumentCache full:https://registry.npmjs.org/boxen cache-miss
89 http cache https://registry.npmjs.org/@netlify%2fbuild 95ms (cache hit)
90 silly packumentCache full:https://registry.npmjs.org/@netlify%2fbuild set size:6986377 disposed:false
91 silly fetch manifest chalk@^5.6.2
92 silly packumentCache full:https://registry.npmjs.org/chalk cache-miss
93 http cache https://registry.npmjs.org/@netlify%2fconfig 143ms (cache hit)
94 silly packumentCache full:https://registry.npmjs.org/@netlify%2fconfig set size:1915385 disposed:false
95 silly fetch manifest chokidar@^4.0.3
96 silly packumentCache full:https://registry.npmjs.org/chokidar cache-miss
97 http cache https://registry.npmjs.org/@netlify%2fedge-functions-bootstrap 156ms (cache hit)
98 silly packumentCache full:https://registry.npmjs.org/@netlify%2fedge-functions-bootstrap set size:27045 disposed:false
99 silly fetch manifest ci-info@^4.4.0
100 silly packumentCache full:https://registry.npmjs.org/ci-info cache-miss
101 http cache https://registry.npmjs.org/@netlify%2fheaders-parser 158ms (cache hit)
102 silly packumentCache full:https://registry.npmjs.org/@netlify%2fheaders-parser set size:28882 disposed:false
103 silly fetch manifest clean-deep@^3.4.0
104 silly packumentCache full:https://registry.npmjs.org/clean-deep cache-miss
105 http cache https://registry.npmjs.org/@netlify%2fimages 160ms (cache hit)
106 silly packumentCache full:https://registry.npmjs.org/@netlify%2fimages set size:73394 disposed:false
107 silly fetch manifest commander@^12.1.0
108 silly packumentCache full:https://registry.npmjs.org/commander cache-miss
109 http cache https://registry.npmjs.org/@netlify%2flocal-functions-proxy 160ms (cache hit)
110 silly packumentCache full:https://registry.npmjs.org/@netlify%2flocal-functions-proxy set size:31123 disposed:false
111 silly fetch manifest comment-json@^4.6.2
112 silly packumentCache full:https://registry.npmjs.org/comment-json cache-miss
113 http cache https://registry.npmjs.org/@netlify%2fredirect-parser 170ms (cache hit)
114 silly packumentCache full:https://registry.npmjs.org/@netlify%2fredirect-parser set size:29268 disposed:false
115 silly fetch manifest content-type@^1.0.5
116 silly packumentCache full:https://registry.npmjs.org/content-type cache-miss
117 http cache https://registry.npmjs.org/@pnpm%2ftabtab 151ms (cache hit)
118 silly packumentCache full:https://registry.npmjs.org/@pnpm%2ftabtab set size:89340 disposed:false
119 silly fetch manifest cookie@^1.1.1
120 silly packumentCache full:https://registry.npmjs.org/cookie cache-miss
121 http cache https://registry.npmjs.org/ansi-to-html 143ms (cache hit)
122 silly packumentCache full:https://registry.npmjs.org/ansi-to-html set size:74792 disposed:false
123 silly fetch manifest cron-parser@^4.9.0
124 silly packumentCache full:https://registry.npmjs.org/cron-parser cache-miss
125 http cache https://registry.npmjs.org/ansi-escapes 153ms (cache hit)
126 silly packumentCache full:https://registry.npmjs.org/ansi-escapes set size:70915 disposed:false
127 silly fetch manifest decache@^4.6.2
128 silly packumentCache full:https://registry.npmjs.org/decache cache-miss
129 http cache https://registry.npmjs.org/@octokit%2frest 174ms (cache hit)
130 silly packumentCache full:https://registry.npmjs.org/@octokit%2frest set size:1347451 disposed:false
131 silly fetch manifest dot-prop@^10.1.0
132 silly packumentCache full:https://registry.npmjs.org/dot-prop cache-miss
133 http cache https://registry.npmjs.org/@netlify%2fzip-it-and-ship-it 193ms (cache hit)
134 silly packumentCache full:https://registry.npmjs.org/@netlify%2fzip-it-and-ship-it set size:2039174 disposed:false
135 silly fetch manifest dotenv@^17.3.1
136 silly packumentCache full:https://registry.npmjs.org/dotenv cache-miss
137 http cache https://registry.npmjs.org/ascii-table 174ms (cache hit)
138 silly packumentCache full:https://registry.npmjs.org/ascii-table set size:26732 disposed:false
139 silly fetch manifest env-paths@^4.0.0
140 silly packumentCache full:https://registry.npmjs.org/env-paths cache-miss
141 http cache https://registry.npmjs.org/boxen 161ms (cache hit)
142 silly packumentCache full:https://registry.npmjs.org/boxen set size:96237 disposed:false
143 silly fetch manifest envinfo@^7.21.0
144 silly packumentCache full:https://registry.npmjs.org/envinfo cache-miss
145 http cache https://registry.npmjs.org/backoff 173ms (cache hit)
146 silly packumentCache full:https://registry.npmjs.org/backoff set size:34886 disposed:false
147 silly fetch manifest etag@^1.8.1
148 silly packumentCache full:https://registry.npmjs.org/etag cache-miss
149 http cache https://registry.npmjs.org/chalk 106ms (cache hit)
150 silly packumentCache full:https://registry.npmjs.org/chalk set size:134775 disposed:false
151 silly fetch manifest execa@^5.1.1
152 silly packumentCache full:https://registry.npmjs.org/execa cache-miss
153 http cache https://registry.npmjs.org/chokidar 91ms (cache hit)
154 silly packumentCache full:https://registry.npmjs.org/chokidar set size:255902 disposed:false
155 silly fetch manifest express@^5.2.1
156 silly packumentCache full:https://registry.npmjs.org/express cache-miss
157 http cache https://registry.npmjs.org/ci-info 92ms (cache hit)
158 silly packumentCache full:https://registry.npmjs.org/ci-info set size:91363 disposed:false
159 silly fetch manifest express-logging@^1.1.1
160 silly packumentCache full:https://registry.npmjs.org/express-logging cache-miss
161 http cache https://registry.npmjs.org/clean-deep 93ms (cache hit)
162 silly packumentCache full:https://registry.npmjs.org/clean-deep set size:45862 disposed:false
163 silly fetch manifest fastest-levenshtein@^1.0.16
164 silly packumentCache full:https://registry.npmjs.org/fastest-levenshtein cache-miss
165 http cache https://registry.npmjs.org/commander 95ms (cache hit)
166 silly packumentCache full:https://registry.npmjs.org/commander set size:353115 disposed:false
167 silly fetch manifest fastify@^5.8.5
168 silly packumentCache full:https://registry.npmjs.org/fastify cache-miss
169 http cache https://registry.npmjs.org/comment-json 101ms (cache hit)
170 silly packumentCache full:https://registry.npmjs.org/comment-json set size:185550 disposed:false
171 silly fetch manifest find-up@^8.0.0
172 silly packumentCache full:https://registry.npmjs.org/find-up cache-miss
173 http cache https://registry.npmjs.org/content-type 84ms (cache hit)
174 silly packumentCache full:https://registry.npmjs.org/content-type set size:21479 disposed:false
175 silly fetch manifest folder-walker@^3.2.0
176 silly packumentCache full:https://registry.npmjs.org/folder-walker cache-miss
177 http cache https://registry.npmjs.org/cookie 84ms (cache hit)
178 silly packumentCache full:https://registry.npmjs.org/cookie set size:78274 disposed:false
179 silly fetch manifest fuzzy@^0.1.3
180 silly packumentCache full:https://registry.npmjs.org/fuzzy cache-miss
181 http cache https://registry.npmjs.org/cron-parser 86ms (cache hit)
182 silly packumentCache full:https://registry.npmjs.org/cron-parser set size:368796 disposed:false
183 silly fetch manifest get-port@^5.1.1
184 silly packumentCache full:https://registry.npmjs.org/get-port cache-miss
185 http cache https://registry.npmjs.org/decache 89ms (cache hit)
186 silly packumentCache full:https://registry.npmjs.org/decache set size:53143 disposed:false
187 silly fetch manifest git-repo-info@^2.1.1
188 silly packumentCache full:https://registry.npmjs.org/git-repo-info cache-miss
189 http cache https://registry.npmjs.org/env-paths 59ms (cache hit)
190 silly packumentCache full:https://registry.npmjs.org/env-paths set size:26913 disposed:false
191 silly fetch manifest gitconfiglocal@^2.1.0
192 silly packumentCache full:https://registry.npmjs.org/gitconfiglocal cache-miss
193 http cache https://registry.npmjs.org/dotenv 64ms (cache hit)
194 silly packumentCache full:https://registry.npmjs.org/dotenv set size:277802 disposed:false
195 silly fetch manifest http-proxy@^1.18.1
196 silly packumentCache full:https://registry.npmjs.org/http-proxy cache-miss
197 http cache https://registry.npmjs.org/etag 63ms (cache hit)
198 silly packumentCache full:https://registry.npmjs.org/etag set size:30032 disposed:false
199 silly fetch manifest http-proxy-middleware@^3.0.5
200 silly packumentCache full:https://registry.npmjs.org/http-proxy-middleware cache-miss
201 http cache https://registry.npmjs.org/dot-prop 86ms (cache hit)
202 silly packumentCache full:https://registry.npmjs.org/dot-prop set size:77505 disposed:false
203 silly fetch manifest https-proxy-agent@^8.0.0
204 silly packumentCache full:https://registry.npmjs.org/https-proxy-agent cache-miss
205 http cache https://registry.npmjs.org/envinfo 69ms (cache hit)
206 silly packumentCache full:https://registry.npmjs.org/envinfo set size:285035 disposed:false
207 silly fetch manifest inquirer@^8.2.7
208 silly packumentCache full:https://registry.npmjs.org/inquirer cache-miss
209 http cache https://registry.npmjs.org/execa 69ms (cache hit)
210 silly packumentCache full:https://registry.npmjs.org/execa set size:188760 disposed:false
211 silly fetch manifest inquirer-autocomplete-prompt@^1.4.0
212 silly packumentCache full:https://registry.npmjs.org/inquirer-autocomplete-prompt cache-miss
213 http cache https://registry.npmjs.org/express-logging 65ms (cache hit)
214 silly packumentCache full:https://registry.npmjs.org/express-logging set size:12936 disposed:false
215 silly fetch manifest is-docker@^4.0.0
216 silly packumentCache full:https://registry.npmjs.org/is-docker cache-miss
217 http cache https://registry.npmjs.org/fastest-levenshtein 65ms (cache hit)
218 silly packumentCache full:https://registry.npmjs.org/fastest-levenshtein set size:59475 disposed:false
219 silly fetch manifest is-stream@^4.0.1
220 silly packumentCache full:https://registry.npmjs.org/is-stream cache-miss
221 http cache https://registry.npmjs.org/express 73ms (cache hit)
222 silly packumentCache full:https://registry.npmjs.org/express set size:804956 disposed:false
223 silly fetch manifest is-wsl@^3.1.0
224 silly packumentCache full:https://registry.npmjs.org/is-wsl cache-miss
225 http cache https://registry.npmjs.org/fastify 75ms (cache hit)
226 silly packumentCache full:https://registry.npmjs.org/fastify set size:1782831 disposed:false
227 silly fetch manifest isexe@^4.0.0
228 silly packumentCache full:https://registry.npmjs.org/isexe cache-miss
229 http cache https://registry.npmjs.org/find-up 87ms (cache hit)
230 silly packumentCache full:https://registry.npmjs.org/find-up set size:42620 disposed:false
231 silly fetch manifest jwt-decode@^4.0.0
232 silly packumentCache full:https://registry.npmjs.org/jwt-decode cache-miss
233 http cache https://registry.npmjs.org/folder-walker 93ms (cache hit)
234 silly packumentCache full:https://registry.npmjs.org/folder-walker set size:32612 disposed:false
235 silly fetch manifest lambda-local@^2.2.0
236 silly packumentCache full:https://registry.npmjs.org/lambda-local cache-miss
237 http cache https://registry.npmjs.org/git-repo-info 83ms (cache hit)
238 silly packumentCache full:https://registry.npmjs.org/git-repo-info set size:30412 disposed:false
239 silly fetch manifest locate-path@^8.0.0
240 silly packumentCache full:https://registry.npmjs.org/locate-path cache-miss
241 http cache https://registry.npmjs.org/fuzzy 95ms (cache hit)
242 silly packumentCache full:https://registry.npmjs.org/fuzzy set size:12033 disposed:false
243 silly fetch manifest log-update@^7.2.0
244 silly packumentCache full:https://registry.npmjs.org/log-update cache-miss
245 http cache https://registry.npmjs.org/gitconfiglocal 86ms (cache hit)
246 silly packumentCache full:https://registry.npmjs.org/gitconfiglocal set size:13965 disposed:false
247 silly fetch manifest maxstache@^1.0.7
248 silly packumentCache full:https://registry.npmjs.org/maxstache cache-miss
249 http cache https://registry.npmjs.org/get-port 90ms (cache hit)
250 silly packumentCache full:https://registry.npmjs.org/get-port set size:47891 disposed:false
251 silly fetch manifest maxstache-stream@^1.0.4
252 silly packumentCache full:https://registry.npmjs.org/maxstache-stream cache-miss
253 http cache https://registry.npmjs.org/http-proxy 83ms (cache hit)
254 silly packumentCache full:https://registry.npmjs.org/http-proxy set size:183156 disposed:false
255 silly fetch manifest modern-tar@^0.8.0
256 silly packumentCache full:https://registry.npmjs.org/modern-tar cache-miss
257 http cache https://registry.npmjs.org/https-proxy-agent 83ms (cache hit)
258 silly packumentCache full:https://registry.npmjs.org/https-proxy-agent set size:83792 disposed:false
259 silly fetch manifest multiparty@^4.2.3
260 silly packumentCache full:https://registry.npmjs.org/multiparty cache-miss
261 http cache https://registry.npmjs.org/inquirer-autocomplete-prompt 77ms (cache hit)
262 silly packumentCache full:https://registry.npmjs.org/inquirer-autocomplete-prompt set size:76798 disposed:false
263 silly fetch manifest nanospinner@^1.2.2
264 silly packumentCache full:https://registry.npmjs.org/nanospinner cache-miss
265 http cache https://registry.npmjs.org/http-proxy-middleware 89ms (cache hit)
266 silly packumentCache full:https://registry.npmjs.org/http-proxy-middleware set size:378336 disposed:false
267 silly fetch manifest netlify-redirector@^0.5.0
268 silly packumentCache full:https://registry.npmjs.org/netlify-redirector cache-miss
269 http cache https://registry.npmjs.org/is-docker 84ms (cache hit)
270 silly packumentCache full:https://registry.npmjs.org/is-docker set size:23690 disposed:false
271 silly fetch manifest node-fetch@^3.3.2
272 silly packumentCache full:https://registry.npmjs.org/node-fetch cache-miss
273 http cache https://registry.npmjs.org/is-stream 83ms (cache hit)
274 silly packumentCache full:https://registry.npmjs.org/is-stream set size:18582 disposed:false
275 silly fetch manifest normalize-package-data@^7.0.1
276 silly packumentCache full:https://registry.npmjs.org/normalize-package-data cache-miss
277 http cache https://registry.npmjs.org/inquirer 93ms (cache hit)
278 silly packumentCache full:https://registry.npmjs.org/inquirer set size:624939 disposed:false
279 silly fetch manifest open@^11.0.0
280 silly packumentCache full:https://registry.npmjs.org/open cache-miss
281 http cache https://registry.npmjs.org/is-wsl 82ms (cache hit)
282 silly packumentCache full:https://registry.npmjs.org/is-wsl set size:20683 disposed:false
283 silly fetch manifest p-filter@^4.1.0
284 silly packumentCache full:https://registry.npmjs.org/p-filter cache-miss
285 http cache https://registry.npmjs.org/isexe 64ms (cache hit)
286 silly packumentCache full:https://registry.npmjs.org/isexe set size:31756 disposed:false
287 silly fetch manifest p-map@^7.0.3
288 silly packumentCache full:https://registry.npmjs.org/p-map cache-miss
289 http cache https://registry.npmjs.org/jwt-decode 62ms (cache hit)
290 silly packumentCache full:https://registry.npmjs.org/jwt-decode set size:132538 disposed:false
291 silly fetch manifest p-wait-for@^6.0.0
292 silly packumentCache full:https://registry.npmjs.org/p-wait-for cache-miss
293 http cache https://registry.npmjs.org/locate-path 52ms (cache hit)
294 silly packumentCache full:https://registry.npmjs.org/locate-path set size:31329 disposed:false
295 silly fetch manifest parallel-transform@^1.2.0
296 silly packumentCache full:https://registry.npmjs.org/parallel-transform cache-miss
297 http cache https://registry.npmjs.org/lambda-local 56ms (cache hit)
298 silly packumentCache full:https://registry.npmjs.org/lambda-local set size:91973 disposed:false
299 silly fetch manifest parse-duration@^2.1.6
300 silly packumentCache full:https://registry.npmjs.org/parse-duration cache-miss
301 http cache https://registry.npmjs.org/log-update 53ms (cache hit)
302 silly packumentCache full:https://registry.npmjs.org/log-update set size:60732 disposed:false
303 silly fetch manifest parse-github-url@^1.0.3
304 silly packumentCache full:https://registry.npmjs.org/parse-github-url cache-miss
305 http cache https://registry.npmjs.org/maxstache 55ms (cache hit)
306 silly packumentCache full:https://registry.npmjs.org/maxstache set size:16196 disposed:false
307 silly fetch manifest pg@^8.20.0
308 silly packumentCache full:https://registry.npmjs.org/pg cache-miss
309 http cache https://registry.npmjs.org/maxstache-stream 56ms (cache hit)
310 silly packumentCache full:https://registry.npmjs.org/maxstache-stream set size:9324 disposed:false
311 silly fetch manifest prettyjson@^1.2.5
312 silly packumentCache full:https://registry.npmjs.org/prettyjson cache-miss
313 http cache https://registry.npmjs.org/modern-tar 54ms (cache hit)
314 silly packumentCache full:https://registry.npmjs.org/modern-tar set size:95141 disposed:false
315 silly fetch manifest raw-body@^3.0.1
316 silly packumentCache full:https://registry.npmjs.org/raw-body cache-miss
317 http cache https://registry.npmjs.org/multiparty 54ms (cache hit)
318 silly packumentCache full:https://registry.npmjs.org/multiparty set size:77067 disposed:false
319 silly fetch manifest read-package-up@^12.0.0
320 silly packumentCache full:https://registry.npmjs.org/read-package-up cache-miss
321 http cache https://registry.npmjs.org/netlify-redirector 48ms (cache hit)
322 silly packumentCache full:https://registry.npmjs.org/netlify-redirector set size:28685 disposed:false
323 silly fetch manifest readdirp@^5.0.0
324 silly packumentCache full:https://registry.npmjs.org/readdirp cache-miss
325 http cache https://registry.npmjs.org/nanospinner 55ms (cache hit)
326 silly packumentCache full:https://registry.npmjs.org/nanospinner set size:56858 disposed:false
327 silly fetch manifest source-map-support@^0.5.21
328 silly packumentCache full:https://registry.npmjs.org/source-map-support cache-miss
329 http cache https://registry.npmjs.org/node-fetch 51ms (cache hit)
330 silly packumentCache full:https://registry.npmjs.org/node-fetch set size:896010 disposed:false
331 silly fetch manifest terminal-link@^5.0.0
332 silly packumentCache full:https://registry.npmjs.org/terminal-link cache-miss
333 http cache https://registry.npmjs.org/normalize-package-data 57ms (cache hit)
334 silly packumentCache full:https://registry.npmjs.org/normalize-package-data set size:131247 disposed:false
335 silly fetch manifest toml@^3.0.0
336 silly packumentCache full:https://registry.npmjs.org/toml cache-miss
337 http cache https://registry.npmjs.org/open 50ms (cache hit)
338 silly packumentCache full:https://registry.npmjs.org/open set size:138621 disposed:false
339 silly fetch manifest tomlify-j0.4@^3.0.0
340 silly packumentCache full:https://registry.npmjs.org/tomlify-j0.4 cache-miss
341 http cache https://registry.npmjs.org/p-filter 50ms (cache hit)
342 silly packumentCache full:https://registry.npmjs.org/p-filter set size:17447 disposed:false
343 silly fetch manifest ulid@^3.0.1
344 silly packumentCache full:https://registry.npmjs.org/ulid cache-miss
345 http cache https://registry.npmjs.org/p-map 49ms (cache hit)
346 silly packumentCache full:https://registry.npmjs.org/p-map set size:56706 disposed:false
347 silly fetch manifest update-notifier@^7.3.1
348 silly packumentCache full:https://registry.npmjs.org/update-notifier cache-miss
349 http cache https://registry.npmjs.org/p-wait-for 50ms (cache hit)
350 silly packumentCache full:https://registry.npmjs.org/p-wait-for set size:34379 disposed:false
351 silly fetch manifest write-file-atomic@^5.0.1
352 silly packumentCache full:https://registry.npmjs.org/write-file-atomic cache-miss
353 http cache https://registry.npmjs.org/parallel-transform 59ms (cache hit)
354 silly packumentCache full:https://registry.npmjs.org/parallel-transform set size:17719 disposed:false
355 silly fetch manifest ws@^8.19.0
356 silly packumentCache full:https://registry.npmjs.org/ws cache-miss
357 http cache https://registry.npmjs.org/parse-duration 57ms (cache hit)
358 silly packumentCache full:https://registry.npmjs.org/parse-duration set size:75525 disposed:false
359 silly fetch manifest yauzl@^3.3.1
360 silly packumentCache full:https://registry.npmjs.org/yauzl cache-miss
361 http cache https://registry.npmjs.org/parse-github-url 57ms (cache hit)
362 silly packumentCache full:https://registry.npmjs.org/parse-github-url set size:46646 disposed:false
363 http cache https://registry.npmjs.org/read-package-up 50ms (cache hit)
364 silly packumentCache full:https://registry.npmjs.org/read-package-up set size:6671 disposed:false
365 http cache https://registry.npmjs.org/pg 57ms (cache hit)
366 silly packumentCache full:https://registry.npmjs.org/pg set size:482398 disposed:false
367 http cache https://registry.npmjs.org/raw-body 57ms (cache hit)
368 silly packumentCache full:https://registry.npmjs.org/raw-body set size:120042 disposed:false
369 http cache https://registry.npmjs.org/prettyjson 63ms (cache hit)
370 silly packumentCache full:https://registry.npmjs.org/prettyjson set size:68270 disposed:false
371 http cache https://registry.npmjs.org/readdirp 58ms (cache hit)
372 silly packumentCache full:https://registry.npmjs.org/readdirp set size:110119 disposed:false
373 http cache https://registry.npmjs.org/source-map-support 57ms (cache hit)
374 silly packumentCache full:https://registry.npmjs.org/source-map-support set size:125488 disposed:false
375 http cache https://registry.npmjs.org/terminal-link 51ms (cache hit)
376 silly packumentCache full:https://registry.npmjs.org/terminal-link set size:26728 disposed:false
377 http cache https://registry.npmjs.org/toml 49ms (cache hit)
378 silly packumentCache full:https://registry.npmjs.org/toml set size:67303 disposed:false
379 http cache https://registry.npmjs.org/ulid 46ms (cache hit)
380 silly packumentCache full:https://registry.npmjs.org/ulid set size:40033 disposed:false
381 http cache https://registry.npmjs.org/tomlify-j0.4 49ms (cache hit)
382 silly packumentCache full:https://registry.npmjs.org/tomlify-j0.4 set size:26685 disposed:false
383 http cache https://registry.npmjs.org/update-notifier 46ms (cache hit)
384 silly packumentCache full:https://registry.npmjs.org/update-notifier set size:133068 disposed:false
385 http cache https://registry.npmjs.org/write-file-atomic 46ms (cache hit)
386 silly packumentCache full:https://registry.npmjs.org/write-file-atomic set size:82722 disposed:false
387 http cache https://registry.npmjs.org/ws 27ms (cache hit)
388 silly packumentCache full:https://registry.npmjs.org/ws set size:447661 disposed:false
389 http cache https://registry.npmjs.org/yauzl 29ms (cache hit)
390 silly packumentCache full:https://registry.npmjs.org/yauzl set size:114252 disposed:false
391 silly fetch manifest @netlify/opentelemetry-sdk-setup@^2.0.0 || ^3.0.0
392 silly packumentCache full:https://registry.npmjs.org/@netlify%2fopentelemetry-sdk-setup cache-miss
393 http cache https://registry.npmjs.org/@netlify%2fopentelemetry-sdk-setup 3ms (cache hit)
394 silly packumentCache full:https://registry.npmjs.org/@netlify%2fopentelemetry-sdk-setup set size:65934 disposed:false
395 silly fetch manifest @opentelemetry/api@^1.8.0
396 silly packumentCache full:https://registry.npmjs.org/@opentelemetry%2fapi cache-miss
397 http cache https://registry.npmjs.org/@opentelemetry%2fapi 4ms (cache hit)
398 silly packumentCache full:https://registry.npmjs.org/@opentelemetry%2fapi set size:272967 disposed:false
399 silly fetch manifest @opentelemetry/api@~1.8.0
400 silly packumentCache full:https://registry.npmjs.org/@opentelemetry%2fapi cache-hit
401 silly fetch manifest pg-native@>=3.0.1
402 silly packumentCache full:https://registry.npmjs.org/pg-native cache-miss
403 http cache https://registry.npmjs.org/pg-native 3ms (cache hit)
404 silly packumentCache full:https://registry.npmjs.org/pg-native set size:94559 disposed:false
405 silly fetch manifest bufferutil@^4.0.1
406 silly packumentCache full:https://registry.npmjs.org/bufferutil cache-miss
407 http cache https://registry.npmjs.org/bufferutil 3ms (cache hit)
408 silly packumentCache full:https://registry.npmjs.org/bufferutil set size:52668 disposed:false
409 silly fetch manifest utf-8-validate@>=5.0.2
410 silly packumentCache full:https://registry.npmjs.org/utf-8-validate cache-miss
411 http cache https://registry.npmjs.org/utf-8-validate 9ms (cache hit)
412 silly packumentCache full:https://registry.npmjs.org/utf-8-validate set size:77012 disposed:false
413 silly placeDep ROOT @fastify/static@10.1.3 OK for: netlify-cli@27.1.1 want: ^10.0.0
414 silly placeDep ROOT @netlify/ai@0.4.4 OK for: netlify-cli@27.1.1 want: ^0.4.3
415 silly placeDep ROOT @netlify/api@15.1.1 OK for: netlify-cli@27.1.1 want: ^15.1.1
416 silly placeDep ROOT @netlify/blobs@10.7.13 OK for: netlify-cli@27.1.1 want: ^10.7.10
417 silly placeDep ROOT @netlify/build@36.3.5 OK for: netlify-cli@27.1.1 want: ^36.3.2
418 silly placeDep ROOT @opentelemetry/api@1.8.0 REPLACE for: @netlify/build@36.3.5 want: ~1.8.0
419 silly placeDep ROOT @netlify/build-info@11.3.0 OK for: netlify-cli@27.1.1 want: ^11.3.0
420 silly placeDep ROOT @netlify/config@25.2.2 OK for: netlify-cli@27.1.1 want: ^25.2.1
421 silly placeDep ROOT @netlify/dev@4.18.13 OK for: netlify-cli@27.1.1 want: ^4.18.10
422 silly placeDep ROOT @netlify/dev-utils@4.4.7 OK for: netlify-cli@27.1.1 want: ^4.4.7
423 silly placeDep ROOT @netlify/edge-bundler@16.0.3 OK for: netlify-cli@27.1.1 want: ^16.0.1
424 silly placeDep ROOT @netlify/edge-functions@3.0.8 OK for: netlify-cli@27.1.1 want: ^3.0.8
425 silly placeDep ROOT @netlify/edge-functions-bootstrap@2.17.1 OK for: netlify-cli@27.1.1 want: ^2.17.1
426 silly placeDep ROOT @netlify/headers-parser@10.1.1 OK for: netlify-cli@27.1.1 want: ^10.1.0
427 silly placeDep ROOT @netlify/images@1.3.12 OK for: netlify-cli@27.1.1 want: ^1.3.11
428 silly placeDep ROOT @netlify/local-functions-proxy@2.0.3 OK for: netlify-cli@27.1.1 want: ^2.0.3
429 silly placeDep ROOT @netlify/redirect-parser@16.1.0 OK for: netlify-cli@27.1.1 want: ^16.1.0
430 silly placeDep ROOT @netlify/zip-it-and-ship-it@15.3.4 OK for: netlify-cli@27.1.1 want: ^15.3.2
431 silly placeDep ROOT @octokit/rest@22.0.1 OK for: netlify-cli@27.1.1 want: ^22.0.0
432 silly placeDep ROOT @pnpm/tabtab@0.5.4 OK for: netlify-cli@27.1.1 want: ^0.5.4
433 silly placeDep ROOT ansi-escapes@7.3.0 OK for: netlify-cli@27.1.1 want: ^7.3.0
434 silly placeDep ROOT ansi-to-html@0.7.2 OK for: netlify-cli@27.1.1 want: ^0.7.2
435 silly placeDep ROOT ascii-table@0.0.9 OK for: netlify-cli@27.1.1 want: ^0.0.9
436 silly placeDep ROOT backoff@2.5.0 OK for: netlify-cli@27.1.1 want: ^2.5.0
437 silly placeDep ROOT boxen@8.0.1 OK for: netlify-cli@27.1.1 want: ^8.0.1
438 silly placeDep ROOT chalk@5.6.2 OK for: netlify-cli@27.1.1 want: ^5.6.2
439 silly placeDep ROOT chokidar@4.0.3 OK for: netlify-cli@27.1.1 want: ^4.0.3
440 silly placeDep ROOT ci-info@4.4.0 OK for: netlify-cli@27.1.1 want: ^4.4.0
441 silly placeDep ROOT clean-deep@3.4.0 OK for: netlify-cli@27.1.1 want: ^3.4.0
442 silly placeDep ROOT commander@12.1.0 OK for: netlify-cli@27.1.1 want: ^12.1.0
443 silly placeDep ROOT comment-json@4.6.2 OK for: netlify-cli@27.1.1 want: ^4.6.2
444 silly placeDep ROOT content-type@1.0.5 OK for: netlify-cli@27.1.1 want: ^1.0.5
445 silly placeDep ROOT cookie@1.1.1 OK for: netlify-cli@27.1.1 want: ^1.1.1
446 silly placeDep ROOT cron-parser@4.9.0 OK for: netlify-cli@27.1.1 want: ^4.9.0
447 silly placeDep ROOT decache@4.6.2 OK for: netlify-cli@27.1.1 want: ^4.6.2
448 silly placeDep ROOT dot-prop@10.2.0 OK for: netlify-cli@27.1.1 want: ^10.1.0
449 silly placeDep ROOT dotenv@17.4.2 OK for: netlify-cli@27.1.1 want: ^17.3.1
450 silly placeDep ROOT env-paths@4.0.0 OK for: netlify-cli@27.1.1 want: ^4.0.0
451 silly placeDep ROOT envinfo@7.21.0 OK for: netlify-cli@27.1.1 want: ^7.21.0
452 silly placeDep ROOT etag@1.8.1 OK for: netlify-cli@27.1.1 want: ^1.8.1
453 silly placeDep ROOT execa@5.1.1 OK for: netlify-cli@27.1.1 want: ^5.1.1
454 silly placeDep ROOT express@5.2.1 OK for: netlify-cli@27.1.1 want: ^5.2.1
455 silly placeDep ROOT express-logging@1.1.1 OK for: netlify-cli@27.1.1 want: ^1.1.1
456 silly placeDep ROOT fastest-levenshtein@1.0.16 OK for: netlify-cli@27.1.1 want: ^1.0.16
457 silly placeDep ROOT fastify@5.12.0 OK for: netlify-cli@27.1.1 want: ^5.8.5
458 silly placeDep ROOT find-up@8.0.0 OK for: netlify-cli@27.1.1 want: ^8.0.0
459 silly placeDep ROOT folder-walker@3.2.0 OK for: netlify-cli@27.1.1 want: ^3.2.0
460 silly placeDep ROOT fuzzy@0.1.3 OK for: netlify-cli@27.1.1 want: ^0.1.3
461 silly placeDep ROOT get-port@5.1.1 OK for: netlify-cli@27.1.1 want: ^5.1.1
462 silly placeDep ROOT git-repo-info@2.1.1 OK for: netlify-cli@27.1.1 want: ^2.1.1
463 silly placeDep ROOT gitconfiglocal@2.1.0 OK for: netlify-cli@27.1.1 want: ^2.1.0
464 silly placeDep ROOT http-proxy@1.18.1 OK for: netlify-cli@27.1.1 want: ^1.18.1
465 silly placeDep ROOT http-proxy-middleware@3.0.7 OK for: netlify-cli@27.1.1 want: ^3.0.5
466 silly placeDep node_modules/netlify-cli https-proxy-agent@8.0.0 OK for: netlify-cli@27.1.1 want: ^8.0.0
467 silly placeDep ROOT inquirer@8.2.7 OK for: netlify-cli@27.1.1 want: ^8.2.7
468 silly placeDep ROOT inquirer-autocomplete-prompt@1.4.0 OK for: netlify-cli@27.1.1 want: ^1.4.0
469 silly placeDep ROOT is-docker@4.0.0 OK for: netlify-cli@27.1.1 want: ^4.0.0
470 silly placeDep node_modules/netlify-cli is-stream@4.0.1 OK for: netlify-cli@27.1.1 want: ^4.0.1
471 silly placeDep ROOT is-wsl@3.1.1 OK for: netlify-cli@27.1.1 want: ^3.1.0
472 silly placeDep ROOT isexe@4.0.0 OK for: netlify-cli@27.1.1 want: ^4.0.0
473 silly placeDep ROOT jwt-decode@4.0.0 OK for: netlify-cli@27.1.1 want: ^4.0.0
474 silly placeDep ROOT lambda-local@2.2.0 OK for: netlify-cli@27.1.1 want: ^2.2.0
475 silly placeDep ROOT locate-path@8.0.0 OK for: netlify-cli@27.1.1 want: ^8.0.0
476 silly placeDep ROOT log-update@7.2.0 OK for: netlify-cli@27.1.1 want: ^7.2.0
477 silly placeDep ROOT maxstache@1.0.7 OK for: netlify-cli@27.1.1 want: ^1.0.7
478 silly placeDep ROOT maxstache-stream@1.0.4 OK for: netlify-cli@27.1.1 want: ^1.0.4
479 silly placeDep ROOT modern-tar@0.8.4 OK for: netlify-cli@27.1.1 want: ^0.8.0
480 silly placeDep ROOT multiparty@4.3.0 OK for: netlify-cli@27.1.1 want: ^4.2.3
481 silly placeDep ROOT nanospinner@1.2.2 OK for: netlify-cli@27.1.1 want: ^1.2.2
482 silly placeDep ROOT netlify-redirector@0.5.0 OK for: netlify-cli@27.1.1 want: ^0.5.0
483 silly placeDep node_modules/netlify-cli node-fetch@3.3.2 OK for: netlify-cli@27.1.1 want: ^3.3.2
484 silly placeDep ROOT normalize-package-data@7.0.1 OK for: netlify-cli@27.1.1 want: ^7.0.1
485 silly placeDep ROOT open@11.0.1 OK for: netlify-cli@27.1.1 want: ^11.0.0
486 silly placeDep ROOT p-filter@4.1.0 OK for: netlify-cli@27.1.1 want: ^4.1.0
487 silly placeDep ROOT p-map@7.0.6 OK for: netlify-cli@27.1.1 want: ^7.0.3
488 silly placeDep ROOT p-wait-for@6.0.0 OK for: netlify-cli@27.1.1 want: ^6.0.0
489 silly placeDep ROOT parallel-transform@1.2.0 OK for: netlify-cli@27.1.1 want: ^1.2.0
490 silly placeDep ROOT parse-duration@2.1.8 OK for: netlify-cli@27.1.1 want: ^2.1.6
491 silly placeDep ROOT parse-github-url@1.0.4 OK for: netlify-cli@27.1.1 want: ^1.0.3
492 silly placeDep ROOT pg@8.23.0 OK for: netlify-cli@27.1.1 want: ^8.20.0
493 silly placeDep ROOT prettyjson@1.2.5 OK for: netlify-cli@27.1.1 want: ^1.2.5
494 silly placeDep ROOT raw-body@3.0.2 OK for: netlify-cli@27.1.1 want: ^3.0.1
495 silly placeDep ROOT read-package-up@12.0.0 OK for: netlify-cli@27.1.1 want: ^12.0.0
496 silly placeDep ROOT readdirp@5.1.1 OK for: netlify-cli@27.1.1 want: ^5.0.0
497 silly placeDep ROOT source-map-support@0.5.21 OK for: netlify-cli@27.1.1 want: ^0.5.21
498 silly placeDep ROOT terminal-link@5.0.0 OK for: netlify-cli@27.1.1 want: ^5.0.0
499 silly placeDep ROOT toml@3.0.0 OK for: netlify-cli@27.1.1 want: ^3.0.0
500 silly placeDep ROOT tomlify-j0.4@3.0.0 OK for: netlify-cli@27.1.1 want: ^3.0.0
501 silly placeDep ROOT ulid@3.0.2 OK for: netlify-cli@27.1.1 want: ^3.0.1
502 silly placeDep ROOT update-notifier@7.3.1 OK for: netlify-cli@27.1.1 want: ^7.3.1
503 silly placeDep ROOT write-file-atomic@5.0.1 OK for: netlify-cli@27.1.1 want: ^5.0.1
504 silly placeDep ROOT ws@8.21.3 OK for: netlify-cli@27.1.1 want: ^8.19.0
505 silly placeDep ROOT yauzl@3.4.0 OK for: netlify-cli@27.1.1 want: ^3.3.1
506 silly fetch manifest glob@^13.0.0
507 silly packumentCache full:https://registry.npmjs.org/glob cache-miss
508 silly fetch manifest fastq@^1.17.1
509 silly packumentCache full:https://registry.npmjs.org/fastq cache-miss
510 silly fetch manifest @fastify/send@^4.0.0
511 silly packumentCache full:https://registry.npmjs.org/@fastify%2fsend cache-miss
512 silly fetch manifest @fastify/error@^4.0.0
513 silly packumentCache full:https://registry.npmjs.org/@fastify%2ferror cache-miss
514 silly fetch manifest fastify-plugin@^6.0.0
515 silly packumentCache full:https://registry.npmjs.org/fastify-plugin cache-miss
516 silly fetch manifest content-disposition@^2.0.1
517 silly packumentCache full:https://registry.npmjs.org/content-disposition cache-miss
518 silly fetch manifest @fastify/accept-negotiator@^2.0.0
519 silly packumentCache full:https://registry.npmjs.org/@fastify%2faccept-negotiator cache-miss
520 silly fetch manifest @netlify/api@^15.1.0
521 silly packumentCache full:https://registry.npmjs.org/@netlify%2fapi cache-hit
522 silly fetch manifest @netlify/open-api@^2.57.0
523 silly packumentCache full:https://registry.npmjs.org/@netlify%2fopen-api cache-miss
524 silly fetch manifest node-fetch@^3.0.0
525 silly packumentCache full:https://registry.npmjs.org/node-fetch cache-hit
526 silly fetch manifest p-wait-for@^5.0.0
527 silly packumentCache full:https://registry.npmjs.org/p-wait-for cache-hit
528 silly fetch manifest picoquery@^2.5.0
529 silly packumentCache full:https://registry.npmjs.org/picoquery cache-miss
530 silly fetch manifest @netlify/otel@^6.0.6
531 silly packumentCache full:https://registry.npmjs.org/@netlify%2fotel cache-miss
532 silly fetch manifest @netlify/dev-utils@5.0.0
533 silly packumentCache full:https://registry.npmjs.org/@netlify%2fdev-utils cache-hit
534 silly fetch manifest @netlify/runtime-utils@2.3.0
535 silly packumentCache full:https://registry.npmjs.org/@netlify%2fruntime-utils cache-miss
536 silly fetch manifest @bugsnag/js@^8.0.0
537 silly packumentCache full:https://registry.npmjs.org/@bugsnag%2fjs cache-miss
538 silly fetch manifest @netlify/cache-utils@^7.1.1
539 silly packumentCache full:https://registry.npmjs.org/@netlify%2fcache-utils cache-miss
540 silly fetch manifest @netlify/config@^25.2.2
541 silly packumentCache full:https://registry.npmjs.org/@netlify%2fconfig cache-miss
542 silly fetch manifest @netlify/edge-bundler@16.0.3
543 silly packumentCache full:https://registry.npmjs.org/@netlify%2fedge-bundler cache-miss
544 http cache https://registry.npmjs.org/@fastify%2ferror 16ms (cache hit)
545 silly packumentCache full:https://registry.npmjs.org/@fastify%2ferror set size:39947 disposed:false
546 silly fetch manifest @netlify/functions-utils@^7.1.4
547 silly packumentCache full:https://registry.npmjs.org/@netlify%2ffunctions-utils cache-miss
548 http cache https://registry.npmjs.org/fastify-plugin 17ms (cache hit)
549 silly packumentCache full:https://registry.npmjs.org/fastify-plugin set size:126279 disposed:false
550 silly fetch manifest @netlify/git-utils@^7.1.0
551 silly packumentCache full:https://registry.npmjs.org/@netlify%2fgit-utils cache-miss
552 http cache https://registry.npmjs.org/@fastify%2fsend 20ms (cache hit)
553 silly packumentCache full:https://registry.npmjs.org/@fastify%2fsend set size:60107 disposed:false
554 silly fetch manifest @netlify/opentelemetry-utils@^3.1.0
555 silly packumentCache full:https://registry.npmjs.org/@netlify%2fopentelemetry-utils cache-miss
556 http cache https://registry.npmjs.org/glob 21ms (cache hit)
557 silly packumentCache full:https://registry.npmjs.org/glob set size:469465 disposed:false
558 silly fetch manifest @netlify/plugins-list@^6.81.6
559 silly packumentCache full:https://registry.npmjs.org/@netlify%2fplugins-list cache-miss
560 http cache https://registry.npmjs.org/@netlify%2fotel 22ms (cache hit)
561 silly packumentCache full:https://registry.npmjs.org/@netlify%2fotel set size:148768 disposed:false
562 silly fetch manifest @netlify/run-utils@^7.1.0
563 silly packumentCache full:https://registry.npmjs.org/@netlify%2frun-utils cache-miss
564 http cache https://registry.npmjs.org/fastq 27ms (cache hit)
565 silly packumentCache full:https://registry.npmjs.org/fastq set size:78301 disposed:false
566 silly fetch manifest @netlify/zip-it-and-ship-it@15.3.4
567 silly packumentCache full:https://registry.npmjs.org/@netlify%2fzip-it-and-ship-it cache-miss
568 http cache https://registry.npmjs.org/@fastify%2faccept-negotiator 27ms (cache hit)
569 silly packumentCache full:https://registry.npmjs.org/@fastify%2faccept-negotiator set size:21863 disposed:false
570 silly fetch manifest @sindresorhus/slugify@^2.0.0
571 silly packumentCache full:https://registry.npmjs.org/@sindresorhus%2fslugify cache-miss
572 http cache https://registry.npmjs.org/@netlify%2fopen-api 28ms (cache hit)
573 silly packumentCache full:https://registry.npmjs.org/@netlify%2fopen-api set size:419959 disposed:false
574 silly fetch manifest ansi-escapes@^7.0.0
575 silly packumentCache full:https://registry.npmjs.org/ansi-escapes cache-hit
576 silly fetch manifest ansis@^4.1.0
577 silly packumentCache full:https://registry.npmjs.org/ansis cache-miss
578 http cache https://registry.npmjs.org/content-disposition 33ms (cache hit)
579 silly packumentCache full:https://registry.npmjs.org/content-disposition set size:45446 disposed:false
580 silly fetch manifest clean-stack@^5.0.0
581 silly packumentCache full:https://registry.npmjs.org/clean-stack cache-miss
582 http cache https://registry.npmjs.org/@netlify%2fruntime-utils 32ms (cache hit)
583 silly packumentCache full:https://registry.npmjs.org/@netlify%2fruntime-utils set size:26143 disposed:false
584 silly fetch manifest execa@^8.0.0
585 silly packumentCache full:https://registry.npmjs.org/execa cache-hit
586 silly fetch manifest fast-string-width@^3.0.2
587 silly packumentCache full:https://registry.npmjs.org/fast-string-width cache-miss
588 http cache https://registry.npmjs.org/@netlify%2fconfig 34ms (cache hit)
589 silly packumentCache full:https://registry.npmjs.org/@netlify%2fconfig set size:1915385 disposed:false
590 silly fetch manifest fdir@^6.0.1
591 silly packumentCache full:https://registry.npmjs.org/fdir cache-miss
592 http cache https://registry.npmjs.org/picoquery 51ms (cache hit)
593 silly packumentCache full:https://registry.npmjs.org/picoquery set size:48802 disposed:false
594 silly fetch manifest figures@^6.0.0
595 silly packumentCache full:https://registry.npmjs.org/figures cache-miss
596 http cache https://registry.npmjs.org/@netlify%2fcache-utils 49ms (cache hit)
597 silly packumentCache full:https://registry.npmjs.org/@netlify%2fcache-utils set size:227531 disposed:false
598 silly fetch manifest filter-obj@^6.0.0
599 silly packumentCache full:https://registry.npmjs.org/filter-obj cache-miss
600 http cache https://registry.npmjs.org/@netlify%2fedge-bundler 53ms (cache hit)
601 silly packumentCache full:https://registry.npmjs.org/@netlify%2fedge-bundler set size:1022116 disposed:false
602 silly fetch manifest hot-shots@11.4.0
603 silly packumentCache full:https://registry.npmjs.org/hot-shots cache-miss
604 http cache https://registry.npmjs.org/@bugsnag%2fjs 65ms (cache hit)
605 silly packumentCache full:https://registry.npmjs.org/@bugsnag%2fjs set size:444244 disposed:false
606 silly fetch manifest ignore@^7.0.0
607 silly packumentCache full:https://registry.npmjs.org/ignore cache-miss
608 http cache https://registry.npmjs.org/@netlify%2frun-utils 86ms (cache hit)
609 silly packumentCache full:https://registry.npmjs.org/@netlify%2frun-utils set size:109111 disposed:false
610 silly fetch manifest indent-string@^5.0.0
611 silly packumentCache full:https://registry.npmjs.org/indent-string cache-miss
612 http cache https://registry.npmjs.org/@netlify%2ffunctions-utils 100ms (cache hit)
613 silly packumentCache full:https://registry.npmjs.org/@netlify%2ffunctions-utils set size:1036733 disposed:false
614 silly fetch manifest is-plain-obj@^4.0.0
615 silly packumentCache full:https://registry.npmjs.org/is-plain-obj cache-miss
616 http cache https://registry.npmjs.org/@netlify%2fopentelemetry-utils 103ms (cache hit)
617 silly packumentCache full:https://registry.npmjs.org/@netlify%2fopentelemetry-utils set size:41820 disposed:false
618 silly fetch manifest keep-func-props@^6.0.0
619 silly packumentCache full:https://registry.npmjs.org/keep-func-props cache-miss
620 http cache https://registry.npmjs.org/ansis 92ms (cache hit)
621 silly packumentCache full:https://registry.npmjs.org/ansis set size:228409 disposed:false
622 silly fetch manifest log-process-errors@^11.0.0
623 silly packumentCache full:https://registry.npmjs.org/log-process-errors cache-miss
624 http cache https://registry.npmjs.org/@netlify%2fgit-utils 109ms (cache hit)
625 silly packumentCache full:https://registry.npmjs.org/@netlify%2fgit-utils set size:150434 disposed:false
626 silly fetch manifest memoize-one@^6.0.0
627 silly packumentCache full:https://registry.npmjs.org/memoize-one cache-miss
628 http cache https://registry.npmjs.org/@netlify%2fplugins-list 106ms (cache hit)
629 silly packumentCache full:https://registry.npmjs.org/@netlify%2fplugins-list set size:652465 disposed:false
630 silly fetch manifest minimatch@^10.2.4
631 silly packumentCache full:https://registry.npmjs.org/minimatch cache-miss
632 http cache https://registry.npmjs.org/clean-stack 101ms (cache hit)
633 silly packumentCache full:https://registry.npmjs.org/clean-stack set size:52858 disposed:false
634 silly fetch manifest os-name@^6.0.0
635 silly packumentCache full:https://registry.npmjs.org/os-name cache-miss
636 http cache https://registry.npmjs.org/@sindresorhus%2fslugify 109ms (cache hit)
637 silly packumentCache full:https://registry.npmjs.org/@sindresorhus%2fslugify set size:70302 disposed:false
638 silly fetch manifest p-event@^6.0.0
639 silly packumentCache full:https://registry.npmjs.org/p-event cache-miss
640 http cache https://registry.npmjs.org/@netlify%2fzip-it-and-ship-it 114ms (cache hit)
641 silly packumentCache full:https://registry.npmjs.org/@netlify%2fzip-it-and-ship-it set size:2039174 disposed:false
642 silly fetch manifest p-filter@^4.0.0
643 silly packumentCache full:https://registry.npmjs.org/p-filter cache-hit
644 silly fetch manifest p-locate@^6.0.0
645 silly packumentCache full:https://registry.npmjs.org/p-locate cache-miss
646 http cache https://registry.npmjs.org/fast-string-width 118ms (cache hit)
647 silly packumentCache full:https://registry.npmjs.org/fast-string-width set size:22460 disposed:false
648 silly fetch manifest p-map@^7.0.0
649 silly packumentCache full:https://registry.npmjs.org/p-map cache-hit
650 silly fetch manifest p-reduce@^3.0.0
651 silly packumentCache full:https://registry.npmjs.org/p-reduce cache-miss
652 http cache https://registry.npmjs.org/figures 102ms (cache hit)
653 silly packumentCache full:https://registry.npmjs.org/figures set size:64597 disposed:false
654 silly fetch manifest package-directory@^8.0.0
655 silly packumentCache full:https://registry.npmjs.org/package-directory cache-miss
656 http cache https://registry.npmjs.org/fdir 106ms (cache hit)
657 silly packumentCache full:https://registry.npmjs.org/fdir set size:136182 disposed:false
658 silly fetch manifest path-exists@^5.0.0
659 silly packumentCache full:https://registry.npmjs.org/path-exists cache-miss
660 http cache https://registry.npmjs.org/filter-obj 112ms (cache hit)
661 silly packumentCache full:https://registry.npmjs.org/filter-obj set size:26902 disposed:false
662 silly fetch manifest pretty-ms@^9.0.0
663 silly packumentCache full:https://registry.npmjs.org/pretty-ms cache-miss
664 http cache https://registry.npmjs.org/hot-shots 105ms (cache hit)
665 silly packumentCache full:https://registry.npmjs.org/hot-shots set size:299262 disposed:false
666 silly fetch manifest ps-list@^8.0.0
667 silly packumentCache full:https://registry.npmjs.org/ps-list cache-miss
668 http cache https://registry.npmjs.org/ignore 101ms (cache hit)
669 silly packumentCache full:https://registry.npmjs.org/ignore set size:240910 disposed:false
670 silly fetch manifest read-package-up@^11.0.0
671 silly packumentCache full:https://registry.npmjs.org/read-package-up cache-hit
672 silly fetch manifest readdirp@^4.0.0
673 silly packumentCache full:https://registry.npmjs.org/readdirp cache-hit
674 silly fetch manifest resolve@^2.0.0-next.5
675 silly packumentCache full:https://registry.npmjs.org/resolve cache-miss
676 http cache https://registry.npmjs.org/indent-string 74ms (cache hit)
677 silly packumentCache full:https://registry.npmjs.org/indent-string set size:28547 disposed:false
678 silly fetch manifest rfdc@^1.3.0
679 silly packumentCache full:https://registry.npmjs.org/rfdc cache-miss
680 http cache https://registry.npmjs.org/keep-func-props 66ms (cache hit)
681 silly packumentCache full:https://registry.npmjs.org/keep-func-props set size:99492 disposed:false
682 silly fetch manifest safe-json-stringify@^1.2.0
683 silly packumentCache full:https://registry.npmjs.org/safe-json-stringify cache-miss
684 http cache https://registry.npmjs.org/is-plain-obj 69ms (cache hit)
685 silly packumentCache full:https://registry.npmjs.org/is-plain-obj set size:17899 disposed:false
686 silly fetch manifest supports-color@^10.0.0
687 silly packumentCache full:https://registry.npmjs.org/supports-color cache-miss
688 http cache https://registry.npmjs.org/os-name 57ms (cache hit)
689 silly packumentCache full:https://registry.npmjs.org/os-name set size:39612 disposed:false
690 silly fetch manifest terminal-link@^4.0.0
691 silly packumentCache full:https://registry.npmjs.org/terminal-link cache-hit
692 silly fetch manifest ts-node@^10.9.1
693 silly packumentCache full:https://registry.npmjs.org/ts-node cache-miss
694 http cache https://registry.npmjs.org/p-locate 41ms (cache hit)
695 silly packumentCache full:https://registry.npmjs.org/p-locate set size:22488 disposed:false
696 silly fetch manifest typescript@^5.0.0
697 silly packumentCache full:https://registry.npmjs.org/typescript cache-miss
698 http cache https://registry.npmjs.org/log-process-errors 68ms (cache hit)
699 silly packumentCache full:https://registry.npmjs.org/log-process-errors set size:312136 disposed:false
700 silly fetch manifest yaml@^2.8.0
701 silly packumentCache full:https://registry.npmjs.org/yaml cache-miss
702 http cache https://registry.npmjs.org/memoize-one 70ms (cache hit)
703 silly packumentCache full:https://registry.npmjs.org/memoize-one set size:217155 disposed:false
704 silly fetch manifest zod@^4.0.5
705 silly packumentCache full:https://registry.npmjs.org/zod cache-miss
706 http cache https://registry.npmjs.org/minimatch 67ms (cache hit)
707 silly packumentCache full:https://registry.npmjs.org/minimatch set size:377924 disposed:false
708 silly fetch manifest dot-prop@^9.0.0
709 silly packumentCache full:https://registry.npmjs.org/dot-prop cache-hit
710 silly fetch manifest find-up@^7.0.0
711 silly packumentCache full:https://registry.npmjs.org/find-up cache-hit
712 silly fetch manifest lockparse@^0.5.2
713 silly packumentCache full:https://registry.npmjs.org/lockparse cache-miss
714 http cache https://registry.npmjs.org/p-event 67ms (cache hit)
715 silly packumentCache full:https://registry.npmjs.org/p-event set size:58720 disposed:false
716 silly fetch manifest read-pkg@^9.0.0
717 silly packumentCache full:https://registry.npmjs.org/read-pkg cache-miss
718 http cache https://registry.npmjs.org/p-reduce 51ms (cache hit)
719 silly packumentCache full:https://registry.npmjs.org/p-reduce set size:12400 disposed:false
720 silly fetch manifest smol-toml@^1.5.2
721 silly packumentCache full:https://registry.npmjs.org/smol-toml cache-miss
722 http cache https://registry.npmjs.org/path-exists 48ms (cache hit)
723 silly packumentCache full:https://registry.npmjs.org/path-exists set size:13704 disposed:false
724 silly fetch manifest yaml@^2.8.0
725 silly packumentCache full:https://registry.npmjs.org/yaml cache-miss
726 http cache https://registry.npmjs.org/package-directory 51ms (cache hit)
727 silly packumentCache full:https://registry.npmjs.org/package-directory set size:18385 disposed:false
728 silly fetch manifest @netlify/headers-parser@^10.1.1
729 silly packumentCache full:https://registry.npmjs.org/@netlify%2fheaders-parser cache-hit
730 silly fetch manifest chalk@^5.0.0
731 silly packumentCache full:https://registry.npmjs.org/chalk cache-hit
732 silly fetch manifest cron-parser@^4.1.0
733 silly packumentCache full:https://registry.npmjs.org/cron-parser cache-hit
734 silly fetch manifest deepmerge@^4.2.2
735 silly packumentCache full:https://registry.npmjs.org/deepmerge cache-miss
736 http cache https://registry.npmjs.org/pretty-ms 42ms (cache hit)
737 silly packumentCache full:https://registry.npmjs.org/pretty-ms set size:61783 disposed:false
738 silly fetch manifest fast-safe-stringify@^2.0.7
739 silly packumentCache full:https://registry.npmjs.org/fast-safe-stringify cache-miss
740 http cache https://registry.npmjs.org/ps-list 39ms (cache hit)
741 silly packumentCache full:https://registry.npmjs.org/ps-list set size:48291 disposed:false
742 silly fetch manifest map-obj@^5.0.0
743 silly packumentCache full:https://registry.npmjs.org/map-obj cache-miss
744 http cache https://registry.npmjs.org/resolve 37ms (cache hit)
745 silly packumentCache full:https://registry.npmjs.org/resolve set size:244568 disposed:false
746 silly fetch manifest path-type@^6.0.0
747 silly packumentCache full:https://registry.npmjs.org/path-type cache-miss
748 http cache https://registry.npmjs.org/rfdc 59ms (cache hit)
749 silly packumentCache full:https://registry.npmjs.org/rfdc set size:45382 disposed:false
750 silly fetch manifest smol-toml@^1.5.2
751 silly packumentCache full:https://registry.npmjs.org/smol-toml cache-miss
752 http cache https://registry.npmjs.org/safe-json-stringify 57ms (cache hit)
753 silly packumentCache full:https://registry.npmjs.org/safe-json-stringify set size:17058 disposed:false
754 silly fetch manifest validate-npm-package-name@^5.0.0
755 silly packumentCache full:https://registry.npmjs.org/validate-npm-package-name cache-miss
756 http cache https://registry.npmjs.org/supports-color 59ms (cache hit)
757 silly packumentCache full:https://registry.npmjs.org/supports-color set size:124169 disposed:false
758 silly fetch manifest yaml@^2.8.0
759 silly packumentCache full:https://registry.npmjs.org/yaml cache-miss
760 http cache https://registry.npmjs.org/ts-node 61ms (cache hit)
761 silly packumentCache full:https://registry.npmjs.org/ts-node set size:574573 disposed:false
762 silly fetch manifest zod@^4.0.5
763 silly packumentCache full:https://registry.npmjs.org/zod cache-miss
764 http cache https://registry.npmjs.org/yaml 61ms (cache hit)
765 silly packumentCache full:https://registry.npmjs.org/yaml set size:385754 disposed:false
766 silly fetch manifest @netlify/database-dev@0.10.1
767 silly packumentCache full:https://registry.npmjs.org/@netlify%2fdatabase-dev cache-miss
768 http cache https://registry.npmjs.org/zod 67ms (cache hit)
769 silly packumentCache full:https://registry.npmjs.org/zod set size:3721026 disposed:false
770 silly fetch manifest @netlify/edge-functions-dev@1.0.24
771 silly packumentCache full:https://registry.npmjs.org/@netlify%2fedge-functions-dev cache-miss
772 http cache https://registry.npmjs.org/lockparse 78ms (cache hit)
773 silly packumentCache full:https://registry.npmjs.org/lockparse set size:19382 disposed:false
774 silly fetch manifest @netlify/functions-dev@1.3.5
775 silly packumentCache full:https://registry.npmjs.org/@netlify%2ffunctions-dev cache-miss
776 http cache https://registry.npmjs.org/read-pkg 77ms (cache hit)
777 silly packumentCache full:https://registry.npmjs.org/read-pkg set size:43912 disposed:false
778 silly fetch manifest @netlify/headers@2.1.13
779 silly packumentCache full:https://registry.npmjs.org/@netlify%2fheaders cache-miss
780 http cache https://registry.npmjs.org/typescript 110ms (cache hit)
781 silly packumentCache full:https://registry.npmjs.org/typescript set size:15555816 disposed:false
782 silly fetch manifest @netlify/images@1.3.12
783 silly packumentCache full:https://registry.npmjs.org/@netlify%2fimages cache-hit
784 silly fetch manifest @netlify/redirects@3.1.15
785 silly packumentCache full:https://registry.npmjs.org/@netlify%2fredirects cache-miss
786 http cache https://registry.npmjs.org/yaml 173ms (cache hit)
787 silly packumentCache full:https://registry.npmjs.org/yaml set size:385754 disposed:false
788 silly packumentCache full:https://registry.npmjs.org/yaml dispose
789 silly fetch manifest @netlify/runtime@4.1.29
790 silly packumentCache full:https://registry.npmjs.org/@netlify%2fruntime cache-miss
791 http cache https://registry.npmjs.org/fast-safe-stringify 173ms (cache hit)
792 silly packumentCache full:https://registry.npmjs.org/fast-safe-stringify set size:76810 disposed:false
793 silly fetch manifest @netlify/static@3.1.12
794 silly packumentCache full:https://registry.npmjs.org/@netlify%2fstatic cache-miss
795 http cache https://registry.npmjs.org/smol-toml 181ms (cache hit)
796 silly packumentCache full:https://registry.npmjs.org/smol-toml set size:87994 disposed:false
797 silly fetch manifest ulid@^3.0.0
798 silly packumentCache full:https://registry.npmjs.org/ulid cache-hit
799 silly fetch manifest dettle@^1.0.5
800 silly packumentCache full:https://registry.npmjs.org/dettle cache-miss
801 http cache https://registry.npmjs.org/deepmerge 181ms (cache hit)
802 silly packumentCache full:https://registry.npmjs.org/deepmerge set size:101897 disposed:false
803 silly fetch manifest chokidar@^4.0.1
804 silly packumentCache full:https://registry.npmjs.org/chokidar cache-hit
805 silly fetch manifest dot-prop@9.0.0
806 silly packumentCache full:https://registry.npmjs.org/dot-prop cache-hit
807 silly fetch manifest empathic@^2.0.0
808 silly packumentCache full:https://registry.npmjs.org/empathic cache-miss
809 http cache https://registry.npmjs.org/map-obj 184ms (cache hit)
810 silly packumentCache full:https://registry.npmjs.org/map-obj set size:35298 disposed:false
811 silly fetch manifest env-paths@^3.0.0
812 silly packumentCache full:https://registry.npmjs.org/env-paths cache-hit
813 silly fetch manifest atomically@^2.0.3
814 silly packumentCache full:https://registry.npmjs.org/atomically cache-miss
815 http cache https://registry.npmjs.org/path-type 183ms (cache hit)
816 silly packumentCache full:https://registry.npmjs.org/path-type set size:15341 disposed:false
817 silly fetch manifest image-size@^2.0.2
818 silly packumentCache full:https://registry.npmjs.org/image-size cache-miss
819 http cache https://registry.npmjs.org/smol-toml 165ms (cache hit)
820 silly packumentCache full:https://registry.npmjs.org/smol-toml set size:87994 disposed:false
821 silly packumentCache full:https://registry.npmjs.org/smol-toml dispose
822 silly fetch manifest tmp-promise@^3.0.3
823 silly packumentCache full:https://registry.npmjs.org/tmp-promise cache-miss
824 http cache https://registry.npmjs.org/validate-npm-package-name 167ms (cache hit)
825 silly packumentCache full:https://registry.npmjs.org/validate-npm-package-name set size:51100 disposed:false
826 silly fetch manifest parse-gitignore@^2.0.0
827 silly packumentCache full:https://registry.npmjs.org/parse-gitignore cache-miss
828 http cache https://registry.npmjs.org/yaml 168ms (cache hit)
829 silly packumentCache full:https://registry.npmjs.org/yaml set size:385754 disposed:true
830 silly packumentCache full:https://registry.npmjs.org/yaml dispose
831 silly fetch manifest js-image-generator@^1.0.4
832 silly packumentCache full:https://registry.npmjs.org/js-image-generator cache-miss
833 http cache https://registry.npmjs.org/@netlify%2fdatabase-dev 166ms (cache hit)
834 silly packumentCache full:https://registry.npmjs.org/@netlify%2fdatabase-dev set size:12872 disposed:false
835 silly fetch manifest @whatwg-node/server@^0.11.0
836 silly packumentCache full:https://registry.npmjs.org/@whatwg-node%2fserver cache-miss
837 http cache https://registry.npmjs.org/zod 178ms (cache hit)
838 silly packumentCache full:https://registry.npmjs.org/zod set size:3721026 disposed:false
839 silly fetch manifest @import-maps/resolve@^2.0.0
840 silly packumentCache full:https://registry.npmjs.org/@import-maps%2fresolve cache-miss
841 http cache https://registry.npmjs.org/@netlify%2fedge-functions-dev 188ms (cache hit)
842 silly packumentCache full:https://registry.npmjs.org/@netlify%2fedge-functions-dev set size:78412 disposed:false
843 silly fetch manifest @sveltejs/acorn-typescript@^1.0.11
844 silly packumentCache full:https://registry.npmjs.org/@sveltejs%2facorn-typescript cache-miss
845 http cache https://registry.npmjs.org/@netlify%2ffunctions-dev 190ms (cache hit)
846 silly packumentCache full:https://registry.npmjs.org/@netlify%2ffunctions-dev set size:121002 disposed:false
847 silly fetch manifest acorn@^8.15.0
848 silly packumentCache full:https://registry.npmjs.org/acorn cache-miss
849 http cache https://registry.npmjs.org/@netlify%2fruntime 91ms (cache hit)
850 silly packumentCache full:https://registry.npmjs.org/@netlify%2fruntime set size:155648 disposed:false
851 silly fetch manifest ajv@^8.11.2
852 silly packumentCache full:https://registry.npmjs.org/ajv cache-miss
853 http cache https://registry.npmjs.org/@netlify%2fheaders 193ms (cache hit)
854 silly packumentCache full:https://registry.npmjs.org/@netlify%2fheaders set size:80697 disposed:false
855 silly fetch manifest ajv-errors@^3.0.0
856 silly packumentCache full:https://registry.npmjs.org/ajv-errors cache-miss
857 http cache https://registry.npmjs.org/@netlify%2fstatic 90ms (cache hit)
858 silly packumentCache full:https://registry.npmjs.org/@netlify%2fstatic set size:88655 disposed:false
859 silly fetch manifest better-ajv-errors@^1.2.0
860 silly packumentCache full:https://registry.npmjs.org/better-ajv-errors cache-miss
861 http cache https://registry.npmjs.org/@netlify%2fredirects 102ms (cache hit)
862 silly packumentCache full:https://registry.npmjs.org/@netlify%2fredirects set size:107332 disposed:false
863 silly fetch manifest common-path-prefix@^3.0.0
864 silly packumentCache full:https://registry.npmjs.org/common-path-prefix cache-miss
865 http cache https://registry.npmjs.org/dettle 93ms (cache hit)
866 silly packumentCache full:https://registry.npmjs.org/dettle set size:13939 disposed:false
867 silly fetch manifest esbuild@0.28.1
868 silly packumentCache full:https://registry.npmjs.org/esbuild cache-miss
869 http cache https://registry.npmjs.org/atomically 85ms (cache hit)
870 silly packumentCache full:https://registry.npmjs.org/atomically set size:60769 disposed:false
871 silly fetch manifest node-stream-zip@^1.15.0
872 silly packumentCache full:https://registry.npmjs.org/node-stream-zip cache-miss
873 http cache https://registry.npmjs.org/empathic 91ms (cache hit)
874 silly packumentCache full:https://registry.npmjs.org/empathic set size:20342 disposed:false
875 silly fetch manifest p-retry@^6.0.0
876 silly packumentCache full:https://registry.npmjs.org/p-retry cache-miss
877 http cache https://registry.npmjs.org/image-size 87ms (cache hit)
878 silly packumentCache full:https://registry.npmjs.org/image-size set size:155542 disposed:false
879 silly fetch manifest parse-imports@^2.2.1
880 silly packumentCache full:https://registry.npmjs.org/parse-imports cache-miss
881 http cache https://registry.npmjs.org/tmp-promise 81ms (cache hit)
882 silly packumentCache full:https://registry.npmjs.org/tmp-promise set size:41540 disposed:false
883 silly fetch manifest tar@^7.5.12
884 silly packumentCache full:https://registry.npmjs.org/tar cache-miss
885 http cache https://registry.npmjs.org/js-image-generator 73ms (cache hit)
886 silly packumentCache full:https://registry.npmjs.org/js-image-generator set size:11235 disposed:false
887 silly fetch manifest urlpattern-polyfill@8.0.2
888 silly packumentCache full:https://registry.npmjs.org/urlpattern-polyfill cache-miss
889 http cache https://registry.npmjs.org/parse-gitignore 82ms (cache hit)
890 silly packumentCache full:https://registry.npmjs.org/parse-gitignore set size:29697 disposed:false
891 silly fetch manifest @netlify/types@2.8.0
892 silly packumentCache full:https://registry.npmjs.org/@netlify%2ftypes cache-miss
893 http cache https://registry.npmjs.org/@whatwg-node%2fserver 78ms (cache hit)
894 silly packumentCache full:https://registry.npmjs.org/@whatwg-node%2fserver set size:2634999 disposed:false
895 silly fetch manifest escape-string-regexp@^5.0.0
896 silly packumentCache full:https://registry.npmjs.org/escape-string-regexp cache-miss
897 http cache https://registry.npmjs.org/@import-maps%2fresolve 63ms (cache hit)
898 silly packumentCache full:https://registry.npmjs.org/@import-maps%2fresolve set size:53927 disposed:false
899 silly fetch manifest ipx@^3.1.1
900 silly packumentCache full:https://registry.npmjs.org/ipx cache-miss
901 http cache https://registry.npmjs.org/acorn 49ms (cache hit)
902 silly packumentCache full:https://registry.npmjs.org/acorn set size:383439 disposed:false
903 silly fetch manifest @netlify/local-functions-proxy-linux-arm@1.1.1
904 silly packumentCache full:https://registry.npmjs.org/@netlify%2flocal-functions-proxy-linux-arm cache-miss
905 http cache https://registry.npmjs.org/@sveltejs%2facorn-typescript 54ms (cache hit)
906 silly packumentCache full:https://registry.npmjs.org/@sveltejs%2facorn-typescript set size:41790 disposed:false
907 silly fetch manifest @netlify/local-functions-proxy-linux-x64@1.1.1
908 silly packumentCache full:https://registry.npmjs.org/@netlify%2flocal-functions-proxy-linux-x64 cache-miss
909 http cache https://registry.npmjs.org/ajv 52ms (cache hit)
910 silly packumentCache full:https://registry.npmjs.org/ajv set size:1142658 disposed:false
911 silly fetch manifest @netlify/local-functions-proxy-win32-x64@1.1.1
912 silly packumentCache full:https://registry.npmjs.org/@netlify%2flocal-functions-proxy-win32-x64 cache-miss
913 http cache https://registry.npmjs.org/ajv-errors 58ms (cache hit)
914 silly packumentCache full:https://registry.npmjs.org/ajv-errors set size:52956 disposed:false
915 silly fetch manifest @netlify/local-functions-proxy-darwin-x64@1.1.1
916 silly packumentCache full:https://registry.npmjs.org/@netlify%2flocal-functions-proxy-darwin-x64 cache-miss
917 http cache https://registry.npmjs.org/better-ajv-errors 59ms (cache hit)
918 silly packumentCache full:https://registry.npmjs.org/better-ajv-errors set size:127279 disposed:false
919 silly fetch manifest @netlify/local-functions-proxy-linux-ia32@1.1.1
920 silly packumentCache full:https://registry.npmjs.org/@netlify%2flocal-functions-proxy-linux-ia32 cache-miss
921 http cache https://registry.npmjs.org/common-path-prefix 58ms (cache hit)
922 silly packumentCache full:https://registry.npmjs.org/common-path-prefix set size:9154 disposed:false
923 silly fetch manifest @netlify/local-functions-proxy-win32-ia32@1.1.1
924 silly packumentCache full:https://registry.npmjs.org/@netlify%2flocal-functions-proxy-win32-ia32 cache-miss
925 http cache https://registry.npmjs.org/node-stream-zip 54ms (cache hit)
926 silly packumentCache full:https://registry.npmjs.org/node-stream-zip set size:114645 disposed:false
927 silly fetch manifest @netlify/local-functions-proxy-freebsd-x64@1.1.1
928 silly packumentCache full:https://registry.npmjs.org/@netlify%2flocal-functions-proxy-freebsd-x64 cache-miss
929 http cache https://registry.npmjs.org/esbuild 60ms (cache hit)
930 silly packumentCache full:https://registry.npmjs.org/esbuild set size:1264676 disposed:false
931 silly fetch manifest @netlify/local-functions-proxy-linux-arm64@1.1.1
932 silly packumentCache full:https://registry.npmjs.org/@netlify%2flocal-functions-proxy-linux-arm64 cache-miss
933 http cache https://registry.npmjs.org/p-retry 64ms (cache hit)
934 silly packumentCache full:https://registry.npmjs.org/p-retry set size:72148 disposed:false
935 silly fetch manifest @netlify/local-functions-proxy-linux-ppc64@1.1.1
936 silly packumentCache full:https://registry.npmjs.org/@netlify%2flocal-functions-proxy-linux-ppc64 cache-miss
937 http cache https://registry.npmjs.org/parse-imports 63ms (cache hit)
938 silly packumentCache full:https://registry.npmjs.org/parse-imports set size:58707 disposed:false
939 silly fetch manifest @netlify/local-functions-proxy-openbsd-x64@1.1.1
940 silly packumentCache full:https://registry.npmjs.org/@netlify%2flocal-functions-proxy-openbsd-x64 cache-miss
941 http cache https://registry.npmjs.org/tar 63ms (cache hit)
942 silly packumentCache full:https://registry.npmjs.org/tar set size:591769 disposed:false
943 silly fetch manifest @netlify/local-functions-proxy-darwin-arm64@1.1.1
944 silly packumentCache full:https://registry.npmjs.org/@netlify%2flocal-functions-proxy-darwin-arm64 cache-miss
945 http cache https://registry.npmjs.org/urlpattern-polyfill 66ms (cache hit)
946 silly packumentCache full:https://registry.npmjs.org/urlpattern-polyfill set size:135434 disposed:false
947 silly fetch manifest @netlify/local-functions-proxy-freebsd-arm64@1.1.1
948 silly packumentCache full:https://registry.npmjs.org/@netlify%2flocal-functions-proxy-freebsd-arm64 cache-miss
949 http cache https://registry.npmjs.org/@netlify%2ftypes 67ms (cache hit)
950 silly packumentCache full:https://registry.npmjs.org/@netlify%2ftypes set size:44034 disposed:false
951 silly fetch manifest fast-safe-stringify@^2.1.1
952 silly packumentCache full:https://registry.npmjs.org/fast-safe-stringify cache-hit
953 silly fetch manifest @babel/parser@^7.22.5
954 silly packumentCache full:https://registry.npmjs.org/@babel%2fparser cache-miss
955 http cache https://registry.npmjs.org/ipx 51ms (cache hit)
956 silly packumentCache full:https://registry.npmjs.org/ipx set size:276907 disposed:false
957 silly fetch manifest @babel/types@^7.28.5
958 silly packumentCache full:https://registry.npmjs.org/@babel%2ftypes cache-miss
959 http cache https://registry.npmjs.org/@netlify%2flocal-functions-proxy-linux-arm 52ms (cache hit)
960 silly packumentCache full:https://registry.npmjs.org/@netlify%2flocal-functions-proxy-linux-arm set size:14537 disposed:false
961 silly fetch manifest @netlify/binary-info@^1.0.0
962 silly packumentCache full:https://registry.npmjs.org/@netlify%2fbinary-info cache-miss
963 http cache https://registry.npmjs.org/escape-string-regexp 59ms (cache hit)
964 silly packumentCache full:https://registry.npmjs.org/escape-string-regexp set size:22244 disposed:false
965 silly fetch manifest @netlify/serverless-functions-api@2.18.0
966 silly packumentCache full:https://registry.npmjs.org/@netlify%2fserverless-functions-api cache-miss
967 http cache https://registry.npmjs.org/@netlify%2flocal-functions-proxy-linux-x64 53ms (cache hit)
968 silly packumentCache full:https://registry.npmjs.org/@netlify%2flocal-functions-proxy-linux-x64 set size:14556 disposed:false
969 silly fetch manifest @vercel/nft@0.29.4
970 silly packumentCache full:https://registry.npmjs.org/@vercel%2fnft cache-miss
971 http cache https://registry.npmjs.org/@netlify%2flocal-functions-proxy-win32-x64 46ms (cache hit)
972 silly packumentCache full:https://registry.npmjs.org/@netlify%2flocal-functions-proxy-win32-x64 set size:14599 disposed:false
973 silly fetch manifest archiver@^8.0.0
974 silly packumentCache full:https://registry.npmjs.org/archiver cache-miss
975 http cache https://registry.npmjs.org/@netlify%2flocal-functions-proxy-darwin-x64 47ms (cache hit)
976 silly packumentCache full:https://registry.npmjs.org/@netlify%2flocal-functions-proxy-darwin-x64 set size:14581 disposed:false
977 silly fetch manifest copy-file@^11.0.0
978 silly packumentCache full:https://registry.npmjs.org/copy-file cache-miss
979 http cache https://registry.npmjs.org/@netlify%2flocal-functions-proxy-linux-ia32 45ms (cache hit)
980 silly packumentCache full:https://registry.npmjs.org/@netlify%2flocal-functions-proxy-linux-ia32 set size:14580 disposed:false
981 silly fetch manifest es-module-lexer@^1.0.0
982 silly packumentCache full:https://registry.npmjs.org/es-module-lexer cache-miss
983 http cache https://registry.npmjs.org/@netlify%2flocal-functions-proxy-freebsd-x64 43ms (cache hit)
984 silly packumentCache full:https://registry.npmjs.org/@netlify%2flocal-functions-proxy-freebsd-x64 set size:14621 disposed:false
985 silly fetch manifest fast-glob@^3.3.3
986 silly packumentCache full:https://registry.npmjs.org/fast-glob cache-miss
987 http cache https://registry.npmjs.org/@netlify%2flocal-functions-proxy-win32-ia32 46ms (cache hit)
988 silly packumentCache full:https://registry.npmjs.org/@netlify%2flocal-functions-proxy-win32-ia32 set size:14624 disposed:false
989 silly fetch manifest is-path-inside@^4.0.0
990 silly packumentCache full:https://registry.npmjs.org/is-path-inside cache-miss
991 http cache https://registry.npmjs.org/@netlify%2flocal-functions-proxy-linux-arm64 37ms (cache hit)
992 silly packumentCache full:https://registry.npmjs.org/@netlify%2flocal-functions-proxy-linux-arm64 set size:14627 disposed:false
993 silly fetch manifest junk@^4.0.0
994 silly packumentCache full:https://registry.npmjs.org/junk cache-miss
995 http cache https://registry.npmjs.org/@netlify%2flocal-functions-proxy-linux-ppc64 36ms (cache hit)
996 silly packumentCache full:https://registry.npmjs.org/@netlify%2flocal-functions-proxy-linux-ppc64 set size:14738 disposed:false
997 silly fetch manifest locate-path@^7.0.0
998 silly packumentCache full:https://registry.npmjs.org/locate-path cache-hit
999 silly fetch manifest merge-options@^3.0.4
1000 silly packumentCache full:https://registry.npmjs.org/merge-options cache-miss
1001 http cache https://registry.npmjs.org/@netlify%2flocal-functions-proxy-openbsd-x64 36ms (cache hit)
1002 silly packumentCache full:https://registry.npmjs.org/@netlify%2flocal-functions-proxy-openbsd-x64 set size:14621 disposed:false
1003 silly fetch manifest normalize-path@^3.0.0
1004 silly packumentCache full:https://registry.npmjs.org/normalize-path cache-miss
1005 http cache https://registry.npmjs.org/@netlify%2flocal-functions-proxy-darwin-arm64 30ms (cache hit)
1006 silly packumentCache full:https://registry.npmjs.org/@netlify%2flocal-functions-proxy-darwin-arm64 set size:14658 disposed:false
1007 silly fetch manifest precinct@^12.0.0
1008 silly packumentCache full:https://registry.npmjs.org/precinct cache-miss
1009 http cache https://registry.npmjs.org/@netlify%2flocal-functions-proxy-freebsd-arm64 30ms (cache hit)
1010 silly packumentCache full:https://registry.npmjs.org/@netlify%2flocal-functions-proxy-freebsd-arm64 set size:14699 disposed:false
1011 silly fetch manifest require-package-name@^2.0.1
1012 silly packumentCache full:https://registry.npmjs.org/require-package-name cache-miss
1013 http cache https://registry.npmjs.org/@netlify%2fbinary-info 24ms (cache hit)
1014 silly packumentCache full:https://registry.npmjs.org/@netlify%2fbinary-info set size:8057 disposed:false
1015 silly fetch manifest resolve@^2.0.0-next.1
1016 silly packumentCache full:https://registry.npmjs.org/resolve cache-hit
1017 silly fetch manifest tmp-promise@^3.0.2
1018 silly packumentCache full:https://registry.npmjs.org/tmp-promise cache-hit
1019 silly fetch manifest unixify@^1.0.0
1020 silly packumentCache full:https://registry.npmjs.org/unixify cache-miss
1021 http cache https://registry.npmjs.org/@babel%2fparser 33ms (cache hit)
1022 silly packumentCache full:https://registry.npmjs.org/@babel%2fparser set size:737961 disposed:false
1023 silly fetch manifest @octokit/core@^7.0.6
1024 silly packumentCache full:https://registry.npmjs.org/@octokit%2fcore cache-miss
1025 http cache https://registry.npmjs.org/@netlify%2fserverless-functions-api 32ms (cache hit)
1026 silly packumentCache full:https://registry.npmjs.org/@netlify%2fserverless-functions-api set size:523005 disposed:false
1027 silly fetch manifest @octokit/plugin-request-log@^6.0.0
1028 silly packumentCache full:https://registry.npmjs.org/@octokit%2fplugin-request-log cache-miss
1029 http cache https://registry.npmjs.org/@babel%2ftypes 40ms (cache hit)
1030 silly packumentCache full:https://registry.npmjs.org/@babel%2ftypes set size:502938 disposed:false
1031 silly fetch manifest @octokit/plugin-paginate-rest@^14.0.0
1032 silly packumentCache full:https://registry.npmjs.org/@octokit%2fplugin-paginate-rest cache-miss
1033 http cache https://registry.npmjs.org/@vercel%2fnft 41ms (cache hit)
1034 silly packumentCache full:https://registry.npmjs.org/@vercel%2fnft set size:592204 disposed:false
1035 silly fetch manifest @octokit/plugin-rest-endpoint-methods@^17.0.0
1036 silly packumentCache full:https://registry.npmjs.org/@octokit%2fplugin-rest-endpoint-methods cache-miss
1037 http cache https://registry.npmjs.org/copy-file 43ms (cache hit)
1038 silly packumentCache full:https://registry.npmjs.org/copy-file set size:8944 disposed:false
1039 silly fetch manifest enquirer@^2.3.6
1040 silly packumentCache full:https://registry.npmjs.org/enquirer cache-miss
1041 http cache https://registry.npmjs.org/archiver 45ms (cache hit)
1042 silly packumentCache full:https://registry.npmjs.org/archiver set size:169973 disposed:false
1043 silly fetch manifest minimist@^1.2.5
1044 silly packumentCache full:https://registry.npmjs.org/minimist cache-miss
1045 http cache https://registry.npmjs.org/is-path-inside 43ms (cache hit)
1046 silly packumentCache full:https://registry.npmjs.org/is-path-inside set size:23585 disposed:false
1047 silly fetch manifest untildify@^4.0.0
1048 silly packumentCache full:https://registry.npmjs.org/untildify cache-miss
1049 http cache https://registry.npmjs.org/es-module-lexer 47ms (cache hit)
1050 silly packumentCache full:https://registry.npmjs.org/es-module-lexer set size:212402 disposed:false
1051 silly fetch manifest environment@^1.0.0
1052 silly packumentCache full:https://registry.npmjs.org/environment cache-miss
1053 http cache https://registry.npmjs.org/fast-glob 49ms (cache hit)
1054 silly packumentCache full:https://registry.npmjs.org/fast-glob set size:220556 disposed:false
1055 silly fetch manifest entities@^2.2.0
1056 silly packumentCache full:https://registry.npmjs.org/entities cache-miss
1057 http cache https://registry.npmjs.org/junk 50ms (cache hit)
1058 silly packumentCache full:https://registry.npmjs.org/junk set size:27347 disposed:false
1059 silly fetch manifest precond@0.2
1060 silly packumentCache full:https://registry.npmjs.org/precond cache-miss
1061 http cache https://registry.npmjs.org/merge-options 50ms (cache hit)
1062 silly packumentCache full:https://registry.npmjs.org/merge-options set size:29796 disposed:false
1063 silly fetch manifest ansi-align@^3.0.1
1064 silly packumentCache full:https://registry.npmjs.org/ansi-align cache-miss
1065 http cache https://registry.npmjs.org/normalize-path 49ms (cache hit)
1066 silly packumentCache full:https://registry.npmjs.org/normalize-path set size:28713 disposed:false
1067 silly fetch manifest camelcase@^8.0.0
1068 silly packumentCache full:https://registry.npmjs.org/camelcase cache-miss
1069 http cache https://registry.npmjs.org/precinct 49ms (cache hit)
1070 silly packumentCache full:https://registry.npmjs.org/precinct set size:201241 disposed:false
1071 silly fetch manifest chalk@^5.3.0
1072 silly packumentCache full:https://registry.npmjs.org/chalk cache-hit
1073 silly fetch manifest cli-boxes@^3.0.0
1074 silly packumentCache full:https://registry.npmjs.org/cli-boxes cache-miss
1075 http cache https://registry.npmjs.org/require-package-name 50ms (cache hit)
1076 silly packumentCache full:https://registry.npmjs.org/require-package-name set size:6630 disposed:false
1077 silly fetch manifest string-width@^7.2.0
1078 silly packumentCache full:https://registry.npmjs.org/string-width cache-miss
1079 http cache https://registry.npmjs.org/@octokit%2fplugin-request-log 38ms (cache hit)
1080 silly packumentCache full:https://registry.npmjs.org/@octokit%2fplugin-request-log set size:44285 disposed:false
1081 silly fetch manifest type-fest@^4.21.0
1082 silly packumentCache full:https://registry.npmjs.org/type-fest cache-miss
1083 http cache https://registry.npmjs.org/unixify 51ms (cache hit)
1084 silly packumentCache full:https://registry.npmjs.org/unixify set size:10831 disposed:false
1085 silly fetch manifest widest-line@^5.0.0
1086 silly packumentCache full:https://registry.npmjs.org/widest-line cache-miss
1087 http cache https://registry.npmjs.org/@octokit%2fcore 46ms (cache hit)
1088 silly packumentCache full:https://registry.npmjs.org/@octokit%2fcore set size:277492 disposed:false
1089 silly fetch manifest wrap-ansi@^9.0.0
1090 silly packumentCache full:https://registry.npmjs.org/wrap-ansi cache-miss
1091 http cache https://registry.npmjs.org/@octokit%2fplugin-paginate-rest 39ms (cache hit)
1092 silly packumentCache full:https://registry.npmjs.org/@octokit%2fplugin-paginate-rest set size:386112 disposed:false
1093 silly fetch manifest readdirp@^4.0.1
1094 silly packumentCache full:https://registry.npmjs.org/readdirp cache-hit
1095 silly fetch manifest lodash.isempty@^4.4.0
1096 silly packumentCache full:https://registry.npmjs.org/lodash.isempty cache-miss
1097 http cache https://registry.npmjs.org/@octokit%2fplugin-rest-endpoint-methods 37ms (cache hit)
1098 silly packumentCache full:https://registry.npmjs.org/@octokit%2fplugin-rest-endpoint-methods set size:696537 disposed:false
1099 silly fetch manifest lodash.transform@^4.6.0
1100 silly packumentCache full:https://registry.npmjs.org/lodash.transform cache-miss
1101 http cache https://registry.npmjs.org/enquirer 41ms (cache hit)
1102 silly packumentCache full:https://registry.npmjs.org/enquirer set size:203040 disposed:false
1103 silly fetch manifest esprima@^4.0.1
1104 silly packumentCache full:https://registry.npmjs.org/esprima cache-miss
1105 http cache https://registry.npmjs.org/minimist 42ms (cache hit)
1106 silly packumentCache full:https://registry.npmjs.org/minimist set size:77063 disposed:false
1107 silly fetch manifest array-timsort@^1.0.3
1108 silly packumentCache full:https://registry.npmjs.org/array-timsort cache-miss
1109 http cache https://registry.npmjs.org/environment 38ms (cache hit)
1110 silly packumentCache full:https://registry.npmjs.org/environment set size:13915 disposed:false
1111 silly fetch manifest luxon@^3.2.1
1112 silly packumentCache full:https://registry.npmjs.org/luxon cache-miss
1113 http cache https://registry.npmjs.org/untildify 42ms (cache hit)
1114 silly packumentCache full:https://registry.npmjs.org/untildify set size:22319 disposed:false
1115 silly fetch manifest callsite@^1.0.0
1116 silly packumentCache full:https://registry.npmjs.org/callsite cache-miss
1117 http cache https://registry.npmjs.org/entities 38ms (cache hit)
1118 silly packumentCache full:https://registry.npmjs.org/entities set size:101550 disposed:false
1119 silly fetch manifest type-fest@^5.0.0
1120 silly packumentCache full:https://registry.npmjs.org/type-fest cache-miss
1121 http cache https://registry.npmjs.org/precond 38ms (cache hit)
1122 silly packumentCache full:https://registry.npmjs.org/precond set size:13943 disposed:false
1123 silly fetch manifest is-safe-filename@^0.1.0
1124 silly packumentCache full:https://registry.npmjs.org/is-safe-filename cache-miss
1125 http cache https://registry.npmjs.org/ansi-align 38ms (cache hit)
1126 silly packumentCache full:https://registry.npmjs.org/ansi-align set size:13890 disposed:false
1127 silly fetch manifest onetime@^5.1.2
1128 silly packumentCache full:https://registry.npmjs.org/onetime cache-miss
1129 http cache https://registry.npmjs.org/camelcase 37ms (cache hit)
1130 silly packumentCache full:https://registry.npmjs.org/camelcase set size:60255 disposed:false
1131 silly fetch manifest get-stream@^6.0.0
1132 silly packumentCache full:https://registry.npmjs.org/get-stream cache-miss
1133 http cache https://registry.npmjs.org/cli-boxes 36ms (cache hit)
1134 silly packumentCache full:https://registry.npmjs.org/cli-boxes set size:19853 disposed:false
1135 silly fetch manifest cross-spawn@^7.0.3
1136 silly packumentCache full:https://registry.npmjs.org/cross-spawn cache-miss
1137 http cache https://registry.npmjs.org/string-width 36ms (cache hit)
1138 silly packumentCache full:https://registry.npmjs.org/string-width set size:72458 disposed:false
1139 silly fetch manifest signal-exit@^3.0.3
1140 silly packumentCache full:https://registry.npmjs.org/signal-exit cache-miss
1141 http cache https://registry.npmjs.org/widest-line 34ms (cache hit)
1142 silly packumentCache full:https://registry.npmjs.org/widest-line set size:23158 disposed:false
1143 silly fetch manifest merge-stream@^2.0.0
1144 silly packumentCache full:https://registry.npmjs.org/merge-stream cache-miss
1145 http cache https://registry.npmjs.org/lodash.isempty 29ms (cache hit)
1146 silly packumentCache full:https://registry.npmjs.org/lodash.isempty set size:44013 disposed:false
1147 silly fetch manifest npm-run-path@^4.0.1
1148 silly packumentCache full:https://registry.npmjs.org/npm-run-path cache-miss
1149 http cache https://registry.npmjs.org/type-fest 39ms (cache hit)
1150 silly packumentCache full:https://registry.npmjs.org/type-fest set size:566201 disposed:false
1151 silly fetch manifest human-signals@^2.1.0
1152 silly packumentCache full:https://registry.npmjs.org/human-signals cache-miss
1153 http cache https://registry.npmjs.org/wrap-ansi 40ms (cache hit)
1154 silly packumentCache full:https://registry.npmjs.org/wrap-ansi set size:55299 disposed:false
1155 silly fetch manifest strip-final-newline@^2.0.0
1156 silly packumentCache full:https://registry.npmjs.org/strip-final-newline cache-miss
1157 http cache https://registry.npmjs.org/lodash.transform 33ms (cache hit)
1158 silly packumentCache full:https://registry.npmjs.org/lodash.transform set size:52158 disposed:false
1159 silly fetch manifest qs@^6.14.0
1160 silly packumentCache full:https://registry.npmjs.org/qs cache-miss
1161 http cache https://registry.npmjs.org/esprima 37ms (cache hit)
1162 silly packumentCache full:https://registry.npmjs.org/esprima set size:118410 disposed:false
1163 silly fetch manifest depd@^2.0.0
1164 silly packumentCache full:https://registry.npmjs.org/depd cache-miss
1165 http cache https://registry.npmjs.org/array-timsort 38ms (cache hit)
1166 silly packumentCache full:https://registry.npmjs.org/array-timsort set size:21524 disposed:false
1167 silly fetch manifest send@^1.1.0
1168 silly packumentCache full:https://registry.npmjs.org/send cache-miss
1169 http cache https://registry.npmjs.org/callsite 37ms (cache hit)
1170 silly packumentCache full:https://registry.npmjs.org/callsite set size:4251 disposed:false
1171 silly fetch manifest vary@^1.1.2
1172 silly packumentCache full:https://registry.npmjs.org/vary cache-miss
1173 http cache https://registry.npmjs.org/luxon 39ms (cache hit)
1174 silly packumentCache full:https://registry.npmjs.org/luxon set size:511002 disposed:false
1175 silly fetch manifest fresh@^2.0.0
1176 silly packumentCache full:https://registry.npmjs.org/fresh cache-miss
1177 http cache https://registry.npmjs.org/type-fest 41ms (cache hit)
1178 silly packumentCache full:https://registry.npmjs.org/type-fest set size:566201 disposed:false
1179 silly packumentCache full:https://registry.npmjs.org/type-fest dispose
1180 silly fetch manifest cookie@^0.7.1
1181 silly packumentCache full:https://registry.npmjs.org/cookie cache-hit
1182 silly fetch manifest router@^2.2.0
1183 silly packumentCache full:https://registry.npmjs.org/router cache-miss
1184 http cache https://registry.npmjs.org/is-safe-filename 44ms (cache hit)
1185 silly packumentCache full:https://registry.npmjs.org/is-safe-filename set size:5832 disposed:false
1186 silly fetch manifest accepts@^2.0.0
1187 silly packumentCache full:https://registry.npmjs.org/accepts cache-miss
1188 http cache https://registry.npmjs.org/onetime 43ms (cache hit)
1189 silly packumentCache full:https://registry.npmjs.org/onetime set size:32314 disposed:false
1190 silly fetch manifest type-is@^2.0.1
1191 silly packumentCache full:https://registry.npmjs.org/type-is cache-miss
1192 http cache https://registry.npmjs.org/get-stream 43ms (cache hit)
1193 silly packumentCache full:https://registry.npmjs.org/get-stream set size:57536 disposed:false
1194 silly fetch manifest parseurl@^1.3.3
1195 silly packumentCache full:https://registry.npmjs.org/parseurl cache-miss
1196 http cache https://registry.npmjs.org/cross-spawn 42ms (cache hit)
1197 silly packumentCache full:https://registry.npmjs.org/cross-spawn set size:109066 disposed:false
1198 silly fetch manifest statuses@^2.0.1
1199 silly packumentCache full:https://registry.npmjs.org/statuses cache-miss
1200 http cache https://registry.npmjs.org/signal-exit 43ms (cache hit)
1201 silly packumentCache full:https://registry.npmjs.org/signal-exit set size:53489 disposed:false
1202 silly fetch manifest encodeurl@^2.0.0
1203 silly packumentCache full:https://registry.npmjs.org/encodeurl cache-miss
1204 http cache https://registry.npmjs.org/merge-stream 57ms (cache hit)
1205 silly packumentCache full:https://registry.npmjs.org/merge-stream set size:22168 disposed:false
1206 silly fetch manifest mime-types@^3.0.0
1207 silly packumentCache full:https://registry.npmjs.org/mime-types cache-miss
1208 http cache https://registry.npmjs.org/human-signals 50ms (cache hit)
1209 silly packumentCache full:https://registry.npmjs.org/human-signals set size:47322 disposed:false
1210 silly fetch manifest proxy-addr@^2.0.7
1211 silly packumentCache full:https://registry.npmjs.org/proxy-addr cache-miss
1212 http cache https://registry.npmjs.org/strip-final-newline 50ms (cache hit)
1213 silly packumentCache full:https://registry.npmjs.org/strip-final-newline set size:9328 disposed:false
1214 silly fetch manifest body-parser@^2.2.1
1215 silly packumentCache full:https://registry.npmjs.org/body-parser cache-miss
1216 http cache https://registry.npmjs.org/npm-run-path 58ms (cache hit)
1217 silly packumentCache full:https://registry.npmjs.org/npm-run-path set size:33596 disposed:false
1218 silly fetch manifest escape-html@^1.0.3
1219 silly packumentCache full:https://registry.npmjs.org/escape-html cache-miss
1220 http cache https://registry.npmjs.org/qs 51ms (cache hit)
1221 silly packumentCache full:https://registry.npmjs.org/qs set size:360318 disposed:false
1222 silly fetch manifest http-errors@^2.0.0
1223 silly packumentCache full:https://registry.npmjs.org/http-errors cache-miss
1224 http cache https://registry.npmjs.org/depd 47ms (cache hit)
1225 silly packumentCache full:https://registry.npmjs.org/depd set size:40182 disposed:false
1226 silly fetch manifest on-finished@^2.4.1
1227 silly packumentCache full:https://registry.npmjs.org/on-finished cache-miss
1228 http cache https://registry.npmjs.org/send 47ms (cache hit)
1229 silly packumentCache full:https://registry.npmjs.org/send set size:152810 disposed:false
1230 silly fetch manifest finalhandler@^2.1.0
1231 silly packumentCache full:https://registry.npmjs.org/finalhandler cache-miss
1232 http cache https://registry.npmjs.org/fresh 44ms (cache hit)
1233 silly packumentCache full:https://registry.npmjs.org/fresh set size:25427 disposed:false
1234 silly fetch manifest range-parser@^1.2.1
1235 silly packumentCache full:https://registry.npmjs.org/range-parser cache-miss
1236 http cache https://registry.npmjs.org/vary 50ms (cache hit)
1237 silly packumentCache full:https://registry.npmjs.org/vary set size:15994 disposed:false
1238 silly fetch manifest serve-static@^2.2.0
1239 silly packumentCache full:https://registry.npmjs.org/serve-static cache-miss
1240 http cache https://registry.npmjs.org/router 42ms (cache hit)
1241 silly packumentCache full:https://registry.npmjs.org/router set size:116499 disposed:false
1242 silly fetch manifest cookie-signature@^1.2.1
1243 silly packumentCache full:https://registry.npmjs.org/cookie-signature cache-miss
1244 http cache https://registry.npmjs.org/type-is 42ms (cache hit)
1245 silly packumentCache full:https://registry.npmjs.org/type-is set size:88614 disposed:false
1246 silly fetch manifest merge-descriptors@^2.0.0
1247 silly packumentCache full:https://registry.npmjs.org/merge-descriptors cache-miss
1248 http cache https://registry.npmjs.org/accepts 45ms (cache hit)
1249 silly packumentCache full:https://registry.npmjs.org/accepts set size:77054 disposed:false
1250 silly fetch manifest content-disposition@^1.0.0
1251 silly packumentCache full:https://registry.npmjs.org/content-disposition cache-hit
1252 silly fetch manifest on-headers@^1.0.0
1253 silly packumentCache full:https://registry.npmjs.org/on-headers cache-miss
1254 http cache https://registry.npmjs.org/parseurl 44ms (cache hit)
1255 silly packumentCache full:https://registry.npmjs.org/parseurl set size:24148 disposed:false
1256 silly fetch manifest pino@^9.14.0 || ^10.1.0
1257 silly packumentCache full:https://registry.npmjs.org/pino cache-miss
1258 http cache https://registry.npmjs.org/encodeurl 41ms (cache hit)
1259 silly packumentCache full:https://registry.npmjs.org/encodeurl set size:12296 disposed:false
1260 silly fetch manifest rfdc@^1.3.1
1261 silly packumentCache full:https://registry.npmjs.org/rfdc cache-hit
1262 silly fetch manifest avvio@^9.0.0
1263 silly packumentCache full:https://registry.npmjs.org/avvio cache-miss
1264 http cache https://registry.npmjs.org/statuses 46ms (cache hit)
1265 silly packumentCache full:https://registry.npmjs.org/statuses set size:37117 disposed:false
1266 silly fetch manifest toad-cache@^3.7.0
1267 silly packumentCache full:https://registry.npmjs.org/toad-cache cache-miss
1268 http cache https://registry.npmjs.org/escape-html 27ms (cache hit)
1269 silly packumentCache full:https://registry.npmjs.org/escape-html set size:7345 disposed:false
1270 silly fetch manifest find-my-way@^9.6.0
1271 silly packumentCache full:https://registry.npmjs.org/find-my-way cache-miss
1272 http cache https://registry.npmjs.org/mime-types 31ms (cache hit)
1273 silly packumentCache full:https://registry.npmjs.org/mime-types set size:139110 disposed:false
1274 silly fetch manifest process-warning@^5.1.0
1275 silly packumentCache full:https://registry.npmjs.org/process-warning cache-miss
1276 http cache https://registry.npmjs.org/proxy-addr 32ms (cache hit)
1277 silly packumentCache full:https://registry.npmjs.org/proxy-addr set size:61619 disposed:false
1278 silly fetch manifest abstract-logging@^2.0.1
1279 silly packumentCache full:https://registry.npmjs.org/abstract-logging cache-miss
1280 http cache https://registry.npmjs.org/body-parser 33ms (cache hit)
1281 silly packumentCache full:https://registry.npmjs.org/body-parser set size:204559 disposed:false
1282 silly fetch manifest light-my-request@^6.0.0
1283 silly packumentCache full:https://registry.npmjs.org/light-my-request cache-miss
1284 http cache https://registry.npmjs.org/http-errors 30ms (cache hit)
1285 silly packumentCache full:https://registry.npmjs.org/http-errors set size:71987 disposed:false
1286 silly fetch manifest secure-json-parse@^4.0.0
1287 silly packumentCache full:https://registry.npmjs.org/secure-json-parse cache-miss
1288 http cache https://registry.npmjs.org/finalhandler 29ms (cache hit)
1289 silly packumentCache full:https://registry.npmjs.org/finalhandler set size:79291 disposed:false
1290 silly fetch manifest @fastify/proxy-addr@^5.0.0
1291 silly packumentCache full:https://registry.npmjs.org/@fastify%2fproxy-addr cache-miss
1292 http cache https://registry.npmjs.org/on-finished 31ms (cache hit)
1293 silly packumentCache full:https://registry.npmjs.org/on-finished set size:23212 disposed:false
1294 silly fetch manifest fast-json-stringify@^7.0.0
1295 silly packumentCache full:https://registry.npmjs.org/fast-json-stringify cache-miss
1296 http cache https://registry.npmjs.org/range-parser 30ms (cache hit)
1297 silly packumentCache full:https://registry.npmjs.org/range-parser set size:24852 disposed:false
1298 silly fetch manifest @fastify/ajv-compiler@^4.0.5
1299 silly packumentCache full:https://registry.npmjs.org/@fastify%2fajv-compiler cache-miss
1300 http cache https://registry.npmjs.org/serve-static 30ms (cache hit)
1301 silly packumentCache full:https://registry.npmjs.org/serve-static set size:150391 disposed:false
1302 silly fetch manifest @fastify/fast-json-stringify-compiler@^5.0.0
1303 silly packumentCache full:https://registry.npmjs.org/@fastify%2ffast-json-stringify-compiler cache-miss
1304 http cache https://registry.npmjs.org/cookie-signature 29ms (cache hit)
1305 silly packumentCache full:https://registry.npmjs.org/cookie-signature set size:21777 disposed:false
1306 silly fetch manifest unicorn-magic@^0.3.0
1307 silly packumentCache full:https://registry.npmjs.org/unicorn-magic cache-miss
1308 http cache https://registry.npmjs.org/on-headers 26ms (cache hit)
1309 silly packumentCache full:https://registry.npmjs.org/on-headers set size:13226 disposed:false
1310 silly fetch manifest from2@^2.1.0
1311 silly packumentCache full:https://registry.npmjs.org/from2 cache-miss
1312 http cache https://registry.npmjs.org/merge-descriptors 29ms (cache hit)
1313 silly packumentCache full:https://registry.npmjs.org/merge-descriptors set size:16527 disposed:false
1314 silly fetch manifest ini@^1.3.2
1315 silly packumentCache full:https://registry.npmjs.org/ini cache-miss
1316 http cache https://registry.npmjs.org/pino 29ms (cache hit)
1317 silly packumentCache full:https://registry.npmjs.org/pino set size:1274379 disposed:false
1318 silly fetch manifest eventemitter3@^4.0.0
1319 silly packumentCache full:https://registry.npmjs.org/eventemitter3 cache-miss
1320 http cache https://registry.npmjs.org/avvio 35ms (cache hit)
1321 silly packumentCache full:https://registry.npmjs.org/avvio set size:225680 disposed:false
1322 silly fetch manifest requires-port@^1.0.0
1323 silly packumentCache full:https://registry.npmjs.org/requires-port cache-miss
1324 http cache https://registry.npmjs.org/toad-cache 36ms (cache hit)
1325 silly packumentCache full:https://registry.npmjs.org/toad-cache set size:111844 disposed:false
1326 silly fetch manifest follow-redirects@^1.0.0
1327 silly packumentCache full:https://registry.npmjs.org/follow-redirects cache-miss
1328 http cache https://registry.npmjs.org/abstract-logging 34ms (cache hit)
1329 silly packumentCache full:https://registry.npmjs.org/abstract-logging set size:8352 disposed:false
1330 silly fetch manifest is-glob@^4.0.3
1331 silly packumentCache full:https://registry.npmjs.org/is-glob cache-miss
1332 http cache https://registry.npmjs.org/process-warning 37ms (cache hit)
1333 silly packumentCache full:https://registry.npmjs.org/process-warning set size:36826 disposed:false
1334 silly fetch manifest micromatch@^4.0.8
1335 silly packumentCache full:https://registry.npmjs.org/micromatch cache-miss
1336 http cache https://registry.npmjs.org/find-my-way 40ms (cache hit)
1337 silly packumentCache full:https://registry.npmjs.org/find-my-way set size:340392 disposed:false
1338 silly fetch manifest is-plain-object@^5.0.0
1339 silly packumentCache full:https://registry.npmjs.org/is-plain-object cache-miss
1340 http cache https://registry.npmjs.org/light-my-request 37ms (cache hit)
1341 silly packumentCache full:https://registry.npmjs.org/light-my-request set size:237742 disposed:false
1342 silly fetch manifest @types/http-proxy@^1.17.15
1343 silly packumentCache full:https://registry.npmjs.org/@types%2fhttp-proxy cache-miss
1344 http cache https://registry.npmjs.org/secure-json-parse 38ms (cache hit)
1345 silly packumentCache full:https://registry.npmjs.org/secure-json-parse set size:50545 disposed:false
1346 silly fetch manifest agent-base@8.0.0
1347 silly packumentCache full:https://registry.npmjs.org/agent-base cache-miss
1348 http cache https://registry.npmjs.org/@fastify%2fproxy-addr 37ms (cache hit)
1349 silly packumentCache full:https://registry.npmjs.org/@fastify%2fproxy-addr set size:21125 disposed:false
1350 silly fetch manifest ora@^5.4.1
1351 silly packumentCache full:https://registry.npmjs.org/ora cache-miss
1352 http cache https://registry.npmjs.org/fast-json-stringify 39ms (cache hit)
1353 silly packumentCache full:https://registry.npmjs.org/fast-json-stringify set size:516744 disposed:false
1354 silly fetch manifest rxjs@^7.5.5
1355 silly packumentCache full:https://registry.npmjs.org/rxjs cache-miss
1356 http cache https://registry.npmjs.org/@fastify%2fajv-compiler 42ms (cache hit)
1357 silly packumentCache full:https://registry.npmjs.org/@fastify%2fajv-compiler set size:78037 disposed:false
1358 silly fetch manifest chalk@^4.1.1
1359 silly packumentCache full:https://registry.npmjs.org/chalk cache-hit
1360 silly fetch manifest lodash@^4.17.21
1361 silly packumentCache full:https://registry.npmjs.org/lodash cache-miss
1362 http cache https://registry.npmjs.org/unicorn-magic 42ms (cache hit)
1363 silly packumentCache full:https://registry.npmjs.org/unicorn-magic set size:9139 disposed:false
1364 silly fetch manifest figures@^3.0.0
1365 silly packumentCache full:https://registry.npmjs.org/figures cache-hit
1366 silly fetch manifest through@^2.3.6
1367 silly packumentCache full:https://registry.npmjs.org/through cache-miss
1368 http cache https://registry.npmjs.org/@fastify%2ffast-json-stringify-compiler 44ms (cache hit)
1369 silly packumentCache full:https://registry.npmjs.org/@fastify%2ffast-json-stringify-compiler set size:56575 disposed:false
1370 silly fetch manifest cli-width@^3.0.0
1371 silly packumentCache full:https://registry.npmjs.org/cli-width cache-miss
1372 http cache https://registry.npmjs.org/from2 43ms (cache hit)
1373 silly packumentCache full:https://registry.npmjs.org/from2 set size:26474 disposed:false
1374 silly fetch manifest run-async@^2.4.0
1375 silly packumentCache full:https://registry.npmjs.org/run-async cache-miss
1376 http cache https://registry.npmjs.org/ini 43ms (cache hit)
1377 silly packumentCache full:https://registry.npmjs.org/ini set size:59124 disposed:false
1378 silly fetch manifest wrap-ansi@^6.0.1
1379 silly packumentCache full:https://registry.npmjs.org/wrap-ansi cache-hit
1380 silly fetch manifest cli-cursor@^3.1.0
1381 silly packumentCache full:https://registry.npmjs.org/cli-cursor cache-miss
1382 http cache https://registry.npmjs.org/eventemitter3 36ms (cache hit)
1383 silly packumentCache full:https://registry.npmjs.org/eventemitter3 set size:92292 disposed:false
1384 silly fetch manifest mute-stream@0.0.8
1385 silly packumentCache full:https://registry.npmjs.org/mute-stream cache-miss
1386 http cache https://registry.npmjs.org/follow-redirects 32ms (cache hit)
1387 silly packumentCache full:https://registry.npmjs.org/follow-redirects set size:188945 disposed:false
1388 silly fetch manifest ansi-escapes@^4.2.1
1389 silly packumentCache full:https://registry.npmjs.org/ansi-escapes cache-hit
1390 silly fetch manifest @inquirer/external-editor@^1.0.0
1391 silly packumentCache full:https://registry.npmjs.org/@inquirer%2fexternal-editor cache-miss
1392 http cache https://registry.npmjs.org/requires-port 39ms (cache hit)
1393 silly packumentCache full:https://registry.npmjs.org/requires-port set size:8110 disposed:false
1394 silly fetch manifest ansi-escapes@^4.3.1
1395 silly packumentCache full:https://registry.npmjs.org/ansi-escapes cache-hit
1396 silly fetch manifest chalk@^4.0.0
1397 silly packumentCache full:https://registry.npmjs.org/chalk cache-hit
1398 silly fetch manifest figures@^3.2.0
1399 silly packumentCache full:https://registry.npmjs.org/figures cache-hit
1400 silly fetch manifest run-async@^2.4.0
1401 silly packumentCache full:https://registry.npmjs.org/run-async cache-miss
1402 http cache https://registry.npmjs.org/is-glob 36ms (cache hit)
1403 silly packumentCache full:https://registry.npmjs.org/is-glob set size:40530 disposed:false
1404 silly fetch manifest rxjs@^6.6.2
1405 silly packumentCache full:https://registry.npmjs.org/rxjs cache-miss
1406 http cache https://registry.npmjs.org/micromatch 37ms (cache hit)
1407 silly packumentCache full:https://registry.npmjs.org/micromatch set size:240630 disposed:false
1408 silly fetch manifest is-inside-container@^1.0.0
1409 silly packumentCache full:https://registry.npmjs.org/is-inside-container cache-miss
1410 http cache https://registry.npmjs.org/is-plain-object 37ms (cache hit)
1411 silly packumentCache full:https://registry.npmjs.org/is-plain-object set size:47016 disposed:false
1412 silly fetch manifest commander@^10.0.1
1413 silly packumentCache full:https://registry.npmjs.org/commander cache-hit
1414 silly fetch manifest dotenv@^16.3.1
1415 silly packumentCache full:https://registry.npmjs.org/dotenv cache-hit
1416 silly fetch manifest winston@^3.10.0
1417 silly packumentCache full:https://registry.npmjs.org/winston cache-miss
1418 http cache https://registry.npmjs.org/agent-base 44ms (cache hit)
1419 silly packumentCache full:https://registry.npmjs.org/agent-base set size:72085 disposed:false
1420 silly fetch manifest wrap-ansi@^10.0.0
1421 silly packumentCache full:https://registry.npmjs.org/wrap-ansi cache-hit
1422 silly fetch manifest cli-cursor@^5.0.0
1423 silly packumentCache full:https://registry.npmjs.org/cli-cursor cache-miss
1424 http cache https://registry.npmjs.org/@types%2fhttp-proxy 48ms (cache hit)
1425 silly packumentCache full:https://registry.npmjs.org/@types%2fhttp-proxy set size:58652 disposed:false
1426 silly fetch manifest slice-ansi@^8.0.0
1427 silly packumentCache full:https://registry.npmjs.org/slice-ansi cache-miss
1428 http cache https://registry.npmjs.org/ora 47ms (cache hit)
1429 silly packumentCache full:https://registry.npmjs.org/ora set size:147148 disposed:false
1430 silly fetch manifest strip-ansi@^7.2.0
1431 silly packumentCache full:https://registry.npmjs.org/strip-ansi cache-miss
1432 http cache https://registry.npmjs.org/lodash 43ms (cache hit)
1433 silly packumentCache full:https://registry.npmjs.org/lodash set size:247652 disposed:false
1434 silly fetch manifest pump@^1.0.0
1435 silly packumentCache full:https://registry.npmjs.org/pump cache-miss
1436 http cache https://registry.npmjs.org/rxjs 49ms (cache hit)
1437 silly packumentCache full:https://registry.npmjs.org/rxjs set size:1028301 disposed:false
1438 silly fetch manifest split2@^1.0.0
1439 silly packumentCache full:https://registry.npmjs.org/split2 cache-miss
1440 http cache https://registry.npmjs.org/through 52ms (cache hit)
1441 silly packumentCache full:https://registry.npmjs.org/through set size:38387 disposed:false
1442 silly fetch manifest through2@^2.0.0
1443 silly packumentCache full:https://registry.npmjs.org/through2 cache-miss
1444 http cache https://registry.npmjs.org/cli-width 53ms (cache hit)
1445 silly packumentCache full:https://registry.npmjs.org/cli-width set size:24976 disposed:false
1446 silly fetch manifest http-errors@2.0.0
1447 silly packumentCache full:https://registry.npmjs.org/http-errors cache-hit
1448 silly fetch manifest uid-safe@2.1.5
1449 silly packumentCache full:https://registry.npmjs.org/uid-safe cache-miss
1450 http cache https://registry.npmjs.org/cli-cursor 52ms (cache hit)
1451 silly packumentCache full:https://registry.npmjs.org/cli-cursor set size:18913 disposed:false
1452 silly fetch manifest hosted-git-info@^8.0.0
1453 silly packumentCache full:https://registry.npmjs.org/hosted-git-info cache-miss
1454 http cache https://registry.npmjs.org/mute-stream 60ms (cache hit)
1455 silly packumentCache full:https://registry.npmjs.org/mute-stream set size:24413 disposed:false
1456 silly fetch manifest validate-npm-package-license@^3.0.4
1457 silly packumentCache full:https://registry.npmjs.org/validate-npm-package-license cache-miss
1458 http cache https://registry.npmjs.org/run-async 66ms (cache hit)
1459 silly packumentCache full:https://registry.npmjs.org/run-async set size:30788 disposed:false
1460 silly fetch manifest is-in-ssh@^1.0.0
1461 silly packumentCache full:https://registry.npmjs.org/is-in-ssh cache-miss
1462 http cache https://registry.npmjs.org/is-inside-container 53ms (cache hit)
1463 silly packumentCache full:https://registry.npmjs.org/is-inside-container set size:4403 disposed:false
1464 silly fetch manifest wsl-utils@^1.0.0
1465 silly packumentCache full:https://registry.npmjs.org/wsl-utils cache-miss
1466 http cache https://registry.npmjs.org/run-async 58ms (cache hit)
1467 silly packumentCache full:https://registry.npmjs.org/run-async set size:30788 disposed:false
1468 silly packumentCache full:https://registry.npmjs.org/run-async dispose
1469 silly fetch manifest default-browser@^5.4.0
1470 silly packumentCache full:https://registry.npmjs.org/default-browser cache-miss
1471 http cache https://registry.npmjs.org/@inquirer%2fexternal-editor 63ms (cache hit)
1472 silly packumentCache full:https://registry.npmjs.org/@inquirer%2fexternal-editor set size:41046 disposed:false
1473 silly fetch manifest define-lazy-prop@^3.0.0
1474 silly packumentCache full:https://registry.npmjs.org/define-lazy-prop cache-miss
1475 http cache https://registry.npmjs.org/rxjs 62ms (cache hit)
1476 silly packumentCache full:https://registry.npmjs.org/rxjs set size:1028301 disposed:false
1477 silly fetch manifest powershell-utils@^0.2.0
1478 silly packumentCache full:https://registry.npmjs.org/powershell-utils cache-miss
1479 http cache https://registry.npmjs.org/winston 61ms (cache hit)
1480 silly packumentCache full:https://registry.npmjs.org/winston set size:276467 disposed:false
1481 silly fetch manifest p-map@^7.0.1
1482 silly packumentCache full:https://registry.npmjs.org/p-map cache-hit
1483 silly fetch manifest cyclist@^1.0.1
1484 silly packumentCache full:https://registry.npmjs.org/cyclist cache-miss
1485 http cache https://registry.npmjs.org/cli-cursor 54ms (cache hit)
1486 silly packumentCache full:https://registry.npmjs.org/cli-cursor set size:18913 disposed:false
1487 silly packumentCache full:https://registry.npmjs.org/cli-cursor dispose
1488 silly fetch manifest readable-stream@^2.1.5
1489 silly packumentCache full:https://registry.npmjs.org/readable-stream cache-miss
1490 http cache https://registry.npmjs.org/strip-ansi 51ms (cache hit)
1491 silly packumentCache full:https://registry.npmjs.org/strip-ansi set size:44998 disposed:false
1492 silly fetch manifest pgpass@1.0.5
1493 silly packumentCache full:https://registry.npmjs.org/pgpass cache-miss
1494 http cache https://registry.npmjs.org/slice-ansi 56ms (cache hit)
1495 silly packumentCache full:https://registry.npmjs.org/slice-ansi set size:36418 disposed:false
1496 silly fetch manifest pg-pool@^3.14.0
1497 silly packumentCache full:https://registry.npmjs.org/pg-pool cache-miss
1498 http cache https://registry.npmjs.org/pump 52ms (cache hit)
1499 silly packumentCache full:https://registry.npmjs.org/pump set size:41178 disposed:false
1500 silly fetch manifest pg-types@2.2.0
1501 silly packumentCache full:https://registry.npmjs.org/pg-types cache-miss
1502 http cache https://registry.npmjs.org/uid-safe 41ms (cache hit)
1503 silly packumentCache full:https://registry.npmjs.org/uid-safe set size:27213 disposed:false
1504 silly fetch manifest pg-protocol@^1.16.0
1505 silly packumentCache full:https://registry.npmjs.org/pg-protocol cache-miss
1506 http cache https://registry.npmjs.org/through2 44ms (cache hit)
1507 silly packumentCache full:https://registry.npmjs.org/through2 set size:127176 disposed:false
1508 silly fetch manifest pg-connection-string@^2.14.0
1509 silly packumentCache full:https://registry.npmjs.org/pg-connection-string cache-miss
1510 http cache https://registry.npmjs.org/split2 48ms (cache hit)
1511 silly packumentCache full:https://registry.npmjs.org/split2 set size:47438 disposed:false
1512 silly fetch manifest pg-cloudflare@^1.4.0
1513 silly packumentCache full:https://registry.npmjs.org/pg-cloudflare cache-miss
1514 http cache https://registry.npmjs.org/hosted-git-info 45ms (cache hit)
1515 silly packumentCache full:https://registry.npmjs.org/hosted-git-info set size:190140 disposed:false
1516 silly fetch manifest colors@1.4.0
1517 silly packumentCache full:https://registry.npmjs.org/colors cache-miss
1518 http cache https://registry.npmjs.org/validate-npm-package-license 37ms (cache hit)
1519 silly packumentCache full:https://registry.npmjs.org/validate-npm-package-license set size:21821 disposed:false
1520 silly fetch manifest minimist@^1.2.0
1521 silly packumentCache full:https://registry.npmjs.org/minimist cache-hit
1522 silly fetch manifest bytes@~3.1.2
1523 silly packumentCache full:https://registry.npmjs.org/bytes cache-miss
1524 http cache https://registry.npmjs.org/is-in-ssh 37ms (cache hit)
1525 silly packumentCache full:https://registry.npmjs.org/is-in-ssh set size:3973 disposed:false
1526 silly fetch manifest unpipe@~1.0.0
1527 silly packumentCache full:https://registry.npmjs.org/unpipe cache-miss
1528 http cache https://registry.npmjs.org/wsl-utils 37ms (cache hit)
1529 silly packumentCache full:https://registry.npmjs.org/wsl-utils set size:17165 disposed:false
1530 silly fetch manifest iconv-lite@~0.7.0
1531 silly packumentCache full:https://registry.npmjs.org/iconv-lite cache-miss
1532 http cache https://registry.npmjs.org/default-browser 38ms (cache hit)
1533 silly packumentCache full:https://registry.npmjs.org/default-browser set size:31475 disposed:false
1534 silly fetch manifest http-errors@~2.0.1
1535 silly packumentCache full:https://registry.npmjs.org/http-errors cache-hit
1536 silly fetch manifest find-up-simple@^1.0.1
1537 silly packumentCache full:https://registry.npmjs.org/find-up-simple cache-miss
1538 http cache https://registry.npmjs.org/define-lazy-prop 37ms (cache hit)
1539 silly packumentCache full:https://registry.npmjs.org/define-lazy-prop set size:9337 disposed:false
1540 silly fetch manifest read-pkg@^10.0.0
1541 silly packumentCache full:https://registry.npmjs.org/read-pkg cache-hit
1542 silly fetch manifest type-fest@^5.2.0
1543 silly packumentCache full:https://registry.npmjs.org/type-fest cache-hit
1544 silly fetch manifest buffer-from@^1.0.0
1545 silly packumentCache full:https://registry.npmjs.org/buffer-from cache-miss
1546 http cache https://registry.npmjs.org/powershell-utils 33ms (cache hit)
1547 silly packumentCache full:https://registry.npmjs.org/powershell-utils set size:9284 disposed:false
1548 silly fetch manifest source-map@^0.6.0
1549 silly packumentCache full:https://registry.npmjs.org/source-map cache-miss
1550 http cache https://registry.npmjs.org/cyclist 30ms (cache hit)
1551 silly packumentCache full:https://registry.npmjs.org/cyclist set size:11436 disposed:false
1552 silly fetch manifest supports-hyperlinks@^4.1.0
1553 silly packumentCache full:https://registry.npmjs.org/supports-hyperlinks cache-miss
1554 http cache https://registry.npmjs.org/readable-stream 31ms (cache hit)
1555 silly packumentCache full:https://registry.npmjs.org/readable-stream set size:261096 disposed:false
1556 silly fetch manifest pupa@^3.1.0
1557 silly packumentCache full:https://registry.npmjs.org/pupa cache-miss
1558 http cache https://registry.npmjs.org/pgpass 33ms (cache hit)
1559 silly packumentCache full:https://registry.npmjs.org/pgpass set size:28590 disposed:false
1560 silly fetch manifest is-npm@^6.0.0
1561 silly packumentCache full:https://registry.npmjs.org/is-npm cache-miss
1562 http cache https://registry.npmjs.org/pg-pool 32ms (cache hit)
1563 silly packumentCache full:https://registry.npmjs.org/pg-pool set size:132010 disposed:false
1564 silly fetch manifest is-in-ci@^1.0.0
1565 silly packumentCache full:https://registry.npmjs.org/is-in-ci cache-miss
1566 http cache https://registry.npmjs.org/pg-types 33ms (cache hit)
1567 silly packumentCache full:https://registry.npmjs.org/pg-types set size:51397 disposed:false
1568 silly fetch manifest configstore@^7.0.0
1569 silly packumentCache full:https://registry.npmjs.org/configstore cache-miss
1570 http cache https://registry.npmjs.org/pg-protocol 34ms (cache hit)
1571 silly packumentCache full:https://registry.npmjs.org/pg-protocol set size:57363 disposed:false
1572 silly fetch manifest xdg-basedir@^5.1.0
1573 silly packumentCache full:https://registry.npmjs.org/xdg-basedir cache-miss
1574 http cache https://registry.npmjs.org/pg-cloudflare 32ms (cache hit)
1575 silly packumentCache full:https://registry.npmjs.org/pg-cloudflare set size:22655 disposed:false
1576 silly fetch manifest latest-version@^9.0.0
1577 silly packumentCache full:https://registry.npmjs.org/latest-version cache-miss
1578 http cache https://registry.npmjs.org/pg-connection-string 35ms (cache hit)
1579 silly packumentCache full:https://registry.npmjs.org/pg-connection-string set size:78715 disposed:false
1580 silly fetch manifest is-installed-globally@^1.0.0
1581 silly packumentCache full:https://registry.npmjs.org/is-installed-globally cache-miss
1582 http cache https://registry.npmjs.org/colors 31ms (cache hit)
1583 silly packumentCache full:https://registry.npmjs.org/colors set size:55711 disposed:false
1584 silly fetch manifest imurmurhash@^0.1.4
1585 silly packumentCache full:https://registry.npmjs.org/imurmurhash cache-miss
1586 http cache https://registry.npmjs.org/bytes 31ms (cache hit)
1587 silly packumentCache full:https://registry.npmjs.org/bytes set size:37018 disposed:false
1588 silly fetch manifest signal-exit@^4.0.1
1589 silly packumentCache full:https://registry.npmjs.org/signal-exit cache-hit
1590 silly fetch manifest pend@~1.2.0
1591 silly packumentCache full:https://registry.npmjs.org/pend cache-miss
1592 http cache https://registry.npmjs.org/unpipe 31ms (cache hit)
1593 silly packumentCache full:https://registry.npmjs.org/unpipe set size:3609 disposed:false
1594 http cache https://registry.npmjs.org/iconv-lite 30ms (cache hit)
1595 silly packumentCache full:https://registry.npmjs.org/iconv-lite set size:126462 disposed:false
1596 http cache https://registry.npmjs.org/buffer-from 28ms (cache hit)
1597 silly packumentCache full:https://registry.npmjs.org/buffer-from set size:15463 disposed:false
1598 http cache https://registry.npmjs.org/find-up-simple 31ms (cache hit)
1599 silly packumentCache full:https://registry.npmjs.org/find-up-simple set size:6677 disposed:false
1600 http cache https://registry.npmjs.org/supports-hyperlinks 28ms (cache hit)
1601 silly packumentCache full:https://registry.npmjs.org/supports-hyperlinks set size:38477 disposed:false
1602 http cache https://registry.npmjs.org/source-map 30ms (cache hit)
1603 silly packumentCache full:https://registry.npmjs.org/source-map set size:231637 disposed:false
1604 http cache https://registry.npmjs.org/is-npm 27ms (cache hit)
1605 silly packumentCache full:https://registry.npmjs.org/is-npm set size:19322 disposed:false
1606 http cache https://registry.npmjs.org/pupa 29ms (cache hit)
1607 silly packumentCache full:https://registry.npmjs.org/pupa set size:27054 disposed:false
1608 http cache https://registry.npmjs.org/is-in-ci 26ms (cache hit)
1609 silly packumentCache full:https://registry.npmjs.org/is-in-ci set size:7891 disposed:false
1610 http cache https://registry.npmjs.org/configstore 25ms (cache hit)
1611 silly packumentCache full:https://registry.npmjs.org/configstore set size:82080 disposed:false
1612 http cache https://registry.npmjs.org/xdg-basedir 25ms (cache hit)
1613 silly packumentCache full:https://registry.npmjs.org/xdg-basedir set size:19771 disposed:false
1614 http cache https://registry.npmjs.org/latest-version 25ms (cache hit)
1615 silly packumentCache full:https://registry.npmjs.org/latest-version set size:33182 disposed:false
1616 http cache https://registry.npmjs.org/is-installed-globally 22ms (cache hit)
1617 silly packumentCache full:https://registry.npmjs.org/is-installed-globally set size:19693 disposed:false
1618 http cache https://registry.npmjs.org/imurmurhash 22ms (cache hit)
1619 silly packumentCache full:https://registry.npmjs.org/imurmurhash set size:35819 disposed:false
1620 http cache https://registry.npmjs.org/pend 20ms (cache hit)
1621 silly packumentCache full:https://registry.npmjs.org/pend set size:8066 disposed:false
1622 silly placeDep ROOT @fastify/accept-negotiator@2.1.0 OK for: @fastify/static@10.1.3 want: ^2.0.0
1623 silly placeDep ROOT @fastify/error@4.2.0 OK for: @fastify/static@10.1.3 want: ^4.0.0
1624 silly placeDep ROOT @fastify/send@4.1.1 OK for: @fastify/static@10.1.3 want: ^4.0.0
1625 silly placeDep ROOT content-disposition@2.0.1 OK for: @fastify/static@10.1.3 want: ^2.0.1
1626 silly placeDep ROOT fastify-plugin@6.0.0 OK for: @fastify/static@10.1.3 want: ^6.0.0
1627 silly placeDep ROOT fastq@1.20.1 OK for: @fastify/static@10.1.3 want: ^1.17.1
1628 silly placeDep ROOT glob@13.0.6 OK for: @fastify/static@10.1.3 want: ^13.0.0
1629 silly fetch manifest @lukeed/ms@^2.0.2
1630 silly packumentCache full:https://registry.npmjs.org/@lukeed%2fms cache-miss
1631 silly fetch manifest escape-html@~1.0.3
1632 silly packumentCache full:https://registry.npmjs.org/escape-html cache-hit
1633 silly fetch manifest fast-decode-uri-component@^1.0.1
1634 silly packumentCache full:https://registry.npmjs.org/fast-decode-uri-component cache-miss
1635 silly fetch manifest reusify@^1.0.4
1636 silly packumentCache full:https://registry.npmjs.org/reusify cache-miss
1637 silly fetch manifest minimatch@^10.2.2
1638 silly packumentCache full:https://registry.npmjs.org/minimatch cache-hit
1639 silly fetch manifest minipass@^7.1.3
1640 silly packumentCache full:https://registry.npmjs.org/minipass cache-miss
1641 silly fetch manifest path-scurry@^2.0.2
1642 silly packumentCache full:https://registry.npmjs.org/path-scurry cache-miss
1643 http cache https://registry.npmjs.org/fast-decode-uri-component 6ms (cache hit)
1644 silly packumentCache full:https://registry.npmjs.org/fast-decode-uri-component set size:7045 disposed:false
1645 http cache https://registry.npmjs.org/@lukeed%2fms 6ms (cache hit)
1646 silly packumentCache full:https://registry.npmjs.org/@lukeed%2fms set size:14412 disposed:false
1647 http cache https://registry.npmjs.org/path-scurry 6ms (cache hit)
1648 silly packumentCache full:https://registry.npmjs.org/path-scurry set size:117612 disposed:false
1649 http cache https://registry.npmjs.org/minipass 7ms (cache hit)
1650 silly packumentCache full:https://registry.npmjs.org/minipass set size:276925 disposed:false
1651 http cache https://registry.npmjs.org/reusify 9ms (cache hit)
1652 silly packumentCache full:https://registry.npmjs.org/reusify set size:14249 disposed:false
1653 silly placeDep ROOT @lukeed/ms@2.0.2 OK for: @fastify/send@4.1.1 want: ^2.0.2
1654 silly placeDep ROOT escape-html@1.0.3 OK for: @fastify/send@4.1.1 want: ~1.0.3
1655 silly placeDep ROOT fast-decode-uri-component@1.0.1 OK for: @fastify/send@4.1.1 want: ^1.0.1
1656 silly placeDep ROOT http-errors@2.0.1 OK for: @fastify/send@4.1.1 want: ^2.0.0
1657 silly fetch manifest depd@~2.0.0
1658 silly packumentCache full:https://registry.npmjs.org/depd cache-hit
1659 silly fetch manifest setprototypeof@~1.2.0
1660 silly packumentCache full:https://registry.npmjs.org/setprototypeof cache-miss
1661 silly fetch manifest statuses@~2.0.2
1662 silly packumentCache full:https://registry.npmjs.org/statuses cache-hit
1663 silly fetch manifest toidentifier@~1.0.1
1664 silly packumentCache full:https://registry.npmjs.org/toidentifier cache-miss
1665 http cache https://registry.npmjs.org/toidentifier 3ms (cache hit)
1666 silly packumentCache full:https://registry.npmjs.org/toidentifier set size:12006 disposed:false
1667 http cache https://registry.npmjs.org/setprototypeof 5ms (cache hit)
1668 silly packumentCache full:https://registry.npmjs.org/setprototypeof set size:14532 disposed:false
1669 silly placeDep ROOT @netlify/open-api@2.57.0 OK for: @netlify/api@15.1.1 want: ^2.57.0
1670 silly placeDep node_modules/@netlify/api node-fetch@3.3.2 OK for: @netlify/api@15.1.1 want: ^3.0.0
1671 silly placeDep node_modules/@netlify/api p-wait-for@5.0.2 OK for: @netlify/api@15.1.1 want: ^5.0.0
1672 silly placeDep ROOT picoquery@2.5.0 OK for: @netlify/api@15.1.1 want: ^2.5.0
1673 silly fetch manifest p-timeout@^6.0.0
1674 silly packumentCache full:https://registry.npmjs.org/p-timeout cache-miss
1675 http cache https://registry.npmjs.org/p-timeout 4ms (cache hit)
1676 silly packumentCache full:https://registry.npmjs.org/p-timeout set size:60739 disposed:false
1677 silly placeDep node_modules/@netlify/blobs @netlify/dev-utils@5.0.0 OK for: @netlify/blobs@10.7.13 want: 5.0.0
1678 silly placeDep ROOT @netlify/otel@6.0.6 OK for: @netlify/blobs@10.7.13 want: ^6.0.6
1679 silly placeDep ROOT @netlify/runtime-utils@2.3.0 OK for: @netlify/blobs@10.7.13 want: 2.3.0
1680 silly fetch manifest @opentelemetry/api@1.9.1
1681 silly packumentCache full:https://registry.npmjs.org/@opentelemetry%2fapi cache-hit
1682 silly fetch manifest @opentelemetry/core@2.8.0
1683 silly packumentCache full:https://registry.npmjs.org/@opentelemetry%2fcore cache-miss
1684 silly fetch manifest @opentelemetry/instrumentation@^0.220.0
1685 silly packumentCache full:https://registry.npmjs.org/@opentelemetry%2finstrumentation cache-miss
1686 silly fetch manifest @opentelemetry/resources@2.9.0
1687 silly packumentCache full:https://registry.npmjs.org/@opentelemetry%2fresources cache-miss
1688 silly fetch manifest @opentelemetry/sdk-trace-node@2.9.0
1689 silly packumentCache full:https://registry.npmjs.org/@opentelemetry%2fsdk-trace-node cache-miss
1690 http cache https://registry.npmjs.org/@opentelemetry%2fsdk-trace-node 4ms (cache hit)
1691 silly packumentCache full:https://registry.npmjs.org/@opentelemetry%2fsdk-trace-node set size:289287 disposed:false
1692 http cache https://registry.npmjs.org/@opentelemetry%2fcore 8ms (cache hit)
1693 silly packumentCache full:https://registry.npmjs.org/@opentelemetry%2fcore set size:832723 disposed:false
1694 http cache https://registry.npmjs.org/@opentelemetry%2finstrumentation 12ms (cache hit)
1695 silly packumentCache full:https://registry.npmjs.org/@opentelemetry%2finstrumentation set size:724455 disposed:false
1696 http cache https://registry.npmjs.org/@opentelemetry%2fresources 17ms (cache hit)
1697 silly packumentCache full:https://registry.npmjs.org/@opentelemetry%2fresources set size:736047 disposed:false
1698 silly fetch manifest picomatch@^3 || ^4
1699 silly packumentCache full:https://registry.npmjs.org/picomatch cache-miss
1700 http cache https://registry.npmjs.org/picomatch 4ms (cache hit)
1701 silly packumentCache full:https://registry.npmjs.org/picomatch set size:128942 disposed:false
1702 silly fetch manifest @swc/core@>=1.2.50
1703 silly packumentCache full:https://registry.npmjs.org/@swc%2fcore cache-miss
1704 http cache https://registry.npmjs.org/@swc%2fcore 29ms (cache hit)
1705 silly packumentCache full:https://registry.npmjs.org/@swc%2fcore set size:4078344 disposed:false
1706 silly fetch manifest @swc/helpers@>=0.5.17
1707 silly packumentCache full:https://registry.npmjs.org/@swc%2fhelpers cache-miss
1708 http cache https://registry.npmjs.org/@swc%2fhelpers 5ms (cache hit)
1709 silly packumentCache full:https://registry.npmjs.org/@swc%2fhelpers set size:775458 disposed:false
1710 silly fetch manifest @swc/wasm@>=1.2.50
1711 silly packumentCache full:https://registry.npmjs.org/@swc%2fwasm cache-miss
1712 http cache https://registry.npmjs.org/@swc%2fwasm 6ms (cache hit)
1713 silly packumentCache full:https://registry.npmjs.org/@swc%2fwasm set size:1375487 disposed:false
1714 silly fetch manifest @types/node@*
1715 silly packumentCache full:https://registry.npmjs.org/@types%2fnode cache-miss
1716 http cache https://registry.npmjs.org/@types%2fnode 23ms (cache hit)
1717 silly packumentCache full:https://registry.npmjs.org/@types%2fnode set size:11088606 disposed:false
1718 silly placeDep ROOT @bugsnag/js@8.10.0 OK for: @netlify/build@36.3.5 want: ^8.0.0
1719 silly placeDep ROOT @netlify/cache-utils@7.1.1 OK for: @netlify/build@36.3.5 want: ^7.1.1
1720 silly placeDep ROOT @netlify/functions-utils@7.1.4 OK for: @netlify/build@36.3.5 want: ^7.1.4
1721 silly placeDep ROOT @netlify/git-utils@7.1.0 OK for: @netlify/build@36.3.5 want: ^7.1.0
1722 silly placeDep ROOT @netlify/opentelemetry-utils@3.1.0 OK for: @netlify/build@36.3.5 want: ^3.1.0
1723 silly placeDep ROOT @netlify/plugins-list@6.81.9 OK for: @netlify/build@36.3.5 want: ^6.81.6
1724 silly placeDep ROOT @netlify/run-utils@7.1.0 OK for: @netlify/build@36.3.5 want: ^7.1.0
1725 silly placeDep ROOT @sindresorhus/slugify@2.2.1 OK for: @netlify/build@36.3.5 want: ^2.0.0
1726 silly placeDep ROOT ansis@4.3.1 OK for: @netlify/build@36.3.5 want: ^4.1.0
1727 silly placeDep ROOT clean-stack@5.3.0 OK for: @netlify/build@36.3.5 want: ^5.0.0
1728 silly placeDep node_modules/@netlify/build execa@8.0.1 OK for: @netlify/build@36.3.5 want: ^8.0.0
1729 silly placeDep ROOT fast-string-width@3.0.2 OK for: @netlify/build@36.3.5 want: ^3.0.2
1730 silly placeDep ROOT fdir@6.5.0 OK for: @netlify/build@36.3.5 want: ^6.0.1
1731 silly placeDep ROOT figures@6.1.0 OK for: @netlify/build@36.3.5 want: ^6.0.0
1732 silly placeDep ROOT filter-obj@6.1.0 OK for: @netlify/build@36.3.5 want: ^6.0.0
1733 silly placeDep ROOT hot-shots@11.4.0 OK for: @netlify/build@36.3.5 want: 11.4.0
1734 silly placeDep ROOT ignore@7.0.6 OK for: @netlify/build@36.3.5 want: ^7.0.0
1735 silly placeDep ROOT indent-string@5.0.0 OK for: @netlify/build@36.3.5 want: ^5.0.0
1736 silly placeDep ROOT is-plain-obj@4.1.0 OK for: @netlify/build@36.3.5 want: ^4.0.0
1737 silly placeDep ROOT keep-func-props@6.0.0 OK for: @netlify/build@36.3.5 want: ^6.0.0
1738 silly placeDep ROOT log-process-errors@11.0.1 OK for: @netlify/build@36.3.5 want: ^11.0.0
1739 silly placeDep ROOT memoize-one@6.0.0 OK for: @netlify/build@36.3.5 want: ^6.0.0
1740 silly placeDep ROOT minimatch@10.2.6 OK for: @netlify/build@36.3.5 want: ^10.2.4
1741 silly placeDep ROOT os-name@6.1.0 OK for: @netlify/build@36.3.5 want: ^6.0.0
1742 silly placeDep ROOT p-event@6.0.1 OK for: @netlify/build@36.3.5 want: ^6.0.0
1743 silly placeDep ROOT p-locate@6.0.0 OK for: @netlify/build@36.3.5 want: ^6.0.0
1744 silly placeDep ROOT p-reduce@3.0.0 OK for: @netlify/build@36.3.5 want: ^3.0.0
1745 silly placeDep ROOT package-directory@8.2.0 OK for: @netlify/build@36.3.5 want: ^8.0.0
1746 silly placeDep ROOT path-exists@5.0.0 OK for: @netlify/build@36.3.5 want: ^5.0.0
1747 silly placeDep ROOT pretty-ms@9.3.0 OK for: @netlify/build@36.3.5 want: ^9.0.0
1748 silly placeDep ROOT ps-list@8.1.1 OK for: @netlify/build@36.3.5 want: ^8.0.0
1749 silly placeDep node_modules/@netlify/build read-package-up@11.0.0 OK for: @netlify/build@36.3.5 want: ^11.0.0
1750 silly placeDep node_modules/@netlify/build readdirp@4.1.2 OK for: @netlify/build@36.3.5 want: ^4.0.0
1751 silly placeDep ROOT resolve@2.0.0-next.7 OK for: @netlify/build@36.3.5 want: ^2.0.0-next.5
1752 silly placeDep ROOT rfdc@1.4.1 OK for: @netlify/build@36.3.5 want: ^1.3.0
1753 silly placeDep ROOT safe-json-stringify@1.2.0 OK for: @netlify/build@36.3.5 want: ^1.2.0
1754 silly placeDep ROOT supports-color@10.2.2 OK for: @netlify/build@36.3.5 want: ^10.0.0
1755 silly placeDep node_modules/@netlify/build terminal-link@4.0.0 OK for: @netlify/build@36.3.5 want: ^4.0.0
1756 silly placeDep node_modules/@netlify/build ts-node@10.9.2 OK for: @netlify/build@36.3.5 want: ^10.9.1
1757 silly placeDep ROOT typescript@5.9.3 OK for: ts-node@10.9.2 want: >=2.7
1758 silly placeDep ROOT yaml@2.9.0 OK for: @netlify/build@36.3.5 want: ^2.8.0
1759 silly placeDep ROOT zod@4.4.3 OK for: @netlify/build@36.3.5 want: ^4.0.5
1760 silly fetch manifest @bugsnag/browser@^8.10.0
1761 silly packumentCache full:https://registry.npmjs.org/@bugsnag%2fbrowser cache-miss
1762 silly fetch manifest @bugsnag/node@^8.10.0
1763 silly packumentCache full:https://registry.npmjs.org/@bugsnag%2fnode cache-miss
1764 silly fetch manifest get-stream@^9.0.0
1765 silly packumentCache full:https://registry.npmjs.org/get-stream cache-hit
1766 silly fetch manifest move-file@^3.0.0
1767 silly packumentCache full:https://registry.npmjs.org/move-file cache-miss
1768 silly fetch manifest cpy@^11.0.0
1769 silly packumentCache full:https://registry.npmjs.org/cpy cache-miss
1770 silly fetch manifest micro-memoize@^5.1.1
1771 silly packumentCache full:https://registry.npmjs.org/micro-memoize cache-miss
1772 silly fetch manifest micromatch@^4.0.2
1773 silly packumentCache full:https://registry.npmjs.org/micromatch cache-hit
1774 silly fetch manifest @sindresorhus/transliterate@^1.0.0
1775 silly packumentCache full:https://registry.npmjs.org/@sindresorhus%2ftransliterate cache-miss
1776 silly fetch manifest escape-string-regexp@5.0.0
1777 silly packumentCache full:https://registry.npmjs.org/escape-string-regexp cache-hit
1778 silly fetch manifest onetime@^6.0.0
1779 silly packumentCache full:https://registry.npmjs.org/onetime cache-hit
1780 silly fetch manifest is-stream@^3.0.0
1781 silly packumentCache full:https://registry.npmjs.org/is-stream cache-hit
1782 silly fetch manifest get-stream@^8.0.1
1783 silly packumentCache full:https://registry.npmjs.org/get-stream cache-hit
1784 silly fetch manifest signal-exit@^4.1.0
1785 silly packumentCache full:https://registry.npmjs.org/signal-exit cache-hit
1786 silly fetch manifest npm-run-path@^5.1.0
1787 silly packumentCache full:https://registry.npmjs.org/npm-run-path cache-hit
1788 silly fetch manifest human-signals@^5.0.0
1789 silly packumentCache full:https://registry.npmjs.org/human-signals cache-hit
1790 silly fetch manifest strip-final-newline@^3.0.0
1791 silly packumentCache full:https://registry.npmjs.org/strip-final-newline cache-hit
1792 silly fetch manifest fast-string-truncated-width@^3.0.2
1793 silly packumentCache full:https://registry.npmjs.org/fast-string-truncated-width cache-miss
1794 silly fetch manifest is-unicode-supported@^2.0.0
1795 silly packumentCache full:https://registry.npmjs.org/is-unicode-supported cache-miss
1796 silly fetch manifest unix-dgram@2.x
1797 silly packumentCache full:https://registry.npmjs.org/unix-dgram cache-miss
1798 silly fetch manifest mimic-fn@^4.0.0
1799 silly packumentCache full:https://registry.npmjs.org/mimic-fn cache-miss
1800 silly fetch manifest is-error-instance@^2.0.0
1801 silly packumentCache full:https://registry.npmjs.org/is-error-instance cache-miss
1802 silly fetch manifest set-error-message@^2.0.1
1803 silly packumentCache full:https://registry.npmjs.org/set-error-message cache-miss
1804 silly fetch manifest normalize-exception@^3.0.0
1805 silly packumentCache full:https://registry.npmjs.org/normalize-exception cache-miss
1806 silly fetch manifest brace-expansion@^5.0.8
1807 silly packumentCache full:https://registry.npmjs.org/brace-expansion cache-miss
1808 silly fetch manifest macos-release@^3.3.0
1809 silly packumentCache full:https://registry.npmjs.org/macos-release cache-miss
1810 http cache https://registry.npmjs.org/@bugsnag%2fnode 16ms (cache hit)
1811 silly packumentCache full:https://registry.npmjs.org/@bugsnag%2fnode set size:453630 disposed:false
1812 silly fetch manifest windows-release@^6.1.0
1813 silly packumentCache full:https://registry.npmjs.org/windows-release cache-miss
1814 http cache https://registry.npmjs.org/move-file 18ms (cache hit)
1815 silly packumentCache full:https://registry.npmjs.org/move-file set size:28554 disposed:false
1816 silly fetch manifest p-timeout@^6.1.2
1817 silly packumentCache full:https://registry.npmjs.org/p-timeout cache-hit
1818 silly fetch manifest p-limit@^4.0.0
1819 silly packumentCache full:https://registry.npmjs.org/p-limit cache-miss
1820 http cache https://registry.npmjs.org/@bugsnag%2fbrowser 21ms (cache hit)
1821 silly packumentCache full:https://registry.npmjs.org/@bugsnag%2fbrowser set size:580861 disposed:false
1822 silly fetch manifest find-up-simple@^1.0.0
1823 silly packumentCache full:https://registry.npmjs.org/find-up-simple cache-hit
1824 silly fetch manifest parse-ms@^4.0.0
1825 silly packumentCache full:https://registry.npmjs.org/parse-ms cache-miss
1826 http cache https://registry.npmjs.org/micro-memoize 23ms (cache hit)
1827 silly packumentCache full:https://registry.npmjs.org/micro-memoize set size:439055 disposed:false
1828 silly fetch manifest type-fest@^4.6.0
1829 silly packumentCache full:https://registry.npmjs.org/type-fest cache-hit
1830 silly fetch manifest is-core-module@^2.16.2
1831 silly packumentCache full:https://registry.npmjs.org/is-core-module cache-miss
1832 http cache https://registry.npmjs.org/cpy 28ms (cache hit)
1833 silly packumentCache full:https://registry.npmjs.org/cpy set size:97384 disposed:false
1834 silly fetch manifest node-exports-info@^1.6.0
1835 silly packumentCache full:https://registry.npmjs.org/node-exports-info cache-miss
1836 http cache https://registry.npmjs.org/unix-dgram 26ms (cache hit)
1837 silly packumentCache full:https://registry.npmjs.org/unix-dgram set size:43446 disposed:false
1838 silly fetch manifest object-keys@^1.1.1
1839 silly packumentCache full:https://registry.npmjs.org/object-keys cache-miss
1840 http cache https://registry.npmjs.org/@sindresorhus%2ftransliterate 29ms (cache hit)
1841 silly packumentCache full:https://registry.npmjs.org/@sindresorhus%2ftransliterate set size:44166 disposed:false
1842 silly fetch manifest path-parse@^1.0.7
1843 silly packumentCache full:https://registry.npmjs.org/path-parse cache-miss
1844 http cache https://registry.npmjs.org/mimic-fn 27ms (cache hit)
1845 silly packumentCache full:https://registry.npmjs.org/mimic-fn set size:22257 disposed:false
1846 silly fetch manifest supports-preserve-symlinks-flag@^1.0.0
1847 silly packumentCache full:https://registry.npmjs.org/supports-preserve-symlinks-flag cache-miss
1848 http cache https://registry.npmjs.org/is-error-instance 27ms (cache hit)
1849 silly packumentCache full:https://registry.npmjs.org/is-error-instance set size:36009 disposed:false
1850 silly fetch manifest supports-hyperlinks@^3.2.0
1851 silly packumentCache full:https://registry.npmjs.org/supports-hyperlinks cache-hit
1852 silly fetch manifest yn@3.1.1
1853 silly packumentCache full:https://registry.npmjs.org/yn cache-miss
1854 http cache https://registry.npmjs.org/fast-string-truncated-width 29ms (cache hit)
1855 silly packumentCache full:https://registry.npmjs.org/fast-string-truncated-width set size:23965 disposed:false
1856 silly fetch manifest arg@^4.1.0
1857 silly packumentCache full:https://registry.npmjs.org/arg cache-miss
1858 http cache https://registry.npmjs.org/normalize-exception 29ms (cache hit)
1859 silly packumentCache full:https://registry.npmjs.org/normalize-exception set size:124845 disposed:false
1860 silly fetch manifest diff@^4.0.1
1861 silly packumentCache full:https://registry.npmjs.org/diff cache-miss
1862 http cache https://registry.npmjs.org/is-unicode-supported 32ms (cache hit)
1863 silly packumentCache full:https://registry.npmjs.org/is-unicode-supported set size:19461 disposed:false
1864 silly fetch manifest acorn@^8.4.1
1865 silly packumentCache full:https://registry.npmjs.org/acorn cache-hit
1866 silly fetch manifest acorn-walk@^8.1.1
1867 silly packumentCache full:https://registry.npmjs.org/acorn-walk cache-miss
1868 http cache https://registry.npmjs.org/set-error-message 32ms (cache hit)
1869 silly packumentCache full:https://registry.npmjs.org/set-error-message set size:47608 disposed:false
1870 silly fetch manifest make-error@^1.1.1
1871 silly packumentCache full:https://registry.npmjs.org/make-error cache-miss
1872 http cache https://registry.npmjs.org/macos-release 32ms (cache hit)
1873 silly packumentCache full:https://registry.npmjs.org/macos-release set size:43590 disposed:false
1874 silly fetch manifest create-require@^1.1.0
1875 silly packumentCache full:https://registry.npmjs.org/create-require cache-miss
1876 http cache https://registry.npmjs.org/brace-expansion 32ms (cache hit)
1877 silly packumentCache full:https://registry.npmjs.org/brace-expansion set size:101024 disposed:false
1878 silly fetch manifest @tsconfig/node10@^1.0.7
1879 silly packumentCache full:https://registry.npmjs.org/@tsconfig%2fnode10 cache-miss
1880 http cache https://registry.npmjs.org/is-core-module 20ms (cache hit)
1881 silly packumentCache full:https://registry.npmjs.org/is-core-module set size:74378 disposed:false
1882 silly fetch manifest @tsconfig/node12@^1.0.7
1883 silly packumentCache full:https://registry.npmjs.org/@tsconfig%2fnode12 cache-miss
1884 http cache https://registry.npmjs.org/windows-release 32ms (cache hit)
1885 silly packumentCache full:https://registry.npmjs.org/windows-release set size:42373 disposed:false
1886 silly fetch manifest @tsconfig/node14@^1.0.0
1887 silly packumentCache full:https://registry.npmjs.org/@tsconfig%2fnode14 cache-miss
1888 http cache https://registry.npmjs.org/node-exports-info 21ms (cache hit)
1889 silly packumentCache full:https://registry.npmjs.org/node-exports-info set size:69480 disposed:false
1890 silly fetch manifest @tsconfig/node16@^1.0.2
1891 silly packumentCache full:https://registry.npmjs.org/@tsconfig%2fnode16 cache-miss
1892 http cache https://registry.npmjs.org/p-limit 32ms (cache hit)
1893 silly packumentCache full:https://registry.npmjs.org/p-limit set size:63850 disposed:false
1894 silly fetch manifest v8-compile-cache-lib@^3.0.1
1895 silly packumentCache full:https://registry.npmjs.org/v8-compile-cache-lib cache-miss
1896 http cache https://registry.npmjs.org/parse-ms 30ms (cache hit)
1897 silly packumentCache full:https://registry.npmjs.org/parse-ms set size:18020 disposed:false
1898 silly fetch manifest @cspotcode/source-map-support@^0.8.0
1899 silly packumentCache full:https://registry.npmjs.org/@cspotcode%2fsource-map-support cache-miss
1900 http cache https://registry.npmjs.org/yn 20ms (cache hit)
1901 silly packumentCache full:https://registry.npmjs.org/yn set size:23572 disposed:false
1902 http cache https://registry.npmjs.org/supports-preserve-symlinks-flag 22ms (cache hit)
1903 silly packumentCache full:https://registry.npmjs.org/supports-preserve-symlinks-flag set size:6802 disposed:false
1904 http cache https://registry.npmjs.org/object-keys 24ms (cache hit)
1905 silly packumentCache full:https://registry.npmjs.org/object-keys set size:67744 disposed:false
1906 http cache https://registry.npmjs.org/arg 21ms (cache hit)
1907 silly packumentCache full:https://registry.npmjs.org/arg set size:67036 disposed:false
1908 http cache https://registry.npmjs.org/path-parse 25ms (cache hit)
1909 silly packumentCache full:https://registry.npmjs.org/path-parse set size:14523 disposed:false
1910 http cache https://registry.npmjs.org/make-error 19ms (cache hit)
1911 silly packumentCache full:https://registry.npmjs.org/make-error set size:45218 disposed:false
1912 http cache https://registry.npmjs.org/acorn-walk 21ms (cache hit)
1913 silly packumentCache full:https://registry.npmjs.org/acorn-walk set size:49813 disposed:false
1914 http cache https://registry.npmjs.org/diff 23ms (cache hit)
1915 silly packumentCache full:https://registry.npmjs.org/diff set size:154400 disposed:false
1916 http cache https://registry.npmjs.org/@tsconfig%2fnode10 20ms (cache hit)
1917 silly packumentCache full:https://registry.npmjs.org/@tsconfig%2fnode10 set size:28551 disposed:false
1918 http cache https://registry.npmjs.org/create-require 22ms (cache hit)
1919 silly packumentCache full:https://registry.npmjs.org/create-require set size:20551 disposed:false
1920 http cache https://registry.npmjs.org/@tsconfig%2fnode12 15ms (cache hit)
1921 silly packumentCache full:https://registry.npmjs.org/@tsconfig%2fnode12 set size:40496 disposed:false
1922 http cache https://registry.npmjs.org/@tsconfig%2fnode14 16ms (cache hit)
1923 silly packumentCache full:https://registry.npmjs.org/@tsconfig%2fnode14 set size:25627 disposed:false
1924 http cache https://registry.npmjs.org/v8-compile-cache-lib 14ms (cache hit)
1925 silly packumentCache full:https://registry.npmjs.org/v8-compile-cache-lib set size:8746 disposed:false
1926 http cache https://registry.npmjs.org/@tsconfig%2fnode16 15ms (cache hit)
1927 silly packumentCache full:https://registry.npmjs.org/@tsconfig%2fnode16 set size:26898 disposed:false
1928 http cache https://registry.npmjs.org/@cspotcode%2fsource-map-support 14ms (cache hit)
1929 silly packumentCache full:https://registry.npmjs.org/@cspotcode%2fsource-map-support set size:30214 disposed:false
1930 silly placeDep ROOT @bugsnag/browser@8.10.0 OK for: @bugsnag/js@8.10.0 want: ^8.10.0
1931 silly placeDep ROOT @bugsnag/node@8.10.0 OK for: @bugsnag/js@8.10.0 want: ^8.10.0
1932 silly fetch manifest @bugsnag/core@^8.9.0
1933 silly packumentCache full:https://registry.npmjs.org/@bugsnag%2fcore cache-miss
1934 silly fetch manifest @bugsnag/core@^8.9.0
1935 silly packumentCache full:https://registry.npmjs.org/@bugsnag%2fcore cache-miss
1936 silly fetch manifest byline@^5.0.0
1937 silly packumentCache full:https://registry.npmjs.org/byline cache-miss
1938 silly fetch manifest error-stack-parser@^2.0.3
1939 silly packumentCache full:https://registry.npmjs.org/error-stack-parser cache-miss
1940 silly fetch manifest iserror@^0.0.2
1941 silly packumentCache full:https://registry.npmjs.org/iserror cache-miss
1942 silly fetch manifest pump@^3.0.0
1943 silly packumentCache full:https://registry.npmjs.org/pump cache-hit
1944 silly fetch manifest stack-generator@^2.0.3
1945 silly packumentCache full:https://registry.npmjs.org/stack-generator cache-miss
1946 http cache https://registry.npmjs.org/stack-generator 5ms (cache hit)
1947 silly packumentCache full:https://registry.npmjs.org/stack-generator set size:51542 disposed:false
1948 http cache https://registry.npmjs.org/iserror 6ms (cache hit)
1949 silly packumentCache full:https://registry.npmjs.org/iserror set size:4605 disposed:false
1950 http cache https://registry.npmjs.org/error-stack-parser 6ms (cache hit)
1951 silly packumentCache full:https://registry.npmjs.org/error-stack-parser set size:89379 disposed:false
1952 http cache https://registry.npmjs.org/byline 8ms (cache hit)
1953 silly packumentCache full:https://registry.npmjs.org/byline set size:28246 disposed:false
1954 http cache https://registry.npmjs.org/@bugsnag%2fcore 9ms (cache hit)
1955 silly packumentCache full:https://registry.npmjs.org/@bugsnag%2fcore set size:301408 disposed:false
1956 http cache https://registry.npmjs.org/@bugsnag%2fcore 12ms (cache hit)
1957 silly packumentCache full:https://registry.npmjs.org/@bugsnag%2fcore set size:301408 disposed:false
1958 silly packumentCache full:https://registry.npmjs.org/@bugsnag%2fcore dispose
1959 silly placeDep ROOT @bugsnag/core@8.9.0 OK for: @bugsnag/browser@8.10.0 want: ^8.9.0
1960 silly fetch manifest @bugsnag/cuid@^3.2.1
1961 silly packumentCache full:https://registry.npmjs.org/@bugsnag%2fcuid cache-miss
1962 silly fetch manifest @bugsnag/safe-json-stringify@^6.0.0
1963 silly packumentCache full:https://registry.npmjs.org/@bugsnag%2fsafe-json-stringify cache-miss
1964 http cache https://registry.npmjs.org/@bugsnag%2fcuid 3ms (cache hit)
1965 silly packumentCache full:https://registry.npmjs.org/@bugsnag%2fcuid set size:38013 disposed:false
1966 http cache https://registry.npmjs.org/@bugsnag%2fsafe-json-stringify 5ms (cache hit)
1967 silly packumentCache full:https://registry.npmjs.org/@bugsnag%2fsafe-json-stringify set size:30502 disposed:false
1968 silly placeDep ROOT @bugsnag/cuid@3.2.2 OK for: @bugsnag/core@8.9.0 want: ^3.2.1
1969 silly placeDep ROOT @bugsnag/safe-json-stringify@6.1.0 OK for: @bugsnag/core@8.9.0 want: ^6.0.0
1970 silly placeDep ROOT error-stack-parser@2.1.4 OK for: @bugsnag/core@8.9.0 want: ^2.0.3
1971 silly placeDep ROOT iserror@0.0.2 OK for: @bugsnag/core@8.9.0 want: ^0.0.2
1972 silly placeDep ROOT stack-generator@2.0.10 OK for: @bugsnag/core@8.9.0 want: ^2.0.3
1973 silly fetch manifest stackframe@^1.3.4
1974 silly packumentCache full:https://registry.npmjs.org/stackframe cache-miss
1975 silly fetch manifest stackframe@^1.3.4
1976 silly packumentCache full:https://registry.npmjs.org/stackframe cache-miss
1977 http cache https://registry.npmjs.org/stackframe 4ms (cache hit)
1978 silly packumentCache full:https://registry.npmjs.org/stackframe set size:54134 disposed:false
1979 http cache https://registry.npmjs.org/stackframe 5ms (cache hit)
1980 silly packumentCache full:https://registry.npmjs.org/stackframe set size:54134 disposed:false
1981 silly packumentCache full:https://registry.npmjs.org/stackframe dispose
1982 silly placeDep ROOT byline@5.0.0 OK for: @bugsnag/node@8.10.0 want: ^5.0.0
1983 silly placeDep ROOT pump@3.0.4 OK for: @bugsnag/node@8.10.0 want: ^3.0.0
1984 silly placeDep node_modules/@netlify/build-info dot-prop@9.0.0 OK for: @netlify/build-info@11.3.0 want: ^9.0.0
1985 silly placeDep node_modules/@netlify/build-info find-up@7.0.0 OK for: @netlify/build-info@11.3.0 want: ^7.0.0
1986 silly placeDep ROOT lockparse@0.5.2 OK for: @netlify/build-info@11.3.0 want: ^0.5.2
1987 silly placeDep ROOT read-pkg@9.0.1 OK for: @netlify/build-info@11.3.0 want: ^9.0.0
1988 silly placeDep ROOT smol-toml@1.8.0 OK for: @netlify/build-info@11.3.0 want: ^1.5.2
1989 silly fetch manifest type-fest@^4.18.2
1990 silly packumentCache full:https://registry.npmjs.org/type-fest cache-hit
1991 silly fetch manifest locate-path@^7.2.0
1992 silly packumentCache full:https://registry.npmjs.org/locate-path cache-hit
1993 silly fetch manifest unicorn-magic@^0.1.0
1994 silly packumentCache full:https://registry.npmjs.org/unicorn-magic cache-hit
1995 silly fetch manifest parse-json@^8.0.0
1996 silly packumentCache full:https://registry.npmjs.org/parse-json cache-miss
1997 silly fetch manifest unicorn-magic@^0.1.0
1998 silly packumentCache full:https://registry.npmjs.org/unicorn-magic cache-hit
1999 silly fetch manifest normalize-package-data@^6.0.0
2000 silly packumentCache full:https://registry.npmjs.org/normalize-package-data cache-hit
2001 silly fetch manifest @types/normalize-package-data@^2.4.3
2002 silly packumentCache full:https://registry.npmjs.org/@types%2fnormalize-package-data cache-miss
2003 http cache https://registry.npmjs.org/@types%2fnormalize-package-data 4ms (cache hit)
2004 silly packumentCache full:https://registry.npmjs.org/@types%2fnormalize-package-data set size:9930 disposed:false
2005 http cache https://registry.npmjs.org/parse-json 5ms (cache hit)
2006 silly packumentCache full:https://registry.npmjs.org/parse-json set size:48198 disposed:false
2007 silly placeDep ROOT get-stream@9.0.1 OK for: @netlify/cache-utils@7.1.1 want: ^9.0.0
2008 silly placeDep ROOT junk@4.0.1 OK for: @netlify/cache-utils@7.1.1 want: ^4.0.0
2009 silly placeDep node_modules/@netlify/cache-utils locate-path@7.2.0 OK for: @netlify/cache-utils@7.1.1 want: ^7.0.0
2010 silly placeDep ROOT move-file@3.1.0 OK for: @netlify/cache-utils@7.1.1 want: ^3.0.0
2011 silly placeDep node_modules/@netlify/cache-utils readdirp@4.1.2 OK for: @netlify/cache-utils@7.1.1 want: ^4.0.0
2012 silly fetch manifest @sec-ant/readable-stream@^0.4.1
2013 silly packumentCache full:https://registry.npmjs.org/@sec-ant%2freadable-stream cache-miss
2014 http cache https://registry.npmjs.org/@sec-ant%2freadable-stream 3ms (cache hit)
2015 silly packumentCache full:https://registry.npmjs.org/@sec-ant%2freadable-stream set size:41612 disposed:false
2016 silly placeDep ROOT deepmerge@4.3.1 OK for: @netlify/config@25.2.2 want: ^4.2.2
2017 silly placeDep node_modules/@netlify/config dot-prop@9.0.0 OK for: @netlify/config@25.2.2 want: ^9.0.0
2018 silly placeDep node_modules/@netlify/config execa@8.0.1 OK for: @netlify/config@25.2.2 want: ^8.0.0
2019 silly placeDep ROOT fast-safe-stringify@2.1.1 OK for: @netlify/config@25.2.2 want: ^2.0.7
2020 silly placeDep node_modules/@netlify/config find-up@7.0.0 OK for: @netlify/config@25.2.2 want: ^7.0.0
2021 silly placeDep ROOT map-obj@5.0.2 OK for: @netlify/config@25.2.2 want: ^5.0.0
2022 silly placeDep ROOT path-type@6.0.0 OK for: @netlify/config@25.2.2 want: ^6.0.0
2023 silly placeDep node_modules/@netlify/config read-package-up@11.0.0 OK for: @netlify/config@25.2.2 want: ^11.0.0
2024 silly placeDep ROOT validate-npm-package-name@5.0.1 OK for: @netlify/config@25.2.2 want: ^5.0.0
2025 silly placeDep ROOT @netlify/database-dev@0.10.1 OK for: @netlify/dev@4.18.13 want: 0.10.1
2026 silly placeDep node_modules/@netlify/dev @netlify/dev-utils@5.0.0 OK for: @netlify/dev@4.18.13 want: 5.0.0
2027 silly placeDep ROOT @netlify/edge-functions-dev@1.0.24 OK for: @netlify/dev@4.18.13 want: 1.0.24
2028 silly placeDep ROOT @netlify/functions-dev@1.3.5 OK for: @netlify/dev@4.18.13 want: 1.3.5
2029 silly placeDep ROOT @netlify/headers@2.1.13 OK for: @netlify/dev@4.18.13 want: 2.1.13
2030 silly placeDep ROOT @netlify/redirects@3.1.15 OK for: @netlify/dev@4.18.13 want: 3.1.15
2031 silly placeDep ROOT @netlify/runtime@4.1.29 OK for: @netlify/dev@4.18.13 want: 4.1.29
2032 silly placeDep ROOT @netlify/static@3.1.12 OK for: @netlify/dev@4.18.13 want: 3.1.12
2033 silly fetch manifest pg-gateway@0.3.0-beta.4
2034 silly packumentCache full:https://registry.npmjs.org/pg-gateway cache-miss
2035 silly fetch manifest @electric-sql/pglite@^0.3.15
2036 silly packumentCache full:https://registry.npmjs.org/@electric-sql%2fpglite cache-miss
2037 silly fetch manifest @netlify/edge-bundler@^15.1.1
2038 silly packumentCache full:https://registry.npmjs.org/@netlify%2fedge-bundler cache-miss
2039 silly fetch manifest @netlify/edge-functions-bootstrap@2.16.0
2040 silly packumentCache full:https://registry.npmjs.org/@netlify%2fedge-functions-bootstrap cache-hit
2041 silly fetch manifest get-port@^7.1.0
2042 silly packumentCache full:https://registry.npmjs.org/get-port cache-hit
2043 silly fetch manifest @netlify/functions@5.3.0
2044 silly packumentCache full:https://registry.npmjs.org/@netlify%2ffunctions cache-miss
2045 silly fetch manifest extract-zip@^2.0.1
2046 silly packumentCache full:https://registry.npmjs.org/extract-zip cache-miss
2047 silly fetch manifest @netlify/cache@3.4.10
2048 silly packumentCache full:https://registry.npmjs.org/@netlify%2fcache cache-miss
2049 http cache https://registry.npmjs.org/@netlify%2ffunctions 45ms (cache hit)
2050 silly packumentCache full:https://registry.npmjs.org/@netlify%2ffunctions set size:485554 disposed:false
2051 http cache https://registry.npmjs.org/@netlify%2fedge-bundler 49ms (cache hit)
2052 silly packumentCache full:https://registry.npmjs.org/@netlify%2fedge-bundler set size:1022116 disposed:false
2053 http cache https://registry.npmjs.org/pg-gateway 55ms (cache hit)
2054 silly packumentCache full:https://registry.npmjs.org/pg-gateway set size:35105 disposed:false
2055 http cache https://registry.npmjs.org/extract-zip 54ms (cache hit)
2056 silly packumentCache full:https://registry.npmjs.org/extract-zip set size:47715 disposed:false
2057 http cache https://registry.npmjs.org/@electric-sql%2fpglite 57ms (cache hit)
2058 silly packumentCache full:https://registry.npmjs.org/@electric-sql%2fpglite set size:350280 disposed:false
2059 http cache https://registry.npmjs.org/@netlify%2fcache 58ms (cache hit)
2060 silly packumentCache full:https://registry.npmjs.org/@netlify%2fcache set size:175329 disposed:false
2061 silly placeDep ROOT @electric-sql/pglite@0.3.16 OK for: @netlify/database-dev@0.10.1 want: ^0.3.15
2062 silly placeDep ROOT pg-gateway@0.3.0-beta.4 OK for: @netlify/database-dev@0.10.1 want: 0.3.0-beta.4
2063 silly placeDep ROOT @whatwg-node/server@0.11.0 OK for: @netlify/dev-utils@4.4.7 want: ^0.11.0
2064 silly placeDep ROOT atomically@2.1.1 OK for: @netlify/dev-utils@4.4.7 want: ^2.0.3
2065 silly placeDep ROOT dettle@1.0.5 OK for: @netlify/dev-utils@4.4.7 want: ^1.0.5
2066 silly placeDep node_modules/@netlify/dev-utils dot-prop@9.0.0 OK for: @netlify/dev-utils@4.4.7 want: 9.0.0
2067 silly placeDep ROOT empathic@2.0.1 OK for: @netlify/dev-utils@4.4.7 want: ^2.0.0
2068 silly placeDep node_modules/@netlify/dev-utils env-paths@3.0.0 OK for: @netlify/dev-utils@4.4.7 want: ^3.0.0
2069 silly placeDep ROOT image-size@2.0.2 OK for: @netlify/dev-utils@4.4.7 want: ^2.0.2
2070 silly placeDep ROOT js-image-generator@1.0.4 OK for: @netlify/dev-utils@4.4.7 want: ^1.0.4
2071 silly placeDep ROOT parse-gitignore@2.0.0 OK for: @netlify/dev-utils@4.4.7 want: ^2.0.0
2072 silly placeDep ROOT tmp-promise@3.0.3 OK for: @netlify/dev-utils@4.4.7 want: ^3.0.3
2073 silly fetch manifest @whatwg-node/fetch@^0.10.13
2074 silly packumentCache full:https://registry.npmjs.org/@whatwg-node%2ffetch cache-miss
2075 silly fetch manifest @envelop/instrumentation@^1.0.0
2076 silly packumentCache full:https://registry.npmjs.org/@envelop%2finstrumentation cache-miss
2077 silly fetch manifest @whatwg-node/disposablestack@^0.0.6
2078 silly packumentCache full:https://registry.npmjs.org/@whatwg-node%2fdisposablestack cache-miss
2079 silly fetch manifest @whatwg-node/promise-helpers@^1.3.2
2080 silly packumentCache full:https://registry.npmjs.org/@whatwg-node%2fpromise-helpers cache-miss
2081 silly fetch manifest stubborn-fs@^2.0.0
2082 silly packumentCache full:https://registry.npmjs.org/stubborn-fs cache-miss
2083 silly fetch manifest when-exit@^2.1.4
2084 silly packumentCache full:https://registry.npmjs.org/when-exit cache-miss
2085 silly fetch manifest jpeg-js@^0.4.2
2086 silly packumentCache full:https://registry.npmjs.org/jpeg-js cache-miss
2087 silly fetch manifest tmp@^0.2.0
2088 silly packumentCache full:https://registry.npmjs.org/tmp cache-miss
2089 http cache https://registry.npmjs.org/@envelop%2finstrumentation 7ms (cache hit)
2090 silly packumentCache full:https://registry.npmjs.org/@envelop%2finstrumentation set size:12312 disposed:false
2091 http cache https://registry.npmjs.org/@whatwg-node%2fdisposablestack 8ms (cache hit)
2092 silly packumentCache full:https://registry.npmjs.org/@whatwg-node%2fdisposablestack set size:69613 disposed:false
2093 http cache https://registry.npmjs.org/tmp 7ms (cache hit)
2094 silly packumentCache full:https://registry.npmjs.org/tmp set size:79523 disposed:false
2095 http cache https://registry.npmjs.org/@whatwg-node%2fpromise-helpers 10ms (cache hit)
2096 silly packumentCache full:https://registry.npmjs.org/@whatwg-node%2fpromise-helpers set size:380405 disposed:false
2097 http cache https://registry.npmjs.org/jpeg-js 10ms (cache hit)
2098 silly packumentCache full:https://registry.npmjs.org/jpeg-js set size:51042 disposed:false
2099 http cache https://registry.npmjs.org/@whatwg-node%2ffetch 15ms (cache hit)
2100 silly packumentCache full:https://registry.npmjs.org/@whatwg-node%2ffetch set size:1544457 disposed:false
2101 http cache https://registry.npmjs.org/stubborn-fs 22ms (cache hit)
2102 silly packumentCache full:https://registry.npmjs.org/stubborn-fs set size:24107 disposed:false
2103 http cache https://registry.npmjs.org/when-exit 23ms (cache hit)
2104 silly packumentCache full:https://registry.npmjs.org/when-exit set size:18581 disposed:false
2105 silly placeDep ROOT @import-maps/resolve@2.0.0 OK for: @netlify/edge-bundler@16.0.3 want: ^2.0.0
2106 silly placeDep ROOT @sveltejs/acorn-typescript@1.0.13 OK for: @netlify/edge-bundler@16.0.3 want: ^1.0.11
2107 silly placeDep ROOT acorn@8.18.0 OK for: @sveltejs/acorn-typescript@1.0.13 want: ^8.9.0
2108 silly placeDep ROOT ajv@8.20.0 OK for: @netlify/edge-bundler@16.0.3 want: ^8.11.2
2109 silly placeDep ROOT ajv-errors@3.0.0 OK for: @netlify/edge-bundler@16.0.3 want: ^3.0.0
2110 silly placeDep ROOT better-ajv-errors@1.2.0 OK for: @netlify/edge-bundler@16.0.3 want: ^1.2.0
2111 silly placeDep ROOT common-path-prefix@3.0.0 OK for: @netlify/edge-bundler@16.0.3 want: ^3.0.0
2112 silly placeDep ROOT esbuild@0.28.1 OK for: @netlify/edge-bundler@16.0.3 want: 0.28.1
2113 silly placeDep node_modules/@netlify/edge-bundler execa@8.0.1 OK for: @netlify/edge-bundler@16.0.3 want: ^8.0.0
2114 silly placeDep node_modules/@netlify/edge-bundler find-up@7.0.0 OK for: @netlify/edge-bundler@16.0.3 want: ^7.0.0
2115 silly placeDep ROOT node-stream-zip@1.16.0 OK for: @netlify/edge-bundler@16.0.3 want: ^1.15.0
2116 silly placeDep ROOT p-retry@6.2.1 OK for: @netlify/edge-bundler@16.0.3 want: ^6.0.0
2117 silly placeDep ROOT parse-imports@2.2.1 OK for: @netlify/edge-bundler@16.0.3 want: ^2.2.1
2118 silly placeDep ROOT tar@7.5.22 OK for: @netlify/edge-bundler@16.0.3 want: ^7.5.12
2119 silly placeDep ROOT urlpattern-polyfill@8.0.2 OK for: @netlify/edge-bundler@16.0.3 want: 8.0.2
2120 silly fetch manifest fast-uri@^3.0.1
2121 silly packumentCache full:https://registry.npmjs.org/fast-uri cache-miss
2122 silly fetch manifest json-schema-traverse@^1.0.0
2123 silly packumentCache full:https://registry.npmjs.org/json-schema-traverse cache-miss
2124 silly fetch manifest require-from-string@^2.0.2
2125 silly packumentCache full:https://registry.npmjs.org/require-from-string cache-miss
2126 silly fetch manifest chalk@^4.1.2
2127 silly packumentCache full:https://registry.npmjs.org/chalk cache-hit
2128 silly fetch manifest leven@^3.1.0 < 4
2129 silly packumentCache full:https://registry.npmjs.org/leven cache-miss
2130 silly fetch manifest jsonpointer@^5.0.0
2131 silly packumentCache full:https://registry.npmjs.org/jsonpointer cache-miss
2132 silly fetch manifest @babel/code-frame@^7.16.0
2133 silly packumentCache full:https://registry.npmjs.org/@babel%2fcode-frame cache-miss
2134 silly fetch manifest @humanwhocodes/momoa@^2.0.2
2135 silly packumentCache full:https://registry.npmjs.org/@humanwhocodes%2fmomoa cache-miss
2136 silly fetch manifest @esbuild/aix-ppc64@0.28.1
2137 silly packumentCache full:https://registry.npmjs.org/@esbuild%2faix-ppc64 cache-miss
2138 silly fetch manifest @esbuild/linux-arm@0.28.1
2139 silly packumentCache full:https://registry.npmjs.org/@esbuild%2flinux-arm cache-miss
2140 silly fetch manifest @esbuild/linux-x64@0.28.1
2141 silly packumentCache full:https://registry.npmjs.org/@esbuild%2flinux-x64 cache-miss
2142 silly fetch manifest @esbuild/sunos-x64@0.28.1
2143 silly packumentCache full:https://registry.npmjs.org/@esbuild%2fsunos-x64 cache-miss
2144 silly fetch manifest @esbuild/win32-x64@0.28.1
2145 silly packumentCache full:https://registry.npmjs.org/@esbuild%2fwin32-x64 cache-miss
2146 silly fetch manifest @esbuild/darwin-x64@0.28.1
2147 silly packumentCache full:https://registry.npmjs.org/@esbuild%2fdarwin-x64 cache-miss
2148 silly fetch manifest @esbuild/linux-ia32@0.28.1
2149 silly packumentCache full:https://registry.npmjs.org/@esbuild%2flinux-ia32 cache-miss
2150 silly fetch manifest @esbuild/netbsd-x64@0.28.1
2151 silly packumentCache full:https://registry.npmjs.org/@esbuild%2fnetbsd-x64 cache-miss
2152 http cache https://registry.npmjs.org/@humanwhocodes%2fmomoa 12ms (cache hit)
2153 silly packumentCache full:https://registry.npmjs.org/@humanwhocodes%2fmomoa set size:87233 disposed:false
2154 silly fetch manifest @esbuild/win32-ia32@0.28.1
2155 silly packumentCache full:https://registry.npmjs.org/@esbuild%2fwin32-ia32 cache-miss
2156 http cache https://registry.npmjs.org/require-from-string 15ms (cache hit)
2157 silly packumentCache full:https://registry.npmjs.org/require-from-string set size:15128 disposed:false
2158 silly fetch manifest @esbuild/android-arm@0.28.1
2159 silly packumentCache full:https://registry.npmjs.org/@esbuild%2fandroid-arm cache-miss
2160 http cache https://registry.npmjs.org/fast-uri 15ms (cache hit)
2161 silly packumentCache full:https://registry.npmjs.org/fast-uri set size:91614 disposed:false
2162 silly fetch manifest @esbuild/android-x64@0.28.1
2163 silly packumentCache full:https://registry.npmjs.org/@esbuild%2fandroid-x64 cache-miss
2164 http cache https://registry.npmjs.org/@esbuild%2flinux-x64 15ms (cache hit)
2165 silly packumentCache full:https://registry.npmjs.org/@esbuild%2flinux-x64 set size:198942 disposed:false
2166 silly fetch manifest @esbuild/freebsd-x64@0.28.1
2167 silly packumentCache full:https://registry.npmjs.org/@esbuild%2ffreebsd-x64 cache-miss
2168 http cache https://registry.npmjs.org/@babel%2fcode-frame 17ms (cache hit)
2169 silly packumentCache full:https://registry.npmjs.org/@babel%2fcode-frame set size:206617 disposed:false
2170 silly fetch manifest @esbuild/linux-arm64@0.28.1
2171 silly packumentCache full:https://registry.npmjs.org/@esbuild%2flinux-arm64 cache-miss
2172 http cache https://registry.npmjs.org/json-schema-traverse 20ms (cache hit)
2173 silly packumentCache full:https://registry.npmjs.org/json-schema-traverse set size:23537 disposed:false
2174 silly fetch manifest @esbuild/linux-ppc64@0.28.1
2175 silly packumentCache full:https://registry.npmjs.org/@esbuild%2flinux-ppc64 cache-miss
2176 http cache https://registry.npmjs.org/@esbuild%2fwin32-x64 19ms (cache hit)
2177 silly packumentCache full:https://registry.npmjs.org/@esbuild%2fwin32-x64 set size:197540 disposed:false
2178 silly fetch manifest @esbuild/linux-s390x@0.28.1
2179 silly packumentCache full:https://registry.npmjs.org/@esbuild%2flinux-s390x cache-miss
2180 http cache https://registry.npmjs.org/@esbuild%2flinux-arm 22ms (cache hit)
2181 silly packumentCache full:https://registry.npmjs.org/@esbuild%2flinux-arm set size:198596 disposed:false
2182 silly fetch manifest @esbuild/openbsd-x64@0.28.1
2183 silly packumentCache full:https://registry.npmjs.org/@esbuild%2fopenbsd-x64 cache-miss
2184 http cache https://registry.npmjs.org/leven 24ms (cache hit)
2185 silly packumentCache full:https://registry.npmjs.org/leven set size:23210 disposed:false
2186 silly fetch manifest @esbuild/win32-arm64@0.28.1
2187 silly packumentCache full:https://registry.npmjs.org/@esbuild%2fwin32-arm64 cache-miss
2188 http cache https://registry.npmjs.org/@esbuild%2fsunos-x64 24ms (cache hit)
2189 silly packumentCache full:https://registry.npmjs.org/@esbuild%2fsunos-x64 set size:199187 disposed:false
2190 silly fetch manifest @esbuild/darwin-arm64@0.28.1
2191 silly packumentCache full:https://registry.npmjs.org/@esbuild%2fdarwin-arm64 cache-miss
2192 http cache https://registry.npmjs.org/jsonpointer 27ms (cache hit)
2193 silly packumentCache full:https://registry.npmjs.org/jsonpointer set size:22257 disposed:false
2194 silly fetch manifest @esbuild/netbsd-arm64@0.28.1
2195 silly packumentCache full:https://registry.npmjs.org/@esbuild%2fnetbsd-arm64 cache-miss
2196 http cache https://registry.npmjs.org/@esbuild%2faix-ppc64 28ms (cache hit)
2197 silly packumentCache full:https://registry.npmjs.org/@esbuild%2faix-ppc64 set size:67797 disposed:false
2198 silly fetch manifest @esbuild/android-arm64@0.28.1
2199 silly packumentCache full:https://registry.npmjs.org/@esbuild%2fandroid-arm64 cache-miss
2200 http cache https://registry.npmjs.org/@esbuild%2fnetbsd-x64 26ms (cache hit)
2201 silly packumentCache full:https://registry.npmjs.org/@esbuild%2fnetbsd-x64 set size:197314 disposed:false
2202 silly fetch manifest @esbuild/freebsd-arm64@0.28.1
2203 silly packumentCache full:https://registry.npmjs.org/@esbuild%2ffreebsd-arm64 cache-miss
2204 http cache https://registry.npmjs.org/@esbuild%2flinux-ia32 30ms (cache hit)
2205 silly packumentCache full:https://registry.npmjs.org/@esbuild%2flinux-ia32 set size:199625 disposed:false
2206 silly fetch manifest @esbuild/linux-loong64@0.28.1
2207 silly packumentCache full:https://registry.npmjs.org/@esbuild%2flinux-loong64 cache-miss
2208 http cache https://registry.npmjs.org/@esbuild%2fdarwin-x64 32ms (cache hit)
2209 silly packumentCache full:https://registry.npmjs.org/@esbuild%2fdarwin-x64 set size:199670 disposed:false
2210 silly fetch manifest @esbuild/linux-riscv64@0.28.1
2211 silly packumentCache full:https://registry.npmjs.org/@esbuild%2flinux-riscv64 cache-miss
2212 http cache https://registry.npmjs.org/@esbuild%2fwin32-ia32 29ms (cache hit)
2213 silly packumentCache full:https://registry.npmjs.org/@esbuild%2fwin32-ia32 set size:199854 disposed:false
2214 silly fetch manifest @esbuild/openbsd-arm64@0.28.1
2215 silly packumentCache full:https://registry.npmjs.org/@esbuild%2fopenbsd-arm64 cache-miss
2216 http cache https://registry.npmjs.org/@esbuild%2fandroid-arm 30ms (cache hit)
2217 silly packumentCache full:https://registry.npmjs.org/@esbuild%2fandroid-arm set size:225217 disposed:false
2218 silly fetch manifest @esbuild/linux-mips64el@0.28.1
2219 silly packumentCache full:https://registry.npmjs.org/@esbuild%2flinux-mips64el cache-miss
2220 http cache https://registry.npmjs.org/@esbuild%2fandroid-x64 31ms (cache hit)
2221 silly packumentCache full:https://registry.npmjs.org/@esbuild%2fandroid-x64 set size:199017 disposed:false
2222 silly fetch manifest @esbuild/openharmony-arm64@0.28.1
2223 silly packumentCache full:https://registry.npmjs.org/@esbuild%2fopenharmony-arm64 cache-miss
2224 http cache https://registry.npmjs.org/@esbuild%2flinux-ppc64 28ms (cache hit)
2225 silly packumentCache full:https://registry.npmjs.org/@esbuild%2flinux-ppc64 set size:202845 disposed:false
2226 silly fetch manifest @types/retry@0.12.2
2227 silly packumentCache full:https://registry.npmjs.org/@types%2fretry cache-miss
2228 http cache https://registry.npmjs.org/@esbuild%2flinux-arm64 31ms (cache hit)
2229 silly packumentCache full:https://registry.npmjs.org/@esbuild%2flinux-arm64 set size:200773 disposed:false
2230 silly fetch manifest is-network-error@^1.0.0
2231 silly packumentCache full:https://registry.npmjs.org/is-network-error cache-miss
2232 http cache https://registry.npmjs.org/@esbuild%2ffreebsd-x64 35ms (cache hit)
2233 silly packumentCache full:https://registry.npmjs.org/@esbuild%2ffreebsd-x64 set size:200565 disposed:false
2234 silly fetch manifest slashes@^3.0.12
2235 silly packumentCache full:https://registry.npmjs.org/slashes cache-miss
2236 http cache https://registry.npmjs.org/@esbuild%2flinux-s390x 32ms (cache hit)
2237 silly packumentCache full:https://registry.npmjs.org/@esbuild%2flinux-s390x set size:202310 disposed:false
2238 silly fetch manifest es-module-lexer@^1.5.3
2239 silly packumentCache full:https://registry.npmjs.org/es-module-lexer cache-hit
2240 silly fetch manifest chownr@^3.0.0
2241 silly packumentCache full:https://registry.npmjs.org/chownr cache-miss
2242 http cache https://registry.npmjs.org/@esbuild%2fwin32-arm64 31ms (cache hit)
2243 silly packumentCache full:https://registry.npmjs.org/@esbuild%2fwin32-arm64 set size:201005 disposed:false
2244 silly fetch manifest yallist@^5.0.0
2245 silly packumentCache full:https://registry.npmjs.org/yallist cache-miss
2246 http cache https://registry.npmjs.org/@esbuild%2fopenbsd-x64 33ms (cache hit)
2247 silly packumentCache full:https://registry.npmjs.org/@esbuild%2fopenbsd-x64 set size:200576 disposed:false
2248 silly fetch manifest minipass@^7.1.2
2249 silly packumentCache full:https://registry.npmjs.org/minipass cache-hit
2250 silly fetch manifest minizlib@^3.1.0
2251 silly packumentCache full:https://registry.npmjs.org/minizlib cache-miss
2252 http cache https://registry.npmjs.org/@esbuild%2fdarwin-arm64 32ms (cache hit)
2253 silly packumentCache full:https://registry.npmjs.org/@esbuild%2fdarwin-arm64 set size:201471 disposed:false
2254 silly fetch manifest @isaacs/fs-minipass@^4.0.0
2255 silly packumentCache full:https://registry.npmjs.org/@isaacs%2ffs-minipass cache-miss
2256 http cache https://registry.npmjs.org/@esbuild%2fnetbsd-arm64 33ms (cache hit)
2257 silly packumentCache full:https://registry.npmjs.org/@esbuild%2fnetbsd-arm64 set size:44308 disposed:false
2258 http cache https://registry.npmjs.org/@esbuild%2fandroid-arm64 32ms (cache hit)
2259 silly packumentCache full:https://registry.npmjs.org/@esbuild%2fandroid-arm64 set size:204216 disposed:false
2260 http cache https://registry.npmjs.org/@esbuild%2ffreebsd-arm64 33ms (cache hit)
2261 silly packumentCache full:https://registry.npmjs.org/@esbuild%2ffreebsd-arm64 set size:202383 disposed:false
2262 http cache https://registry.npmjs.org/@esbuild%2flinux-loong64 32ms (cache hit)
2263 silly packumentCache full:https://registry.npmjs.org/@esbuild%2flinux-loong64 set size:255749 disposed:false
2264 http cache https://registry.npmjs.org/@esbuild%2flinux-riscv64 32ms (cache hit)
2265 silly packumentCache full:https://registry.npmjs.org/@esbuild%2flinux-riscv64 set size:202512 disposed:false
2266 http cache https://registry.npmjs.org/@esbuild%2fopenharmony-arm64 28ms (cache hit)
2267 silly packumentCache full:https://registry.npmjs.org/@esbuild%2fopenharmony-arm64 set size:33054 disposed:false
2268 http cache https://registry.npmjs.org/@esbuild%2flinux-mips64el 30ms (cache hit)
2269 silly packumentCache full:https://registry.npmjs.org/@esbuild%2flinux-mips64el set size:204633 disposed:false
2270 http cache https://registry.npmjs.org/is-network-error 26ms (cache hit)
2271 silly packumentCache full:https://registry.npmjs.org/is-network-error set size:14699 disposed:false
2272 http cache https://registry.npmjs.org/@types%2fretry 30ms (cache hit)
2273 silly packumentCache full:https://registry.npmjs.org/@types%2fretry set size:17008 disposed:false
2274 http cache https://registry.npmjs.org/@esbuild%2fopenbsd-arm64 35ms (cache hit)
2275 silly packumentCache full:https://registry.npmjs.org/@esbuild%2fopenbsd-arm64 set size:49642 disposed:false
2276 http cache https://registry.npmjs.org/chownr 25ms (cache hit)
2277 silly packumentCache full:https://registry.npmjs.org/chownr set size:22157 disposed:false
2278 http cache https://registry.npmjs.org/slashes 28ms (cache hit)
2279 silly packumentCache full:https://registry.npmjs.org/slashes set size:67072 disposed:false
2280 http cache https://registry.npmjs.org/yallist 25ms (cache hit)
2281 silly packumentCache full:https://registry.npmjs.org/yallist set size:34610 disposed:false
2282 http cache https://registry.npmjs.org/minizlib 23ms (cache hit)
2283 silly packumentCache full:https://registry.npmjs.org/minizlib set size:62862 disposed:false
2284 http cache https://registry.npmjs.org/@isaacs%2ffs-minipass 23ms (cache hit)
2285 silly packumentCache full:https://registry.npmjs.org/@isaacs%2ffs-minipass set size:7912 disposed:false
2286 silly placeDep ROOT @netlify/types@2.8.0 OK for: @netlify/edge-functions@3.0.8 want: 2.8.0
2287 silly placeDep node_modules/@netlify/edge-functions-dev @netlify/dev-utils@5.0.0 OK for: @netlify/edge-functions-dev@1.0.24 want: 5.0.0
2288 silly placeDep node_modules/@netlify/edge-functions-dev @netlify/edge-bundler@15.1.1 OK for: @netlify/edge-functions-dev@1.0.24 want: ^15.1.1
2289 silly placeDep node_modules/@netlify/edge-functions-dev @netlify/edge-functions-bootstrap@2.16.0 OK for: @netlify/edge-functions-dev@1.0.24 want: 2.16.0
2290 silly placeDep node_modules/@netlify/edge-functions-dev get-port@7.2.0 OK for: @netlify/edge-functions-dev@1.0.24 want: ^7.1.0
2291 silly fetch manifest get-port@^7.0.0
2292 silly packumentCache full:https://registry.npmjs.org/get-port cache-hit
2293 silly fetch manifest path-key@^4.0.0
2294 silly packumentCache full:https://registry.npmjs.org/path-key cache-miss
2295 http cache https://registry.npmjs.org/path-key 3ms (cache hit)
2296 silly packumentCache full:https://registry.npmjs.org/path-key set size:16975 disposed:false
2297 silly placeDep node_modules/@netlify/functions-dev @netlify/dev-utils@5.0.0 OK for: @netlify/functions-dev@1.3.5 want: 5.0.0
2298 silly placeDep ROOT @netlify/functions@5.3.0 OK for: @netlify/functions-dev@1.3.5 want: 5.3.0
2299 silly placeDep ROOT extract-zip@2.0.1 OK for: @netlify/functions-dev@1.3.5 want: ^2.0.1
2300 silly placeDep node_modules/@netlify/functions-dev is-stream@4.0.1 OK for: @netlify/functions-dev@1.3.5 want: ^4.0.1
2301 silly placeDep node_modules/@netlify/functions-dev read-package-up@11.0.0 OK for: @netlify/functions-dev@1.3.5 want: ^11.0.0
2302 silly fetch manifest get-stream@^5.1.0
2303 silly packumentCache full:https://registry.npmjs.org/get-stream cache-hit
2304 silly fetch manifest yauzl@^2.10.0
2305 silly packumentCache full:https://registry.npmjs.org/yauzl cache-hit
2306 silly fetch manifest @types/yauzl@^2.9.1
2307 silly packumentCache full:https://registry.npmjs.org/@types%2fyauzl cache-miss
2308 http cache https://registry.npmjs.org/@types%2fyauzl 3ms (cache hit)
2309 silly packumentCache full:https://registry.npmjs.org/@types%2fyauzl set size:17661 disposed:false
2310 silly placeDep ROOT cpy@11.1.0 OK for: @netlify/functions-utils@7.1.4 want: ^11.0.0
2311 silly fetch manifest globby@^14.0.2
2312 silly packumentCache full:https://registry.npmjs.org/globby cache-miss
2313 silly fetch manifest micromatch@^4.0.7
2314 silly packumentCache full:https://registry.npmjs.org/micromatch cache-hit
2315 http cache https://registry.npmjs.org/globby 4ms (cache hit)
2316 silly packumentCache full:https://registry.npmjs.org/globby set size:168029 disposed:false
2317 silly placeDep node_modules/@netlify/git-utils execa@8.0.1 OK for: @netlify/git-utils@7.1.0 want: ^8.0.0
2318 silly placeDep ROOT micro-memoize@5.1.2 OK for: @netlify/git-utils@7.1.0 want: ^5.1.1
2319 silly placeDep ROOT micromatch@4.0.8 OK for: @netlify/git-utils@7.1.0 want: ^4.0.2
2320 silly fetch manifest fast-equals@^5.4.0
2321 silly packumentCache full:https://registry.npmjs.org/fast-equals cache-miss
2322 silly fetch manifest fast-stringify@^4.0.0
2323 silly packumentCache full:https://registry.npmjs.org/fast-stringify cache-miss
2324 silly fetch manifest braces@^3.0.3
2325 silly packumentCache full:https://registry.npmjs.org/braces cache-miss
2326 silly fetch manifest picomatch@^2.3.1
2327 silly packumentCache full:https://registry.npmjs.org/picomatch cache-hit
2328 http cache https://registry.npmjs.org/fast-stringify 4ms (cache hit)
2329 silly packumentCache full:https://registry.npmjs.org/fast-stringify set size:90168 disposed:false
2330 http cache https://registry.npmjs.org/braces 5ms (cache hit)
2331 silly packumentCache full:https://registry.npmjs.org/braces set size:114529 disposed:false
2332 http cache https://registry.npmjs.org/fast-equals 7ms (cache hit)
2333 silly packumentCache full:https://registry.npmjs.org/fast-equals set size:328087 disposed:false
2334 silly placeDep ROOT escape-string-regexp@5.0.0 OK for: @netlify/headers-parser@10.1.1 want: ^5.0.0
2335 silly placeDep ROOT ipx@3.1.1 OK for: @netlify/images@1.3.12 want: ^3.1.1
2336 silly fetch manifest h3@^1.15.3
2337 silly packumentCache full:https://registry.npmjs.org/h3 cache-miss
2338 silly fetch manifest ufo@^1.6.1
2339 silly packumentCache full:https://registry.npmjs.org/ufo cache-miss
2340 silly fetch manifest xss@^1.0.15
2341 silly packumentCache full:https://registry.npmjs.org/xss cache-miss
2342 silly fetch manifest defu@^6.1.4
2343 silly packumentCache full:https://registry.npmjs.org/defu cache-miss
2344 silly fetch manifest svgo@^4.0.0
2345 silly packumentCache full:https://registry.npmjs.org/svgo cache-miss
2346 silly fetch manifest citty@^0.1.6
2347 silly packumentCache full:https://registry.npmjs.org/citty cache-miss
2348 silly fetch manifest destr@^2.0.5
2349 silly packumentCache full:https://registry.npmjs.org/destr cache-miss
2350 silly fetch manifest pathe@^2.0.3
2351 silly packumentCache full:https://registry.npmjs.org/pathe cache-miss
2352 silly fetch manifest ofetch@^1.4.1
2353 silly packumentCache full:https://registry.npmjs.org/ofetch cache-miss
2354 silly fetch manifest consola@^3.4.2
2355 silly packumentCache full:https://registry.npmjs.org/consola cache-miss
2356 silly fetch manifest listhen@^1.9.0
2357 silly packumentCache full:https://registry.npmjs.org/listhen cache-miss
2358 silly fetch manifest unstorage@^1.16.1
2359 silly packumentCache full:https://registry.npmjs.org/unstorage cache-miss
2360 silly fetch manifest image-meta@^0.2.1
2361 silly packumentCache full:https://registry.npmjs.org/image-meta cache-miss
2362 http cache https://registry.npmjs.org/ufo 14ms (cache hit)
2363 silly packumentCache full:https://registry.npmjs.org/ufo set size:169119 disposed:false
2364 http cache https://registry.npmjs.org/xss 16ms (cache hit)
2365 silly packumentCache full:https://registry.npmjs.org/xss set size:165666 disposed:false
2366 http cache https://registry.npmjs.org/destr 16ms (cache hit)
2367 silly packumentCache full:https://registry.npmjs.org/destr set size:65344 disposed:false
2368 http cache https://registry.npmjs.org/h3 20ms (cache hit)
2369 silly packumentCache full:https://registry.npmjs.org/h3 set size:467758 disposed:false
2370 http cache https://registry.npmjs.org/pathe 22ms (cache hit)
2371 silly packumentCache full:https://registry.npmjs.org/pathe set size:68788 disposed:false
2372 http cache https://registry.npmjs.org/defu 24ms (cache hit)
2373 silly packumentCache full:https://registry.npmjs.org/defu set size:87806 disposed:false
2374 http cache https://registry.npmjs.org/unstorage 23ms (cache hit)
2375 silly packumentCache full:https://registry.npmjs.org/unstorage set size:355348 disposed:false
2376 http cache https://registry.npmjs.org/svgo 29ms (cache hit)
2377 silly packumentCache full:https://registry.npmjs.org/svgo set size:312556 disposed:false
2378 http cache https://registry.npmjs.org/citty 31ms (cache hit)
2379 silly packumentCache full:https://registry.npmjs.org/citty set size:38582 disposed:false
2380 http cache https://registry.npmjs.org/consola 31ms (cache hit)
2381 silly packumentCache full:https://registry.npmjs.org/consola set size:324648 disposed:false
2382 http cache https://registry.npmjs.org/ofetch 34ms (cache hit)
2383 silly packumentCache full:https://registry.npmjs.org/ofetch set size:75280 disposed:false
2384 http cache https://registry.npmjs.org/image-meta 34ms (cache hit)
2385 silly packumentCache full:https://registry.npmjs.org/image-meta set size:16982 disposed:false
2386 http cache https://registry.npmjs.org/listhen 35ms (cache hit)
2387 silly packumentCache full:https://registry.npmjs.org/listhen set size:202573 disposed:false
2388 silly placeDep ROOT @netlify/local-functions-proxy-darwin-arm64@1.1.1 OK for: @netlify/local-functions-proxy@2.0.3 want: 1.1.1
2389 silly placeDep ROOT @netlify/local-functions-proxy-darwin-x64@1.1.1 OK for: @netlify/local-functions-proxy@2.0.3 want: 1.1.1
2390 silly placeDep ROOT @netlify/local-functions-proxy-freebsd-arm64@1.1.1 OK for: @netlify/local-functions-proxy@2.0.3 want: 1.1.1
2391 silly placeDep ROOT @netlify/local-functions-proxy-freebsd-x64@1.1.1 OK for: @netlify/local-functions-proxy@2.0.3 want: 1.1.1
2392 silly placeDep ROOT @netlify/local-functions-proxy-linux-arm@1.1.1 OK for: @netlify/local-functions-proxy@2.0.3 want: 1.1.1
2393 silly placeDep ROOT @netlify/local-functions-proxy-linux-arm64@1.1.1 OK for: @netlify/local-functions-proxy@2.0.3 want: 1.1.1
2394 silly placeDep ROOT @netlify/local-functions-proxy-linux-ia32@1.1.1 OK for: @netlify/local-functions-proxy@2.0.3 want: 1.1.1
2395 silly placeDep ROOT @netlify/local-functions-proxy-linux-ppc64@1.1.1 OK for: @netlify/local-functions-proxy@2.0.3 want: 1.1.1
2396 silly placeDep ROOT @netlify/local-functions-proxy-linux-x64@1.1.1 OK for: @netlify/local-functions-proxy@2.0.3 want: 1.1.1
2397 silly placeDep ROOT @netlify/local-functions-proxy-openbsd-x64@1.1.1 OK for: @netlify/local-functions-proxy@2.0.3 want: 1.1.1
2398 silly placeDep ROOT @netlify/local-functions-proxy-win32-ia32@1.1.1 OK for: @netlify/local-functions-proxy@2.0.3 want: 1.1.1
2399 silly placeDep ROOT @netlify/local-functions-proxy-win32-x64@1.1.1 OK for: @netlify/local-functions-proxy@2.0.3 want: 1.1.1
2400 silly placeDep node_modules/@netlify/otel @opentelemetry/api@1.9.1 OK for: @netlify/otel@6.0.6 want: 1.9.1
2401 silly placeDep ROOT @opentelemetry/core@2.8.0 OK for: @netlify/otel@6.0.6 want: 2.8.0
2402 silly placeDep ROOT @opentelemetry/instrumentation@0.220.0 OK for: @netlify/otel@6.0.6 want: ^0.220.0
2403 silly placeDep ROOT @opentelemetry/resources@2.9.0 OK for: @netlify/otel@6.0.6 want: 2.9.0
2404 silly placeDep ROOT @opentelemetry/sdk-trace-node@2.9.0 OK for: @netlify/otel@6.0.6 want: 2.9.0
2405 silly fetch manifest @opentelemetry/semantic-conventions@^1.29.0
2406 silly packumentCache full:https://registry.npmjs.org/@opentelemetry%2fsemantic-conventions cache-miss
2407 silly fetch manifest import-in-the-middle@^3.0.0
2408 silly packumentCache full:https://registry.npmjs.org/import-in-the-middle cache-miss
2409 silly fetch manifest require-in-the-middle@^8.0.0
2410 silly packumentCache full:https://registry.npmjs.org/require-in-the-middle cache-miss
2411 silly fetch manifest @opentelemetry/api-logs@0.220.0
2412 silly packumentCache full:https://registry.npmjs.org/@opentelemetry%2fapi-logs cache-miss
2413 silly fetch manifest @opentelemetry/core@2.9.0
2414 silly packumentCache full:https://registry.npmjs.org/@opentelemetry%2fcore cache-hit
2415 silly fetch manifest @opentelemetry/semantic-conventions@^1.29.0
2416 silly packumentCache full:https://registry.npmjs.org/@opentelemetry%2fsemantic-conventions cache-miss
2417 silly fetch manifest @opentelemetry/core@2.9.0
2418 silly packumentCache full:https://registry.npmjs.org/@opentelemetry%2fcore cache-hit
2419 silly fetch manifest @opentelemetry/sdk-trace-base@2.9.0
2420 silly packumentCache full:https://registry.npmjs.org/@opentelemetry%2fsdk-trace-base cache-miss
2421 silly fetch manifest @opentelemetry/context-async-hooks@2.9.0
2422 silly packumentCache full:https://registry.npmjs.org/@opentelemetry%2fcontext-async-hooks cache-miss
2423 http cache https://registry.npmjs.org/@opentelemetry%2fsemantic-conventions 23ms (cache hit)
2424 silly packumentCache full:https://registry.npmjs.org/@opentelemetry%2fsemantic-conventions set size:428824 disposed:false
2425 http cache https://registry.npmjs.org/require-in-the-middle 26ms (cache hit)
2426 silly packumentCache full:https://registry.npmjs.org/require-in-the-middle set size:87691 disposed:false
2427 http cache https://registry.npmjs.org/@opentelemetry%2fcontext-async-hooks 27ms (cache hit)
2428 silly packumentCache full:https://registry.npmjs.org/@opentelemetry%2fcontext-async-hooks set size:463660 disposed:false
2429 http cache https://registry.npmjs.org/import-in-the-middle 32ms (cache hit)
2430 silly packumentCache full:https://registry.npmjs.org/import-in-the-middle set size:179766 disposed:false
2431 http cache https://registry.npmjs.org/@opentelemetry%2fapi-logs 33ms (cache hit)
2432 silly packumentCache full:https://registry.npmjs.org/@opentelemetry%2fapi-logs set size:231599 disposed:false
2433 http cache https://registry.npmjs.org/@opentelemetry%2fsemantic-conventions 34ms (cache hit)
2434 silly packumentCache full:https://registry.npmjs.org/@opentelemetry%2fsemantic-conventions set size:428824 disposed:false
2435 silly packumentCache full:https://registry.npmjs.org/@opentelemetry%2fsemantic-conventions dispose
2436 http cache https://registry.npmjs.org/@opentelemetry%2fsdk-trace-base 36ms (cache hit)
2437 silly packumentCache full:https://registry.npmjs.org/@opentelemetry%2fsdk-trace-base set size:341696 disposed:false
2438 silly placeDep node_modules/@netlify/redirects @netlify/dev-utils@5.0.0 OK for: @netlify/redirects@3.1.15 want: 5.0.0
2439 silly placeDep node_modules/@netlify/run-utils execa@8.0.1 OK for: @netlify/run-utils@7.1.0 want: ^8.0.0
2440 silly placeDep ROOT @netlify/cache@3.4.10 OK for: @netlify/runtime@4.1.29 want: 3.4.10
2441 silly placeDep node_modules/@netlify/static mime-types@3.0.2 OK for: @netlify/static@3.1.12 want: ^3.0.0
2442 silly fetch manifest mime-db@^1.54.0
2443 silly packumentCache full:https://registry.npmjs.org/mime-db cache-miss
2444 http cache https://registry.npmjs.org/mime-db 4ms (cache hit)
2445 silly packumentCache full:https://registry.npmjs.org/mime-db set size:164953 disposed:false
2446 silly placeDep ROOT @babel/parser@7.29.8 OK for: @netlify/zip-it-and-ship-it@15.3.4 want: ^7.22.5
2447 silly placeDep ROOT @babel/types@7.29.8 OK for: @netlify/zip-it-and-ship-it@15.3.4 want: ^7.28.5
2448 silly placeDep ROOT @netlify/binary-info@1.0.0 OK for: @netlify/zip-it-and-ship-it@15.3.4 want: ^1.0.0
2449 silly placeDep ROOT @netlify/serverless-functions-api@2.18.0 OK for: @netlify/zip-it-and-ship-it@15.3.4 want: 2.18.0
2450 silly placeDep ROOT @vercel/nft@0.29.4 OK for: @netlify/zip-it-and-ship-it@15.3.4 want: 0.29.4
2451 silly placeDep ROOT archiver@8.0.0 OK for: @netlify/zip-it-and-ship-it@15.3.4 want: ^8.0.0
2452 silly placeDep ROOT copy-file@11.1.0 OK for: @netlify/zip-it-and-ship-it@15.3.4 want: ^11.0.0
2453 silly placeDep ROOT es-module-lexer@1.7.0 OK for: @netlify/zip-it-and-ship-it@15.3.4 want: ^1.0.0
2454 silly placeDep node_modules/@netlify/zip-it-and-ship-it execa@8.0.1 OK for: @netlify/zip-it-and-ship-it@15.3.4 want: ^8.0.0
2455 silly placeDep ROOT fast-glob@3.3.3 OK for: @netlify/zip-it-and-ship-it@15.3.4 want: ^3.3.3
2456 silly placeDep node_modules/@netlify/zip-it-and-ship-it find-up@7.0.0 OK for: @netlify/zip-it-and-ship-it@15.3.4 want: ^7.0.0
2457 silly placeDep ROOT is-path-inside@4.0.0 OK for: @netlify/zip-it-and-ship-it@15.3.4 want: ^4.0.0
2458 silly placeDep node_modules/@netlify/zip-it-and-ship-it locate-path@7.2.0 OK for: @netlify/zip-it-and-ship-it@15.3.4 want: ^7.0.0
2459 silly placeDep ROOT merge-options@3.0.4 OK for: @netlify/zip-it-and-ship-it@15.3.4 want: ^3.0.4
2460 silly placeDep ROOT normalize-path@3.0.0 OK for: @netlify/zip-it-and-ship-it@15.3.4 want: ^3.0.0
2461 silly placeDep ROOT precinct@12.3.2 OK for: @netlify/zip-it-and-ship-it@15.3.4 want: ^12.0.0
2462 silly placeDep ROOT require-package-name@2.0.1 OK for: @netlify/zip-it-and-ship-it@15.3.4 want: ^2.0.1
2463 silly placeDep ROOT unixify@1.0.0 OK for: @netlify/zip-it-and-ship-it@15.3.4 want: ^1.0.0
2464 silly fetch manifest @babel/types@^7.29.8
2465 silly packumentCache full:https://registry.npmjs.org/@babel%2ftypes cache-hit
2466 silly fetch manifest @babel/helper-string-parser@^7.29.7
2467 silly packumentCache full:https://registry.npmjs.org/@babel%2fhelper-string-parser cache-miss
2468 silly fetch manifest @babel/helper-validator-identifier@^7.29.7
2469 silly packumentCache full:https://registry.npmjs.org/@babel%2fhelper-validator-identifier cache-miss
2470 silly fetch manifest glob@^10.4.5
2471 silly packumentCache full:https://registry.npmjs.org/glob cache-hit
2472 silly fetch manifest bindings@^1.4.0
2473 silly packumentCache full:https://registry.npmjs.org/bindings cache-miss
2474 silly fetch manifest picomatch@^4.0.2
2475 silly packumentCache full:https://registry.npmjs.org/picomatch cache-hit
2476 silly fetch manifest async-sema@^3.1.1
2477 silly packumentCache full:https://registry.npmjs.org/async-sema cache-miss
2478 silly fetch manifest graceful-fs@^4.2.9
2479 silly packumentCache full:https://registry.npmjs.org/graceful-fs cache-miss
2480 silly fetch manifest resolve-from@^5.0.0
2481 silly packumentCache full:https://registry.npmjs.org/resolve-from cache-miss
2482 silly fetch manifest estree-walker@2.0.2
2483 silly packumentCache full:https://registry.npmjs.org/estree-walker cache-miss
2484 silly fetch manifest node-gyp-build@^4.2.2
2485 silly packumentCache full:https://registry.npmjs.org/node-gyp-build cache-miss
2486 silly fetch manifest @rollup/pluginutils@^5.1.3
2487 silly packumentCache full:https://registry.npmjs.org/@rollup%2fpluginutils cache-miss
2488 silly fetch manifest @mapbox/node-pre-gyp@^2.0.0
2489 silly packumentCache full:https://registry.npmjs.org/@mapbox%2fnode-pre-gyp cache-miss
2490 silly fetch manifest acorn-import-attributes@^1.9.5
2491 silly packumentCache full:https://registry.npmjs.org/acorn-import-attributes cache-miss
2492 silly fetch manifest async@^3.2.4
2493 silly packumentCache full:https://registry.npmjs.org/async cache-miss
2494 silly fetch manifest buffer-crc32@^1.0.0
2495 silly packumentCache full:https://registry.npmjs.org/buffer-crc32 cache-miss
2496 silly fetch manifest is-stream@^4.0.0
2497 silly packumentCache full:https://registry.npmjs.org/is-stream cache-hit
2498 silly fetch manifest lazystream@^1.0.0
2499 silly packumentCache full:https://registry.npmjs.org/lazystream cache-miss
2500 silly fetch manifest readable-stream@^4.0.0
2501 silly packumentCache full:https://registry.npmjs.org/readable-stream cache-hit
2502 silly fetch manifest readdir-glob@^3.0.0
2503 silly packumentCache full:https://registry.npmjs.org/readdir-glob cache-miss
2504 http cache https://registry.npmjs.org/resolve-from 19ms (cache hit)
2505 silly packumentCache full:https://registry.npmjs.org/resolve-from set size:12911 disposed:false
2506 silly fetch manifest tar-stream@^3.0.0
2507 silly packumentCache full:https://registry.npmjs.org/tar-stream cache-miss
2508 http cache https://registry.npmjs.org/async-sema 22ms (cache hit)
2509 silly packumentCache full:https://registry.npmjs.org/async-sema set size:46767 disposed:false
2510 silly fetch manifest zip-stream@^7.0.2
2511 silly packumentCache full:https://registry.npmjs.org/zip-stream cache-miss
2512 http cache https://registry.npmjs.org/@babel%2fhelper-validator-identifier 24ms (cache hit)
2513 silly packumentCache full:https://registry.npmjs.org/@babel%2fhelper-validator-identifier set size:130133 disposed:false
2514 silly fetch manifest graceful-fs@^4.2.11
2515 silly packumentCache full:https://registry.npmjs.org/graceful-fs cache-miss
2516 http cache https://registry.npmjs.org/@babel%2fhelper-string-parser 26ms (cache hit)
2517 silly packumentCache full:https://registry.npmjs.org/@babel%2fhelper-string-parser set size:91563 disposed:false
2518 silly fetch manifest @nodelib/fs.stat@^2.0.2
2519 silly packumentCache full:https://registry.npmjs.org/@nodelib%2ffs.stat cache-miss
2520 http cache https://registry.npmjs.org/acorn-import-attributes 25ms (cache hit)
2521 silly packumentCache full:https://registry.npmjs.org/acorn-import-attributes set size:16911 disposed:false
2522 silly fetch manifest @nodelib/fs.walk@^1.2.3
2523 silly packumentCache full:https://registry.npmjs.org/@nodelib%2ffs.walk cache-miss
2524 http cache https://registry.npmjs.org/@rollup%2fpluginutils 27ms (cache hit)
2525 silly packumentCache full:https://registry.npmjs.org/@rollup%2fpluginutils set size:121958 disposed:false
2526 silly fetch manifest glob-parent@^5.1.2
2527 silly packumentCache full:https://registry.npmjs.org/glob-parent cache-miss
2528 http cache https://registry.npmjs.org/bindings 29ms (cache hit)
2529 silly packumentCache full:https://registry.npmjs.org/bindings set size:31303 disposed:false
2530 silly fetch manifest merge2@^1.3.0
2531 silly packumentCache full:https://registry.npmjs.org/merge2 cache-miss
2532 http cache https://registry.npmjs.org/estree-walker 29ms (cache hit)
2533 silly packumentCache full:https://registry.npmjs.org/estree-walker set size:60887 disposed:false
2534 silly fetch manifest is-plain-obj@^2.1.0
2535 silly packumentCache full:https://registry.npmjs.org/is-plain-obj cache-hit
2536 silly fetch manifest postcss@^8.5.14
2537 silly packumentCache full:https://registry.npmjs.org/postcss cache-miss
2538 http cache https://registry.npmjs.org/@mapbox%2fnode-pre-gyp 31ms (cache hit)
2539 silly packumentCache full:https://registry.npmjs.org/@mapbox%2fnode-pre-gyp set size:134009 disposed:false
2540 silly fetch manifest detective-amd@^6.1.0
2541 silly packumentCache full:https://registry.npmjs.org/detective-amd cache-miss
2542 http cache https://registry.npmjs.org/node-gyp-build 33ms (cache hit)
2543 silly packumentCache full:https://registry.npmjs.org/node-gyp-build set size:84545 disposed:false
2544 silly fetch manifest detective-cjs@^6.1.1
2545 silly packumentCache full:https://registry.npmjs.org/detective-cjs cache-miss
2546 http cache https://registry.npmjs.org/readdir-glob 29ms (cache hit)
2547 silly packumentCache full:https://registry.npmjs.org/readdir-glob set size:30196 disposed:false
2548 silly fetch manifest detective-es6@^5.0.2
2549 silly packumentCache full:https://registry.npmjs.org/detective-es6 cache-miss
2550 http cache https://registry.npmjs.org/graceful-fs 37ms (cache hit)
2551 silly packumentCache full:https://registry.npmjs.org/graceful-fs set size:124285 disposed:false
2552 silly fetch manifest detective-sass@^6.0.2
2553 silly packumentCache full:https://registry.npmjs.org/detective-sass cache-miss
2554 http cache https://registry.npmjs.org/async 37ms (cache hit)
2555 silly packumentCache full:https://registry.npmjs.org/async set size:230482 disposed:false
2556 silly fetch manifest detective-scss@^5.0.2
2557 silly packumentCache full:https://registry.npmjs.org/detective-scss cache-miss
2558 http cache https://registry.npmjs.org/lazystream 36ms (cache hit)
2559 silly packumentCache full:https://registry.npmjs.org/lazystream set size:14342 disposed:false
2560 silly fetch manifest detective-vue2@^2.3.0
2561 silly packumentCache full:https://registry.npmjs.org/detective-vue2 cache-miss
2562 http cache https://registry.npmjs.org/buffer-crc32 37ms (cache hit)
2563 silly packumentCache full:https://registry.npmjs.org/buffer-crc32 set size:58100 disposed:false
2564 silly fetch manifest detective-stylus@^5.0.1
2565 silly packumentCache full:https://registry.npmjs.org/detective-stylus cache-miss
2566 http cache https://registry.npmjs.org/graceful-fs 26ms (cache hit)
2567 silly packumentCache full:https://registry.npmjs.org/graceful-fs set size:124285 disposed:false
2568 silly packumentCache full:https://registry.npmjs.org/graceful-fs dispose
2569 silly fetch manifest node-source-walk@^7.0.2
2570 silly packumentCache full:https://registry.npmjs.org/node-source-walk cache-miss
2571 http cache https://registry.npmjs.org/zip-stream 30ms (cache hit)
2572 silly packumentCache full:https://registry.npmjs.org/zip-stream set size:109574 disposed:false
2573 silly fetch manifest detective-postcss@^8.0.3
2574 silly packumentCache full:https://registry.npmjs.org/detective-postcss cache-miss
2575 http cache https://registry.npmjs.org/@nodelib%2ffs.stat 28ms (cache hit)
2576 silly packumentCache full:https://registry.npmjs.org/@nodelib%2ffs.stat set size:36993 disposed:false
2577 silly fetch manifest module-definition@^6.0.2
2578 silly packumentCache full:https://registry.npmjs.org/module-definition cache-miss
2579 http cache https://registry.npmjs.org/tar-stream 35ms (cache hit)
2580 silly packumentCache full:https://registry.npmjs.org/tar-stream set size:137875 disposed:false
2581 silly fetch manifest detective-typescript@^14.1.2
2582 silly packumentCache full:https://registry.npmjs.org/detective-typescript cache-miss
2583 http cache https://registry.npmjs.org/@nodelib%2ffs.walk 31ms (cache hit)
2584 silly packumentCache full:https://registry.npmjs.org/@nodelib%2ffs.walk set size:41589 disposed:false
2585 silly fetch manifest @dependents/detective-less@^5.0.3
2586 silly packumentCache full:https://registry.npmjs.org/@dependents%2fdetective-less cache-miss
2587 http cache https://registry.npmjs.org/glob-parent 30ms (cache hit)
2588 silly packumentCache full:https://registry.npmjs.org/glob-parent set size:42445 disposed:false
2589 silly fetch manifest normalize-path@^2.1.1
2590 silly packumentCache full:https://registry.npmjs.org/normalize-path cache-hit
2591 http cache https://registry.npmjs.org/detective-amd 27ms (cache hit)
2592 silly packumentCache full:https://registry.npmjs.org/detective-amd set size:82799 disposed:false
2593 http cache https://registry.npmjs.org/detective-cjs 26ms (cache hit)
2594 silly packumentCache full:https://registry.npmjs.org/detective-cjs set size:52646 disposed:false
2595 http cache https://registry.npmjs.org/postcss 31ms (cache hit)
2596 silly packumentCache full:https://registry.npmjs.org/postcss set size:760024 disposed:false
2597 http cache https://registry.npmjs.org/merge2 38ms (cache hit)
2598 silly packumentCache full:https://registry.npmjs.org/merge2 set size:46159 disposed:false
2599 http cache https://registry.npmjs.org/detective-es6 33ms (cache hit)
2600 silly packumentCache full:https://registry.npmjs.org/detective-es6 set size:52634 disposed:false
2601 http cache https://registry.npmjs.org/detective-sass 31ms (cache hit)
2602 silly packumentCache full:https://registry.npmjs.org/detective-sass set size:67219 disposed:false
2603 http cache https://registry.npmjs.org/detective-scss 29ms (cache hit)
2604 silly packumentCache full:https://registry.npmjs.org/detective-scss set size:49921 disposed:false
2605 http cache https://registry.npmjs.org/detective-vue2 29ms (cache hit)
2606 silly packumentCache full:https://registry.npmjs.org/detective-vue2 set size:34270 disposed:false
2607 http cache https://registry.npmjs.org/detective-stylus 29ms (cache hit)
2608 silly packumentCache full:https://registry.npmjs.org/detective-stylus set size:29313 disposed:false
2609 http cache https://registry.npmjs.org/module-definition 19ms (cache hit)
2610 silly packumentCache full:https://registry.npmjs.org/module-definition set size:68186 disposed:false
2611 http cache https://registry.npmjs.org/node-source-walk 24ms (cache hit)
2612 silly packumentCache full:https://registry.npmjs.org/node-source-walk set size:76839 disposed:false
2613 http cache https://registry.npmjs.org/detective-postcss 22ms (cache hit)
2614 silly packumentCache full:https://registry.npmjs.org/detective-postcss set size:74461 disposed:false
2615 http cache https://registry.npmjs.org/detective-typescript 21ms (cache hit)
2616 silly packumentCache full:https://registry.npmjs.org/detective-typescript set size:117626 disposed:false
2617 http cache https://registry.npmjs.org/@dependents%2fdetective-less 21ms (cache hit)
2618 silly packumentCache full:https://registry.npmjs.org/@dependents%2fdetective-less set size:31537 disposed:false
2619 silly placeDep ROOT @babel/helper-string-parser@7.29.7 OK for: @babel/types@7.29.8 want: ^7.29.7
2620 silly placeDep ROOT @babel/helper-validator-identifier@7.29.7 OK for: @babel/types@7.29.8 want: ^7.29.7
2621 silly placeDep ROOT @octokit/core@7.0.7 OK for: @octokit/rest@22.0.1 want: ^7.0.6
2622 silly placeDep ROOT @octokit/plugin-paginate-rest@14.0.0 OK for: @octokit/rest@22.0.1 want: ^14.0.0
2623 silly placeDep ROOT @octokit/plugin-request-log@6.0.0 OK for: @octokit/rest@22.0.1 want: ^6.0.0
2624 silly placeDep ROOT @octokit/plugin-rest-endpoint-methods@17.0.0 OK for: @octokit/rest@22.0.1 want: ^17.0.0
2625 silly fetch manifest @octokit/types@^17.0.0
2626 silly packumentCache full:https://registry.npmjs.org/@octokit%2ftypes cache-miss
2627 silly fetch manifest @octokit/graphql@^9.0.4
2628 silly packumentCache full:https://registry.npmjs.org/@octokit%2fgraphql cache-miss
2629 silly fetch manifest @octokit/request@^10.0.13
2630 silly packumentCache full:https://registry.npmjs.org/@octokit%2frequest cache-miss
2631 silly fetch manifest before-after-hook@^4.0.0
2632 silly packumentCache full:https://registry.npmjs.org/before-after-hook cache-miss
2633 silly fetch manifest @octokit/auth-token@^6.0.0
2634 silly packumentCache full:https://registry.npmjs.org/@octokit%2fauth-token cache-miss
2635 silly fetch manifest universal-user-agent@^7.0.0
2636 silly packumentCache full:https://registry.npmjs.org/universal-user-agent cache-miss
2637 silly fetch manifest @octokit/request-error@^7.1.1
2638 silly packumentCache full:https://registry.npmjs.org/@octokit%2frequest-error cache-miss
2639 silly fetch manifest @octokit/types@^16.0.0
2640 silly packumentCache full:https://registry.npmjs.org/@octokit%2ftypes cache-miss
2641 silly fetch manifest @octokit/types@^16.0.0
2642 silly packumentCache full:https://registry.npmjs.org/@octokit%2ftypes cache-miss
2643 http cache https://registry.npmjs.org/@octokit%2frequest 8ms (cache hit)
2644 silly packumentCache full:https://registry.npmjs.org/@octokit%2frequest set size:404474 disposed:false
2645 http cache https://registry.npmjs.org/@octokit%2ftypes 14ms (cache hit)
2646 silly packumentCache full:https://registry.npmjs.org/@octokit%2ftypes set size:678035 disposed:false
2647 http cache https://registry.npmjs.org/universal-user-agent 16ms (cache hit)
2648 silly packumentCache full:https://registry.npmjs.org/universal-user-agent set size:44336 disposed:false
2649 http cache https://registry.npmjs.org/@octokit%2fauth-token 17ms (cache hit)
2650 silly packumentCache full:https://registry.npmjs.org/@octokit%2fauth-token set size:84128 disposed:false
2651 http cache https://registry.npmjs.org/@octokit%2fgraphql 19ms (cache hit)
2652 silly packumentCache full:https://registry.npmjs.org/@octokit%2fgraphql set size:210413 disposed:false
2653 http cache https://registry.npmjs.org/before-after-hook 19ms (cache hit)
2654 silly packumentCache full:https://registry.npmjs.org/before-after-hook set size:82843 disposed:false
2655 http cache https://registry.npmjs.org/@octokit%2frequest-error 20ms (cache hit)
2656 silly packumentCache full:https://registry.npmjs.org/@octokit%2frequest-error set size:131446 disposed:false
2657 http cache https://registry.npmjs.org/@octokit%2ftypes 22ms (cache hit)
2658 silly packumentCache full:https://registry.npmjs.org/@octokit%2ftypes set size:678035 disposed:false
2659 silly packumentCache full:https://registry.npmjs.org/@octokit%2ftypes dispose
2660 http cache https://registry.npmjs.org/@octokit%2ftypes 26ms (cache hit)
2661 silly packumentCache full:https://registry.npmjs.org/@octokit%2ftypes set size:678035 disposed:true
2662 silly packumentCache full:https://registry.npmjs.org/@octokit%2ftypes dispose
2663 silly placeDep ROOT @octokit/auth-token@6.0.0 OK for: @octokit/core@7.0.7 want: ^6.0.0
2664 silly placeDep ROOT @octokit/graphql@9.0.4 OK for: @octokit/core@7.0.7 want: ^9.0.4
2665 silly placeDep ROOT @octokit/request@10.0.13 OK for: @octokit/core@7.0.7 want: ^10.0.13
2666 silly placeDep ROOT @octokit/request-error@7.1.1 OK for: @octokit/core@7.0.7 want: ^7.1.1
2667 silly placeDep ROOT @octokit/types@17.0.0 OK for: @octokit/core@7.0.7 want: ^17.0.0
2668 silly placeDep ROOT before-after-hook@4.0.0 OK for: @octokit/core@7.0.7 want: ^4.0.0
2669 silly placeDep ROOT universal-user-agent@7.0.3 OK for: @octokit/core@7.0.7 want: ^7.0.0
2670 silly fetch manifest content-type@^2.0.0
2671 silly packumentCache full:https://registry.npmjs.org/content-type cache-hit
2672 silly fetch manifest json-with-bigint@^3.5.3
2673 silly packumentCache full:https://registry.npmjs.org/json-with-bigint cache-miss
2674 silly fetch manifest @octokit/endpoint@^11.0.3
2675 silly packumentCache full:https://registry.npmjs.org/@octokit%2fendpoint cache-miss
2676 silly fetch manifest universal-user-agent@^7.0.2
2677 silly packumentCache full:https://registry.npmjs.org/universal-user-agent cache-hit
2678 silly fetch manifest @octokit/openapi-types@^28.0.0
2679 silly packumentCache full:https://registry.npmjs.org/@octokit%2fopenapi-types cache-miss
2680 http cache https://registry.npmjs.org/@octokit%2fendpoint 14ms (cache hit)
2681 silly packumentCache full:https://registry.npmjs.org/@octokit%2fendpoint set size:308189 disposed:false
2682 http cache https://registry.npmjs.org/@octokit%2fopenapi-types 16ms (cache hit)
2683 silly packumentCache full:https://registry.npmjs.org/@octokit%2fopenapi-types set size:398124 disposed:false
2684 http cache https://registry.npmjs.org/json-with-bigint 19ms (cache hit)
2685 silly packumentCache full:https://registry.npmjs.org/json-with-bigint set size:61250 disposed:false
2686 silly placeDep node_modules/@octokit/plugin-paginate-rest @octokit/types@16.0.0 OK for: @octokit/plugin-paginate-rest@14.0.0 want: ^16.0.0
2687 silly fetch manifest @octokit/openapi-types@^27.0.0
2688 silly packumentCache full:https://registry.npmjs.org/@octokit%2fopenapi-types cache-hit
2689 silly placeDep node_modules/@octokit/plugin-rest-endpoint-methods @octokit/types@16.0.0 OK for: @octokit/plugin-rest-endpoint-methods@17.0.0 want: ^16.0.0
2690 silly placeDep ROOT @octokit/endpoint@11.0.4 OK for: @octokit/request@10.0.13 want: ^11.0.3
2691 silly placeDep node_modules/@octokit/request content-type@2.1.0 OK for: @octokit/request@10.0.13 want: ^2.0.0
2692 silly placeDep ROOT json-with-bigint@3.5.11 OK for: @octokit/request@10.0.13 want: ^3.5.3
2693 silly placeDep ROOT @octokit/openapi-types@28.0.0 OK for: @octokit/types@17.0.0 want: ^28.0.0
2694 silly placeDep ROOT @opentelemetry/semantic-conventions@1.43.0 OK for: @opentelemetry/core@2.8.0 want: ^1.29.0
2695 silly placeDep ROOT @opentelemetry/api-logs@0.220.0 OK for: @opentelemetry/instrumentation@0.220.0 want: 0.220.0
2696 silly placeDep ROOT import-in-the-middle@3.3.3 OK for: @opentelemetry/instrumentation@0.220.0 want: ^3.0.0
2697 silly placeDep ROOT require-in-the-middle@8.0.1 OK for: @opentelemetry/instrumentation@0.220.0 want: ^8.0.0
2698 silly fetch manifest es-module-lexer@^2.2.0
2699 silly packumentCache full:https://registry.npmjs.org/es-module-lexer cache-hit
2700 silly fetch manifest cjs-module-lexer@^2.2.0
2701 silly packumentCache full:https://registry.npmjs.org/cjs-module-lexer cache-miss
2702 silly fetch manifest module-details-from-path@^1.0.4
2703 silly packumentCache full:https://registry.npmjs.org/module-details-from-path cache-miss
2704 silly fetch manifest module-details-from-path@^1.0.3
2705 silly packumentCache full:https://registry.npmjs.org/module-details-from-path cache-miss
2706 http cache https://registry.npmjs.org/module-details-from-path 3ms (cache hit)
2707 silly packumentCache full:https://registry.npmjs.org/module-details-from-path set size:10793 disposed:false
2708 http cache https://registry.npmjs.org/cjs-module-lexer 4ms (cache hit)
2709 silly packumentCache full:https://registry.npmjs.org/cjs-module-lexer set size:149775 disposed:false
2710 http cache https://registry.npmjs.org/module-details-from-path 5ms (cache hit)
2711 silly packumentCache full:https://registry.npmjs.org/module-details-from-path set size:10793 disposed:false
2712 silly packumentCache full:https://registry.npmjs.org/module-details-from-path dispose
2713 silly fetch manifest @opentelemetry/api@>=1.3.0 <1.10.0
2714 silly packumentCache full:https://registry.npmjs.org/@opentelemetry%2fapi cache-hit
2715 silly placeDep node_modules/@opentelemetry/resources @opentelemetry/core@2.9.0 OK for: @opentelemetry/resources@2.9.0 want: 2.9.0
2716 silly fetch manifest @opentelemetry/api@>=1.0.0 <1.10.0
2717 silly packumentCache full:https://registry.npmjs.org/@opentelemetry%2fapi cache-hit
2718 silly placeDep ROOT @opentelemetry/context-async-hooks@2.9.0 OK for: @opentelemetry/sdk-trace-node@2.9.0 want: 2.9.0
2719 silly placeDep node_modules/@opentelemetry/sdk-trace-node @opentelemetry/core@2.9.0 OK for: @opentelemetry/sdk-trace-node@2.9.0 want: 2.9.0
2720 silly placeDep ROOT @opentelemetry/sdk-trace-base@2.9.0 OK for: @opentelemetry/sdk-trace-node@2.9.0 want: 2.9.0
2721 silly fetch manifest @opentelemetry/sdk-trace@2.9.0
2722 silly packumentCache full:https://registry.npmjs.org/@opentelemetry%2fsdk-trace cache-miss
2723 http cache https://registry.npmjs.org/@opentelemetry%2fsdk-trace 3ms (cache hit)
2724 silly packumentCache full:https://registry.npmjs.org/@opentelemetry%2fsdk-trace set size:23804 disposed:false
2725 silly placeDep node_modules/@opentelemetry/sdk-trace-base @opentelemetry/core@2.9.0 OK for: @opentelemetry/sdk-trace-base@2.9.0 want: 2.9.0
2726 silly placeDep ROOT @opentelemetry/sdk-trace@2.9.0 OK for: @opentelemetry/sdk-trace-base@2.9.0 want: 2.9.0
2727 silly placeDep node_modules/@opentelemetry/sdk-trace @opentelemetry/core@2.9.0 OK for: @opentelemetry/sdk-trace@2.9.0 want: 2.9.0
2728 silly placeDep ROOT enquirer@2.4.1 OK for: @pnpm/tabtab@0.5.4 want: ^2.3.6
2729 silly placeDep ROOT minimist@1.2.8 OK for: @pnpm/tabtab@0.5.4 want: ^1.2.5
2730 silly placeDep ROOT untildify@4.0.0 OK for: @pnpm/tabtab@0.5.4 want: ^4.0.0
2731 silly fetch manifest ansi-colors@^4.1.1
2732 silly packumentCache full:https://registry.npmjs.org/ansi-colors cache-miss
2733 http cache https://registry.npmjs.org/ansi-colors 5ms (cache hit)
2734 silly packumentCache full:https://registry.npmjs.org/ansi-colors set size:110876 disposed:false
2735 silly placeDep ROOT @sindresorhus/transliterate@1.6.0 OK for: @sindresorhus/slugify@2.2.1 want: ^1.0.0
2736 silly fetch manifest rollup@^1.20.0||^2.0.0||^3.0.0||^4.0.0
2737 silly packumentCache full:https://registry.npmjs.org/rollup cache-miss
2738 http cache https://registry.npmjs.org/rollup 13ms (cache hit)
2739 silly packumentCache full:https://registry.npmjs.org/rollup set size:6278661 disposed:false
2740 silly fetch manifest acorn@^8.6.0
2741 silly packumentCache full:https://registry.npmjs.org/acorn cache-hit
2742 silly placeDep ROOT @mapbox/node-pre-gyp@2.0.3 OK for: @vercel/nft@0.29.4 want: ^2.0.0
2743 silly placeDep ROOT @rollup/pluginutils@5.4.0 OK for: @vercel/nft@0.29.4 want: ^5.1.3
2744 silly placeDep ROOT acorn-import-attributes@1.9.5 OK for: @vercel/nft@0.29.4 want: ^1.9.5
2745 silly placeDep ROOT async-sema@3.1.1 OK for: @vercel/nft@0.29.4 want: ^3.1.1
2746 silly placeDep ROOT bindings@1.5.0 OK for: @vercel/nft@0.29.4 want: ^1.4.0
2747 silly placeDep ROOT estree-walker@2.0.2 OK for: @vercel/nft@0.29.4 want: 2.0.2
2748 silly placeDep node_modules/@vercel/nft glob@10.5.0 OK for: @vercel/nft@0.29.4 want: ^10.4.5
2749 silly placeDep ROOT graceful-fs@4.2.11 OK for: @vercel/nft@0.29.4 want: ^4.2.9
2750 silly placeDep ROOT node-gyp-build@4.8.4 OK for: @vercel/nft@0.29.4 want: ^4.2.2
2751 silly placeDep ROOT picomatch@4.0.5 OK for: @vercel/nft@0.29.4 want: ^4.0.2
2752 silly placeDep ROOT resolve-from@5.0.0 OK for: @vercel/nft@0.29.4 want: ^5.0.0
2753 silly fetch manifest nopt@^8.0.0
2754 silly packumentCache full:https://registry.npmjs.org/nopt cache-miss
2755 silly fetch manifest consola@^3.2.3
2756 silly packumentCache full:https://registry.npmjs.org/consola cache-hit
2757 silly fetch manifest @types/estree@^1.0.0
2758 silly packumentCache full:https://registry.npmjs.org/@types%2festree cache-miss
2759 silly fetch manifest estree-walker@^2.0.2
2760 silly packumentCache full:https://registry.npmjs.org/estree-walker cache-hit
2761 silly fetch manifest file-uri-to-path@1.0.0
2762 silly packumentCache full:https://registry.npmjs.org/file-uri-to-path cache-miss
2763 silly fetch manifest jackspeak@^3.1.2
2764 silly packumentCache full:https://registry.npmjs.org/jackspeak cache-miss
2765 silly fetch manifest minimatch@^9.0.4
2766 silly packumentCache full:https://registry.npmjs.org/minimatch cache-hit
2767 silly fetch manifest path-scurry@^1.11.1
2768 silly packumentCache full:https://registry.npmjs.org/path-scurry cache-hit
2769 silly fetch manifest foreground-child@^3.1.0
2770 silly packumentCache full:https://registry.npmjs.org/foreground-child cache-miss
2771 silly fetch manifest package-json-from-dist@^1.0.0
2772 silly packumentCache full:https://registry.npmjs.org/package-json-from-dist cache-miss
2773 http cache https://registry.npmjs.org/@types%2festree 8ms (cache hit)
2774 silly packumentCache full:https://registry.npmjs.org/@types%2festree set size:76072 disposed:false
2775 http cache https://registry.npmjs.org/package-json-from-dist 7ms (cache hit)
2776 silly packumentCache full:https://registry.npmjs.org/package-json-from-dist set size:8854 disposed:false
2777 http cache https://registry.npmjs.org/file-uri-to-path 8ms (cache hit)
2778 silly packumentCache full:https://registry.npmjs.org/file-uri-to-path set size:10154 disposed:false
2779 http cache https://registry.npmjs.org/nopt 10ms (cache hit)
2780 silly packumentCache full:https://registry.npmjs.org/nopt set size:76679 disposed:false
2781 http cache https://registry.npmjs.org/foreground-child 10ms (cache hit)
2782 silly packumentCache full:https://registry.npmjs.org/foreground-child set size:71503 disposed:false
2783 http cache https://registry.npmjs.org/jackspeak 12ms (cache hit)
2784 silly packumentCache full:https://registry.npmjs.org/jackspeak set size:204267 disposed:false
2785 silly placeDep ROOT consola@3.4.2 OK for: @mapbox/node-pre-gyp@2.0.3 want: ^3.2.3
2786 silly placeDep ROOT nopt@8.1.0 OK for: @mapbox/node-pre-gyp@2.0.3 want: ^8.0.0
2787 silly fetch manifest abbrev@^3.0.0
2788 silly packumentCache full:https://registry.npmjs.org/abbrev cache-miss
2789 http cache https://registry.npmjs.org/abbrev 3ms (cache hit)
2790 silly packumentCache full:https://registry.npmjs.org/abbrev set size:24188 disposed:false
2791 silly placeDep ROOT @types/estree@1.0.9 OK for: @rollup/pluginutils@5.4.0 want: ^1.0.0
2792 silly placeDep ROOT @envelop/instrumentation@1.0.0 OK for: @whatwg-node/server@0.11.0 want: ^1.0.0
2793 silly placeDep ROOT @whatwg-node/disposablestack@0.0.6 OK for: @whatwg-node/server@0.11.0 want: ^0.0.6
2794 silly placeDep ROOT @whatwg-node/fetch@0.10.13 OK for: @whatwg-node/server@0.11.0 want: ^0.10.13
2795 silly placeDep ROOT @whatwg-node/promise-helpers@1.3.2 OK for: @whatwg-node/server@0.11.0 want: ^1.3.2
2796 silly fetch manifest @whatwg-node/promise-helpers@^1.2.1
2797 silly packumentCache full:https://registry.npmjs.org/@whatwg-node%2fpromise-helpers cache-hit
2798 silly fetch manifest @whatwg-node/promise-helpers@^1.0.0
2799 silly packumentCache full:https://registry.npmjs.org/@whatwg-node%2fpromise-helpers cache-hit
2800 silly fetch manifest @whatwg-node/node-fetch@^0.8.3
2801 silly packumentCache full:https://registry.npmjs.org/@whatwg-node%2fnode-fetch cache-miss
2802 silly fetch manifest urlpattern-polyfill@^10.0.0
2803 silly packumentCache full:https://registry.npmjs.org/urlpattern-polyfill cache-hit
2804 http cache https://registry.npmjs.org/@whatwg-node%2fnode-fetch 7ms (cache hit)
2805 silly packumentCache full:https://registry.npmjs.org/@whatwg-node%2fnode-fetch set size:2920206 disposed:false
2806 silly placeDep ROOT @whatwg-node/node-fetch@0.8.6 OK for: @whatwg-node/fetch@0.10.13 want: ^0.8.3
2807 silly placeDep node_modules/@whatwg-node/fetch urlpattern-polyfill@10.1.0 OK for: @whatwg-node/fetch@0.10.13 want: ^10.0.0
2808 silly placeDep ROOT fast-uri@3.1.5 OK for: ajv@8.20.0 want: ^3.0.1
2809 silly placeDep ROOT json-schema-traverse@1.0.0 OK for: ajv@8.20.0 want: ^1.0.0
2810 silly placeDep ROOT require-from-string@2.0.2 OK for: ajv@8.20.0 want: ^2.0.2
2811 silly placeDep ROOT environment@1.1.0 OK for: ansi-escapes@7.3.0 want: ^1.0.0
2812 silly placeDep ROOT entities@2.2.0 OK for: ansi-to-html@0.7.2 want: ^2.2.0
2813 silly placeDep ROOT async@3.2.6 OK for: archiver@8.0.0 want: ^3.2.4
2814 silly placeDep ROOT buffer-crc32@1.0.0 OK for: archiver@8.0.0 want: ^1.0.0
2815 silly placeDep node_modules/archiver is-stream@4.0.1 OK for: archiver@8.0.0 want: ^4.0.0
2816 silly placeDep ROOT lazystream@1.0.1 OK for: archiver@8.0.0 want: ^1.0.0
2817 silly placeDep node_modules/archiver readable-stream@4.7.0 OK for: archiver@8.0.0 want: ^4.0.0
2818 silly placeDep ROOT readdir-glob@3.0.0 OK for: archiver@8.0.0 want: ^3.0.0
2819 silly placeDep ROOT tar-stream@3.2.0 OK for: archiver@8.0.0 want: ^3.0.0
2820 silly placeDep ROOT zip-stream@7.0.5 OK for: archiver@8.0.0 want: ^7.0.2
2821 silly fetch manifest readable-stream@^2.0.5
2822 silly packumentCache full:https://registry.npmjs.org/readable-stream cache-hit
2823 silly fetch manifest buffer@^6.0.3
2824 silly packumentCache full:https://registry.npmjs.org/buffer cache-miss
2825 silly fetch manifest events@^3.3.0
2826 silly packumentCache full:https://registry.npmjs.org/events cache-miss
2827 silly fetch manifest process@^0.11.10
2828 silly packumentCache full:https://registry.npmjs.org/process cache-miss
2829 silly fetch manifest b4a@^1.6.4
2830 silly packumentCache full:https://registry.npmjs.org/b4a cache-miss
2831 silly fetch manifest bare-fs@^4.5.5
2832 silly packumentCache full:https://registry.npmjs.org/bare-fs cache-miss
2833 silly fetch manifest fast-fifo@^1.2.0
2834 silly packumentCache full:https://registry.npmjs.org/fast-fifo cache-miss
2835 silly fetch manifest streamx@^2.15.0
2836 silly packumentCache full:https://registry.npmjs.org/streamx cache-miss
2837 silly fetch manifest compress-commons@^7.0.0
2838 silly packumentCache full:https://registry.npmjs.org/compress-commons cache-miss
2839 http cache https://registry.npmjs.org/events 8ms (cache hit)
2840 silly packumentCache full:https://registry.npmjs.org/events set size:35240 disposed:false
2841 http cache https://registry.npmjs.org/buffer 11ms (cache hit)
2842 silly packumentCache full:https://registry.npmjs.org/buffer set size:280480 disposed:false
2843 http cache https://registry.npmjs.org/fast-fifo 12ms (cache hit)
2844 silly packumentCache full:https://registry.npmjs.org/fast-fifo set size:13855 disposed:false
2845 http cache https://registry.npmjs.org/process 13ms (cache hit)
2846 silly packumentCache full:https://registry.npmjs.org/process set size:31260 disposed:false
2847 http cache https://registry.npmjs.org/bare-fs 14ms (cache hit)
2848 silly packumentCache full:https://registry.npmjs.org/bare-fs set size:186213 disposed:false
2849 http cache https://registry.npmjs.org/compress-commons 16ms (cache hit)
2850 silly packumentCache full:https://registry.npmjs.org/compress-commons set size:91385 disposed:false
2851 http cache https://registry.npmjs.org/streamx 17ms (cache hit)
2852 silly packumentCache full:https://registry.npmjs.org/streamx set size:167396 disposed:false
2853 http cache https://registry.npmjs.org/b4a 19ms (cache hit)
2854 silly packumentCache full:https://registry.npmjs.org/b4a set size:71632 disposed:false
2855 silly placeDep ROOT stubborn-fs@2.0.0 OK for: atomically@2.1.1 want: ^2.0.0
2856 silly placeDep ROOT when-exit@2.1.5 OK for: atomically@2.1.1 want: ^2.1.4
2857 silly fetch manifest stubborn-utils@^1.0.1
2858 silly packumentCache full:https://registry.npmjs.org/stubborn-utils cache-miss
2859 http cache https://registry.npmjs.org/stubborn-utils 2ms (cache hit)
2860 silly packumentCache full:https://registry.npmjs.org/stubborn-utils set size:9823 disposed:false
2861 silly placeDep ROOT precond@0.2.3 OK for: backoff@2.5.0 want: 0.2
2862 silly placeDep ROOT @babel/code-frame@7.29.7 OK for: better-ajv-errors@1.2.0 want: ^7.16.0
2863 silly placeDep ROOT @humanwhocodes/momoa@2.0.4 OK for: better-ajv-errors@1.2.0 want: ^2.0.2
2864 silly placeDep node_modules/better-ajv-errors chalk@4.1.2 OK for: better-ajv-errors@1.2.0 want: ^4.1.2
2865 silly placeDep ROOT jsonpointer@5.0.1 OK for: better-ajv-errors@1.2.0 want: ^5.0.0
2866 silly placeDep ROOT leven@3.1.0 OK for: better-ajv-errors@1.2.0 want: ^3.1.0 < 4
2867 silly fetch manifest js-tokens@^4.0.0
2868 silly packumentCache full:https://registry.npmjs.org/js-tokens cache-miss
2869 silly fetch manifest supports-color@^7.1.0
2870 silly packumentCache full:https://registry.npmjs.org/supports-color cache-hit
2871 http cache https://registry.npmjs.org/js-tokens 3ms (cache hit)
2872 silly packumentCache full:https://registry.npmjs.org/js-tokens set size:41947 disposed:false
2873 silly placeDep ROOT js-tokens@4.0.0 OK for: @babel/code-frame@7.29.7 want: ^4.0.0
2874 silly placeDep ROOT file-uri-to-path@1.0.0 OK for: bindings@1.5.0 want: 1.0.0
2875 silly placeDep ROOT ansi-align@3.0.1 OK for: boxen@8.0.1 want: ^3.0.1
2876 silly placeDep ROOT camelcase@8.0.0 OK for: boxen@8.0.1 want: ^8.0.0
2877 silly placeDep ROOT cli-boxes@3.0.0 OK for: boxen@8.0.1 want: ^3.0.0
2878 silly placeDep node_modules/boxen string-width@7.2.0 OK for: boxen@8.0.1 want: ^7.2.0
2879 silly placeDep ROOT type-fest@4.41.0 OK for: boxen@8.0.1 want: ^4.21.0
2880 silly placeDep ROOT widest-line@5.0.0 OK for: boxen@8.0.1 want: ^5.0.0
2881 silly placeDep node_modules/boxen wrap-ansi@9.0.2 OK for: boxen@8.0.1 want: ^9.0.0
2882 silly fetch manifest strip-ansi@^7.1.0
2883 silly packumentCache full:https://registry.npmjs.org/strip-ansi cache-hit
2884 silly fetch manifest emoji-regex@^10.3.0
2885 silly packumentCache full:https://registry.npmjs.org/emoji-regex cache-miss
2886 silly fetch manifest get-east-asian-width@^1.0.0
2887 silly packumentCache full:https://registry.npmjs.org/get-east-asian-width cache-miss
2888 silly fetch manifest string-width@^7.0.0
2889 silly packumentCache full:https://registry.npmjs.org/string-width cache-hit
2890 silly fetch manifest strip-ansi@^7.1.0
2891 silly packumentCache full:https://registry.npmjs.org/strip-ansi cache-hit
2892 silly fetch manifest ansi-styles@^6.2.1
2893 silly packumentCache full:https://registry.npmjs.org/ansi-styles cache-miss
2894 http cache https://registry.npmjs.org/get-east-asian-width 10ms (cache hit)
2895 silly packumentCache full:https://registry.npmjs.org/get-east-asian-width set size:20538 disposed:false
2896 http cache https://registry.npmjs.org/emoji-regex 11ms (cache hit)
2897 silly packumentCache full:https://registry.npmjs.org/emoji-regex set size:89064 disposed:false
2898 http cache https://registry.npmjs.org/ansi-styles 11ms (cache hit)
2899 silly packumentCache full:https://registry.npmjs.org/ansi-styles set size:71772 disposed:false
2900 silly placeDep node_modules/chokidar readdirp@4.1.2 OK for: chokidar@4.0.3 want: ^4.0.1
2901 silly placeDep ROOT lodash.isempty@4.4.0 OK for: clean-deep@3.4.0 want: ^4.4.0
2902 silly placeDep ROOT lodash.transform@4.6.0 OK for: clean-deep@3.4.0 want: ^4.6.0
2903 silly placeDep ROOT array-timsort@1.0.3 OK for: comment-json@4.6.2 want: ^1.0.3
2904 silly placeDep ROOT esprima@4.0.1 OK for: comment-json@4.6.2 want: ^4.0.1
2905 silly placeDep ROOT globby@14.1.0 OK for: cpy@11.1.0 want: ^14.0.2
2906 silly fetch manifest slash@^5.1.0
2907 silly packumentCache full:https://registry.npmjs.org/slash cache-miss
2908 silly fetch manifest @sindresorhus/merge-streams@^2.1.0
2909 silly packumentCache full:https://registry.npmjs.org/@sindresorhus%2fmerge-streams cache-miss
2910 http cache https://registry.npmjs.org/slash 3ms (cache hit)
2911 silly packumentCache full:https://registry.npmjs.org/slash set size:20337 disposed:false
2912 http cache https://registry.npmjs.org/@sindresorhus%2fmerge-streams 3ms (cache hit)
2913 silly packumentCache full:https://registry.npmjs.org/@sindresorhus%2fmerge-streams set size:23303 disposed:false
2914 silly placeDep ROOT luxon@3.7.2 OK for: cron-parser@4.9.0 want: ^3.2.1
2915 silly placeDep ROOT callsite@1.0.0 OK for: decache@4.6.2 want: ^1.0.0
2916 silly placeDep node_modules/dot-prop type-fest@5.8.0 OK for: dot-prop@10.2.0 want: ^5.0.0
2917 silly fetch manifest tagged-tag@^1.0.0
2918 silly packumentCache full:https://registry.npmjs.org/tagged-tag cache-miss
2919 http cache https://registry.npmjs.org/tagged-tag 3ms (cache hit)
2920 silly packumentCache full:https://registry.npmjs.org/tagged-tag set size:4660 disposed:false
2921 silly placeDep ROOT ansi-colors@4.1.3 OK for: enquirer@2.4.1 want: ^4.1.1
2922 silly placeDep ROOT is-safe-filename@0.1.1 OK for: env-paths@4.0.0 want: ^0.1.0
2923 silly placeDep ROOT stackframe@1.3.4 OK for: error-stack-parser@2.1.4 want: ^1.3.4
2924 silly placeDep ROOT @esbuild/aix-ppc64@0.28.1 OK for: esbuild@0.28.1 want: 0.28.1
2925 silly placeDep ROOT @esbuild/android-arm@0.28.1 OK for: esbuild@0.28.1 want: 0.28.1
2926 silly placeDep ROOT @esbuild/android-arm64@0.28.1 OK for: esbuild@0.28.1 want: 0.28.1
2927 silly placeDep ROOT @esbuild/android-x64@0.28.1 OK for: esbuild@0.28.1 want: 0.28.1
2928 silly placeDep ROOT @esbuild/darwin-arm64@0.28.1 OK for: esbuild@0.28.1 want: 0.28.1
2929 silly placeDep ROOT @esbuild/darwin-x64@0.28.1 OK for: esbuild@0.28.1 want: 0.28.1
2930 silly placeDep ROOT @esbuild/freebsd-arm64@0.28.1 OK for: esbuild@0.28.1 want: 0.28.1
2931 silly placeDep ROOT @esbuild/freebsd-x64@0.28.1 OK for: esbuild@0.28.1 want: 0.28.1
2932 silly placeDep ROOT @esbuild/linux-arm@0.28.1 OK for: esbuild@0.28.1 want: 0.28.1
2933 silly placeDep ROOT @esbuild/linux-arm64@0.28.1 OK for: esbuild@0.28.1 want: 0.28.1
2934 silly placeDep ROOT @esbuild/linux-ia32@0.28.1 OK for: esbuild@0.28.1 want: 0.28.1
2935 silly placeDep ROOT @esbuild/linux-loong64@0.28.1 OK for: esbuild@0.28.1 want: 0.28.1
2936 silly placeDep ROOT @esbuild/linux-mips64el@0.28.1 OK for: esbuild@0.28.1 want: 0.28.1
2937 silly placeDep ROOT @esbuild/linux-ppc64@0.28.1 OK for: esbuild@0.28.1 want: 0.28.1
2938 silly placeDep ROOT @esbuild/linux-riscv64@0.28.1 OK for: esbuild@0.28.1 want: 0.28.1
2939 silly placeDep ROOT @esbuild/linux-s390x@0.28.1 OK for: esbuild@0.28.1 want: 0.28.1
2940 silly placeDep ROOT @esbuild/linux-x64@0.28.1 OK for: esbuild@0.28.1 want: 0.28.1
2941 silly placeDep ROOT @esbuild/netbsd-arm64@0.28.1 OK for: esbuild@0.28.1 want: 0.28.1
2942 silly placeDep ROOT @esbuild/netbsd-x64@0.28.1 OK for: esbuild@0.28.1 want: 0.28.1
2943 silly placeDep ROOT @esbuild/openbsd-arm64@0.28.1 OK for: esbuild@0.28.1 want: 0.28.1
2944 silly placeDep ROOT @esbuild/openbsd-x64@0.28.1 OK for: esbuild@0.28.1 want: 0.28.1
2945 silly placeDep ROOT @esbuild/openharmony-arm64@0.28.1 OK for: esbuild@0.28.1 want: 0.28.1
2946 silly placeDep ROOT @esbuild/sunos-x64@0.28.1 OK for: esbuild@0.28.1 want: 0.28.1
2947 silly placeDep ROOT @esbuild/win32-arm64@0.28.1 OK for: esbuild@0.28.1 want: 0.28.1
2948 silly placeDep ROOT @esbuild/win32-ia32@0.28.1 OK for: esbuild@0.28.1 want: 0.28.1
2949 silly placeDep ROOT @esbuild/win32-x64@0.28.1 OK for: esbuild@0.28.1 want: 0.28.1
2950 silly placeDep ROOT cross-spawn@7.0.6 OK for: execa@5.1.1 want: ^7.0.3
2951 silly placeDep node_modules/execa get-stream@6.0.1 OK for: execa@5.1.1 want: ^6.0.0
2952 silly placeDep ROOT human-signals@2.1.0 OK for: execa@5.1.1 want: ^2.1.0
2953 silly placeDep ROOT merge-stream@2.0.0 OK for: execa@5.1.1 want: ^2.0.0
2954 silly placeDep ROOT npm-run-path@4.0.1 OK for: execa@5.1.1 want: ^4.0.1
2955 silly placeDep ROOT onetime@5.1.2 OK for: execa@5.1.1 want: ^5.1.2
2956 silly placeDep ROOT signal-exit@3.0.7 OK for: execa@5.1.1 want: ^3.0.3
2957 silly placeDep ROOT strip-final-newline@2.0.0 OK for: execa@5.1.1 want: ^2.0.0
2958 silly fetch manifest which@^2.0.1
2959 silly packumentCache full:https://registry.npmjs.org/which cache-miss
2960 silly fetch manifest path-key@^3.1.0
2961 silly packumentCache full:https://registry.npmjs.org/path-key cache-hit
2962 silly fetch manifest shebang-command@^2.0.0
2963 silly packumentCache full:https://registry.npmjs.org/shebang-command cache-miss
2964 silly fetch manifest path-key@^3.0.0
2965 silly packumentCache full:https://registry.npmjs.org/path-key cache-hit
2966 silly fetch manifest mimic-fn@^2.1.0
2967 silly packumentCache full:https://registry.npmjs.org/mimic-fn cache-hit
2968 http cache https://registry.npmjs.org/which 5ms (cache hit)
2969 silly packumentCache full:https://registry.npmjs.org/which set size:70087 disposed:false
2970 http cache https://registry.npmjs.org/shebang-command 5ms (cache hit)
2971 silly packumentCache full:https://registry.npmjs.org/shebang-command set size:8525 disposed:false
2972 silly placeDep ROOT path-key@3.1.1 OK for: cross-spawn@7.0.6 want: ^3.1.0
2973 silly placeDep ROOT shebang-command@2.0.0 OK for: cross-spawn@7.0.6 want: ^2.0.0
2974 silly placeDep ROOT which@2.0.2 OK for: cross-spawn@7.0.6 want: ^2.0.1
2975 silly fetch manifest shebang-regex@^3.0.0
2976 silly packumentCache full:https://registry.npmjs.org/shebang-regex cache-miss
2977 silly fetch manifest isexe@^2.0.0
2978 silly packumentCache full:https://registry.npmjs.org/isexe cache-hit
2979 http cache https://registry.npmjs.org/shebang-regex 3ms (cache hit)
2980 silly packumentCache full:https://registry.npmjs.org/shebang-regex set size:9763 disposed:false
2981 silly placeDep ROOT accepts@2.0.0 OK for: express@5.2.1 want: ^2.0.0
2982 silly placeDep ROOT body-parser@2.3.0 OK for: express@5.2.1 want: ^2.2.1
2983 silly placeDep node_modules/express content-disposition@1.1.0 OK for: express@5.2.1 want: ^1.0.0
2984 silly placeDep node_modules/express cookie@0.7.2 OK for: express@5.2.1 want: ^0.7.1
2985 silly placeDep ROOT cookie-signature@1.2.2 OK for: express@5.2.1 want: ^1.2.1
2986 silly placeDep ROOT depd@2.0.0 OK for: express@5.2.1 want: ^2.0.0
2987 silly placeDep ROOT encodeurl@2.0.0 OK for: express@5.2.1 want: ^2.0.0
2988 silly placeDep ROOT finalhandler@2.1.1 OK for: express@5.2.1 want: ^2.1.0
2989 silly placeDep ROOT fresh@2.0.0 OK for: express@5.2.1 want: ^2.0.0
2990 silly placeDep ROOT merge-descriptors@2.0.0 OK for: express@5.2.1 want: ^2.0.0
2991 silly placeDep node_modules/express mime-types@3.0.2 OK for: express@5.2.1 want: ^3.0.0
2992 silly placeDep ROOT on-finished@2.4.1 OK for: express@5.2.1 want: ^2.4.1
2993 silly placeDep ROOT parseurl@1.3.3 OK for: express@5.2.1 want: ^1.3.3
2994 silly placeDep ROOT proxy-addr@2.0.7 OK for: express@5.2.1 want: ^2.0.7
2995 silly placeDep ROOT qs@6.15.3 OK for: express@5.2.1 want: ^6.14.0
2996 silly placeDep ROOT range-parser@1.3.0 OK for: express@5.2.1 want: ^1.2.1
2997 silly placeDep ROOT router@2.2.0 OK for: express@5.2.1 want: ^2.2.0
2998 silly placeDep ROOT send@1.2.1 OK for: express@5.2.1 want: ^1.1.0
2999 silly placeDep ROOT serve-static@2.2.1 OK for: express@5.2.1 want: ^2.2.0
3000 silly placeDep ROOT statuses@2.0.2 OK for: express@5.2.1 want: ^2.0.1
3001 silly placeDep ROOT type-is@2.1.0 OK for: express@5.2.1 want: ^2.0.1
3002 silly placeDep ROOT vary@1.1.2 OK for: express@5.2.1 want: ^1.1.2
3003 silly fetch manifest negotiator@^1.0.0
3004 silly packumentCache full:https://registry.npmjs.org/negotiator cache-miss
3005 silly fetch manifest qs@^6.15.2
3006 silly packumentCache full:https://registry.npmjs.org/qs cache-hit
3007 silly fetch manifest bytes@^3.1.2
3008 silly packumentCache full:https://registry.npmjs.org/bytes cache-hit
3009 silly fetch manifest type-is@^2.1.0
3010 silly packumentCache full:https://registry.npmjs.org/type-is cache-hit
3011 silly fetch manifest iconv-lite@^0.7.2
3012 silly packumentCache full:https://registry.npmjs.org/iconv-lite cache-hit
3013 silly fetch manifest ee-first@1.1.1
3014 silly packumentCache full:https://registry.npmjs.org/ee-first cache-miss
3015 silly fetch manifest forwarded@0.2.0
3016 silly packumentCache full:https://registry.npmjs.org/forwarded cache-miss
3017 silly fetch manifest ipaddr.js@1.9.1
3018 silly packumentCache full:https://registry.npmjs.org/ipaddr.js cache-miss
3019 silly fetch manifest side-channel@^1.1.1
3020 silly packumentCache full:https://registry.npmjs.org/side-channel cache-miss
3021 silly fetch manifest is-promise@^4.0.0
3022 silly packumentCache full:https://registry.npmjs.org/is-promise cache-miss
3023 silly fetch manifest path-to-regexp@^8.0.0
3024 silly packumentCache full:https://registry.npmjs.org/path-to-regexp cache-miss
3025 silly fetch manifest mime-types@^3.0.2
3026 silly packumentCache full:https://registry.npmjs.org/mime-types cache-hit
3027 silly fetch manifest statuses@^2.0.2
3028 silly packumentCache full:https://registry.npmjs.org/statuses cache-hit
3029 silly fetch manifest media-typer@^1.1.0
3030 silly packumentCache full:https://registry.npmjs.org/media-typer cache-miss
3031 http cache https://registry.npmjs.org/side-channel 7ms (cache hit)
3032 silly packumentCache full:https://registry.npmjs.org/side-channel set size:27650 disposed:false
3033 http cache https://registry.npmjs.org/negotiator 11ms (cache hit)
3034 silly packumentCache full:https://registry.npmjs.org/negotiator set size:48046 disposed:false
3035 http cache https://registry.npmjs.org/is-promise 10ms (cache hit)
3036 silly packumentCache full:https://registry.npmjs.org/is-promise set size:18599 disposed:false
3037 http cache https://registry.npmjs.org/forwarded 12ms (cache hit)
3038 silly packumentCache full:https://registry.npmjs.org/forwarded set size:11229 disposed:false
3039 http cache https://registry.npmjs.org/ipaddr.js 13ms (cache hit)
3040 silly packumentCache full:https://registry.npmjs.org/ipaddr.js set size:84329 disposed:false
3041 http cache https://registry.npmjs.org/ee-first 14ms (cache hit)
3042 silly packumentCache full:https://registry.npmjs.org/ee-first set size:15327 disposed:false
3043 http cache https://registry.npmjs.org/media-typer 13ms (cache hit)
3044 silly packumentCache full:https://registry.npmjs.org/media-typer set size:22074 disposed:false
3045 http cache https://registry.npmjs.org/path-to-regexp 14ms (cache hit)
3046 silly packumentCache full:https://registry.npmjs.org/path-to-regexp set size:216334 disposed:false
3047 silly placeDep node_modules/accepts mime-types@3.0.2 OK for: accepts@2.0.0 want: ^3.0.0
3048 silly placeDep ROOT negotiator@1.0.0 OK for: accepts@2.0.0 want: ^1.0.0
3049 silly placeDep ROOT bytes@3.1.2 OK for: body-parser@2.3.0 want: ^3.1.2
3050 silly placeDep node_modules/body-parser content-type@2.1.0 OK for: body-parser@2.3.0 want: ^2.0.0
3051 silly placeDep ROOT iconv-lite@0.7.3 OK for: body-parser@2.3.0 want: ^0.7.2
3052 silly fetch manifest safer-buffer@>= 2.1.2 < 3.0.0
3053 silly packumentCache full:https://registry.npmjs.org/safer-buffer cache-miss
3054 http cache https://registry.npmjs.org/safer-buffer 4ms (cache hit)
3055 silly packumentCache full:https://registry.npmjs.org/safer-buffer set size:18521 disposed:false
3056 silly placeDep ROOT on-headers@1.1.0 OK for: express-logging@1.1.1 want: ^1.0.0
3057 silly placeDep ROOT @types/yauzl@2.10.3 OK for: extract-zip@2.0.1 want: ^2.9.1
3058 silly placeDep node_modules/extract-zip get-stream@5.2.0 OK for: extract-zip@2.0.1 want: ^5.1.0
3059 silly placeDep node_modules/extract-zip yauzl@2.10.0 OK for: extract-zip@2.0.1 want: ^2.10.0
3060 silly fetch manifest fd-slicer@~1.1.0
3061 silly packumentCache full:https://registry.npmjs.org/fd-slicer cache-miss
3062 silly fetch manifest buffer-crc32@~0.2.3
3063 silly packumentCache full:https://registry.npmjs.org/buffer-crc32 cache-hit
3064 http cache https://registry.npmjs.org/fd-slicer 3ms (cache hit)
3065 silly packumentCache full:https://registry.npmjs.org/fd-slicer set size:25525 disposed:false
3066 silly placeDep ROOT @nodelib/fs.stat@2.0.5 OK for: fast-glob@3.3.3 want: ^2.0.2
3067 silly placeDep ROOT @nodelib/fs.walk@1.2.8 OK for: fast-glob@3.3.3 want: ^1.2.3
3068 silly placeDep ROOT glob-parent@5.1.2 OK for: fast-glob@3.3.3 want: ^5.1.2
3069 silly placeDep ROOT merge2@1.4.1 OK for: fast-glob@3.3.3 want: ^1.3.0
3070 silly fetch manifest @nodelib/fs.scandir@2.1.5
3071 silly packumentCache full:https://registry.npmjs.org/@nodelib%2ffs.scandir cache-miss
3072 silly fetch manifest is-glob@^4.0.1
3073 silly packumentCache full:https://registry.npmjs.org/is-glob cache-hit
3074 http cache https://registry.npmjs.org/@nodelib%2ffs.scandir 4ms (cache hit)
3075 silly packumentCache full:https://registry.npmjs.org/@nodelib%2ffs.scandir set size:49256 disposed:false
3076 silly placeDep ROOT @nodelib/fs.scandir@2.1.5 OK for: @nodelib/fs.walk@1.2.8 want: 2.1.5
3077 silly fetch manifest run-parallel@^1.1.9
3078 silly packumentCache full:https://registry.npmjs.org/run-parallel cache-miss
3079 http cache https://registry.npmjs.org/run-parallel 2ms (cache hit)
3080 silly packumentCache full:https://registry.npmjs.org/run-parallel set size:35172 disposed:false
3081 silly placeDep ROOT run-parallel@1.2.0 OK for: @nodelib/fs.scandir@2.1.5 want: ^1.1.9
3082 silly fetch manifest queue-microtask@^1.2.2
3083 silly packumentCache full:https://registry.npmjs.org/queue-microtask cache-miss
3084 http cache https://registry.npmjs.org/queue-microtask 3ms (cache hit)
3085 silly packumentCache full:https://registry.npmjs.org/queue-microtask set size:36088 disposed:false
3086 silly placeDep ROOT fast-string-truncated-width@3.0.3 OK for: fast-string-width@3.0.2 want: ^3.0.2
3087 silly placeDep ROOT @fastify/ajv-compiler@4.0.6 OK for: fastify@5.12.0 want: ^4.0.5
3088 silly placeDep ROOT @fastify/fast-json-stringify-compiler@5.1.0 OK for: fastify@5.12.0 want: ^5.0.0
3089 silly placeDep ROOT @fastify/proxy-addr@5.1.0 OK for: fastify@5.12.0 want: ^5.0.0
3090 silly placeDep ROOT abstract-logging@2.0.1 OK for: fastify@5.12.0 want: ^2.0.1
3091 silly placeDep ROOT avvio@9.3.0 OK for: fastify@5.12.0 want: ^9.0.0
3092 silly placeDep ROOT fast-json-stringify@7.0.1 OK for: fastify@5.12.0 want: ^7.0.0
3093 silly placeDep ROOT find-my-way@9.8.0 OK for: fastify@5.12.0 want: ^9.6.0
3094 silly placeDep ROOT light-my-request@6.6.0 OK for: fastify@5.12.0 want: ^6.0.0
3095 silly placeDep ROOT pino@10.3.1 OK for: fastify@5.12.0 want: ^9.14.0 || ^10.1.0
3096 silly placeDep ROOT process-warning@5.1.0 OK for: fastify@5.12.0 want: ^5.1.0
3097 silly placeDep ROOT secure-json-parse@4.1.0 OK for: fastify@5.12.0 want: ^4.0.0
3098 silly placeDep ROOT toad-cache@3.7.4 OK for: fastify@5.12.0 want: ^3.7.0
3099 silly fetch manifest fast-uri@^4.0.0
3100 silly packumentCache full:https://registry.npmjs.org/fast-uri cache-hit
3101 silly fetch manifest ajv-formats@^3.0.1
3102 silly packumentCache full:https://registry.npmjs.org/ajv-formats cache-miss
3103 silly fetch manifest ipaddr.js@^2.1.0
3104 silly packumentCache full:https://registry.npmjs.org/ipaddr.js cache-hit
3105 silly fetch manifest @fastify/forwarded@^3.0.0
3106 silly packumentCache full:https://registry.npmjs.org/@fastify%2fforwarded cache-miss
3107 silly fetch manifest fast-uri@^4.0.0
3108 silly packumentCache full:https://registry.npmjs.org/fast-uri cache-hit
3109 silly fetch manifest ajv-formats@^3.0.1
3110 silly packumentCache full:https://registry.npmjs.org/ajv-formats cache-miss
3111 silly fetch manifest json-schema-ref-resolver@^3.0.0
3112 silly packumentCache full:https://registry.npmjs.org/json-schema-ref-resolver cache-miss
3113 silly fetch manifest @fastify/merge-json-schemas@^0.2.0
3114 silly packumentCache full:https://registry.npmjs.org/@fastify%2fmerge-json-schemas cache-miss
3115 silly fetch manifest safe-regex2@^5.0.0
3116 silly packumentCache full:https://registry.npmjs.org/safe-regex2 cache-miss
3117 silly fetch manifest fast-querystring@^1.0.0
3118 silly packumentCache full:https://registry.npmjs.org/fast-querystring cache-miss
3119 silly fetch manifest process-warning@^4.0.0
3120 silly packumentCache full:https://registry.npmjs.org/process-warning cache-hit
3121 silly fetch manifest set-cookie-parser@^2.6.0
3122 silly packumentCache full:https://registry.npmjs.org/set-cookie-parser cache-miss
3123 silly fetch manifest atomic-sleep@^1.0.0
3124 silly packumentCache full:https://registry.npmjs.org/atomic-sleep cache-miss
3125 silly fetch manifest on-exit-leak-free@^2.1.0
3126 silly packumentCache full:https://registry.npmjs.org/on-exit-leak-free cache-miss
3127 silly fetch manifest pino-abstract-transport@^3.0.0
3128 silly packumentCache full:https://registry.npmjs.org/pino-abstract-transport cache-miss
3129 silly fetch manifest pino-std-serializers@^7.0.0
3130 silly packumentCache full:https://registry.npmjs.org/pino-std-serializers cache-miss
3131 silly fetch manifest process-warning@^5.0.0
3132 silly packumentCache full:https://registry.npmjs.org/process-warning cache-hit
3133 silly fetch manifest quick-format-unescaped@^4.0.3
3134 silly packumentCache full:https://registry.npmjs.org/quick-format-unescaped cache-miss
3135 silly fetch manifest real-require@^0.2.0
3136 silly packumentCache full:https://registry.npmjs.org/real-require cache-miss
3137 silly fetch manifest safe-stable-stringify@^2.3.1
3138 silly packumentCache full:https://registry.npmjs.org/safe-stable-stringify cache-miss
3139 http cache https://registry.npmjs.org/@fastify%2fmerge-json-schemas 14ms (cache hit)
3140 silly packumentCache full:https://registry.npmjs.org/@fastify%2fmerge-json-schemas set size:17894 disposed:false
3141 silly fetch manifest @pinojs/redact@^0.4.0
3142 silly packumentCache full:https://registry.npmjs.org/@pinojs%2fredact cache-miss
3143 http cache https://registry.npmjs.org/json-schema-ref-resolver 15ms (cache hit)
3144 silly packumentCache full:https://registry.npmjs.org/json-schema-ref-resolver set size:25091 disposed:false
3145 silly fetch manifest sonic-boom@^4.0.1
3146 silly packumentCache full:https://registry.npmjs.org/sonic-boom cache-miss
3147 http cache https://registry.npmjs.org/@fastify%2fforwarded 16ms (cache hit)
3148 silly packumentCache full:https://registry.npmjs.org/@fastify%2fforwarded set size:24664 disposed:false
3149 silly fetch manifest thread-stream@^4.0.0
3150 silly packumentCache full:https://registry.npmjs.org/thread-stream cache-miss
3151 http cache https://registry.npmjs.org/ajv-formats 17ms (cache hit)
3152 silly packumentCache full:https://registry.npmjs.org/ajv-formats set size:141264 disposed:false
3153 http cache https://registry.npmjs.org/ajv-formats 18ms (cache hit)
3154 silly packumentCache full:https://registry.npmjs.org/ajv-formats set size:141264 disposed:false
3155 silly packumentCache full:https://registry.npmjs.org/ajv-formats dispose
3156 http cache https://registry.npmjs.org/pino-abstract-transport 16ms (cache hit)
3157 silly packumentCache full:https://registry.npmjs.org/pino-abstract-transport set size:28649 disposed:false
3158 http cache https://registry.npmjs.org/set-cookie-parser 18ms (cache hit)
3159 silly packumentCache full:https://registry.npmjs.org/set-cookie-parser set size:78186 disposed:false
3160 http cache https://registry.npmjs.org/fast-querystring 19ms (cache hit)
3161 silly packumentCache full:https://registry.npmjs.org/fast-querystring set size:68476 disposed:false
3162 http cache https://registry.npmjs.org/safe-regex2 20ms (cache hit)
3163 silly packumentCache full:https://registry.npmjs.org/safe-regex2 set size:24611 disposed:false
3164 http cache https://registry.npmjs.org/on-exit-leak-free 21ms (cache hit)
3165 silly packumentCache full:https://registry.npmjs.org/on-exit-leak-free set size:18719 disposed:false
3166 http cache https://registry.npmjs.org/real-require 20ms (cache hit)
3167 silly packumentCache full:https://registry.npmjs.org/real-require set size:10846 disposed:false
3168 http cache https://registry.npmjs.org/pino-std-serializers 20ms (cache hit)
3169 silly packumentCache full:https://registry.npmjs.org/pino-std-serializers set size:96138 disposed:false
3170 http cache https://registry.npmjs.org/atomic-sleep 24ms (cache hit)
3171 silly packumentCache full:https://registry.npmjs.org/atomic-sleep set size:5192 disposed:false
3172 http cache https://registry.npmjs.org/safe-stable-stringify 22ms (cache hit)
3173 silly packumentCache full:https://registry.npmjs.org/safe-stable-stringify set size:45091 disposed:false
3174 http cache https://registry.npmjs.org/quick-format-unescaped 24ms (cache hit)
3175 silly packumentCache full:https://registry.npmjs.org/quick-format-unescaped set size:36121 disposed:false
3176 http cache https://registry.npmjs.org/@pinojs%2fredact 17ms (cache hit)
3177 silly packumentCache full:https://registry.npmjs.org/@pinojs%2fredact set size:16869 disposed:false
3178 http cache https://registry.npmjs.org/sonic-boom 19ms (cache hit)
3179 silly packumentCache full:https://registry.npmjs.org/sonic-boom set size:170611 disposed:false
3180 http cache https://registry.npmjs.org/thread-stream 20ms (cache hit)
3181 silly packumentCache full:https://registry.npmjs.org/thread-stream set size:131270 disposed:false
3182 silly placeDep ROOT ajv-formats@3.0.1 OK for: @fastify/ajv-compiler@4.0.6 want: ^3.0.1
3183 silly placeDep node_modules/@fastify/ajv-compiler fast-uri@4.1.2 OK for: @fastify/ajv-compiler@4.0.6 want: ^4.0.0
3184 silly placeDep ROOT @fastify/forwarded@3.0.2 OK for: @fastify/proxy-addr@5.1.0 want: ^3.0.0
3185 silly placeDep ROOT ipaddr.js@2.5.0 OK for: @fastify/proxy-addr@5.1.0 want: ^2.1.0
3186 silly placeDep ROOT @fastify/merge-json-schemas@0.2.1 OK for: fast-json-stringify@7.0.1 want: ^0.2.0
3187 silly placeDep node_modules/fast-json-stringify fast-uri@4.1.2 OK for: fast-json-stringify@7.0.1 want: ^4.0.0
3188 silly placeDep ROOT json-schema-ref-resolver@3.0.0 OK for: fast-json-stringify@7.0.1 want: ^3.0.0
3189 silly fetch manifest dequal@^2.0.3
3190 silly packumentCache full:https://registry.npmjs.org/dequal cache-miss
3191 silly fetch manifest dequal@^2.0.3
3192 silly packumentCache full:https://registry.npmjs.org/dequal cache-miss
3193 http cache https://registry.npmjs.org/dequal 3ms (cache hit)
3194 silly packumentCache full:https://registry.npmjs.org/dequal set size:24037 disposed:false
3195 http cache https://registry.npmjs.org/dequal 5ms (cache hit)
3196 silly packumentCache full:https://registry.npmjs.org/dequal set size:24037 disposed:false
3197 silly packumentCache full:https://registry.npmjs.org/dequal dispose
3198 silly placeDep ROOT dequal@2.0.3 OK for: @fastify/merge-json-schemas@0.2.1 want: ^2.0.3
3199 silly placeDep ROOT reusify@1.1.0 OK for: fastq@1.20.1 want: ^1.0.4
3200 silly placeDep ROOT is-unicode-supported@2.1.0 OK for: figures@6.1.0 want: ^2.0.0
3201 silly placeDep ROOT fast-querystring@1.1.2 OK for: find-my-way@9.8.0 want: ^1.0.0
3202 silly placeDep ROOT safe-regex2@5.1.1 OK for: find-my-way@9.8.0 want: ^5.0.0
3203 silly fetch manifest ret@~0.5.0
3204 silly packumentCache full:https://registry.npmjs.org/ret cache-miss
3205 http cache https://registry.npmjs.org/ret 3ms (cache hit)
3206 silly packumentCache full:https://registry.npmjs.org/ret set size:59258 disposed:false
3207 silly placeDep ROOT unicorn-magic@0.3.0 OK for: find-up@8.0.0 want: ^0.3.0
3208 silly placeDep ROOT from2@2.3.0 OK for: folder-walker@3.2.0 want: ^2.1.0
3209 silly fetch manifest readable-stream@^2.0.0
3210 silly packumentCache full:https://registry.npmjs.org/readable-stream cache-hit
3211 silly placeDep node_modules/from2 readable-stream@2.3.8 OK for: from2@2.3.0 want: ^2.0.0
3212 silly fetch manifest isarray@~1.0.0
3213 silly packumentCache full:https://registry.npmjs.org/isarray cache-miss
3214 silly fetch manifest safe-buffer@~5.1.1
3215 silly packumentCache full:https://registry.npmjs.org/safe-buffer cache-miss
3216 silly fetch manifest core-util-is@~1.0.0
3217 silly packumentCache full:https://registry.npmjs.org/core-util-is cache-miss
3218 silly fetch manifest string_decoder@~1.1.1
3219 silly packumentCache full:https://registry.npmjs.org/string_decoder cache-miss
3220 silly fetch manifest process-nextick-args@~2.0.0
3221 silly packumentCache full:https://registry.npmjs.org/process-nextick-args cache-miss
3222 http cache https://registry.npmjs.org/isarray 28ms (cache hit)
3223 silly packumentCache full:https://registry.npmjs.org/isarray set size:17392 disposed:false
3224 http cache https://registry.npmjs.org/process-nextick-args 28ms (cache hit)
3225 silly packumentCache full:https://registry.npmjs.org/process-nextick-args set size:15428 disposed:false
3226 http cache https://registry.npmjs.org/core-util-is 29ms (cache hit)
3227 silly packumentCache full:https://registry.npmjs.org/core-util-is set size:7163 disposed:false
3228 http cache https://registry.npmjs.org/string_decoder 30ms (cache hit)
3229 silly packumentCache full:https://registry.npmjs.org/string_decoder set size:28441 disposed:false
3230 http cache https://registry.npmjs.org/safe-buffer 31ms (cache hit)
3231 silly packumentCache full:https://registry.npmjs.org/safe-buffer set size:41183 disposed:false
3232 silly placeDep ROOT @sec-ant/readable-stream@0.4.1 OK for: get-stream@9.0.1 want: ^0.4.1
3233 silly placeDep node_modules/get-stream is-stream@4.0.1 OK for: get-stream@9.0.1 want: ^4.0.1
3234 silly placeDep ROOT ini@1.3.8 OK for: gitconfiglocal@2.1.0 want: ^1.3.2
3235 silly placeDep ROOT minipass@7.1.3 OK for: glob@13.0.6 want: ^7.1.3
3236 silly placeDep ROOT path-scurry@2.0.2 OK for: glob@13.0.6 want: ^2.0.2
3237 silly fetch manifest lru-cache@^11.0.0
3238 silly packumentCache full:https://registry.npmjs.org/lru-cache cache-miss
3239 http cache https://registry.npmjs.org/lru-cache 4ms (cache hit)
3240 silly packumentCache full:https://registry.npmjs.org/lru-cache set size:460407 disposed:false
3241 silly placeDep ROOT is-glob@4.0.3 OK for: glob-parent@5.1.2 want: ^4.0.1
3242 silly fetch manifest is-extglob@^2.1.1
3243 silly packumentCache full:https://registry.npmjs.org/is-extglob cache-miss
3244 http cache https://registry.npmjs.org/is-extglob 3ms (cache hit)
3245 silly packumentCache full:https://registry.npmjs.org/is-extglob set size:11766 disposed:false
3246 silly placeDep ROOT @sindresorhus/merge-streams@2.3.0 OK for: globby@14.1.0 want: ^2.1.0
3247 silly placeDep ROOT slash@5.1.0 OK for: globby@14.1.0 want: ^5.1.0
3248 silly placeDep ROOT unix-dgram@2.0.7 OK for: hot-shots@11.4.0 want: 2.x
3249 silly fetch manifest nan@^2.20.0
3250 silly packumentCache full:https://registry.npmjs.org/nan cache-miss
3251 http cache https://registry.npmjs.org/nan 3ms (cache hit)
3252 silly packumentCache full:https://registry.npmjs.org/nan set size:245791 disposed:false
3253 silly placeDep ROOT setprototypeof@1.2.0 OK for: http-errors@2.0.1 want: ~1.2.0
3254 silly placeDep ROOT toidentifier@1.0.1 OK for: http-errors@2.0.1 want: ~1.0.1
3255 silly placeDep ROOT eventemitter3@4.0.7 OK for: http-proxy@1.18.1 want: ^4.0.0
3256 silly placeDep ROOT follow-redirects@1.16.0 OK for: http-proxy@1.18.1 want: ^1.0.0
3257 silly placeDep ROOT requires-port@1.0.0 OK for: http-proxy@1.18.1 want: ^1.0.0
3258 silly placeDep ROOT @types/http-proxy@1.17.17 OK for: http-proxy-middleware@3.0.7 want: ^1.17.15
3259 silly placeDep ROOT is-plain-object@5.0.0 OK for: http-proxy-middleware@3.0.7 want: ^5.0.0
3260 silly placeDep ROOT safer-buffer@2.1.2 OK for: iconv-lite@0.7.3 want: >= 2.1.2 < 3.0.0
3261 silly placeDep ROOT cjs-module-lexer@2.2.1 OK for: import-in-the-middle@3.3.3 want: ^2.2.0
3262 silly placeDep node_modules/import-in-the-middle es-module-lexer@2.3.1 OK for: import-in-the-middle@3.3.3 want: ^2.2.0
3263 silly placeDep ROOT module-details-from-path@1.0.4 OK for: import-in-the-middle@3.3.3 want: ^1.0.4
3264 silly fetch manifest @types/node@>=18
3265 silly packumentCache full:https://registry.npmjs.org/@types%2fnode cache-miss
3266 http cache https://registry.npmjs.org/@types%2fnode 28ms (cache hit)
3267 silly packumentCache full:https://registry.npmjs.org/@types%2fnode set size:11088606 disposed:false
3268 silly placeDep ROOT @inquirer/external-editor@1.0.3 OK for: inquirer@8.2.7 want: ^1.0.0
3269 silly placeDep node_modules/inquirer ansi-escapes@4.3.2 OK for: inquirer@8.2.7 want: ^4.2.1
3270 silly placeDep node_modules/inquirer chalk@4.1.2 OK for: inquirer@8.2.7 want: ^4.1.1
3271 silly placeDep ROOT cli-cursor@3.1.0 OK for: inquirer@8.2.7 want: ^3.1.0
3272 silly placeDep ROOT cli-width@3.0.0 OK for: inquirer@8.2.7 want: ^3.0.0
3273 silly placeDep node_modules/inquirer figures@3.2.0 OK for: inquirer@8.2.7 want: ^3.0.0
3274 silly placeDep ROOT lodash@4.18.1 OK for: inquirer@8.2.7 want: ^4.17.21
3275 silly placeDep ROOT mute-stream@0.0.8 OK for: inquirer@8.2.7 want: 0.0.8
3276 silly placeDep ROOT ora@5.4.1 OK for: inquirer@8.2.7 want: ^5.4.1
3277 silly placeDep ROOT run-async@2.4.1 OK for: inquirer@8.2.7 want: ^2.4.0
3278 silly placeDep ROOT rxjs@7.8.2 OK for: inquirer@8.2.7 want: ^7.5.5
3279 silly placeDep ROOT through@2.3.8 OK for: inquirer@8.2.7 want: ^2.3.6
3280 silly placeDep node_modules/inquirer wrap-ansi@6.2.0 OK for: inquirer@8.2.7 want: ^6.0.1
3281 silly fetch manifest chardet@^2.1.1
3282 silly packumentCache full:https://registry.npmjs.org/chardet cache-miss
3283 silly fetch manifest type-fest@^0.21.3
3284 silly packumentCache full:https://registry.npmjs.org/type-fest cache-hit
3285 silly fetch manifest restore-cursor@^3.1.0
3286 silly packumentCache full:https://registry.npmjs.org/restore-cursor cache-miss
3287 silly fetch manifest escape-string-regexp@^1.0.5
3288 silly packumentCache full:https://registry.npmjs.org/escape-string-regexp cache-hit
3289 silly fetch manifest bl@^4.1.0
3290 silly packumentCache full:https://registry.npmjs.org/bl cache-miss
3291 silly fetch manifest chalk@^4.1.0
3292 silly packumentCache full:https://registry.npmjs.org/chalk cache-hit
3293 silly fetch manifest wcwidth@^1.0.1
3294 silly packumentCache full:https://registry.npmjs.org/wcwidth cache-miss
3295 silly fetch manifest log-symbols@^4.1.0
3296 silly packumentCache full:https://registry.npmjs.org/log-symbols cache-miss
3297 silly fetch manifest cli-spinners@^2.5.0
3298 silly packumentCache full:https://registry.npmjs.org/cli-spinners cache-miss
3299 silly fetch manifest is-interactive@^1.0.0
3300 silly packumentCache full:https://registry.npmjs.org/is-interactive cache-miss
3301 silly fetch manifest is-unicode-supported@^0.1.0
3302 silly packumentCache full:https://registry.npmjs.org/is-unicode-supported cache-hit
3303 http cache https://registry.npmjs.org/restore-cursor 8ms (cache hit)
3304 silly packumentCache full:https://registry.npmjs.org/restore-cursor set size:17895 disposed:false
3305 http cache https://registry.npmjs.org/bl 9ms (cache hit)
3306 silly packumentCache full:https://registry.npmjs.org/bl set size:237796 disposed:false
3307 http cache https://registry.npmjs.org/is-interactive 10ms (cache hit)
3308 silly packumentCache full:https://registry.npmjs.org/is-interactive set size:10692 disposed:false
3309 http cache https://registry.npmjs.org/chardet 12ms (cache hit)
3310 silly packumentCache full:https://registry.npmjs.org/chardet set size:73855 disposed:false
3311 http cache https://registry.npmjs.org/cli-spinners 12ms (cache hit)
3312 silly packumentCache full:https://registry.npmjs.org/cli-spinners set size:67473 disposed:false
3313 http cache https://registry.npmjs.org/log-symbols 13ms (cache hit)
3314 silly packumentCache full:https://registry.npmjs.org/log-symbols set size:31977 disposed:false
3315 http cache https://registry.npmjs.org/wcwidth 13ms (cache hit)
3316 silly packumentCache full:https://registry.npmjs.org/wcwidth set size:5904 disposed:false
3317 silly placeDep ROOT chardet@2.2.0 OK for: @inquirer/external-editor@1.0.3 want: ^2.1.1
3318 silly placeDep ROOT restore-cursor@3.1.0 OK for: cli-cursor@3.1.0 want: ^3.1.0
3319 silly placeDep node_modules/inquirer-autocomplete-prompt ansi-escapes@4.3.2 OK for: inquirer-autocomplete-prompt@1.4.0 want: ^4.3.1
3320 silly placeDep node_modules/inquirer-autocomplete-prompt chalk@4.1.2 OK for: inquirer-autocomplete-prompt@1.4.0 want: ^4.0.0
3321 silly placeDep node_modules/inquirer-autocomplete-prompt figures@3.2.0 OK for: inquirer-autocomplete-prompt@1.4.0 want: ^3.2.0
3322 silly placeDep node_modules/inquirer-autocomplete-prompt rxjs@6.6.7 OK for: inquirer-autocomplete-prompt@1.4.0 want: ^6.6.2
3323 silly fetch manifest tslib@^1.9.0
3324 silly packumentCache full:https://registry.npmjs.org/tslib cache-miss
3325 http cache https://registry.npmjs.org/tslib 3ms (cache hit)
3326 silly packumentCache full:https://registry.npmjs.org/tslib set size:108843 disposed:false
3327 silly fetch manifest @parcel/watcher@^2.5.6
3328 silly packumentCache full:https://registry.npmjs.org/@parcel%2fwatcher cache-miss
3329 http cache https://registry.npmjs.org/@parcel%2fwatcher 3ms (cache hit)
3330 silly packumentCache full:https://registry.npmjs.org/@parcel%2fwatcher set size:124080 disposed:false
3331 silly fetch manifest @azure/app-configuration@^1.8.0
3332 silly packumentCache full:https://registry.npmjs.org/@azure%2fapp-configuration cache-miss
3333 http cache https://registry.npmjs.org/@azure%2fapp-configuration 8ms (cache hit)
3334 silly packumentCache full:https://registry.npmjs.org/@azure%2fapp-configuration set size:4278085 disposed:false
3335 silly fetch manifest @azure/cosmos@^4.2.0
3336 silly packumentCache full:https://registry.npmjs.org/@azure%2fcosmos cache-miss
3337 http cache https://registry.npmjs.org/@azure%2fcosmos 14ms (cache hit)
3338 silly packumentCache full:https://registry.npmjs.org/@azure%2fcosmos set size:6950654 disposed:false
3339 silly fetch manifest @azure/data-tables@^13.3.0
3340 silly packumentCache full:https://registry.npmjs.org/@azure%2fdata-tables cache-miss
3341 http cache https://registry.npmjs.org/@azure%2fdata-tables 8ms (cache hit)
3342 silly packumentCache full:https://registry.npmjs.org/@azure%2fdata-tables set size:3655328 disposed:false
3343 silly fetch manifest @azure/identity@^4.6.0
3344 silly packumentCache full:https://registry.npmjs.org/@azure%2fidentity cache-miss
3345 http cache https://registry.npmjs.org/@azure%2fidentity 13ms (cache hit)
3346 silly packumentCache full:https://registry.npmjs.org/@azure%2fidentity set size:6045791 disposed:false
3347 silly fetch manifest @azure/keyvault-secrets@^4.9.0
3348 silly packumentCache full:https://registry.npmjs.org/@azure%2fkeyvault-secrets cache-miss
3349 http cache https://registry.npmjs.org/@azure%2fkeyvault-secrets 25ms (cache hit)
3350 silly packumentCache full:https://registry.npmjs.org/@azure%2fkeyvault-secrets set size:4226133 disposed:false
3351 silly fetch manifest @azure/storage-blob@^12.26.0
3352 silly packumentCache full:https://registry.npmjs.org/@azure%2fstorage-blob cache-miss
3353 http cache https://registry.npmjs.org/@azure%2fstorage-blob 10ms (cache hit)
3354 silly packumentCache full:https://registry.npmjs.org/@azure%2fstorage-blob set size:4730988 disposed:false
3355 silly fetch manifest @capacitor/preferences@^6 || ^7 || ^8
3356 silly packumentCache full:https://registry.npmjs.org/@capacitor%2fpreferences cache-miss
3357 http cache https://registry.npmjs.org/@capacitor%2fpreferences 10ms (cache hit)
3358 silly packumentCache full:https://registry.npmjs.org/@capacitor%2fpreferences set size:4810971 disposed:false
3359 silly fetch manifest @capacitor/core@>=8.0.0
3360 silly packumentCache full:https://registry.npmjs.org/@capacitor%2fcore cache-miss
3361 http cache https://registry.npmjs.org/@capacitor%2fcore 12ms (cache hit)
3362 silly packumentCache full:https://registry.npmjs.org/@capacitor%2fcore set size:4715090 disposed:false
3363 silly fetch manifest @deno/kv@>=0.9.0
3364 silly packumentCache full:https://registry.npmjs.org/@deno%2fkv cache-miss
3365 http cache https://registry.npmjs.org/@deno%2fkv 4ms (cache hit)
3366 silly packumentCache full:https://registry.npmjs.org/@deno%2fkv set size:37246 disposed:false
3367 silly fetch manifest @netlify/blobs@^6.5.0 || ^7.0.0 || ^8.1.0 || ^9.0.0 || ^10.0.0
3368 silly packumentCache full:https://registry.npmjs.org/@netlify%2fblobs cache-hit
3369 silly fetch manifest @planetscale/database@^1.19.0
3370 silly packumentCache full:https://registry.npmjs.org/@planetscale%2fdatabase cache-miss
3371 http cache https://registry.npmjs.org/@planetscale%2fdatabase 2ms (cache hit)
3372 silly packumentCache full:https://registry.npmjs.org/@planetscale%2fdatabase set size:131439 disposed:false
3373 silly fetch manifest @upstash/redis@^1.34.3
3374 silly packumentCache full:https://registry.npmjs.org/@upstash%2fredis cache-miss
3375 http cache https://registry.npmjs.org/@upstash%2fredis 8ms (cache hit)
3376 silly packumentCache full:https://registry.npmjs.org/@upstash%2fredis set size:3851550 disposed:false
3377 silly fetch manifest @vercel/blob@>=0.27.1
3378 silly packumentCache full:https://registry.npmjs.org/@vercel%2fblob cache-miss
3379 http cache https://registry.npmjs.org/@vercel%2fblob 5ms (cache hit)
3380 silly packumentCache full:https://registry.npmjs.org/@vercel%2fblob set size:1054009 disposed:false
3381 silly fetch manifest @vercel/functions@^2.2.12 || ^3.0.0
3382 silly packumentCache full:https://registry.npmjs.org/@vercel%2ffunctions cache-miss
3383 http cache https://registry.npmjs.org/@vercel%2ffunctions 6ms (cache hit)
3384 silly packumentCache full:https://registry.npmjs.org/@vercel%2ffunctions set size:242177 disposed:false
3385 silly fetch manifest @aws-sdk/credential-provider-web-identity@*
3386 silly packumentCache full:https://registry.npmjs.org/@aws-sdk%2fcredential-provider-web-identity cache-miss
3387 http cache https://registry.npmjs.org/@aws-sdk%2fcredential-provider-web-identity 6ms (cache hit)
3388 silly packumentCache full:https://registry.npmjs.org/@aws-sdk%2fcredential-provider-web-identity set size:1055616 disposed:false
3389 silly fetch manifest ws@>=8
3390 silly packumentCache full:https://registry.npmjs.org/ws cache-hit
3391 silly fetch manifest @vercel/kv@^1 || ^2 || ^3
3392 silly packumentCache full:https://registry.npmjs.org/@vercel%2fkv cache-miss
3393 http cache https://registry.npmjs.org/@vercel%2fkv 9ms (cache hit)
3394 silly packumentCache full:https://registry.npmjs.org/@vercel%2fkv set size:112611 disposed:false
3395 silly fetch manifest aws4fetch@^1.0.20
3396 silly packumentCache full:https://registry.npmjs.org/aws4fetch cache-miss
3397 http cache https://registry.npmjs.org/aws4fetch 4ms (cache hit)
3398 silly packumentCache full:https://registry.npmjs.org/aws4fetch set size:75112 disposed:false
3399 silly fetch manifest db0@>=0.2.1
3400 silly packumentCache full:https://registry.npmjs.org/db0 cache-miss
3401 http cache https://registry.npmjs.org/db0 3ms (cache hit)
3402 silly packumentCache full:https://registry.npmjs.org/db0 set size:71272 disposed:false
3403 silly fetch manifest @electric-sql/pglite@*
3404 silly packumentCache full:https://registry.npmjs.org/@electric-sql%2fpglite cache-hit
3405 silly fetch manifest @libsql/client@*
3406 silly packumentCache full:https://registry.npmjs.org/@libsql%2fclient cache-miss
3407 http cache https://registry.npmjs.org/@libsql%2fclient 4ms (cache hit)
3408 silly packumentCache full:https://registry.npmjs.org/@libsql%2fclient set size:392417 disposed:false
3409 silly fetch manifest better-sqlite3@*
3410 silly packumentCache full:https://registry.npmjs.org/better-sqlite3 cache-miss
3411 http cache https://registry.npmjs.org/better-sqlite3 4ms (cache hit)
3412 silly packumentCache full:https://registry.npmjs.org/better-sqlite3 set size:393419 disposed:false
3413 silly fetch manifest drizzle-orm@*
3414 silly packumentCache full:https://registry.npmjs.org/drizzle-orm cache-miss
3415 http cache https://registry.npmjs.org/drizzle-orm 96ms (cache hit)
3416 silly packumentCache full:https://registry.npmjs.org/drizzle-orm set size:64465251 disposed:false
3417 silly fetch manifest @aws-sdk/client-rds-data@>=3
3418 silly packumentCache full:https://registry.npmjs.org/@aws-sdk%2fclient-rds-data cache-miss
3419 http cache https://registry.npmjs.org/@aws-sdk%2fclient-rds-data 11ms (cache hit)
3420 silly packumentCache full:https://registry.npmjs.org/@aws-sdk%2fclient-rds-data set size:2971705 disposed:false
3421 silly fetch manifest @cloudflare/workers-types@>=4
3422 silly packumentCache full:https://registry.npmjs.org/@cloudflare%2fworkers-types cache-miss
3423 http cache https://registry.npmjs.org/@cloudflare%2fworkers-types 5ms (cache hit)
3424 silly packumentCache full:https://registry.npmjs.org/@cloudflare%2fworkers-types set size:1844373 disposed:false
3425 silly fetch manifest @libsql/client-wasm@>=0.10.0
3426 silly packumentCache full:https://registry.npmjs.org/@libsql%2fclient-wasm cache-miss
3427 http cache https://registry.npmjs.org/@libsql%2fclient-wasm 4ms (cache hit)
3428 silly packumentCache full:https://registry.npmjs.org/@libsql%2fclient-wasm set size:148489 disposed:false
3429 silly fetch manifest @neondatabase/serverless@>=0.10.0
3430 silly packumentCache full:https://registry.npmjs.org/@neondatabase%2fserverless cache-miss
3431 http cache https://registry.npmjs.org/@neondatabase%2fserverless 3ms (cache hit)
3432 silly packumentCache full:https://registry.npmjs.org/@neondatabase%2fserverless set size:178582 disposed:false
3433 silly fetch manifest @op-engineering/op-sqlite@>=2
3434 silly packumentCache full:https://registry.npmjs.org/@op-engineering%2fop-sqlite cache-miss
3435 http cache https://registry.npmjs.org/@op-engineering%2fop-sqlite 3ms (cache hit)
3436 silly packumentCache full:https://registry.npmjs.org/@op-engineering%2fop-sqlite set size:543760 disposed:false
3437 silly fetch manifest @sqlite.org/sqlite-wasm@*
3438 silly packumentCache full:https://registry.npmjs.org/@sqlite.org%2fsqlite-wasm cache-miss
3439 http cache https://registry.npmjs.org/@sqlite.org%2fsqlite-wasm 4ms (cache hit)
3440 silly packumentCache full:https://registry.npmjs.org/@sqlite.org%2fsqlite-wasm set size:231306 disposed:false
3441 silly fetch manifest react@*
3442 silly packumentCache full:https://registry.npmjs.org/react cache-miss
3443 http cache https://registry.npmjs.org/react 13ms (cache hit)
3444 silly packumentCache full:https://registry.npmjs.org/react set size:6897881 disposed:false
3445 silly fetch manifest react-native@*
3446 silly packumentCache full:https://registry.npmjs.org/react-native cache-miss
3447 http cache https://registry.npmjs.org/react-native 27ms (cache hit)
3448 silly packumentCache full:https://registry.npmjs.org/react-native set size:15664969 disposed:false
3449 silly fetch manifest @types/react@^19.1.1
3450 silly packumentCache full:https://registry.npmjs.org/@types%2freact cache-miss
3451 http cache https://registry.npmjs.org/@types%2freact 7ms (cache hit)
3452 silly packumentCache full:https://registry.npmjs.org/@types%2freact set size:2637439 disposed:false
3453 silly fetch manifest @opentelemetry/api@^1.4.1
3454 silly packumentCache full:https://registry.npmjs.org/@opentelemetry%2fapi cache-hit
3455 silly fetch manifest @prisma/client@*
3456 silly packumentCache full:https://registry.npmjs.org/@prisma%2fclient cache-miss
3457 http cache https://registry.npmjs.org/@prisma%2fclient 109ms (cache hit)
3458 silly packumentCache full:https://registry.npmjs.org/@prisma%2fclient set size:68418835 disposed:false
3459 silly fetch manifest prisma@*
3460 silly packumentCache full:https://registry.npmjs.org/prisma cache-miss
3461 http cache https://registry.npmjs.org/prisma 81ms (cache hit)
3462 silly packumentCache full:https://registry.npmjs.org/prisma set size:43649502 disposed:false
3463 silly fetch manifest typescript@>=5.4.0
3464 silly packumentCache full:https://registry.npmjs.org/typescript cache-miss
3465 http cache https://registry.npmjs.org/typescript 29ms (cache hit)
3466 silly packumentCache full:https://registry.npmjs.org/typescript set size:15555816 disposed:false
3467 silly fetch manifest @tidbcloud/serverless@*
3468 silly packumentCache full:https://registry.npmjs.org/@tidbcloud%2fserverless cache-miss
3469 http cache https://registry.npmjs.org/@tidbcloud%2fserverless 14ms (cache hit)
3470 silly packumentCache full:https://registry.npmjs.org/@tidbcloud%2fserverless set size:51334 disposed:false
3471 silly fetch manifest @types/better-sqlite3@*
3472 silly packumentCache full:https://registry.npmjs.org/@types%2fbetter-sqlite3 cache-miss
3473 http cache https://registry.npmjs.org/@types%2fbetter-sqlite3 3ms (cache hit)
3474 silly packumentCache full:https://registry.npmjs.org/@types%2fbetter-sqlite3 set size:85227 disposed:false
3475 silly fetch manifest @types/pg@*
3476 silly packumentCache full:https://registry.npmjs.org/@types%2fpg cache-miss
3477 http cache https://registry.npmjs.org/@types%2fpg 3ms (cache hit)
3478 silly packumentCache full:https://registry.npmjs.org/@types%2fpg set size:204664 disposed:false
3479 silly fetch manifest @types/sql.js@*
3480 silly packumentCache full:https://registry.npmjs.org/@types%2fsql.js cache-miss
3481 http cache https://registry.npmjs.org/@types%2fsql.js 3ms (cache hit)
3482 silly packumentCache full:https://registry.npmjs.org/@types%2fsql.js set size:50269 disposed:false
3483 silly fetch manifest @vercel/postgres@>=0.8.0
3484 silly packumentCache full:https://registry.npmjs.org/@vercel%2fpostgres cache-miss
3485 http cache https://registry.npmjs.org/@vercel%2fpostgres 4ms (cache hit)
3486 silly packumentCache full:https://registry.npmjs.org/@vercel%2fpostgres set size:247779 disposed:false
3487 silly fetch manifest @xata.io/client@*
3488 silly packumentCache full:https://registry.npmjs.org/@xata.io%2fclient cache-miss
3489 http cache https://registry.npmjs.org/@xata.io%2fclient 24ms (cache hit)
3490 silly packumentCache full:https://registry.npmjs.org/@xata.io%2fclient set size:11854695 disposed:false
3491 silly fetch manifest bun-types@*
3492 silly packumentCache full:https://registry.npmjs.org/bun-types cache-miss
3493 http cache https://registry.npmjs.org/bun-types 19ms (cache hit)
3494 silly packumentCache full:https://registry.npmjs.org/bun-types set size:2433957 disposed:false
3495 silly fetch manifest expo-sqlite@>=14.0.0
3496 silly packumentCache full:https://registry.npmjs.org/expo-sqlite cache-miss
3497 http cache https://registry.npmjs.org/expo-sqlite 7ms (cache hit)
3498 silly packumentCache full:https://registry.npmjs.org/expo-sqlite set size:1038475 disposed:false
3499 silly fetch manifest expo@*
3500 silly packumentCache full:https://registry.npmjs.org/expo cache-miss
3501 http cache https://registry.npmjs.org/expo 11ms (cache hit)
3502 silly packumentCache full:https://registry.npmjs.org/expo set size:4015711 disposed:false
3503 silly fetch manifest @expo/metro-runtime@*
3504 silly packumentCache full:https://registry.npmjs.org/@expo%2fmetro-runtime cache-miss
3505 http cache https://registry.npmjs.org/@expo%2fmetro-runtime 7ms (cache hit)
3506 silly packumentCache full:https://registry.npmjs.org/@expo%2fmetro-runtime set size:799963 disposed:false
3507 silly fetch manifest react-dom@*
3508 silly packumentCache full:https://registry.npmjs.org/react-dom cache-miss
3509 http cache https://registry.npmjs.org/react-dom 20ms (cache hit)
3510 silly packumentCache full:https://registry.npmjs.org/react-dom set size:9267760 disposed:false
3511 silly fetch manifest react-native-web@*
3512 silly packumentCache full:https://registry.npmjs.org/react-native-web cache-miss
3513 http cache https://registry.npmjs.org/react-native-web 7ms (cache hit)
3514 silly packumentCache full:https://registry.npmjs.org/react-native-web set size:1090416 disposed:false
3515 silly fetch manifest react-native-webview@*
3516 silly packumentCache full:https://registry.npmjs.org/react-native-webview cache-miss
3517 http cache https://registry.npmjs.org/react-native-webview 7ms (cache hit)
3518 silly packumentCache full:https://registry.npmjs.org/react-native-webview set size:1379763 disposed:false
3519 silly fetch manifest gel@>=2
3520 silly packumentCache full:https://registry.npmjs.org/gel cache-miss
3521 http cache https://registry.npmjs.org/gel 7ms (cache hit)
3522 silly packumentCache full:https://registry.npmjs.org/gel set size:248308 disposed:false
3523 silly fetch manifest knex@*
3524 silly packumentCache full:https://registry.npmjs.org/knex cache-miss
3525 http cache https://registry.npmjs.org/knex 9ms (cache hit)
3526 silly packumentCache full:https://registry.npmjs.org/knex set size:1362381 disposed:false
3527 silly fetch manifest pg-query-stream@^4.14.0
3528 silly packumentCache full:https://registry.npmjs.org/pg-query-stream cache-miss
3529 http cache https://registry.npmjs.org/pg-query-stream 11ms (cache hit)
3530 silly packumentCache full:https://registry.npmjs.org/pg-query-stream set size:189102 disposed:false
3531 silly fetch manifest pg@^8
3532 silly packumentCache full:https://registry.npmjs.org/pg cache-hit
3533 silly fetch manifest kysely@*
3534 silly packumentCache full:https://registry.npmjs.org/kysely cache-miss
3535 http cache https://registry.npmjs.org/kysely 4ms (cache hit)
3536 silly packumentCache full:https://registry.npmjs.org/kysely set size:737388 disposed:false
3537 silly fetch manifest mysql2@>=2
3538 silly packumentCache full:https://registry.npmjs.org/mysql2 cache-miss
3539 http cache https://registry.npmjs.org/mysql2 5ms (cache hit)
3540 silly packumentCache full:https://registry.npmjs.org/mysql2 set size:928811 disposed:false
3541 silly fetch manifest @types/node@>= 8
3542 silly packumentCache full:https://registry.npmjs.org/@types%2fnode cache-miss
3543 http cache https://registry.npmjs.org/@types%2fnode 19ms (cache hit)
3544 silly packumentCache full:https://registry.npmjs.org/@types%2fnode set size:11088606 disposed:false
3545 silly fetch manifest postgres@>=3
3546 silly packumentCache full:https://registry.npmjs.org/postgres cache-miss
3547 http cache https://registry.npmjs.org/postgres 19ms (cache hit)
3548 silly packumentCache full:https://registry.npmjs.org/postgres set size:185872 disposed:false
3549 silly fetch manifest sql.js@>=1
3550 silly packumentCache full:https://registry.npmjs.org/sql.js cache-miss
3551 http cache https://registry.npmjs.org/sql.js 12ms (cache hit)
3552 silly packumentCache full:https://registry.npmjs.org/sql.js set size:129060 disposed:false
3553 silly fetch manifest sqlite3@>=5
3554 silly packumentCache full:https://registry.npmjs.org/sqlite3 cache-miss
3555 http cache https://registry.npmjs.org/sqlite3 12ms (cache hit)
3556 silly packumentCache full:https://registry.npmjs.org/sqlite3 set size:330693 disposed:false
3557 silly fetch manifest idb-keyval@^6.2.1
3558 silly packumentCache full:https://registry.npmjs.org/idb-keyval cache-miss
3559 http cache https://registry.npmjs.org/idb-keyval 9ms (cache hit)
3560 silly packumentCache full:https://registry.npmjs.org/idb-keyval set size:140904 disposed:false
3561 silly fetch manifest ioredis@^5.4.2
3562 silly packumentCache full:https://registry.npmjs.org/ioredis cache-miss
3563 http cache https://registry.npmjs.org/ioredis 8ms (cache hit)
3564 silly packumentCache full:https://registry.npmjs.org/ioredis set size:859203 disposed:false
3565 silly fetch manifest uploadthing@^7.4.4
3566 silly packumentCache full:https://registry.npmjs.org/uploadthing cache-miss
3567 http cache https://registry.npmjs.org/uploadthing 6ms (cache hit)
3568 silly packumentCache full:https://registry.npmjs.org/uploadthing set size:1017149 disposed:false
3569 silly fetch manifest express@*
3570 silly packumentCache full:https://registry.npmjs.org/express cache-hit
3571 silly fetch manifest tailwindcss@^3.0.0 || ^4.0.0-beta.0
3572 silly packumentCache full:https://registry.npmjs.org/tailwindcss cache-miss
3573 http cache https://registry.npmjs.org/tailwindcss 21ms (cache hit)
3574 silly packumentCache full:https://registry.npmjs.org/tailwindcss set size:10868886 disposed:false
3575 silly placeDep ROOT citty@0.1.6 OK for: ipx@3.1.1 want: ^0.1.6
3576 silly placeDep ROOT defu@6.1.7 OK for: ipx@3.1.1 want: ^6.1.4
3577 silly placeDep ROOT destr@2.0.5 OK for: ipx@3.1.1 want: ^2.0.5
3578 silly placeDep ROOT h3@1.15.11 OK for: ipx@3.1.1 want: ^1.15.3
3579 silly placeDep ROOT image-meta@0.2.2 OK for: ipx@3.1.1 want: ^0.2.1
3580 silly placeDep ROOT listhen@1.10.1 OK for: ipx@3.1.1 want: ^1.9.0
3581 silly placeDep ROOT ofetch@1.5.1 OK for: ipx@3.1.1 want: ^1.4.1
3582 silly placeDep ROOT pathe@2.0.3 OK for: ipx@3.1.1 want: ^2.0.3
3583 silly placeDep ROOT svgo@4.0.2 OK for: ipx@3.1.1 want: ^4.0.0
3584 silly placeDep ROOT ufo@1.6.4 OK for: ipx@3.1.1 want: ^1.6.1
3585 silly placeDep ROOT unstorage@1.17.5 OK for: ipx@3.1.1 want: ^1.16.1
3586 silly placeDep ROOT xss@1.0.15 OK for: ipx@3.1.1 want: ^1.0.15
3587 silly fetch manifest ufo@^1.6.3
3588 silly packumentCache full:https://registry.npmjs.org/ufo cache-hit
3589 silly fetch manifest radix3@^1.1.2
3590 silly packumentCache full:https://registry.npmjs.org/radix3 cache-miss
3591 silly fetch manifest crossws@^0.3.5
3592 silly packumentCache full:https://registry.npmjs.org/crossws cache-miss
3593 silly fetch manifest uncrypto@^0.1.3
3594 silly packumentCache full:https://registry.npmjs.org/uncrypto cache-miss
3595 silly fetch manifest cookie-es@^1.2.3
3596 silly packumentCache full:https://registry.npmjs.org/cookie-es cache-miss
3597 silly fetch manifest iron-webcrypto@^1.2.1
3598 silly packumentCache full:https://registry.npmjs.org/iron-webcrypto cache-miss
3599 silly fetch manifest node-mock-http@^1.0.4
3600 silly packumentCache full:https://registry.npmjs.org/node-mock-http cache-miss
3601 silly fetch manifest @parcel/watcher-wasm@^2.5.6
3602 silly packumentCache full:https://registry.npmjs.org/@parcel%2fwatcher-wasm cache-miss
3603 silly fetch manifest citty@^0.2.2
3604 silly packumentCache full:https://registry.npmjs.org/citty cache-hit
3605 silly fetch manifest crossws@^0.4.10
3606 silly packumentCache full:https://registry.npmjs.org/crossws cache-miss
3607 silly fetch manifest get-port-please@^3.2.0
3608 silly packumentCache full:https://registry.npmjs.org/get-port-please cache-miss
3609 silly fetch manifest http-shutdown@^1.2.2
3610 silly packumentCache full:https://registry.npmjs.org/http-shutdown cache-miss
3611 silly fetch manifest jiti@^2.7.0
3612 silly packumentCache full:https://registry.npmjs.org/jiti cache-miss
3613 silly fetch manifest node-forge@^1.4.0
3614 silly packumentCache full:https://registry.npmjs.org/node-forge cache-miss
3615 silly fetch manifest std-env@^4.2.0
3616 silly packumentCache full:https://registry.npmjs.org/std-env cache-miss
3617 silly fetch manifest tinyclip@^0.1.15
3618 silly packumentCache full:https://registry.npmjs.org/tinyclip cache-miss
3619 silly fetch manifest ufo@^1.6.4
3620 silly packumentCache full:https://registry.npmjs.org/ufo cache-hit
3621 silly fetch manifest untun@^0.2.2
3622 silly packumentCache full:https://registry.npmjs.org/untun cache-miss
3623 http cache https://registry.npmjs.org/node-mock-http 24ms (cache hit)
3624 silly packumentCache full:https://registry.npmjs.org/node-mock-http set size:28745 disposed:false
3625 silly fetch manifest uqr@^0.1.3
3626 silly packumentCache full:https://registry.npmjs.org/uqr cache-miss
3627 http cache https://registry.npmjs.org/radix3 26ms (cache hit)
3628 silly packumentCache full:https://registry.npmjs.org/radix3 set size:36680 disposed:false
3629 silly fetch manifest node-fetch-native@^1.6.7
3630 silly packumentCache full:https://registry.npmjs.org/node-fetch-native cache-miss
3631 http cache https://registry.npmjs.org/iron-webcrypto 26ms (cache hit)
3632 silly packumentCache full:https://registry.npmjs.org/iron-webcrypto set size:132942 disposed:false
3633 silly fetch manifest sax@^1.5.0
3634 silly packumentCache full:https://registry.npmjs.org/sax cache-miss
3635 http cache https://registry.npmjs.org/@parcel%2fwatcher-wasm 28ms (cache hit)
3636 silly packumentCache full:https://registry.npmjs.org/@parcel%2fwatcher-wasm set size:31369 disposed:false
3637 silly fetch manifest csso@^5.0.5
3638 silly packumentCache full:https://registry.npmjs.org/csso cache-miss
3639 http cache https://registry.npmjs.org/get-port-please 28ms (cache hit)
3640 silly packumentCache full:https://registry.npmjs.org/get-port-please set size:58285 disposed:false
3641 silly fetch manifest css-tree@^3.0.1
3642 silly packumentCache full:https://registry.npmjs.org/css-tree cache-miss
3643 http cache https://registry.npmjs.org/uncrypto 30ms (cache hit)
3644 silly packumentCache full:https://registry.npmjs.org/uncrypto set size:15333 disposed:false
3645 silly fetch manifest css-what@^6.1.0
3646 silly packumentCache full:https://registry.npmjs.org/css-what cache-miss
3647 http cache https://registry.npmjs.org/crossws 30ms (cache hit)
3648 silly packumentCache full:https://registry.npmjs.org/crossws set size:111477 disposed:false
3649 silly fetch manifest commander@^11.1.0
3650 silly packumentCache full:https://registry.npmjs.org/commander cache-hit
3651 silly fetch manifest css-select@^5.1.0
3652 silly packumentCache full:https://registry.npmjs.org/css-select cache-miss
3653 http cache https://registry.npmjs.org/http-shutdown 33ms (cache hit)
3654 silly packumentCache full:https://registry.npmjs.org/http-shutdown set size:17686 disposed:false
3655 silly fetch manifest anymatch@^3.1.3
3656 silly packumentCache full:https://registry.npmjs.org/anymatch cache-miss
3657 http cache https://registry.npmjs.org/cookie-es 35ms (cache hit)
3658 silly packumentCache full:https://registry.npmjs.org/cookie-es set size:30011 disposed:false
3659 silly fetch manifest chokidar@^5.0.0
3660 silly packumentCache full:https://registry.npmjs.org/chokidar cache-hit
3661 silly fetch manifest lru-cache@^11.2.7
3662 silly packumentCache full:https://registry.npmjs.org/lru-cache cache-hit
3663 silly fetch manifest node-fetch-native@^1.6.7
3664 silly packumentCache full:https://registry.npmjs.org/node-fetch-native cache-miss
3665 http cache https://registry.npmjs.org/untun 34ms (cache hit)
3666 silly packumentCache full:https://registry.npmjs.org/untun set size:20868 disposed:false
3667 silly fetch manifest commander@^2.20.3
3668 silly packumentCache full:https://registry.npmjs.org/commander cache-hit
3669 silly fetch manifest cssfilter@0.0.10
3670 silly packumentCache full:https://registry.npmjs.org/cssfilter cache-miss
3671 http cache https://registry.npmjs.org/tinyclip 36ms (cache hit)
3672 silly packumentCache full:https://registry.npmjs.org/tinyclip set size:27184 disposed:false
3673 http cache https://registry.npmjs.org/jiti 39ms (cache hit)
3674 silly packumentCache full:https://registry.npmjs.org/jiti set size:387989 disposed:false
3675 http cache https://registry.npmjs.org/std-env 42ms (cache hit)
3676 silly packumentCache full:https://registry.npmjs.org/std-env set size:90491 disposed:false
3677 http cache https://registry.npmjs.org/node-forge 45ms (cache hit)
3678 silly packumentCache full:https://registry.npmjs.org/node-forge set size:394631 disposed:false
3679 http cache https://registry.npmjs.org/crossws 48ms (cache hit)
3680 silly packumentCache full:https://registry.npmjs.org/crossws set size:111477 disposed:false
3681 silly packumentCache full:https://registry.npmjs.org/crossws dispose
3682 http cache https://registry.npmjs.org/css-tree 48ms (cache hit)
3683 silly packumentCache full:https://registry.npmjs.org/css-tree set size:229638 disposed:false
3684 http cache https://registry.npmjs.org/node-fetch-native 55ms (cache hit)
3685 silly packumentCache full:https://registry.npmjs.org/node-fetch-native set size:114626 disposed:false
3686 http cache https://registry.npmjs.org/uqr 58ms (cache hit)
3687 silly packumentCache full:https://registry.npmjs.org/uqr set size:23560 disposed:false
3688 http cache https://registry.npmjs.org/sax 55ms (cache hit)
3689 silly packumentCache full:https://registry.npmjs.org/sax set size:92982 disposed:false
3690 http cache https://registry.npmjs.org/css-select 50ms (cache hit)
3691 silly packumentCache full:https://registry.npmjs.org/css-select set size:111202 disposed:false
3692 http cache https://registry.npmjs.org/node-fetch-native 48ms (cache hit)
3693 silly packumentCache full:https://registry.npmjs.org/node-fetch-native set size:114626 disposed:false
3694 silly packumentCache full:https://registry.npmjs.org/node-fetch-native dispose
3695 http cache https://registry.npmjs.org/cssfilter 47ms (cache hit)
3696 silly packumentCache full:https://registry.npmjs.org/cssfilter set size:25963 disposed:false
3697 http cache https://registry.npmjs.org/csso 58ms (cache hit)
3698 silly packumentCache full:https://registry.npmjs.org/csso set size:202215 disposed:false
3699 http cache https://registry.npmjs.org/css-what 57ms (cache hit)
3700 silly packumentCache full:https://registry.npmjs.org/css-what set size:81721 disposed:false
3701 http cache https://registry.npmjs.org/anymatch 54ms (cache hit)
3702 silly packumentCache full:https://registry.npmjs.org/anymatch set size:42974 disposed:false
3703 silly placeDep ROOT cookie-es@1.2.3 OK for: h3@1.15.11 want: ^1.2.3
3704 silly placeDep ROOT crossws@0.3.5 OK for: h3@1.15.11 want: ^0.3.5
3705 silly placeDep ROOT iron-webcrypto@1.2.1 OK for: h3@1.15.11 want: ^1.2.1
3706 silly placeDep ROOT node-mock-http@1.0.5 OK for: h3@1.15.11 want: ^1.0.4
3707 silly placeDep ROOT radix3@1.1.2 OK for: h3@1.15.11 want: ^1.1.2
3708 silly placeDep ROOT uncrypto@0.1.3 OK for: h3@1.15.11 want: ^0.1.3
3709 silly placeDep ROOT is-extglob@2.1.1 OK for: is-glob@4.0.3 want: ^2.1.1
3710 silly placeDep ROOT is-inside-container@1.0.0 OK for: is-wsl@3.1.1 want: ^1.0.0
3711 silly fetch manifest is-docker@^3.0.0
3712 silly packumentCache full:https://registry.npmjs.org/is-docker cache-hit
3713 silly placeDep node_modules/is-inside-container is-docker@3.0.0 OK for: is-inside-container@1.0.0 want: ^3.0.0
3714 silly placeDep ROOT jpeg-js@0.4.4 OK for: js-image-generator@1.0.4 want: ^0.4.2
3715 silly placeDep ROOT mimic-fn@4.0.0 OK for: keep-func-props@6.0.0 want: ^4.0.0
3716 silly placeDep node_modules/lambda-local commander@10.0.1 OK for: lambda-local@2.2.0 want: ^10.0.1
3717 silly placeDep node_modules/lambda-local dotenv@16.6.1 OK for: lambda-local@2.2.0 want: ^16.3.1
3718 silly placeDep ROOT winston@3.19.0 OK for: lambda-local@2.2.0 want: ^3.10.0
3719 silly fetch manifest logform@^2.7.0
3720 silly packumentCache full:https://registry.npmjs.org/logform cache-miss
3721 silly fetch manifest one-time@^1.0.0
3722 silly packumentCache full:https://registry.npmjs.org/one-time cache-miss
3723 silly fetch manifest stack-trace@0.0.x
3724 silly packumentCache full:https://registry.npmjs.org/stack-trace cache-miss
3725 silly fetch manifest triple-beam@^1.3.0
3726 silly packumentCache full:https://registry.npmjs.org/triple-beam cache-miss
3727 silly fetch manifest @colors/colors@^1.6.0
3728 silly packumentCache full:https://registry.npmjs.org/@colors%2fcolors cache-miss
3729 silly fetch manifest @dabh/diagnostics@^2.0.8
3730 silly packumentCache full:https://registry.npmjs.org/@dabh%2fdiagnostics cache-miss
3731 silly fetch manifest winston-transport@^4.9.0
3732 silly packumentCache full:https://registry.npmjs.org/winston-transport cache-miss
3733 http cache https://registry.npmjs.org/@colors%2fcolors 8ms (cache hit)
3734 silly packumentCache full:https://registry.npmjs.org/@colors%2fcolors set size:12042 disposed:false
3735 http cache https://registry.npmjs.org/one-time 9ms (cache hit)
3736 silly packumentCache full:https://registry.npmjs.org/one-time set size:12254 disposed:false
3737 http cache https://registry.npmjs.org/logform 9ms (cache hit)
3738 silly packumentCache full:https://registry.npmjs.org/logform set size:101534 disposed:false
3739 http cache https://registry.npmjs.org/stack-trace 11ms (cache hit)
3740 silly packumentCache full:https://registry.npmjs.org/stack-trace set size:26231 disposed:false
3741 http cache https://registry.npmjs.org/triple-beam 12ms (cache hit)
3742 silly packumentCache full:https://registry.npmjs.org/triple-beam set size:15133 disposed:false
3743 http cache https://registry.npmjs.org/@dabh%2fdiagnostics 12ms (cache hit)
3744 silly packumentCache full:https://registry.npmjs.org/@dabh%2fdiagnostics set size:34310 disposed:false
3745 http cache https://registry.npmjs.org/winston-transport 12ms (cache hit)
3746 silly packumentCache full:https://registry.npmjs.org/winston-transport set size:60135 disposed:false
3747 silly placeDep node_modules/lazystream readable-stream@2.3.8 OK for: lazystream@1.0.1 want: ^2.0.5
3748 silly placeDep node_modules/light-my-request process-warning@4.0.1 OK for: light-my-request@6.6.0 want: ^4.0.0
3749 silly placeDep ROOT set-cookie-parser@2.7.2 OK for: light-my-request@6.6.0 want: ^2.6.0
3750 silly fetch manifest srvx@>=0.11.5
3751 silly packumentCache full:https://registry.npmjs.org/srvx cache-miss
3752 http cache https://registry.npmjs.org/srvx 4ms (cache hit)
3753 silly packumentCache full:https://registry.npmjs.org/srvx set size:294253 disposed:false
3754 silly placeDep ROOT @parcel/watcher-wasm@2.6.0 OK for: listhen@1.10.1 want: ^2.5.6
3755 silly placeDep node_modules/listhen citty@0.2.2 OK for: listhen@1.10.1 want: ^0.2.2
3756 silly placeDep node_modules/listhen crossws@0.4.10 OK for: listhen@1.10.1 want: ^0.4.10
3757 silly placeDep ROOT get-port-please@3.2.0 OK for: listhen@1.10.1 want: ^3.2.0
3758 silly placeDep ROOT http-shutdown@1.2.2 OK for: listhen@1.10.1 want: ^1.2.2
3759 silly placeDep ROOT jiti@2.7.0 OK for: listhen@1.10.1 want: ^2.7.0
3760 silly placeDep ROOT node-forge@1.4.0 OK for: listhen@1.10.1 want: ^1.4.0
3761 silly placeDep ROOT std-env@4.2.0 OK for: listhen@1.10.1 want: ^4.2.0
3762 silly placeDep ROOT tinyclip@0.1.15 OK for: listhen@1.10.1 want: ^0.1.15
3763 silly placeDep ROOT untun@0.2.2 OK for: listhen@1.10.1 want: ^0.2.2
3764 silly placeDep ROOT uqr@0.1.3 OK for: listhen@1.10.1 want: ^0.1.3
3765 silly placeDep ROOT is-error-instance@2.0.0 OK for: log-process-errors@11.0.1 want: ^2.0.0
3766 silly placeDep ROOT normalize-exception@3.0.0 OK for: log-process-errors@11.0.1 want: ^3.0.0
3767 silly placeDep ROOT set-error-message@2.0.1 OK for: log-process-errors@11.0.1 want: ^2.0.1
3768 silly placeDep node_modules/log-update cli-cursor@5.0.0 OK for: log-update@7.2.0 want: ^5.0.0
3769 silly placeDep ROOT slice-ansi@8.0.0 OK for: log-update@7.2.0 want: ^8.0.0
3770 silly placeDep node_modules/log-update strip-ansi@7.2.0 OK for: log-update@7.2.0 want: ^7.2.0
3771 silly placeDep node_modules/log-update wrap-ansi@10.0.0 OK for: log-update@7.2.0 want: ^10.0.0
3772 silly fetch manifest restore-cursor@^5.0.0
3773 silly packumentCache full:https://registry.npmjs.org/restore-cursor cache-hit
3774 silly fetch manifest ansi-styles@^6.2.3
3775 silly packumentCache full:https://registry.npmjs.org/ansi-styles cache-hit
3776 silly fetch manifest is-fullwidth-code-point@^5.1.0
3777 silly packumentCache full:https://registry.npmjs.org/is-fullwidth-code-point cache-miss
3778 silly fetch manifest ansi-regex@^6.2.2
3779 silly packumentCache full:https://registry.npmjs.org/ansi-regex cache-miss
3780 silly fetch manifest ansi-styles@^6.2.3
3781 silly packumentCache full:https://registry.npmjs.org/ansi-styles cache-hit
3782 silly fetch manifest string-width@^8.2.0
3783 silly packumentCache full:https://registry.npmjs.org/string-width cache-hit
3784 http cache https://registry.npmjs.org/ansi-regex 5ms (cache hit)
3785 silly packumentCache full:https://registry.npmjs.org/ansi-regex set size:48203 disposed:false
3786 http cache https://registry.npmjs.org/is-fullwidth-code-point 6ms (cache hit)
3787 silly packumentCache full:https://registry.npmjs.org/is-fullwidth-code-point set size:14578 disposed:false
3788 silly placeDep node_modules/maxstache-stream pump@1.0.3 OK for: maxstache-stream@1.0.4 want: ^1.0.0
3789 silly placeDep ROOT split2@1.1.1 OK for: maxstache-stream@1.0.4 want: ^1.0.0
3790 silly placeDep ROOT through2@2.0.5 OK for: maxstache-stream@1.0.4 want: ^2.0.0
3791 silly fetch manifest through2@~2.0.0
3792 silly packumentCache full:https://registry.npmjs.org/through2 cache-hit
3793 silly fetch manifest xtend@~4.0.1
3794 silly packumentCache full:https://registry.npmjs.org/xtend cache-miss
3795 silly fetch manifest readable-stream@~2.3.6
3796 silly packumentCache full:https://registry.npmjs.org/readable-stream cache-hit
3797 http cache https://registry.npmjs.org/xtend 3ms (cache hit)
3798 silly packumentCache full:https://registry.npmjs.org/xtend set size:28314 disposed:false
3799 silly placeDep node_modules/merge-options is-plain-obj@2.1.0 OK for: merge-options@3.0.4 want: ^2.1.0
3800 silly placeDep ROOT fast-equals@5.4.1 OK for: micro-memoize@5.1.2 want: ^5.4.0
3801 silly placeDep ROOT fast-stringify@4.0.1 OK for: micro-memoize@5.1.2 want: ^4.0.0
3802 silly placeDep ROOT braces@3.0.3 OK for: micromatch@4.0.8 want: ^3.0.3
3803 silly placeDep node_modules/micromatch picomatch@2.3.2 OK for: micromatch@4.0.8 want: ^2.3.1
3804 silly fetch manifest fill-range@^7.1.1
3805 silly packumentCache full:https://registry.npmjs.org/fill-range cache-miss
3806 http cache https://registry.npmjs.org/fill-range 3ms (cache hit)
3807 silly packumentCache full:https://registry.npmjs.org/fill-range set size:90162 disposed:false
3808 silly placeDep ROOT fill-range@7.1.1 OK for: braces@3.0.3 want: ^7.1.1
3809 silly fetch manifest to-regex-range@^5.0.1
3810 silly packumentCache full:https://registry.npmjs.org/to-regex-range cache-miss
3811 http cache https://registry.npmjs.org/to-regex-range 3ms (cache hit)
3812 silly packumentCache full:https://registry.npmjs.org/to-regex-range set size:61569 disposed:false
3813 silly placeDep ROOT to-regex-range@5.0.1 OK for: fill-range@7.1.1 want: ^5.0.1
3814 silly fetch manifest is-number@^7.0.0
3815 silly packumentCache full:https://registry.npmjs.org/is-number cache-miss
3816 http cache https://registry.npmjs.org/is-number 3ms (cache hit)
3817 silly packumentCache full:https://registry.npmjs.org/is-number set size:36183 disposed:false
3818 silly placeDep ROOT brace-expansion@5.0.9 OK for: minimatch@10.2.6 want: ^5.0.8
3819 silly fetch manifest balanced-match@^4.0.2
3820 silly packumentCache full:https://registry.npmjs.org/balanced-match cache-miss
3821 http cache https://registry.npmjs.org/balanced-match 3ms (cache hit)
3822 silly packumentCache full:https://registry.npmjs.org/balanced-match set size:39082 disposed:false
3823 silly placeDep ROOT balanced-match@4.0.4 OK for: brace-expansion@5.0.9 want: ^4.0.2
3824 silly placeDep node_modules/multiparty http-errors@2.0.0 OK for: multiparty@4.3.0 want: 2.0.0
3825 silly placeDep ROOT uid-safe@2.1.5 OK for: multiparty@4.3.0 want: 2.1.5
3826 silly fetch manifest statuses@2.0.1
3827 silly packumentCache full:https://registry.npmjs.org/statuses cache-hit
3828 silly fetch manifest random-bytes@~1.0.0
3829 silly packumentCache full:https://registry.npmjs.org/random-bytes cache-miss
3830 http cache https://registry.npmjs.org/random-bytes 2ms (cache hit)
3831 silly packumentCache full:https://registry.npmjs.org/random-bytes set size:4798 disposed:false
3832 silly placeDep ROOT abbrev@3.0.1 OK for: nopt@8.1.0 want: ^3.0.0
3833 silly placeDep ROOT hosted-git-info@8.1.0 OK for: normalize-package-data@7.0.1 want: ^8.0.0
3834 silly placeDep ROOT validate-npm-package-license@3.0.4 OK for: normalize-package-data@7.0.1 want: ^3.0.4
3835 silly fetch manifest lru-cache@^10.0.1
3836 silly packumentCache full:https://registry.npmjs.org/lru-cache cache-hit
3837 silly fetch manifest spdx-correct@^3.0.0
3838 silly packumentCache full:https://registry.npmjs.org/spdx-correct cache-miss
3839 silly fetch manifest spdx-expression-parse@^3.0.0
3840 silly packumentCache full:https://registry.npmjs.org/spdx-expression-parse cache-miss
3841 http cache https://registry.npmjs.org/spdx-expression-parse 4ms (cache hit)
3842 silly packumentCache full:https://registry.npmjs.org/spdx-expression-parse set size:31758 disposed:false
3843 http cache https://registry.npmjs.org/spdx-correct 5ms (cache hit)
3844 silly packumentCache full:https://registry.npmjs.org/spdx-correct set size:38642 disposed:false
3845 silly placeDep node_modules/hosted-git-info lru-cache@10.4.3 OK for: hosted-git-info@8.1.0 want: ^10.0.1
3846 silly placeDep ROOT node-fetch-native@1.6.7 OK for: ofetch@1.5.1 want: ^1.6.7
3847 silly placeDep ROOT ee-first@1.1.1 OK for: on-finished@2.4.1 want: 1.1.1
3848 silly placeDep node_modules/onetime mimic-fn@2.1.0 OK for: onetime@5.1.2 want: ^2.1.0
3849 silly placeDep ROOT default-browser@5.5.0 OK for: open@11.0.1 want: ^5.4.0
3850 silly placeDep ROOT define-lazy-prop@3.0.0 OK for: open@11.0.1 want: ^3.0.0
3851 silly placeDep ROOT is-in-ssh@1.0.0 OK for: open@11.0.1 want: ^1.0.0
3852 silly placeDep ROOT powershell-utils@0.2.0 OK for: open@11.0.1 want: ^0.2.0
3853 silly placeDep ROOT wsl-utils@1.0.0 OK for: open@11.0.1 want: ^1.0.0
3854 silly fetch manifest bundle-name@^4.1.0
3855 silly packumentCache full:https://registry.npmjs.org/bundle-name cache-miss
3856 silly fetch manifest default-browser-id@^5.0.0
3857 silly packumentCache full:https://registry.npmjs.org/default-browser-id cache-miss
3858 silly fetch manifest powershell-utils@^0.1.0
3859 silly packumentCache full:https://registry.npmjs.org/powershell-utils cache-hit
3860 http cache https://registry.npmjs.org/default-browser-id 5ms (cache hit)
3861 silly packumentCache full:https://registry.npmjs.org/default-browser-id set size:24398 disposed:false
3862 http cache https://registry.npmjs.org/bundle-name 6ms (cache hit)
3863 silly packumentCache full:https://registry.npmjs.org/bundle-name set size:17344 disposed:false
3864 silly placeDep ROOT bundle-name@4.1.0 OK for: default-browser@5.5.0 want: ^4.1.0
3865 silly placeDep ROOT default-browser-id@5.0.1 OK for: default-browser@5.5.0 want: ^5.0.0
3866 silly fetch manifest run-applescript@^7.0.0
3867 silly packumentCache full:https://registry.npmjs.org/run-applescript cache-miss
3868 http cache https://registry.npmjs.org/run-applescript 3ms (cache hit)
3869 silly packumentCache full:https://registry.npmjs.org/run-applescript set size:27897 disposed:false
3870 silly placeDep ROOT run-applescript@7.1.0 OK for: bundle-name@4.1.0 want: ^7.0.0
3871 silly placeDep ROOT bl@4.1.0 OK for: ora@5.4.1 want: ^4.1.0
3872 silly placeDep node_modules/ora chalk@4.1.2 OK for: ora@5.4.1 want: ^4.1.0
3873 silly placeDep ROOT cli-spinners@2.9.2 OK for: ora@5.4.1 want: ^2.5.0
3874 silly placeDep ROOT is-interactive@1.0.0 OK for: ora@5.4.1 want: ^1.0.0
3875 silly placeDep node_modules/ora is-unicode-supported@0.1.0 OK for: ora@5.4.1 want: ^0.1.0
3876 silly placeDep ROOT log-symbols@4.1.0 OK for: ora@5.4.1 want: ^4.1.0
3877 silly placeDep ROOT wcwidth@1.0.1 OK for: ora@5.4.1 want: ^1.0.1
3878 silly fetch manifest buffer@^5.5.0
3879 silly packumentCache full:https://registry.npmjs.org/buffer cache-hit
3880 silly fetch manifest defaults@^1.0.3
3881 silly packumentCache full:https://registry.npmjs.org/defaults cache-miss
3882 http cache https://registry.npmjs.org/defaults 5ms (cache hit)
3883 silly packumentCache full:https://registry.npmjs.org/defaults set size:18134 disposed:false
3884 silly placeDep ROOT buffer@5.7.1 OK for: bl@4.1.0 want: ^5.5.0
3885 silly fetch manifest ieee754@^1.1.13
3886 silly packumentCache full:https://registry.npmjs.org/ieee754 cache-miss
3887 http cache https://registry.npmjs.org/ieee754 3ms (cache hit)
3888 silly packumentCache full:https://registry.npmjs.org/ieee754 set size:34910 disposed:false
3889 silly placeDep ROOT ieee754@1.2.1 OK for: buffer@5.7.1 want: ^1.1.13
3890 silly placeDep node_modules/log-symbols chalk@4.1.2 OK for: log-symbols@4.1.0 want: ^4.1.0
3891 silly placeDep node_modules/log-symbols is-unicode-supported@0.1.0 OK for: log-symbols@4.1.0 want: ^0.1.0
3892 silly placeDep ROOT macos-release@3.5.1 OK for: os-name@6.1.0 want: ^3.3.0
3893 silly placeDep ROOT windows-release@6.1.0 OK for: os-name@6.1.0 want: ^6.1.0
3894 silly fetch manifest execa@^8.0.1
3895 silly packumentCache full:https://registry.npmjs.org/execa cache-hit
3896 silly placeDep ROOT p-timeout@6.1.4 OK for: p-event@6.0.1 want: ^6.1.2
3897 silly placeDep node_modules/p-locate p-limit@4.0.0 OK for: p-locate@6.0.0 want: ^4.0.0
3898 silly fetch manifest yocto-queue@^1.0.0
3899 silly packumentCache full:https://registry.npmjs.org/yocto-queue cache-miss
3900 http cache https://registry.npmjs.org/yocto-queue 4ms (cache hit)
3901 silly packumentCache full:https://registry.npmjs.org/yocto-queue set size:20256 disposed:false
3902 silly placeDep ROOT @types/retry@0.12.2 OK for: p-retry@6.2.1 want: 0.12.2
3903 silly placeDep ROOT is-network-error@1.3.2 OK for: p-retry@6.2.1 want: ^1.0.0
3904 silly placeDep ROOT find-up-simple@1.0.1 OK for: package-directory@8.2.0 want: ^1.0.0
3905 silly placeDep ROOT cyclist@1.0.2 OK for: parallel-transform@1.2.0 want: ^1.0.1
3906 silly placeDep node_modules/parallel-transform readable-stream@2.3.8 OK for: parallel-transform@1.2.0 want: ^2.1.5
3907 silly placeDep ROOT slashes@3.0.12 OK for: parse-imports@2.2.1 want: ^3.0.12
3908 silly placeDep node_modules/path-scurry lru-cache@11.5.2 OK for: path-scurry@2.0.2 want: ^11.0.0
3909 silly fetch manifest pg@>=8.0
3910 silly packumentCache full:https://registry.npmjs.org/pg cache-hit
3911 silly placeDep ROOT pg-cloudflare@1.4.0 OK for: pg@8.23.0 want: ^1.4.0
3912 silly placeDep ROOT pg-connection-string@2.14.0 OK for: pg@8.23.0 want: ^2.14.0
3913 silly placeDep ROOT pg-pool@3.14.0 OK for: pg@8.23.0 want: ^3.14.0
3914 silly placeDep ROOT pg-protocol@1.16.0 OK for: pg@8.23.0 want: ^1.16.0
3915 silly placeDep ROOT pg-types@2.2.0 OK for: pg@8.23.0 want: 2.2.0
3916 silly placeDep ROOT pgpass@1.0.5 OK for: pg@8.23.0 want: 1.0.5
3917 silly fetch manifest pg-int8@1.0.1
3918 silly packumentCache full:https://registry.npmjs.org/pg-int8 cache-miss
3919 silly fetch manifest postgres-date@~1.0.4
3920 silly packumentCache full:https://registry.npmjs.org/postgres-date cache-miss
3921 silly fetch manifest postgres-array@~2.0.0
3922 silly packumentCache full:https://registry.npmjs.org/postgres-array cache-miss
3923 silly fetch manifest postgres-bytea@~1.0.0
3924 silly packumentCache full:https://registry.npmjs.org/postgres-bytea cache-miss
3925 silly fetch manifest postgres-interval@^1.1.0
3926 silly packumentCache full:https://registry.npmjs.org/postgres-interval cache-miss
3927 silly fetch manifest split2@^4.1.0
3928 silly packumentCache full:https://registry.npmjs.org/split2 cache-hit
3929 http cache https://registry.npmjs.org/pg-int8 8ms (cache hit)
3930 silly packumentCache full:https://registry.npmjs.org/pg-int8 set size:3652 disposed:false
3931 http cache https://registry.npmjs.org/postgres-date 8ms (cache hit)
3932 silly packumentCache full:https://registry.npmjs.org/postgres-date set size:27126 disposed:false
3933 http cache https://registry.npmjs.org/postgres-interval 8ms (cache hit)
3934 silly packumentCache full:https://registry.npmjs.org/postgres-interval set size:33033 disposed:false
3935 http cache https://registry.npmjs.org/postgres-array 9ms (cache hit)
3936 silly packumentCache full:https://registry.npmjs.org/postgres-array set size:21967 disposed:false
3937 http cache https://registry.npmjs.org/postgres-bytea 9ms (cache hit)
3938 silly packumentCache full:https://registry.npmjs.org/postgres-bytea set size:8854 disposed:false
3939 silly placeDep ROOT pg-int8@1.0.1 OK for: pg-types@2.2.0 want: 1.0.1
3940 silly placeDep ROOT postgres-array@2.0.0 OK for: pg-types@2.2.0 want: ~2.0.0
3941 silly placeDep ROOT postgres-bytea@1.0.1 OK for: pg-types@2.2.0 want: ~1.0.0
3942 silly placeDep ROOT postgres-date@1.0.7 OK for: pg-types@2.2.0 want: ~1.0.4
3943 silly placeDep ROOT postgres-interval@1.2.0 OK for: pg-types@2.2.0 want: ^1.1.0
3944 silly fetch manifest xtend@^4.0.0
3945 silly packumentCache full:https://registry.npmjs.org/xtend cache-hit
3946 silly placeDep node_modules/pgpass split2@4.2.0 OK for: pgpass@1.0.5 want: ^4.1.0
3947 silly placeDep ROOT @pinojs/redact@0.4.0 OK for: pino@10.3.1 want: ^0.4.0
3948 silly placeDep ROOT atomic-sleep@1.0.0 OK for: pino@10.3.1 want: ^1.0.0
3949 silly placeDep ROOT on-exit-leak-free@2.1.2 OK for: pino@10.3.1 want: ^2.1.0
3950 silly placeDep ROOT pino-abstract-transport@3.0.0 OK for: pino@10.3.1 want: ^3.0.0
3951 silly placeDep ROOT pino-std-serializers@7.1.0 OK for: pino@10.3.1 want: ^7.0.0
3952 silly placeDep ROOT quick-format-unescaped@4.0.4 OK for: pino@10.3.1 want: ^4.0.3
3953 silly placeDep ROOT real-require@0.2.0 OK for: pino@10.3.1 want: ^0.2.0
3954 silly placeDep ROOT safe-stable-stringify@2.5.0 OK for: pino@10.3.1 want: ^2.3.1
3955 silly placeDep ROOT sonic-boom@4.2.1 OK for: pino@10.3.1 want: ^4.0.1
3956 silly placeDep ROOT thread-stream@4.2.0 OK for: pino@10.3.1 want: ^4.0.0
3957 silly fetch manifest split2@^4.0.0
3958 silly packumentCache full:https://registry.npmjs.org/split2 cache-hit
3959 silly fetch manifest real-require@^1.0.0
3960 silly packumentCache full:https://registry.npmjs.org/real-require cache-hit
3961 silly placeDep node_modules/pino-abstract-transport split2@4.2.0 OK for: pino-abstract-transport@3.0.0 want: ^4.0.0
3962 silly placeDep ROOT xtend@4.0.2 OK for: postgres-interval@1.2.0 want: ^4.0.0
3963 silly fetch manifest typescript@^5.9.3
3964 silly packumentCache full:https://registry.npmjs.org/typescript cache-miss
3965 http cache https://registry.npmjs.org/typescript 28ms (cache hit)
3966 silly packumentCache full:https://registry.npmjs.org/typescript set size:15555816 disposed:false
3967 silly placeDep ROOT @dependents/detective-less@5.0.3 OK for: precinct@12.3.2 want: ^5.0.3
3968 silly placeDep ROOT detective-amd@6.1.0 OK for: precinct@12.3.2 want: ^6.1.0
3969 silly placeDep ROOT detective-cjs@6.1.1 OK for: precinct@12.3.2 want: ^6.1.1
3970 silly placeDep ROOT detective-es6@5.0.2 OK for: precinct@12.3.2 want: ^5.0.2
3971 silly placeDep node_modules/precinct detective-postcss@8.0.4 OK for: precinct@12.3.2 want: ^8.0.3
3972 silly placeDep node_modules/precinct postcss@8.5.26 OK for: detective-postcss@8.0.4 want: ^8.4.47
3973 silly placeDep ROOT detective-sass@6.0.2 OK for: precinct@12.3.2 want: ^6.0.2
3974 silly placeDep ROOT detective-scss@5.0.2 OK for: precinct@12.3.2 want: ^5.0.2
3975 silly placeDep ROOT detective-stylus@5.0.1 OK for: precinct@12.3.2 want: ^5.0.1
3976 silly placeDep ROOT detective-typescript@14.1.2 OK for: precinct@12.3.2 want: ^14.1.2
3977 silly placeDep ROOT detective-vue2@2.3.0 OK for: precinct@12.3.2 want: ^2.3.0
3978 silly placeDep ROOT module-definition@6.0.2 OK for: precinct@12.3.2 want: ^6.0.2
3979 silly placeDep ROOT node-source-walk@7.0.2 OK for: precinct@12.3.2 want: ^7.0.2
3980 silly fetch manifest gonzales-pe@^4.3.0
3981 silly packumentCache full:https://registry.npmjs.org/gonzales-pe cache-miss
3982 silly fetch manifest node-source-walk@^7.0.1
3983 silly packumentCache full:https://registry.npmjs.org/node-source-walk cache-hit
3984 silly fetch manifest escodegen@^2.1.0
3985 silly packumentCache full:https://registry.npmjs.org/escodegen cache-miss
3986 silly fetch manifest ast-module-types@^6.0.1
3987 silly packumentCache full:https://registry.npmjs.org/ast-module-types cache-miss
3988 silly fetch manifest node-source-walk@^7.0.1
3989 silly packumentCache full:https://registry.npmjs.org/node-source-walk cache-hit
3990 silly fetch manifest get-amd-module-type@^6.0.2
3991 silly packumentCache full:https://registry.npmjs.org/get-amd-module-type cache-miss
3992 silly fetch manifest ast-module-types@^6.0.1
3993 silly packumentCache full:https://registry.npmjs.org/ast-module-types cache-miss
3994 silly fetch manifest node-source-walk@^7.0.1
3995 silly packumentCache full:https://registry.npmjs.org/node-source-walk cache-hit
3996 silly fetch manifest node-source-walk@^7.0.1
3997 silly packumentCache full:https://registry.npmjs.org/node-source-walk cache-hit
3998 silly fetch manifest is-url-superb@^4.0.0
3999 silly packumentCache full:https://registry.npmjs.org/is-url-superb cache-miss
4000 silly fetch manifest postcss-values-parser@^6.0.2
4001 silly packumentCache full:https://registry.npmjs.org/postcss-values-parser cache-miss
4002 silly fetch manifest gonzales-pe@^4.3.0
4003 silly packumentCache full:https://registry.npmjs.org/gonzales-pe cache-miss
4004 silly fetch manifest node-source-walk@^7.0.1
4005 silly packumentCache full:https://registry.npmjs.org/node-source-walk cache-hit
4006 silly fetch manifest gonzales-pe@^4.3.0
4007 silly packumentCache full:https://registry.npmjs.org/gonzales-pe cache-miss
4008 silly fetch manifest node-source-walk@^7.0.1
4009 silly packumentCache full:https://registry.npmjs.org/node-source-walk cache-hit
4010 silly fetch manifest ast-module-types@^6.0.1
4011 silly packumentCache full:https://registry.npmjs.org/ast-module-types cache-miss
4012 silly fetch manifest @typescript-eslint/typescript-estree@^8.58.2
4013 silly packumentCache full:https://registry.npmjs.org/@typescript-eslint%2ftypescript-estree cache-miss
4014 silly fetch manifest @vue/compiler-sfc@^3.5.32
4015 silly packumentCache full:https://registry.npmjs.org/@vue%2fcompiler-sfc cache-miss
4016 silly fetch manifest ast-module-types@^6.0.1
4017 silly packumentCache full:https://registry.npmjs.org/ast-module-types cache-miss
4018 http cache https://registry.npmjs.org/get-amd-module-type 48ms (cache hit)
4019 silly packumentCache full:https://registry.npmjs.org/get-amd-module-type set size:42389 disposed:false
4020 http cache https://registry.npmjs.org/escodegen 51ms (cache hit)
4021 silly packumentCache full:https://registry.npmjs.org/escodegen set size:119723 disposed:false
4022 http cache https://registry.npmjs.org/gonzales-pe 50ms (cache hit)
4023 silly packumentCache full:https://registry.npmjs.org/gonzales-pe set size:140574 disposed:false
4024 http cache https://registry.npmjs.org/gonzales-pe 54ms (cache hit)
4025 silly packumentCache full:https://registry.npmjs.org/gonzales-pe set size:140574 disposed:false
4026 silly packumentCache full:https://registry.npmjs.org/gonzales-pe dispose
4027 http cache https://registry.npmjs.org/ast-module-types 55ms (cache hit)
4028 silly packumentCache full:https://registry.npmjs.org/ast-module-types set size:54404 disposed:false
4029 http cache https://registry.npmjs.org/ast-module-types 56ms (cache hit)
4030 silly packumentCache full:https://registry.npmjs.org/ast-module-types set size:54404 disposed:false
4031 silly packumentCache full:https://registry.npmjs.org/ast-module-types dispose
4032 http cache https://registry.npmjs.org/gonzales-pe 57ms (cache hit)
4033 silly packumentCache full:https://registry.npmjs.org/gonzales-pe set size:140574 disposed:true
4034 silly packumentCache full:https://registry.npmjs.org/gonzales-pe dispose
4035 http cache https://registry.npmjs.org/ast-module-types 59ms (cache hit)
4036 silly packumentCache full:https://registry.npmjs.org/ast-module-types set size:54404 disposed:true
4037 silly packumentCache full:https://registry.npmjs.org/ast-module-types dispose
4038 http cache https://registry.npmjs.org/@typescript-eslint%2ftypescript-estree 88ms (cache hit)
4039 silly packumentCache full:https://registry.npmjs.org/@typescript-eslint%2ftypescript-estree set size:16907556 disposed:false
4040 http cache https://registry.npmjs.org/ast-module-types 159ms (cache hit)
4041 silly packumentCache full:https://registry.npmjs.org/ast-module-types set size:54404 disposed:true
4042 silly packumentCache full:https://registry.npmjs.org/ast-module-types dispose
4043 http cache https://registry.npmjs.org/is-url-superb 163ms (cache hit)
4044 silly packumentCache full:https://registry.npmjs.org/is-url-superb set size:18897 disposed:false
4045 http cache https://registry.npmjs.org/postcss-values-parser 172ms (cache hit)
4046 silly packumentCache full:https://registry.npmjs.org/postcss-values-parser set size:126633 disposed:false
4047 http cache https://registry.npmjs.org/@vue%2fcompiler-sfc 172ms (cache hit)
4048 silly packumentCache full:https://registry.npmjs.org/@vue%2fcompiler-sfc set size:1014737 disposed:false
4049 silly placeDep ROOT gonzales-pe@4.3.0 OK for: @dependents/detective-less@5.0.3 want: ^4.3.0
4050 silly placeDep ROOT ast-module-types@6.0.2 OK for: detective-amd@6.1.0 want: ^6.0.1
4051 silly placeDep ROOT escodegen@2.1.0 OK for: detective-amd@6.1.0 want: ^2.1.0
4052 silly placeDep ROOT get-amd-module-type@6.0.2 OK for: detective-amd@6.1.0 want: ^6.0.2
4053 silly fetch manifest estraverse@^5.2.0
4054 silly packumentCache full:https://registry.npmjs.org/estraverse cache-miss
4055 silly fetch manifest esutils@^2.0.2
4056 silly packumentCache full:https://registry.npmjs.org/esutils cache-miss
4057 silly fetch manifest source-map@~0.6.1
4058 silly packumentCache full:https://registry.npmjs.org/source-map cache-hit
4059 http cache https://registry.npmjs.org/estraverse 4ms (cache hit)
4060 silly packumentCache full:https://registry.npmjs.org/estraverse set size:62412 disposed:false
4061 http cache https://registry.npmjs.org/esutils 4ms (cache hit)
4062 silly packumentCache full:https://registry.npmjs.org/esutils set size:29522 disposed:false
4063 silly fetch manifest typescript@^5.4.4 || ^6.0.2
4064 silly packumentCache full:https://registry.npmjs.org/typescript cache-miss
4065 http cache https://registry.npmjs.org/typescript 23ms (cache hit)
4066 silly packumentCache full:https://registry.npmjs.org/typescript set size:15555816 disposed:false
4067 silly placeDep ROOT @typescript-eslint/typescript-estree@8.67.0 OK for: detective-typescript@14.1.2 want: ^8.58.2
4068 silly fetch manifest tinyglobby@^0.2.15
4069 silly packumentCache full:https://registry.npmjs.org/tinyglobby cache-miss
4070 silly fetch manifest ts-api-utils@^2.5.0
4071 silly packumentCache full:https://registry.npmjs.org/ts-api-utils cache-miss
4072 silly fetch manifest @typescript-eslint/types@8.67.0
4073 silly packumentCache full:https://registry.npmjs.org/@typescript-eslint%2ftypes cache-miss
4074 silly fetch manifest @typescript-eslint/visitor-keys@8.67.0
4075 silly packumentCache full:https://registry.npmjs.org/@typescript-eslint%2fvisitor-keys cache-miss
4076 silly fetch manifest @typescript-eslint/tsconfig-utils@8.67.0
4077 silly packumentCache full:https://registry.npmjs.org/@typescript-eslint%2ftsconfig-utils cache-miss
4078 silly fetch manifest @typescript-eslint/project-service@8.67.0
4079 silly packumentCache full:https://registry.npmjs.org/@typescript-eslint%2fproject-service cache-miss
4080 http cache https://registry.npmjs.org/@typescript-eslint%2ftsconfig-utils 10ms (cache hit)
4081 silly packumentCache full:https://registry.npmjs.org/@typescript-eslint%2ftsconfig-utils set size:1693315 disposed:false
4082 http cache https://registry.npmjs.org/tinyglobby 21ms (cache hit)
4083 silly packumentCache full:https://registry.npmjs.org/tinyglobby set size:54291 disposed:false
4084 http cache https://registry.npmjs.org/ts-api-utils 23ms (cache hit)
4085 silly packumentCache full:https://registry.npmjs.org/ts-api-utils set size:226785 disposed:false
4086 http cache https://registry.npmjs.org/@typescript-eslint%2ftypes 43ms (cache hit)
4087 silly packumentCache full:https://registry.npmjs.org/@typescript-eslint%2ftypes set size:12731946 disposed:false
4088 http cache https://registry.npmjs.org/@typescript-eslint%2fvisitor-keys 111ms (cache hit)
4089 silly packumentCache full:https://registry.npmjs.org/@typescript-eslint%2fvisitor-keys set size:12275695 disposed:false
4090 http cache https://registry.npmjs.org/@typescript-eslint%2fproject-service 147ms (cache hit)
4091 silly packumentCache full:https://registry.npmjs.org/@typescript-eslint%2fproject-service set size:1799283 disposed:false
4092 silly fetch manifest typescript@>=4.8.4 <6.1.0
4093 silly packumentCache full:https://registry.npmjs.org/typescript cache-miss
4094 http cache https://registry.npmjs.org/typescript 25ms (cache hit)
4095 silly packumentCache full:https://registry.npmjs.org/typescript set size:15555816 disposed:false
4096 silly placeDep ROOT @typescript-eslint/project-service@8.67.0 OK for: @typescript-eslint/typescript-estree@8.67.0 want: 8.67.0
4097 silly placeDep ROOT @typescript-eslint/tsconfig-utils@8.67.0 OK for: @typescript-eslint/typescript-estree@8.67.0 want: 8.67.0
4098 silly placeDep ROOT @typescript-eslint/types@8.67.0 OK for: @typescript-eslint/typescript-estree@8.67.0 want: 8.67.0
4099 silly placeDep ROOT @typescript-eslint/visitor-keys@8.67.0 OK for: @typescript-eslint/typescript-estree@8.67.0 want: 8.67.0
4100 silly placeDep ROOT tinyglobby@0.2.17 OK for: @typescript-eslint/typescript-estree@8.67.0 want: ^0.2.15
4101 silly placeDep ROOT ts-api-utils@2.5.0 OK for: @typescript-eslint/typescript-estree@8.67.0 want: ^2.5.0
4102 silly fetch manifest @typescript-eslint/types@^8.67.0
4103 silly packumentCache full:https://registry.npmjs.org/@typescript-eslint%2ftypes cache-miss
4104 silly fetch manifest @typescript-eslint/tsconfig-utils@^8.67.0
4105 silly packumentCache full:https://registry.npmjs.org/@typescript-eslint%2ftsconfig-utils cache-miss
4106 silly fetch manifest eslint-visitor-keys@^5.0.0
4107 silly packumentCache full:https://registry.npmjs.org/eslint-visitor-keys cache-miss
4108 http cache https://registry.npmjs.org/@typescript-eslint%2ftsconfig-utils 27ms (cache hit)
4109 silly packumentCache full:https://registry.npmjs.org/@typescript-eslint%2ftsconfig-utils set size:1693315 disposed:false
4110 http cache https://registry.npmjs.org/eslint-visitor-keys 34ms (cache hit)
4111 silly packumentCache full:https://registry.npmjs.org/eslint-visitor-keys set size:69949 disposed:false
4112 http cache https://registry.npmjs.org/@typescript-eslint%2ftypes 55ms (cache hit)
4113 silly packumentCache full:https://registry.npmjs.org/@typescript-eslint%2ftypes set size:12731946 disposed:false
4114 silly placeDep ROOT eslint-visitor-keys@5.0.1 OK for: @typescript-eslint/visitor-keys@8.67.0 want: ^5.0.0
4115 silly placeDep ROOT @vue/compiler-sfc@3.5.41 OK for: detective-vue2@2.3.0 want: ^3.5.32
4116 silly fetch manifest postcss@^8.5.19
4117 silly packumentCache full:https://registry.npmjs.org/postcss cache-hit
4118 silly fetch manifest @vue/shared@3.5.41
4119 silly packumentCache full:https://registry.npmjs.org/@vue%2fshared cache-miss
4120 silly fetch manifest magic-string@^0.30.21
4121 silly packumentCache full:https://registry.npmjs.org/magic-string cache-miss
4122 silly fetch manifest @vue/compiler-dom@3.5.41
4123 silly packumentCache full:https://registry.npmjs.org/@vue%2fcompiler-dom cache-miss
4124 silly fetch manifest @vue/compiler-ssr@3.5.41
4125 silly packumentCache full:https://registry.npmjs.org/@vue%2fcompiler-ssr cache-miss
4126 silly fetch manifest @vue/compiler-core@3.5.41
4127 silly packumentCache full:https://registry.npmjs.org/@vue%2fcompiler-core cache-miss
4128 http cache https://registry.npmjs.org/@vue%2fcompiler-core 5ms (cache hit)
4129 silly packumentCache full:https://registry.npmjs.org/@vue%2fcompiler-core set size:861561 disposed:false
4130 http cache https://registry.npmjs.org/@vue%2fshared 10ms (cache hit)
4131 silly packumentCache full:https://registry.npmjs.org/@vue%2fshared set size:733568 disposed:false
4132 http cache https://registry.npmjs.org/magic-string 14ms (cache hit)
4133 silly packumentCache full:https://registry.npmjs.org/magic-string set size:344257 disposed:false
4134 http cache https://registry.npmjs.org/@vue%2fcompiler-dom 17ms (cache hit)
4135 silly packumentCache full:https://registry.npmjs.org/@vue%2fcompiler-dom set size:866832 disposed:false
4136 http cache https://registry.npmjs.org/@vue%2fcompiler-ssr 21ms (cache hit)
4137 silly packumentCache full:https://registry.npmjs.org/@vue%2fcompiler-ssr set size:731977 disposed:false
4138 silly placeDep ROOT @vue/compiler-core@3.5.41 OK for: @vue/compiler-sfc@3.5.41 want: 3.5.41
4139 silly placeDep ROOT @vue/compiler-dom@3.5.41 OK for: @vue/compiler-sfc@3.5.41 want: 3.5.41
4140 silly placeDep ROOT @vue/compiler-ssr@3.5.41 OK for: @vue/compiler-sfc@3.5.41 want: 3.5.41
4141 silly placeDep ROOT @vue/shared@3.5.41 OK for: @vue/compiler-sfc@3.5.41 want: 3.5.41
4142 silly placeDep ROOT magic-string@0.30.21 OK for: @vue/compiler-sfc@3.5.41 want: ^0.30.21
4143 silly placeDep node_modules/@vue/compiler-sfc postcss@8.5.26 OK for: @vue/compiler-sfc@3.5.41 want: ^8.5.19
4144 silly fetch manifest entities@^7.0.1
4145 silly packumentCache full:https://registry.npmjs.org/entities cache-hit
4146 silly fetch manifest @jridgewell/sourcemap-codec@^1.5.5
4147 silly packumentCache full:https://registry.npmjs.org/@jridgewell%2fsourcemap-codec cache-miss
4148 http cache https://registry.npmjs.org/@jridgewell%2fsourcemap-codec 3ms (cache hit)
4149 silly packumentCache full:https://registry.npmjs.org/@jridgewell%2fsourcemap-codec set size:51856 disposed:false
4150 silly placeDep node_modules/@vue/compiler-core entities@7.0.1 OK for: @vue/compiler-core@3.5.41 want: ^7.0.1
4151 silly placeDep ROOT estraverse@5.3.0 OK for: escodegen@2.1.0 want: ^5.2.0
4152 silly placeDep ROOT esutils@2.0.3 OK for: escodegen@2.1.0 want: ^2.0.2
4153 silly placeDep ROOT source-map@0.6.1 OK for: escodegen@2.1.0 want: ~0.6.1
4154 silly placeDep ROOT @jridgewell/sourcemap-codec@1.5.5 OK for: magic-string@0.30.21 want: ^1.5.5
4155 silly placeDep ROOT parse-ms@4.0.0 OK for: pretty-ms@9.3.0 want: ^4.0.0
4156 silly placeDep ROOT colors@1.4.0 OK for: prettyjson@1.2.5 want: 1.4.0
4157 silly placeDep ROOT forwarded@0.2.0 OK for: proxy-addr@2.0.7 want: 0.2.0
4158 silly placeDep node_modules/proxy-addr ipaddr.js@1.9.1 OK for: proxy-addr@2.0.7 want: 1.9.1
4159 silly placeDep ROOT side-channel@1.1.1 OK for: qs@6.15.3 want: ^1.1.1
4160 silly fetch manifest object-inspect@^1.13.4
4161 silly packumentCache full:https://registry.npmjs.org/object-inspect cache-miss
4162 silly fetch manifest side-channel-list@^1.0.1
4163 silly packumentCache full:https://registry.npmjs.org/side-channel-list cache-miss
4164 silly fetch manifest side-channel-map@^1.0.1
4165 silly packumentCache full:https://registry.npmjs.org/side-channel-map cache-miss
4166 silly fetch manifest side-channel-weakmap@^1.0.2
4167 silly packumentCache full:https://registry.npmjs.org/side-channel-weakmap cache-miss
4168 http cache https://registry.npmjs.org/object-inspect 5ms (cache hit)
4169 silly packumentCache full:https://registry.npmjs.org/object-inspect set size:101927 disposed:false
4170 http cache https://registry.npmjs.org/side-channel-map 5ms (cache hit)
4171 silly packumentCache full:https://registry.npmjs.org/side-channel-map set size:9126 disposed:false
4172 http cache https://registry.npmjs.org/side-channel-list 5ms (cache hit)
4173 silly packumentCache full:https://registry.npmjs.org/side-channel-list set size:9021 disposed:false
4174 http cache https://registry.npmjs.org/side-channel-weakmap 6ms (cache hit)
4175 silly packumentCache full:https://registry.npmjs.org/side-channel-weakmap set size:12620 disposed:false
4176 silly placeDep ROOT unpipe@1.0.0 OK for: raw-body@3.0.2 want: ~1.0.0
4177 silly placeDep node_modules/read-package-up read-pkg@10.1.0 OK for: read-package-up@12.0.0 want: ^10.0.0
4178 silly placeDep node_modules/read-package-up type-fest@5.8.0 OK for: read-package-up@12.0.0 want: ^5.2.0
4179 silly fetch manifest @types/normalize-package-data@^2.4.4
4180 silly packumentCache full:https://registry.npmjs.org/@types%2fnormalize-package-data cache-hit
4181 silly fetch manifest normalize-package-data@^8.0.0
4182 silly packumentCache full:https://registry.npmjs.org/normalize-package-data cache-hit
4183 silly fetch manifest parse-json@^8.3.0
4184 silly packumentCache full:https://registry.npmjs.org/parse-json cache-hit
4185 silly fetch manifest type-fest@^5.4.4
4186 silly packumentCache full:https://registry.npmjs.org/type-fest cache-hit
4187 silly fetch manifest unicorn-magic@^0.4.0
4188 silly packumentCache full:https://registry.npmjs.org/unicorn-magic cache-hit
4189 silly placeDep ROOT @types/normalize-package-data@2.4.4 OK for: read-pkg@9.0.1 want: ^2.4.3
4190 silly placeDep node_modules/read-pkg normalize-package-data@6.0.2 OK for: read-pkg@9.0.1 want: ^6.0.0
4191 silly placeDep ROOT parse-json@8.3.0 OK for: read-pkg@9.0.1 want: ^8.0.0
4192 silly placeDep node_modules/read-pkg unicorn-magic@0.1.0 OK for: read-pkg@9.0.1 want: ^0.1.0
4193 silly fetch manifest hosted-git-info@^7.0.0
4194 silly packumentCache full:https://registry.npmjs.org/hosted-git-info cache-hit
4195 silly fetch manifest index-to-position@^1.1.0
4196 silly packumentCache full:https://registry.npmjs.org/index-to-position cache-miss
4197 http cache https://registry.npmjs.org/index-to-position 3ms (cache hit)
4198 silly packumentCache full:https://registry.npmjs.org/index-to-position set size:13153 disposed:false
4199 silly placeDep ROOT index-to-position@1.2.0 OK for: parse-json@8.3.0 want: ^1.1.0
4200 silly placeDep ROOT is-core-module@2.16.2 OK for: resolve@2.0.0-next.7 want: ^2.16.2
4201 silly placeDep ROOT node-exports-info@1.6.2 OK for: resolve@2.0.0-next.7 want: ^1.6.0
4202 silly placeDep ROOT object-keys@1.1.1 OK for: resolve@2.0.0-next.7 want: ^1.1.1
4203 silly placeDep ROOT path-parse@1.0.7 OK for: resolve@2.0.0-next.7 want: ^1.0.7
4204 silly placeDep ROOT supports-preserve-symlinks-flag@1.0.0 OK for: resolve@2.0.0-next.7 want: ^1.0.0
4205 silly fetch manifest semver@^6.3.1
4206 silly packumentCache full:https://registry.npmjs.org/semver cache-miss
4207 silly fetch manifest object.entries@^1.1.9
4208 silly packumentCache full:https://registry.npmjs.org/object.entries cache-miss
4209 silly fetch manifest array.prototype.flatmap@^1.3.3
4210 silly packumentCache full:https://registry.npmjs.org/array.prototype.flatmap cache-miss
4211 http cache https://registry.npmjs.org/object.entries 3ms (cache hit)
4212 silly packumentCache full:https://registry.npmjs.org/object.entries set size:50037 disposed:false
4213 http cache https://registry.npmjs.org/array.prototype.flatmap 5ms (cache hit)
4214 silly packumentCache full:https://registry.npmjs.org/array.prototype.flatmap set size:51458 disposed:false
4215 http cache https://registry.npmjs.org/semver 12ms (cache hit)
4216 silly packumentCache full:https://registry.npmjs.org/semver set size:246069 disposed:false
4217 silly placeDep ROOT array.prototype.flatmap@1.3.3 OK for: node-exports-info@1.6.2 want: ^1.3.3
4218 silly placeDep ROOT object.entries@1.1.9 OK for: node-exports-info@1.6.2 want: ^1.1.9
4219 silly placeDep node_modules/node-exports-info semver@6.3.1 OK for: node-exports-info@1.6.2 want: ^6.3.1
4220 silly fetch manifest call-bind@^1.0.8
4221 silly packumentCache full:https://registry.npmjs.org/call-bind cache-miss
4222 silly fetch manifest define-properties@^1.2.1
4223 silly packumentCache full:https://registry.npmjs.org/define-properties cache-miss
4224 silly fetch manifest es-abstract@^1.23.5
4225 silly packumentCache full:https://registry.npmjs.org/es-abstract cache-miss
4226 silly fetch manifest es-shim-unscopables@^1.0.2
4227 silly packumentCache full:https://registry.npmjs.org/es-shim-unscopables cache-miss
4228 silly fetch manifest call-bind@^1.0.8
4229 silly packumentCache full:https://registry.npmjs.org/call-bind cache-miss
4230 silly fetch manifest call-bound@^1.0.4
4231 silly packumentCache full:https://registry.npmjs.org/call-bound cache-miss
4232 silly fetch manifest define-properties@^1.2.1
4233 silly packumentCache full:https://registry.npmjs.org/define-properties cache-miss
4234 http cache https://registry.npmjs.org/call-bind 7ms (cache hit)
4235 silly packumentCache full:https://registry.npmjs.org/call-bind set size:32985 disposed:false
4236 http cache https://registry.npmjs.org/call-bound 7ms (cache hit)
4237 silly packumentCache full:https://registry.npmjs.org/call-bound set size:15317 disposed:false
4238 http cache https://registry.npmjs.org/es-shim-unscopables 9ms (cache hit)
4239 silly packumentCache full:https://registry.npmjs.org/es-shim-unscopables set size:13965 disposed:false
4240 http cache https://registry.npmjs.org/define-properties 9ms (cache hit)
4241 silly packumentCache full:https://registry.npmjs.org/define-properties set size:31491 disposed:false
4242 http cache https://registry.npmjs.org/es-abstract 12ms (cache hit)
4243 silly packumentCache full:https://registry.npmjs.org/es-abstract set size:384124 disposed:false
4244 http cache https://registry.npmjs.org/call-bind 16ms (cache hit)
4245 silly packumentCache full:https://registry.npmjs.org/call-bind set size:32985 disposed:false
4246 silly packumentCache full:https://registry.npmjs.org/call-bind dispose
4247 http cache https://registry.npmjs.org/define-properties 17ms (cache hit)
4248 silly packumentCache full:https://registry.npmjs.org/define-properties set size:31491 disposed:false
4249 silly packumentCache full:https://registry.npmjs.org/define-properties dispose
4250 silly placeDep ROOT call-bind@1.0.9 OK for: array.prototype.flatmap@1.3.3 want: ^1.0.8
4251 silly placeDep ROOT define-properties@1.2.1 OK for: array.prototype.flatmap@1.3.3 want: ^1.2.1
4252 silly placeDep ROOT es-abstract@1.24.2 OK for: array.prototype.flatmap@1.3.3 want: ^1.23.5
4253 silly placeDep ROOT es-shim-unscopables@1.1.0 OK for: array.prototype.flatmap@1.3.3 want: ^1.0.2
4254 silly fetch manifest set-function-length@^1.2.2
4255 silly packumentCache full:https://registry.npmjs.org/set-function-length cache-miss
4256 silly fetch manifest define-data-property@^1.0.1
4257 silly packumentCache full:https://registry.npmjs.org/define-data-property cache-miss
4258 silly fetch manifest has-property-descriptors@^1.0.0
4259 silly packumentCache full:https://registry.npmjs.org/has-property-descriptors cache-miss
4260 silly fetch manifest array-buffer-byte-length@^1.0.2
4261 silly packumentCache full:https://registry.npmjs.org/array-buffer-byte-length cache-miss
4262 silly fetch manifest arraybuffer.prototype.slice@^1.0.4
4263 silly packumentCache full:https://registry.npmjs.org/arraybuffer.prototype.slice cache-miss
4264 silly fetch manifest available-typed-arrays@^1.0.7
4265 silly packumentCache full:https://registry.npmjs.org/available-typed-arrays cache-miss
4266 silly fetch manifest data-view-buffer@^1.0.2
4267 silly packumentCache full:https://registry.npmjs.org/data-view-buffer cache-miss
4268 silly fetch manifest data-view-byte-length@^1.0.2
4269 silly packumentCache full:https://registry.npmjs.org/data-view-byte-length cache-miss
4270 silly fetch manifest data-view-byte-offset@^1.0.1
4271 silly packumentCache full:https://registry.npmjs.org/data-view-byte-offset cache-miss
4272 silly fetch manifest es-to-primitive@^1.3.0
4273 silly packumentCache full:https://registry.npmjs.org/es-to-primitive cache-miss
4274 silly fetch manifest function.prototype.name@^1.1.8
4275 silly packumentCache full:https://registry.npmjs.org/function.prototype.name cache-miss
4276 silly fetch manifest get-symbol-description@^1.1.0
4277 silly packumentCache full:https://registry.npmjs.org/get-symbol-description cache-miss
4278 silly fetch manifest globalthis@^1.0.4
4279 silly packumentCache full:https://registry.npmjs.org/globalthis cache-miss
4280 silly fetch manifest has-property-descriptors@^1.0.2
4281 silly packumentCache full:https://registry.npmjs.org/has-property-descriptors cache-miss
4282 silly fetch manifest has-proto@^1.2.0
4283 silly packumentCache full:https://registry.npmjs.org/has-proto cache-miss
4284 http cache https://registry.npmjs.org/arraybuffer.prototype.slice 41ms (cache hit)
4285 silly packumentCache full:https://registry.npmjs.org/arraybuffer.prototype.slice set size:20917 disposed:false
4286 silly fetch manifest internal-slot@^1.1.0
4287 silly packumentCache full:https://registry.npmjs.org/internal-slot cache-miss
4288 http cache https://registry.npmjs.org/data-view-byte-length 41ms (cache hit)
4289 silly packumentCache full:https://registry.npmjs.org/data-view-byte-length set size:12269 disposed:false
4290 silly fetch manifest is-array-buffer@^3.0.5
4291 silly packumentCache full:https://registry.npmjs.org/is-array-buffer cache-miss
4292 http cache https://registry.npmjs.org/array-buffer-byte-length 43ms (cache hit)
4293 silly packumentCache full:https://registry.npmjs.org/array-buffer-byte-length set size:13099 disposed:false
4294 silly fetch manifest is-callable@^1.2.7
4295 silly packumentCache full:https://registry.npmjs.org/is-callable cache-miss
4296 http cache https://registry.npmjs.org/has-property-descriptors 44ms (cache hit)
4297 silly packumentCache full:https://registry.npmjs.org/has-property-descriptors set size:12452 disposed:false
4298 silly fetch manifest is-data-view@^1.0.2
4299 silly packumentCache full:https://registry.npmjs.org/is-data-view cache-miss
4300 http cache https://registry.npmjs.org/define-data-property 47ms (cache hit)
4301 silly packumentCache full:https://registry.npmjs.org/define-data-property set size:28048 disposed:false
4302 silly fetch manifest is-negative-zero@^2.0.3
4303 silly packumentCache full:https://registry.npmjs.org/is-negative-zero cache-miss
4304 http cache https://registry.npmjs.org/data-view-buffer 46ms (cache hit)
4305 silly packumentCache full:https://registry.npmjs.org/data-view-buffer set size:11789 disposed:false
4306 silly fetch manifest is-regex@^1.2.1
4307 silly packumentCache full:https://registry.npmjs.org/is-regex cache-miss
4308 http cache https://registry.npmjs.org/data-view-byte-offset 47ms (cache hit)
4309 silly packumentCache full:https://registry.npmjs.org/data-view-byte-offset set size:9200 disposed:false
4310 silly fetch manifest is-set@^2.0.3
4311 silly packumentCache full:https://registry.npmjs.org/is-set cache-miss
4312 http cache https://registry.npmjs.org/get-symbol-description 47ms (cache hit)
4313 silly packumentCache full:https://registry.npmjs.org/get-symbol-description set size:15540 disposed:false
4314 silly fetch manifest is-shared-array-buffer@^1.0.4
4315 silly packumentCache full:https://registry.npmjs.org/is-shared-array-buffer cache-miss
4316 http cache https://registry.npmjs.org/available-typed-arrays 50ms (cache hit)
4317 silly packumentCache full:https://registry.npmjs.org/available-typed-arrays set size:31390 disposed:false
4318 silly fetch manifest is-string@^1.1.1
4319 silly packumentCache full:https://registry.npmjs.org/is-string cache-miss
4320 http cache https://registry.npmjs.org/set-function-length 52ms (cache hit)
4321 silly packumentCache full:https://registry.npmjs.org/set-function-length set size:24261 disposed:false
4322 silly fetch manifest is-typed-array@^1.1.15
4323 silly packumentCache full:https://registry.npmjs.org/is-typed-array cache-miss
4324 http cache https://registry.npmjs.org/has-property-descriptors 50ms (cache hit)
4325 silly packumentCache full:https://registry.npmjs.org/has-property-descriptors set size:12452 disposed:false
4326 silly packumentCache full:https://registry.npmjs.org/has-property-descriptors dispose
4327 silly fetch manifest is-weakref@^1.1.1
4328 silly packumentCache full:https://registry.npmjs.org/is-weakref cache-miss
4329 http cache https://registry.npmjs.org/function.prototype.name 51ms (cache hit)
4330 silly packumentCache full:https://registry.npmjs.org/function.prototype.name set size:48566 disposed:false
4331 silly fetch manifest object.assign@^4.1.7
4332 silly packumentCache full:https://registry.npmjs.org/object.assign cache-miss
4333 http cache https://registry.npmjs.org/es-to-primitive 54ms (cache hit)
4334 silly packumentCache full:https://registry.npmjs.org/es-to-primitive set size:35315 disposed:false
4335 silly fetch manifest own-keys@^1.0.1
4336 silly packumentCache full:https://registry.npmjs.org/own-keys cache-miss
4337 http cache https://registry.npmjs.org/has-proto 52ms (cache hit)
4338 silly packumentCache full:https://registry.npmjs.org/has-proto set size:21527 disposed:false
4339 silly fetch manifest regexp.prototype.flags@^1.5.4
4340 silly packumentCache full:https://registry.npmjs.org/regexp.prototype.flags cache-miss
4341 http cache https://registry.npmjs.org/globalthis 56ms (cache hit)
4342 silly packumentCache full:https://registry.npmjs.org/globalthis set size:22522 disposed:false
4343 silly fetch manifest safe-array-concat@^1.1.3
4344 silly packumentCache full:https://registry.npmjs.org/safe-array-concat cache-miss
4345 http cache https://registry.npmjs.org/is-negative-zero 21ms (cache hit)
4346 silly packumentCache full:https://registry.npmjs.org/is-negative-zero set size:22152 disposed:false
4347 silly fetch manifest safe-push-apply@^1.0.0
4348 silly packumentCache full:https://registry.npmjs.org/safe-push-apply cache-miss
4349 http cache https://registry.npmjs.org/is-callable 26ms (cache hit)
4350 silly packumentCache full:https://registry.npmjs.org/is-callable set size:66606 disposed:false
4351 silly fetch manifest safe-regex-test@^1.1.0
4352 silly packumentCache full:https://registry.npmjs.org/safe-regex-test cache-miss
4353 http cache https://registry.npmjs.org/is-regex 24ms (cache hit)
4354 silly packumentCache full:https://registry.npmjs.org/is-regex set size:42924 disposed:false
4355 silly fetch manifest set-proto@^1.0.0
4356 silly packumentCache full:https://registry.npmjs.org/set-proto cache-miss
4357 http cache https://registry.npmjs.org/internal-slot 32ms (cache hit)
4358 silly packumentCache full:https://registry.npmjs.org/internal-slot set size:30267 disposed:false
4359 silly fetch manifest stop-iteration-iterator@^1.1.0
4360 silly packumentCache full:https://registry.npmjs.org/stop-iteration-iterator cache-miss
4361 http cache https://registry.npmjs.org/is-array-buffer 32ms (cache hit)
4362 silly packumentCache full:https://registry.npmjs.org/is-array-buffer set size:33562 disposed:false
4363 silly fetch manifest string.prototype.trim@^1.2.10
4364 silly packumentCache full:https://registry.npmjs.org/string.prototype.trim cache-miss
4365 http cache https://registry.npmjs.org/is-data-view 33ms (cache hit)
4366 silly packumentCache full:https://registry.npmjs.org/is-data-view set size:13756 disposed:false
4367 silly fetch manifest string.prototype.trimend@^1.0.9
4368 silly packumentCache full:https://registry.npmjs.org/string.prototype.trimend cache-miss
4369 http cache https://registry.npmjs.org/is-set 32ms (cache hit)
4370 silly packumentCache full:https://registry.npmjs.org/is-set set size:16614 disposed:false
4371 silly fetch manifest string.prototype.trimstart@^1.0.8
4372 silly packumentCache full:https://registry.npmjs.org/string.prototype.trimstart cache-miss
4373 http cache https://registry.npmjs.org/is-string 30ms (cache hit)
4374 silly packumentCache full:https://registry.npmjs.org/is-string set size:29636 disposed:false
4375 silly fetch manifest typed-array-buffer@^1.0.3
4376 silly packumentCache full:https://registry.npmjs.org/typed-array-buffer cache-miss
4377 http cache https://registry.npmjs.org/is-typed-array 31ms (cache hit)
4378 silly packumentCache full:https://registry.npmjs.org/is-typed-array set size:79965 disposed:false
4379 silly fetch manifest typed-array-byte-length@^1.0.3
4380 silly packumentCache full:https://registry.npmjs.org/typed-array-byte-length cache-miss
4381 http cache https://registry.npmjs.org/object.assign 32ms (cache hit)
4382 silly packumentCache full:https://registry.npmjs.org/object.assign set size:85907 disposed:false
4383 silly fetch manifest typed-array-byte-offset@^1.0.4
4384 silly packumentCache full:https://registry.npmjs.org/typed-array-byte-offset cache-miss
4385 http cache https://registry.npmjs.org/is-weakref 36ms (cache hit)
4386 silly packumentCache full:https://registry.npmjs.org/is-weakref set size:18473 disposed:false
4387 silly fetch manifest typed-array-length@^1.0.7
4388 silly packumentCache full:https://registry.npmjs.org/typed-array-length cache-miss
4389 http cache https://registry.npmjs.org/own-keys 34ms (cache hit)
4390 silly packumentCache full:https://registry.npmjs.org/own-keys set size:11888 disposed:false
4391 silly fetch manifest unbox-primitive@^1.1.0
4392 silly packumentCache full:https://registry.npmjs.org/unbox-primitive cache-miss
4393 http cache https://registry.npmjs.org/is-shared-array-buffer 41ms (cache hit)
4394 silly packumentCache full:https://registry.npmjs.org/is-shared-array-buffer set size:19880 disposed:false
4395 silly fetch manifest which-typed-array@^1.1.19
4396 silly packumentCache full:https://registry.npmjs.org/which-typed-array cache-miss
4397 http cache https://registry.npmjs.org/regexp.prototype.flags 35ms (cache hit)
4398 silly packumentCache full:https://registry.npmjs.org/regexp.prototype.flags set size:60621 disposed:false
4399 http cache https://registry.npmjs.org/safe-array-concat 35ms (cache hit)
4400 silly packumentCache full:https://registry.npmjs.org/safe-array-concat set size:25516 disposed:false
4401 http cache https://registry.npmjs.org/set-proto 32ms (cache hit)
4402 silly packumentCache full:https://registry.npmjs.org/set-proto set size:5334 disposed:false
4403 http cache https://registry.npmjs.org/safe-push-apply 37ms (cache hit)
4404 silly packumentCache full:https://registry.npmjs.org/safe-push-apply set size:5759 disposed:false
4405 http cache https://registry.npmjs.org/safe-regex-test 38ms (cache hit)
4406 silly packumentCache full:https://registry.npmjs.org/safe-regex-test set size:17412 disposed:false
4407 http cache https://registry.npmjs.org/stop-iteration-iterator 37ms (cache hit)
4408 silly packumentCache full:https://registry.npmjs.org/stop-iteration-iterator set size:9160 disposed:false
4409 http cache https://registry.npmjs.org/string.prototype.trim 37ms (cache hit)
4410 silly packumentCache full:https://registry.npmjs.org/string.prototype.trim set size:57416 disposed:false
4411 http cache https://registry.npmjs.org/string.prototype.trimstart 34ms (cache hit)
4412 silly packumentCache full:https://registry.npmjs.org/string.prototype.trimstart set size:38291 disposed:false
4413 http cache https://registry.npmjs.org/string.prototype.trimend 37ms (cache hit)
4414 silly packumentCache full:https://registry.npmjs.org/string.prototype.trimend set size:44009 disposed:false
4415 http cache https://registry.npmjs.org/typed-array-buffer 35ms (cache hit)
4416 silly packumentCache full:https://registry.npmjs.org/typed-array-buffer set size:14045 disposed:false
4417 http cache https://registry.npmjs.org/typed-array-byte-offset 29ms (cache hit)
4418 silly packumentCache full:https://registry.npmjs.org/typed-array-byte-offset set size:21714 disposed:false
4419 http cache https://registry.npmjs.org/typed-array-byte-length 33ms (cache hit)
4420 silly packumentCache full:https://registry.npmjs.org/typed-array-byte-length set size:18382 disposed:false
4421 http cache https://registry.npmjs.org/typed-array-length 30ms (cache hit)
4422 silly packumentCache full:https://registry.npmjs.org/typed-array-length set size:35665 disposed:false
4423 http cache https://registry.npmjs.org/unbox-primitive 30ms (cache hit)
4424 silly packumentCache full:https://registry.npmjs.org/unbox-primitive set size:15669 disposed:false
4425 http cache https://registry.npmjs.org/which-typed-array 29ms (cache hit)
4426 silly packumentCache full:https://registry.npmjs.org/which-typed-array set size:101551 disposed:false
4427 silly placeDep ROOT set-function-length@1.2.2 OK for: call-bind@1.0.9 want: ^1.2.2
4428 silly fetch manifest define-data-property@^1.1.4
4429 silly packumentCache full:https://registry.npmjs.org/define-data-property cache-hit
4430 silly placeDep ROOT define-data-property@1.1.4 OK for: define-properties@1.2.1 want: ^1.0.1
4431 silly placeDep ROOT has-property-descriptors@1.0.2 OK for: define-properties@1.2.1 want: ^1.0.0
4432 silly placeDep ROOT array-buffer-byte-length@1.0.2 OK for: es-abstract@1.24.2 want: ^1.0.2
4433 silly placeDep ROOT arraybuffer.prototype.slice@1.0.4 OK for: es-abstract@1.24.2 want: ^1.0.4
4434 silly placeDep ROOT available-typed-arrays@1.0.7 OK for: es-abstract@1.24.2 want: ^1.0.7
4435 silly placeDep ROOT call-bound@1.0.4 OK for: es-abstract@1.24.2 want: ^1.0.4
4436 silly placeDep ROOT data-view-buffer@1.0.2 OK for: es-abstract@1.24.2 want: ^1.0.2
4437 silly placeDep ROOT data-view-byte-length@1.0.2 OK for: es-abstract@1.24.2 want: ^1.0.2
4438 silly placeDep ROOT data-view-byte-offset@1.0.1 OK for: es-abstract@1.24.2 want: ^1.0.1
4439 silly placeDep ROOT es-to-primitive@1.3.4 OK for: es-abstract@1.24.2 want: ^1.3.0
4440 silly placeDep ROOT function.prototype.name@1.2.0 OK for: es-abstract@1.24.2 want: ^1.1.8
4441 silly placeDep ROOT get-symbol-description@1.1.0 OK for: es-abstract@1.24.2 want: ^1.1.0
4442 silly placeDep ROOT globalthis@1.0.4 OK for: es-abstract@1.24.2 want: ^1.0.4
4443 silly placeDep ROOT has-proto@1.2.0 OK for: es-abstract@1.24.2 want: ^1.2.0
4444 silly placeDep ROOT internal-slot@1.1.0 OK for: es-abstract@1.24.2 want: ^1.1.0
4445 silly placeDep ROOT is-array-buffer@3.0.5 OK for: es-abstract@1.24.2 want: ^3.0.5
4446 silly placeDep ROOT is-callable@1.2.7 OK for: es-abstract@1.24.2 want: ^1.2.7
4447 silly placeDep ROOT is-data-view@1.0.2 OK for: es-abstract@1.24.2 want: ^1.0.2
4448 silly placeDep ROOT is-negative-zero@2.0.3 OK for: es-abstract@1.24.2 want: ^2.0.3
4449 silly placeDep ROOT is-regex@1.2.1 OK for: es-abstract@1.24.2 want: ^1.2.1
4450 silly placeDep ROOT is-set@2.0.3 OK for: es-abstract@1.24.2 want: ^2.0.3
4451 silly placeDep ROOT is-shared-array-buffer@1.0.4 OK for: es-abstract@1.24.2 want: ^1.0.4
4452 silly placeDep ROOT is-string@1.1.1 OK for: es-abstract@1.24.2 want: ^1.1.1
4453 silly placeDep ROOT is-typed-array@1.1.15 OK for: es-abstract@1.24.2 want: ^1.1.15
4454 silly placeDep ROOT is-weakref@1.1.1 OK for: es-abstract@1.24.2 want: ^1.1.1
4455 silly placeDep ROOT object-inspect@1.13.4 OK for: es-abstract@1.24.2 want: ^1.13.4
4456 silly placeDep ROOT object.assign@4.1.7 OK for: es-abstract@1.24.2 want: ^4.1.7
4457 silly placeDep ROOT own-keys@1.0.2 OK for: es-abstract@1.24.2 want: ^1.0.1
4458 silly placeDep ROOT regexp.prototype.flags@1.5.4 OK for: es-abstract@1.24.2 want: ^1.5.4
4459 silly placeDep ROOT safe-array-concat@1.1.4 OK for: es-abstract@1.24.2 want: ^1.1.3
4460 silly placeDep ROOT safe-push-apply@1.0.0 OK for: es-abstract@1.24.2 want: ^1.0.0
4461 silly placeDep ROOT safe-regex-test@1.1.0 OK for: es-abstract@1.24.2 want: ^1.1.0
4462 silly placeDep ROOT set-proto@1.0.0 OK for: es-abstract@1.24.2 want: ^1.0.0
4463 silly placeDep ROOT stop-iteration-iterator@1.1.0 OK for: es-abstract@1.24.2 want: ^1.1.0
4464 silly placeDep ROOT string.prototype.trim@1.2.11 OK for: es-abstract@1.24.2 want: ^1.2.10
4465 silly placeDep ROOT string.prototype.trimend@1.0.10 OK for: es-abstract@1.24.2 want: ^1.0.9
4466 silly placeDep ROOT string.prototype.trimstart@1.0.8 OK for: es-abstract@1.24.2 want: ^1.0.8
4467 silly placeDep ROOT typed-array-buffer@1.0.3 OK for: es-abstract@1.24.2 want: ^1.0.3
4468 silly placeDep ROOT typed-array-byte-length@1.0.3 OK for: es-abstract@1.24.2 want: ^1.0.3
4469 silly placeDep ROOT typed-array-byte-offset@1.0.4 OK for: es-abstract@1.24.2 want: ^1.0.4
4470 silly placeDep ROOT typed-array-length@1.0.8 OK for: es-abstract@1.24.2 want: ^1.0.7
4471 silly placeDep ROOT unbox-primitive@1.1.0 OK for: es-abstract@1.24.2 want: ^1.1.0
4472 silly placeDep ROOT which-typed-array@1.1.22 OK for: es-abstract@1.24.2 want: ^1.1.19
4473 silly fetch manifest call-bound@^1.0.3
4474 silly packumentCache full:https://registry.npmjs.org/call-bound cache-hit
4475 silly fetch manifest is-array-buffer@^3.0.4
4476 silly packumentCache full:https://registry.npmjs.org/is-array-buffer cache-hit
4477 silly fetch manifest possible-typed-array-names@^1.0.0
4478 silly packumentCache full:https://registry.npmjs.org/possible-typed-array-names cache-miss
4479 silly fetch manifest is-data-view@^1.0.1
4480 silly packumentCache full:https://registry.npmjs.org/is-data-view cache-hit
4481 silly fetch manifest is-symbol@^1.1.1
4482 silly packumentCache full:https://registry.npmjs.org/is-symbol cache-miss
4483 silly fetch manifest is-date-object@^1.1.0
4484 silly packumentCache full:https://registry.npmjs.org/is-date-object cache-miss
4485 silly fetch manifest es-abstract-get@^1.0.0
4486 silly packumentCache full:https://registry.npmjs.org/es-abstract-get cache-miss
4487 silly fetch manifest is-document.all@^1.0.0
4488 silly packumentCache full:https://registry.npmjs.org/is-document.all cache-miss
4489 silly fetch manifest functions-have-names@^1.2.3
4490 silly packumentCache full:https://registry.npmjs.org/functions-have-names cache-miss
4491 silly fetch manifest is-typed-array@^1.1.13
4492 silly packumentCache full:https://registry.npmjs.org/is-typed-array cache-hit
4493 silly fetch manifest which-typed-array@^1.1.16
4494 silly packumentCache full:https://registry.npmjs.org/which-typed-array cache-hit
4495 silly fetch manifest set-function-name@^2.0.2
4496 silly packumentCache full:https://registry.npmjs.org/set-function-name cache-miss
4497 silly fetch manifest isarray@^2.0.5
4498 silly packumentCache full:https://registry.npmjs.org/isarray cache-hit
4499 silly fetch manifest isarray@^2.0.5
4500 silly packumentCache full:https://registry.npmjs.org/isarray cache-hit
4501 silly fetch manifest for-each@^0.3.3
4502 silly packumentCache full:https://registry.npmjs.org/for-each cache-miss
4503 silly fetch manifest for-each@^0.3.3
4504 silly packumentCache full:https://registry.npmjs.org/for-each cache-miss
4505 silly fetch manifest reflect.getprototypeof@^1.0.9
4506 silly packumentCache full:https://registry.npmjs.org/reflect.getprototypeof cache-miss
4507 silly fetch manifest for-each@^0.3.5
4508 silly packumentCache full:https://registry.npmjs.org/for-each cache-miss
4509 silly fetch manifest possible-typed-array-names@^1.1.0
4510 silly packumentCache full:https://registry.npmjs.org/possible-typed-array-names cache-miss
4511 silly fetch manifest reflect.getprototypeof@^1.0.10
4512 silly packumentCache full:https://registry.npmjs.org/reflect.getprototypeof cache-miss
4513 silly fetch manifest has-bigints@^1.0.2
4514 silly packumentCache full:https://registry.npmjs.org/has-bigints cache-miss
4515 silly fetch manifest which-boxed-primitive@^1.1.1
4516 silly packumentCache full:https://registry.npmjs.org/which-boxed-primitive cache-miss
4517 http cache https://registry.npmjs.org/set-function-name 41ms (cache hit)
4518 silly packumentCache full:https://registry.npmjs.org/set-function-name set size:13766 disposed:false
4519 silly fetch manifest for-each@^0.3.5
4520 silly packumentCache full:https://registry.npmjs.org/for-each cache-miss
4521 http cache https://registry.npmjs.org/is-document.all 44ms (cache hit)
4522 silly packumentCache full:https://registry.npmjs.org/is-document.all set size:5283 disposed:false
4523 http cache https://registry.npmjs.org/is-symbol 45ms (cache hit)
4524 silly packumentCache full:https://registry.npmjs.org/is-symbol set size:22675 disposed:false
4525 http cache https://registry.npmjs.org/possible-typed-array-names 46ms (cache hit)
4526 silly packumentCache full:https://registry.npmjs.org/possible-typed-array-names set size:9167 disposed:false
4527 http cache https://registry.npmjs.org/is-date-object 45ms (cache hit)
4528 silly packumentCache full:https://registry.npmjs.org/is-date-object set size:25050 disposed:false
4529 http cache https://registry.npmjs.org/reflect.getprototypeof 43ms (cache hit)
4530 silly packumentCache full:https://registry.npmjs.org/reflect.getprototypeof set size:44083 disposed:false
4531 http cache https://registry.npmjs.org/es-abstract-get 47ms (cache hit)
4532 silly packumentCache full:https://registry.npmjs.org/es-abstract-get set size:7156 disposed:false
4533 http cache https://registry.npmjs.org/for-each 44ms (cache hit)
4534 silly packumentCache full:https://registry.npmjs.org/for-each set size:14327 disposed:false
4535 http cache https://registry.npmjs.org/functions-have-names 48ms (cache hit)
4536 silly packumentCache full:https://registry.npmjs.org/functions-have-names set size:24196 disposed:false
4537 http cache https://registry.npmjs.org/has-bigints 45ms (cache hit)
4538 silly packumentCache full:https://registry.npmjs.org/has-bigints set size:14176 disposed:false
4539 http cache https://registry.npmjs.org/possible-typed-array-names 46ms (cache hit)
4540 silly packumentCache full:https://registry.npmjs.org/possible-typed-array-names set size:9167 disposed:false
4541 silly packumentCache full:https://registry.npmjs.org/possible-typed-array-names dispose
4542 http cache https://registry.npmjs.org/for-each 47ms (cache hit)
4543 silly packumentCache full:https://registry.npmjs.org/for-each set size:14327 disposed:false
4544 silly packumentCache full:https://registry.npmjs.org/for-each dispose
4545 http cache https://registry.npmjs.org/reflect.getprototypeof 46ms (cache hit)
4546 silly packumentCache full:https://registry.npmjs.org/reflect.getprototypeof set size:44083 disposed:false
4547 silly packumentCache full:https://registry.npmjs.org/reflect.getprototypeof dispose
4548 http cache https://registry.npmjs.org/which-boxed-primitive 47ms (cache hit)
4549 silly packumentCache full:https://registry.npmjs.org/which-boxed-primitive set size:19407 disposed:false
4550 http cache https://registry.npmjs.org/for-each 49ms (cache hit)
4551 silly packumentCache full:https://registry.npmjs.org/for-each set size:14327 disposed:true
4552 silly packumentCache full:https://registry.npmjs.org/for-each dispose
4553 http cache https://registry.npmjs.org/for-each 10ms (cache hit)
4554 silly packumentCache full:https://registry.npmjs.org/for-each set size:14327 disposed:true
4555 silly packumentCache full:https://registry.npmjs.org/for-each dispose
4556 silly placeDep ROOT possible-typed-array-names@1.1.0 OK for: available-typed-arrays@1.0.7 want: ^1.0.0
4557 silly placeDep ROOT es-abstract-get@1.0.0 OK for: es-to-primitive@1.3.4 want: ^1.0.0
4558 silly placeDep ROOT is-date-object@1.1.0 OK for: es-to-primitive@1.3.4 want: ^1.1.0
4559 silly placeDep ROOT is-symbol@1.1.1 OK for: es-to-primitive@1.3.4 want: ^1.1.1
4560 silly placeDep ROOT functions-have-names@1.2.3 OK for: function.prototype.name@1.2.0 want: ^1.2.3
4561 silly placeDep ROOT is-document.all@1.0.0 OK for: function.prototype.name@1.2.0 want: ^1.0.0
4562 silly placeDep ROOT set-function-name@2.0.2 OK for: regexp.prototype.flags@1.5.4 want: ^2.0.2
4563 silly placeDep ROOT is-promise@4.0.0 OK for: router@2.2.0 want: ^4.0.0
4564 silly placeDep ROOT path-to-regexp@8.4.2 OK for: router@2.2.0 want: ^8.0.0
4565 silly placeDep ROOT queue-microtask@1.2.3 OK for: run-parallel@1.2.0 want: ^1.2.2
4566 silly placeDep ROOT isarray@2.0.5 OK for: safe-array-concat@1.1.4 want: ^2.0.5
4567 silly placeDep ROOT ret@0.5.0 OK for: safe-regex2@5.1.1 want: ~0.5.0
4568 silly placeDep node_modules/send mime-types@3.0.2 OK for: send@1.2.1 want: ^3.0.2
4569 silly placeDep ROOT shebang-regex@3.0.0 OK for: shebang-command@2.0.0 want: ^3.0.0
4570 silly placeDep ROOT side-channel-list@1.0.1 OK for: side-channel@1.1.1 want: ^1.0.1
4571 silly placeDep ROOT side-channel-map@1.0.1 OK for: side-channel@1.1.1 want: ^1.0.1
4572 silly placeDep ROOT side-channel-weakmap@1.0.2 OK for: side-channel@1.1.1 want: ^1.0.2
4573 silly placeDep node_modules/slice-ansi ansi-styles@6.2.3 OK for: slice-ansi@8.0.0 want: ^6.2.3
4574 silly placeDep node_modules/slice-ansi is-fullwidth-code-point@5.1.0 OK for: slice-ansi@8.0.0 want: ^5.1.0
4575 silly fetch manifest get-east-asian-width@^1.3.1
4576 silly packumentCache full:https://registry.npmjs.org/get-east-asian-width cache-hit
4577 silly placeDep ROOT buffer-from@1.1.2 OK for: source-map-support@0.5.21 want: ^1.0.0
4578 silly placeDep ROOT stubborn-utils@1.0.2 OK for: stubborn-fs@2.0.0 want: ^1.0.1
4579 silly placeDep node_modules/svgo commander@11.1.0 OK for: svgo@4.0.2 want: ^11.1.0
4580 silly placeDep ROOT css-select@5.2.2 OK for: svgo@4.0.2 want: ^5.1.0
4581 silly placeDep ROOT css-tree@3.2.1 OK for: svgo@4.0.2 want: ^3.0.1
4582 silly placeDep ROOT css-what@6.2.2 OK for: svgo@4.0.2 want: ^6.1.0
4583 silly placeDep ROOT csso@5.0.5 OK for: svgo@4.0.2 want: ^5.0.5
4584 silly placeDep ROOT sax@1.6.1 OK for: svgo@4.0.2 want: ^1.5.0
4585 silly fetch manifest boolbase@^1.0.0
4586 silly packumentCache full:https://registry.npmjs.org/boolbase cache-miss
4587 silly fetch manifest domutils@^3.0.1
4588 silly packumentCache full:https://registry.npmjs.org/domutils cache-miss
4589 silly fetch manifest nth-check@^2.0.1
4590 silly packumentCache full:https://registry.npmjs.org/nth-check cache-miss
4591 silly fetch manifest domhandler@^5.0.2
4592 silly packumentCache full:https://registry.npmjs.org/domhandler cache-miss
4593 silly fetch manifest mdn-data@2.27.1
4594 silly packumentCache full:https://registry.npmjs.org/mdn-data cache-miss
4595 silly fetch manifest css-tree@~2.2.0
4596 silly packumentCache full:https://registry.npmjs.org/css-tree cache-hit
4597 http cache https://registry.npmjs.org/nth-check 27ms (cache hit)
4598 silly packumentCache full:https://registry.npmjs.org/nth-check set size:27445 disposed:false
4599 http cache https://registry.npmjs.org/mdn-data 27ms (cache hit)
4600 silly packumentCache full:https://registry.npmjs.org/mdn-data set size:183716 disposed:false
4601 http cache https://registry.npmjs.org/boolbase 29ms (cache hit)
4602 silly packumentCache full:https://registry.npmjs.org/boolbase set size:4438 disposed:false
4603 http cache https://registry.npmjs.org/domutils 29ms (cache hit)
4604 silly packumentCache full:https://registry.npmjs.org/domutils set size:110068 disposed:false
4605 http cache https://registry.npmjs.org/domhandler 30ms (cache hit)
4606 silly packumentCache full:https://registry.npmjs.org/domhandler set size:78187 disposed:false
4607 silly placeDep ROOT boolbase@1.0.0 OK for: css-select@5.2.2 want: ^1.0.0
4608 silly placeDep ROOT domhandler@5.0.3 OK for: css-select@5.2.2 want: ^5.0.2
4609 silly placeDep ROOT domutils@3.2.2 OK for: css-select@5.2.2 want: ^3.0.1
4610 silly placeDep ROOT nth-check@2.1.1 OK for: css-select@5.2.2 want: ^2.0.1
4611 silly fetch manifest domelementtype@^2.3.0
4612 silly packumentCache full:https://registry.npmjs.org/domelementtype cache-miss
4613 silly fetch manifest dom-serializer@^2.0.0
4614 silly packumentCache full:https://registry.npmjs.org/dom-serializer cache-miss
4615 silly fetch manifest domelementtype@^2.3.0
4616 silly packumentCache full:https://registry.npmjs.org/domelementtype cache-miss
4617 http cache https://registry.npmjs.org/dom-serializer 3ms (cache hit)
4618 silly packumentCache full:https://registry.npmjs.org/dom-serializer set size:61296 disposed:false
4619 http cache https://registry.npmjs.org/domelementtype 4ms (cache hit)
4620 silly packumentCache full:https://registry.npmjs.org/domelementtype set size:33363 disposed:false
4621 http cache https://registry.npmjs.org/domelementtype 5ms (cache hit)
4622 silly packumentCache full:https://registry.npmjs.org/domelementtype set size:33363 disposed:false
4623 silly packumentCache full:https://registry.npmjs.org/domelementtype dispose
4624 silly placeDep ROOT mdn-data@2.27.1 OK for: css-tree@3.2.1 want: 2.27.1
4625 silly placeDep node_modules/csso css-tree@2.2.1 OK for: csso@5.0.5 want: ~2.2.0
4626 silly fetch manifest mdn-data@2.0.28
4627 silly packumentCache full:https://registry.npmjs.org/mdn-data cache-hit
4628 silly placeDep ROOT domelementtype@2.3.0 OK for: domhandler@5.0.3 want: ^2.3.0
4629 silly placeDep ROOT dom-serializer@2.0.0 OK for: domutils@3.2.2 want: ^2.0.0
4630 silly fetch manifest entities@^4.2.0
4631 silly packumentCache full:https://registry.npmjs.org/entities cache-hit
4632 silly placeDep node_modules/dom-serializer entities@4.5.0 OK for: dom-serializer@2.0.0 want: ^4.2.0
4633 silly placeDep ROOT @isaacs/fs-minipass@4.0.1 OK for: tar@7.5.22 want: ^4.0.0
4634 silly placeDep ROOT chownr@3.0.0 OK for: tar@7.5.22 want: ^3.0.0
4635 silly placeDep ROOT minizlib@3.1.0 OK for: tar@7.5.22 want: ^3.1.0
4636 silly placeDep node_modules/tar yallist@5.0.0 OK for: tar@7.5.22 want: ^5.0.0
4637 silly fetch manifest react-native-b4a@*
4638 silly packumentCache full:https://registry.npmjs.org/react-native-b4a cache-miss
4639 http cache https://registry.npmjs.org/react-native-b4a 7ms (cache hit)
4640 silly packumentCache full:https://registry.npmjs.org/react-native-b4a set size:12027 disposed:false
4641 silly fetch manifest bare-buffer@*
4642 silly packumentCache full:https://registry.npmjs.org/bare-buffer cache-miss
4643 http cache https://registry.npmjs.org/bare-buffer 3ms (cache hit)
4644 silly packumentCache full:https://registry.npmjs.org/bare-buffer set size:98181 disposed:false
4645 silly placeDep ROOT b4a@1.8.1 OK for: tar-stream@3.2.0 want: ^1.6.4
4646 silly placeDep ROOT bare-fs@4.8.0 OK for: tar-stream@3.2.0 want: ^4.5.5
4647 silly placeDep ROOT fast-fifo@1.3.2 OK for: tar-stream@3.2.0 want: ^1.2.0
4648 silly placeDep ROOT streamx@2.28.0 OK for: tar-stream@3.2.0 want: ^2.15.0
4649 silly fetch manifest bare-url@^2.2.2
4650 silly packumentCache full:https://registry.npmjs.org/bare-url cache-miss
4651 silly fetch manifest bare-path@^3.0.0
4652 silly packumentCache full:https://registry.npmjs.org/bare-path cache-miss
4653 silly fetch manifest fast-fifo@^1.3.2
4654 silly packumentCache full:https://registry.npmjs.org/fast-fifo cache-hit
4655 silly fetch manifest bare-events@^2.5.4
4656 silly packumentCache full:https://registry.npmjs.org/bare-events cache-miss
4657 silly fetch manifest bare-stream@^2.6.4
4658 silly packumentCache full:https://registry.npmjs.org/bare-stream cache-miss
4659 silly fetch manifest events-universal@^1.0.0
4660 silly packumentCache full:https://registry.npmjs.org/events-universal cache-miss
4661 silly fetch manifest text-decoder@^1.1.0
4662 silly packumentCache full:https://registry.npmjs.org/text-decoder cache-miss
4663 http cache https://registry.npmjs.org/bare-stream 4ms (cache hit)
4664 silly packumentCache full:https://registry.npmjs.org/bare-stream set size:79215 disposed:false
4665 http cache https://registry.npmjs.org/bare-path 6ms (cache hit)
4666 silly packumentCache full:https://registry.npmjs.org/bare-path set size:23396 disposed:false
4667 http cache https://registry.npmjs.org/text-decoder 6ms (cache hit)
4668 silly packumentCache full:https://registry.npmjs.org/text-decoder set size:22264 disposed:false
4669 http cache https://registry.npmjs.org/bare-url 8ms (cache hit)
4670 silly packumentCache full:https://registry.npmjs.org/bare-url set size:115957 disposed:false
4671 http cache https://registry.npmjs.org/events-universal 8ms (cache hit)
4672 silly packumentCache full:https://registry.npmjs.org/events-universal set size:4251 disposed:false
4673 http cache https://registry.npmjs.org/bare-events 9ms (cache hit)
4674 silly packumentCache full:https://registry.npmjs.org/bare-events set size:51893 disposed:false
4675 silly fetch manifest bare-abort-controller@*
4676 silly packumentCache full:https://registry.npmjs.org/bare-abort-controller cache-miss
4677 http cache https://registry.npmjs.org/bare-abort-controller 4ms (cache hit)
4678 silly packumentCache full:https://registry.npmjs.org/bare-abort-controller set size:11265 disposed:false
4679 silly placeDep ROOT bare-events@2.9.1 OK for: bare-fs@4.8.0 want: ^2.5.4
4680 silly placeDep ROOT bare-path@3.1.1 OK for: bare-fs@4.8.0 want: ^3.0.0
4681 silly placeDep ROOT bare-stream@2.13.3 OK for: bare-fs@4.8.0 want: ^2.6.4
4682 silly placeDep ROOT bare-url@2.5.2 OK for: bare-fs@4.8.0 want: ^2.2.2
4683 silly fetch manifest teex@^1.0.1
4684 silly packumentCache full:https://registry.npmjs.org/teex cache-miss
4685 http cache https://registry.npmjs.org/teex 4ms (cache hit)
4686 silly packumentCache full:https://registry.npmjs.org/teex set size:5952 disposed:false
4687 silly placeDep ROOT teex@1.0.1 OK for: bare-stream@2.13.3 want: ^1.0.1
4688 silly placeDep ROOT events-universal@1.0.1 OK for: streamx@2.28.0 want: ^1.0.0
4689 silly placeDep ROOT text-decoder@1.2.7 OK for: streamx@2.28.0 want: ^1.1.0
4690 silly placeDep ROOT supports-hyperlinks@4.5.0 OK for: terminal-link@5.0.0 want: ^4.1.0
4691 silly fetch manifest has-flag@^5.0.1
4692 silly packumentCache full:https://registry.npmjs.org/has-flag cache-miss
4693 http cache https://registry.npmjs.org/has-flag 2ms (cache hit)
4694 silly packumentCache full:https://registry.npmjs.org/has-flag set size:15180 disposed:false
4695 silly placeDep ROOT has-flag@5.0.1 OK for: supports-hyperlinks@4.5.0 want: ^5.0.1
4696 silly placeDep node_modules/thread-stream real-require@1.0.0 OK for: thread-stream@4.2.0 want: ^1.0.0
4697 silly placeDep node_modules/through2 readable-stream@2.3.8 OK for: through2@2.0.5 want: ~2.3.6
4698 silly placeDep ROOT tmp@0.2.7 OK for: tmp-promise@3.0.3 want: ^0.2.0
4699 silly placeDep ROOT is-number@7.0.0 OK for: to-regex-range@5.0.1 want: ^7.0.0
4700 silly placeDep node_modules/type-is content-type@2.1.0 OK for: type-is@2.1.0 want: ^2.0.0
4701 silly placeDep ROOT media-typer@1.1.1 OK for: type-is@2.1.0 want: ^1.1.0
4702 silly placeDep node_modules/type-is mime-types@3.0.2 OK for: type-is@2.1.0 want: ^3.0.0
4703 silly placeDep ROOT for-each@0.3.5 OK for: typed-array-byte-length@1.0.3 want: ^0.3.3
4704 silly placeDep ROOT reflect.getprototypeof@1.0.10 OK for: typed-array-byte-offset@1.0.4 want: ^1.0.9
4705 silly fetch manifest which-builtin-type@^1.2.1
4706 silly packumentCache full:https://registry.npmjs.org/which-builtin-type cache-miss
4707 http cache https://registry.npmjs.org/which-builtin-type 3ms (cache hit)
4708 silly packumentCache full:https://registry.npmjs.org/which-builtin-type set size:39107 disposed:false
4709 silly placeDep ROOT which-builtin-type@1.2.1 OK for: reflect.getprototypeof@1.0.10 want: ^1.2.1
4710 silly fetch manifest is-async-function@^2.0.0
4711 silly packumentCache full:https://registry.npmjs.org/is-async-function cache-miss
4712 silly fetch manifest is-finalizationregistry@^1.1.0
4713 silly packumentCache full:https://registry.npmjs.org/is-finalizationregistry cache-miss
4714 silly fetch manifest is-generator-function@^1.0.10
4715 silly packumentCache full:https://registry.npmjs.org/is-generator-function cache-miss
4716 silly fetch manifest which-boxed-primitive@^1.1.0
4717 silly packumentCache full:https://registry.npmjs.org/which-boxed-primitive cache-hit
4718 silly fetch manifest which-collection@^1.0.2
4719 silly packumentCache full:https://registry.npmjs.org/which-collection cache-miss
4720 http cache https://registry.npmjs.org/is-finalizationregistry 4ms (cache hit)
4721 silly packumentCache full:https://registry.npmjs.org/is-finalizationregistry set size:19800 disposed:false
4722 http cache https://registry.npmjs.org/is-async-function 5ms (cache hit)
4723 silly packumentCache full:https://registry.npmjs.org/is-async-function set size:51614 disposed:false
4724 http cache https://registry.npmjs.org/which-collection 6ms (cache hit)
4725 silly packumentCache full:https://registry.npmjs.org/which-collection set size:13607 disposed:false
4726 http cache https://registry.npmjs.org/is-generator-function 6ms (cache hit)
4727 silly packumentCache full:https://registry.npmjs.org/is-generator-function set size:44643 disposed:false
4728 silly placeDep ROOT random-bytes@1.0.0 OK for: uid-safe@2.1.5 want: ~1.0.0
4729 silly placeDep ROOT has-bigints@1.1.0 OK for: unbox-primitive@1.1.0 want: ^1.0.2
4730 silly placeDep ROOT which-boxed-primitive@1.1.1 OK for: unbox-primitive@1.1.0 want: ^1.1.1
4731 silly fetch manifest is-bigint@^1.1.0
4732 silly packumentCache full:https://registry.npmjs.org/is-bigint cache-miss
4733 silly fetch manifest is-boolean-object@^1.2.1
4734 silly packumentCache full:https://registry.npmjs.org/is-boolean-object cache-miss
4735 silly fetch manifest is-number-object@^1.1.1
4736 silly packumentCache full:https://registry.npmjs.org/is-number-object cache-miss
4737 http cache https://registry.npmjs.org/is-bigint 4ms (cache hit)
4738 silly packumentCache full:https://registry.npmjs.org/is-bigint set size:20283 disposed:false
4739 http cache https://registry.npmjs.org/is-boolean-object 5ms (cache hit)
4740 silly packumentCache full:https://registry.npmjs.org/is-boolean-object set size:31341 disposed:false
4741 http cache https://registry.npmjs.org/is-number-object 5ms (cache hit)
4742 silly packumentCache full:https://registry.npmjs.org/is-number-object set size:31189 disposed:false
4743 silly placeDep ROOT nan@2.28.0 OK for: unix-dgram@2.0.7 want: ^2.20.0
4744 silly placeDep node_modules/unixify normalize-path@2.1.1 OK for: unixify@1.0.0 want: ^2.1.1
4745 silly fetch manifest remove-trailing-separator@^1.0.1
4746 silly packumentCache full:https://registry.npmjs.org/remove-trailing-separator cache-miss
4747 http cache https://registry.npmjs.org/remove-trailing-separator 2ms (cache hit)
4748 silly packumentCache full:https://registry.npmjs.org/remove-trailing-separator set size:9314 disposed:false
4749 silly placeDep ROOT anymatch@3.1.3 OK for: unstorage@1.17.5 want: ^3.1.3
4750 silly placeDep node_modules/unstorage chokidar@5.0.0 OK for: unstorage@1.17.5 want: ^5.0.0
4751 silly placeDep node_modules/unstorage lru-cache@11.5.2 OK for: unstorage@1.17.5 want: ^11.2.7
4752 silly fetch manifest picomatch@^2.0.4
4753 silly packumentCache full:https://registry.npmjs.org/picomatch cache-hit
4754 silly placeDep node_modules/anymatch picomatch@2.3.2 OK for: anymatch@3.1.3 want: ^2.0.4
4755 silly placeDep ROOT configstore@7.1.0 OK for: update-notifier@7.3.1 want: ^7.0.0
4756 silly placeDep ROOT is-in-ci@1.0.0 OK for: update-notifier@7.3.1 want: ^1.0.0
4757 silly placeDep ROOT is-installed-globally@1.0.0 OK for: update-notifier@7.3.1 want: ^1.0.0
4758 silly placeDep ROOT is-npm@6.1.0 OK for: update-notifier@7.3.1 want: ^6.0.0
4759 silly placeDep ROOT latest-version@9.0.0 OK for: update-notifier@7.3.1 want: ^9.0.0
4760 silly placeDep ROOT pupa@3.3.0 OK for: update-notifier@7.3.1 want: ^3.1.0
4761 silly placeDep ROOT xdg-basedir@5.1.0 OK for: update-notifier@7.3.1 want: ^5.1.0
4762 silly fetch manifest global-directory@^4.0.1
4763 silly packumentCache full:https://registry.npmjs.org/global-directory cache-miss
4764 silly fetch manifest package-json@^10.0.0
4765 silly packumentCache full:https://registry.npmjs.org/package-json cache-miss
4766 silly fetch manifest escape-goat@^4.0.0
4767 silly packumentCache full:https://registry.npmjs.org/escape-goat cache-miss
4768 http cache https://registry.npmjs.org/global-directory 4ms (cache hit)
4769 silly packumentCache full:https://registry.npmjs.org/global-directory set size:8560 disposed:false
4770 http cache https://registry.npmjs.org/escape-goat 4ms (cache hit)
4771 silly packumentCache full:https://registry.npmjs.org/escape-goat set size:24003 disposed:false
4772 http cache https://registry.npmjs.org/package-json 5ms (cache hit)
4773 silly packumentCache full:https://registry.npmjs.org/package-json set size:73752 disposed:false
4774 silly placeDep node_modules/configstore dot-prop@9.0.0 OK for: configstore@7.1.0 want: ^9.0.0
4775 silly placeDep ROOT global-directory@4.0.1 OK for: is-installed-globally@1.0.0 want: ^4.0.1
4776 silly fetch manifest ini@4.1.1
4777 silly packumentCache full:https://registry.npmjs.org/ini cache-hit
4778 silly placeDep node_modules/global-directory ini@4.1.1 OK for: global-directory@4.0.1 want: 4.1.1
4779 silly placeDep ROOT package-json@10.0.1 OK for: latest-version@9.0.0 want: ^10.0.0
4780 silly fetch manifest ky@^1.2.0
4781 silly packumentCache full:https://registry.npmjs.org/ky cache-miss
4782 silly fetch manifest registry-auth-token@^5.0.2
4783 silly packumentCache full:https://registry.npmjs.org/registry-auth-token cache-miss
4784 silly fetch manifest registry-url@^6.0.1
4785 silly packumentCache full:https://registry.npmjs.org/registry-url cache-miss
4786 http cache https://registry.npmjs.org/registry-auth-token 4ms (cache hit)
4787 silly packumentCache full:https://registry.npmjs.org/registry-auth-token set size:64303 disposed:false
4788 http cache https://registry.npmjs.org/ky 5ms (cache hit)
4789 silly packumentCache full:https://registry.npmjs.org/ky set size:380599 disposed:false
4790 http cache https://registry.npmjs.org/registry-url 6ms (cache hit)
4791 silly packumentCache full:https://registry.npmjs.org/registry-url set size:35136 disposed:false
4792 silly placeDep ROOT ky@1.14.3 OK for: package-json@10.0.1 want: ^1.2.0
4793 silly placeDep ROOT registry-auth-token@5.1.1 OK for: package-json@10.0.1 want: ^5.0.2
4794 silly placeDep ROOT registry-url@6.0.1 OK for: package-json@10.0.1 want: ^6.0.1
4795 silly fetch manifest @pnpm/npm-conf@^3.0.2
4796 silly packumentCache full:https://registry.npmjs.org/@pnpm%2fnpm-conf cache-miss
4797 silly fetch manifest rc@1.2.8
4798 silly packumentCache full:https://registry.npmjs.org/rc cache-miss
4799 http cache https://registry.npmjs.org/@pnpm%2fnpm-conf 3ms (cache hit)
4800 silly packumentCache full:https://registry.npmjs.org/@pnpm%2fnpm-conf set size:55081 disposed:false
4801 http cache https://registry.npmjs.org/rc 4ms (cache hit)
4802 silly packumentCache full:https://registry.npmjs.org/rc set size:70417 disposed:false
4803 silly placeDep ROOT escape-goat@4.0.0 OK for: pupa@3.3.0 want: ^4.0.0
4804 silly placeDep ROOT @pnpm/npm-conf@3.0.3 OK for: registry-auth-token@5.1.1 want: ^3.0.2
4805 silly fetch manifest @pnpm/config.env-replace@^1.1.0
4806 silly packumentCache full:https://registry.npmjs.org/@pnpm%2fconfig.env-replace cache-miss
4807 silly fetch manifest @pnpm/network.ca-file@^1.0.1
4808 silly packumentCache full:https://registry.npmjs.org/@pnpm%2fnetwork.ca-file cache-miss
4809 silly fetch manifest config-chain@^1.1.11
4810 silly packumentCache full:https://registry.npmjs.org/config-chain cache-miss
4811 http cache https://registry.npmjs.org/@pnpm%2fconfig.env-replace 5ms (cache hit)
4812 silly packumentCache full:https://registry.npmjs.org/@pnpm%2fconfig.env-replace set size:20011 disposed:false
4813 http cache https://registry.npmjs.org/@pnpm%2fnetwork.ca-file 5ms (cache hit)
4814 silly packumentCache full:https://registry.npmjs.org/@pnpm%2fnetwork.ca-file set size:22408 disposed:false
4815 http cache https://registry.npmjs.org/config-chain 5ms (cache hit)
4816 silly packumentCache full:https://registry.npmjs.org/config-chain set size:38691 disposed:false
4817 silly placeDep ROOT @pnpm/config.env-replace@1.1.0 OK for: @pnpm/npm-conf@3.0.3 want: ^1.1.0
4818 silly placeDep ROOT @pnpm/network.ca-file@1.0.2 OK for: @pnpm/npm-conf@3.0.3 want: ^1.0.1
4819 silly placeDep ROOT config-chain@1.1.13 OK for: @pnpm/npm-conf@3.0.3 want: ^1.1.11
4820 silly fetch manifest graceful-fs@4.2.10
4821 silly packumentCache full:https://registry.npmjs.org/graceful-fs cache-hit
4822 silly fetch manifest proto-list@~1.2.1
4823 silly packumentCache full:https://registry.npmjs.org/proto-list cache-miss
4824 http cache https://registry.npmjs.org/proto-list 3ms (cache hit)
4825 silly packumentCache full:https://registry.npmjs.org/proto-list set size:8764 disposed:false
4826 silly placeDep node_modules/@pnpm/network.ca-file graceful-fs@4.2.10 OK for: @pnpm/network.ca-file@1.0.2 want: 4.2.10
4827 silly placeDep ROOT proto-list@1.2.4 OK for: config-chain@1.1.13 want: ~1.2.1
4828 silly placeDep ROOT rc@1.2.8 OK for: registry-url@6.0.1 want: 1.2.8
4829 silly fetch manifest deep-extend@^0.6.0
4830 silly packumentCache full:https://registry.npmjs.org/deep-extend cache-miss
4831 silly fetch manifest strip-json-comments@~2.0.1
4832 silly packumentCache full:https://registry.npmjs.org/strip-json-comments cache-miss
4833 http cache https://registry.npmjs.org/deep-extend 4ms (cache hit)
4834 silly packumentCache full:https://registry.npmjs.org/deep-extend set size:34472 disposed:false
4835 http cache https://registry.npmjs.org/strip-json-comments 5ms (cache hit)
4836 silly packumentCache full:https://registry.npmjs.org/strip-json-comments set size:43569 disposed:false
4837 silly placeDep ROOT deep-extend@0.6.0 OK for: rc@1.2.8 want: ^0.6.0
4838 silly placeDep ROOT strip-json-comments@2.0.1 OK for: rc@1.2.8 want: ~2.0.1
4839 silly placeDep ROOT spdx-correct@3.2.0 OK for: validate-npm-package-license@3.0.4 want: ^3.0.0
4840 silly placeDep ROOT spdx-expression-parse@3.0.1 OK for: validate-npm-package-license@3.0.4 want: ^3.0.0
4841 silly fetch manifest spdx-license-ids@^3.0.0
4842 silly packumentCache full:https://registry.npmjs.org/spdx-license-ids cache-miss
4843 silly fetch manifest spdx-exceptions@^2.1.0
4844 silly packumentCache full:https://registry.npmjs.org/spdx-exceptions cache-miss
4845 silly fetch manifest spdx-license-ids@^3.0.0
4846 silly packumentCache full:https://registry.npmjs.org/spdx-license-ids cache-miss
4847 http cache https://registry.npmjs.org/spdx-exceptions 30ms (cache hit)
4848 silly packumentCache full:https://registry.npmjs.org/spdx-exceptions set size:21227 disposed:false
4849 http fetch GET 200 https://registry.npmjs.org/spdx-license-ids 724ms (cache miss)
4850 silly packumentCache full:https://registry.npmjs.org/spdx-license-ids set size:undefined disposed:false
4851 http fetch GET 200 https://registry.npmjs.org/spdx-license-ids 726ms (cache miss)
4852 silly packumentCache full:https://registry.npmjs.org/spdx-license-ids set size:undefined disposed:false
4853 silly placeDep ROOT spdx-license-ids@3.0.23 OK for: spdx-correct@3.2.0 want: ^3.0.0
4854 silly placeDep ROOT spdx-exceptions@2.5.0 OK for: spdx-expression-parse@3.0.1 want: ^2.1.0
4855 silly placeDep ROOT defaults@1.0.4 OK for: wcwidth@1.0.1 want: ^1.0.3
4856 silly fetch manifest clone@^1.0.2
4857 silly packumentCache full:https://registry.npmjs.org/clone cache-miss
4858 http fetch GET 200 https://registry.npmjs.org/clone 153ms (cache miss)
4859 silly packumentCache full:https://registry.npmjs.org/clone set size:undefined disposed:false
4860 silly placeDep ROOT clone@1.0.4 OK for: defaults@1.0.4 want: ^1.0.2
4861 silly placeDep node_modules/which isexe@2.0.0 OK for: which@2.0.2 want: ^2.0.0
4862 silly placeDep ROOT is-bigint@1.1.0 OK for: which-boxed-primitive@1.1.1 want: ^1.1.0
4863 silly placeDep ROOT is-boolean-object@1.2.2 OK for: which-boxed-primitive@1.1.1 want: ^1.2.1
4864 silly placeDep ROOT is-number-object@1.1.1 OK for: which-boxed-primitive@1.1.1 want: ^1.1.1
4865 silly placeDep ROOT is-async-function@2.1.1 OK for: which-builtin-type@1.2.1 want: ^2.0.0
4866 silly placeDep ROOT is-finalizationregistry@1.1.1 OK for: which-builtin-type@1.2.1 want: ^1.1.0
4867 silly placeDep ROOT is-generator-function@1.1.2 OK for: which-builtin-type@1.2.1 want: ^1.0.10
4868 silly placeDep ROOT which-collection@1.0.2 OK for: which-builtin-type@1.2.1 want: ^1.0.2
4869 silly fetch manifest async-function@^1.0.0
4870 silly packumentCache full:https://registry.npmjs.org/async-function cache-miss
4871 silly fetch manifest generator-function@^2.0.0
4872 silly packumentCache full:https://registry.npmjs.org/generator-function cache-miss
4873 silly fetch manifest is-map@^2.0.3
4874 silly packumentCache full:https://registry.npmjs.org/is-map cache-miss
4875 silly fetch manifest is-weakmap@^2.0.2
4876 silly packumentCache full:https://registry.npmjs.org/is-weakmap cache-miss
4877 silly fetch manifest is-weakset@^2.0.3
4878 silly packumentCache full:https://registry.npmjs.org/is-weakset cache-miss
4879 http fetch GET 200 https://registry.npmjs.org/async-function 116ms (cache miss)
4880 silly packumentCache full:https://registry.npmjs.org/async-function set size:undefined disposed:false
4881 http fetch GET 200 https://registry.npmjs.org/generator-function 131ms (cache miss)
4882 silly packumentCache full:https://registry.npmjs.org/generator-function set size:undefined disposed:false
4883 http fetch GET 200 https://registry.npmjs.org/is-map 419ms (cache miss)
4884 silly packumentCache full:https://registry.npmjs.org/is-map set size:undefined disposed:false
4885 http fetch GET 200 https://registry.npmjs.org/is-weakset 420ms (cache miss)
4886 silly packumentCache full:https://registry.npmjs.org/is-weakset set size:undefined disposed:false
4887 http fetch GET 200 https://registry.npmjs.org/is-weakmap 421ms (cache miss)
4888 silly packumentCache full:https://registry.npmjs.org/is-weakmap set size:undefined disposed:false
4889 silly placeDep ROOT async-function@1.0.0 OK for: is-async-function@2.1.1 want: ^1.0.0
4890 silly placeDep ROOT generator-function@2.0.1 OK for: is-generator-function@1.1.2 want: ^2.0.0
4891 silly placeDep ROOT is-map@2.0.3 OK for: which-collection@1.0.2 want: ^2.0.3
4892 silly placeDep ROOT is-weakmap@2.0.2 OK for: which-collection@1.0.2 want: ^2.0.2
4893 silly placeDep ROOT is-weakset@2.0.4 OK for: which-collection@1.0.2 want: ^2.0.3
4894 silly placeDep node_modules/widest-line string-width@7.2.0 OK for: widest-line@5.0.0 want: ^7.0.0
4895 silly placeDep node_modules/windows-release execa@8.0.1 OK for: windows-release@6.1.0 want: ^8.0.1
4896 silly placeDep ROOT @colors/colors@1.6.0 OK for: winston@3.19.0 want: ^1.6.0
4897 silly placeDep ROOT @dabh/diagnostics@2.0.8 OK for: winston@3.19.0 want: ^2.0.8
4898 silly placeDep ROOT logform@2.7.0 OK for: winston@3.19.0 want: ^2.7.0
4899 silly placeDep ROOT one-time@1.0.0 OK for: winston@3.19.0 want: ^1.0.0
4900 silly placeDep ROOT stack-trace@0.0.10 OK for: winston@3.19.0 want: 0.0.x
4901 silly placeDep ROOT triple-beam@1.4.1 OK for: winston@3.19.0 want: ^1.3.0
4902 silly placeDep ROOT winston-transport@4.9.0 OK for: winston@3.19.0 want: ^4.9.0
4903 silly fetch manifest @so-ric/colorspace@^1.1.6
4904 silly packumentCache full:https://registry.npmjs.org/@so-ric%2fcolorspace cache-miss
4905 silly fetch manifest enabled@2.0.x
4906 silly packumentCache full:https://registry.npmjs.org/enabled cache-miss
4907 silly fetch manifest kuler@^2.0.0
4908 silly packumentCache full:https://registry.npmjs.org/kuler cache-miss
4909 silly fetch manifest @types/triple-beam@^1.3.2
4910 silly packumentCache full:https://registry.npmjs.org/@types%2ftriple-beam cache-miss
4911 silly fetch manifest fecha@^4.2.0
4912 silly packumentCache full:https://registry.npmjs.org/fecha cache-miss
4913 silly fetch manifest fn.name@1.x.x
4914 silly packumentCache full:https://registry.npmjs.org/fn.name cache-miss
4915 http fetch GET 200 https://registry.npmjs.org/@types%2ftriple-beam 133ms (cache miss)
4916 silly packumentCache full:https://registry.npmjs.org/@types%2ftriple-beam set size:undefined disposed:false
4917 http fetch GET 200 https://registry.npmjs.org/fecha 139ms (cache miss)
4918 silly packumentCache full:https://registry.npmjs.org/fecha set size:undefined disposed:false
4919 http fetch GET 200 https://registry.npmjs.org/fn.name 463ms (cache miss)
4920 silly packumentCache full:https://registry.npmjs.org/fn.name set size:undefined disposed:false
4921 http fetch GET 200 https://registry.npmjs.org/enabled 465ms (cache miss)
4922 silly packumentCache full:https://registry.npmjs.org/enabled set size:undefined disposed:false
4923 http fetch GET 200 https://registry.npmjs.org/kuler 474ms (cache miss)
4924 silly packumentCache full:https://registry.npmjs.org/kuler set size:undefined disposed:false
4925 http fetch GET 200 https://registry.npmjs.org/@so-ric%2fcolorspace 708ms (cache miss)
4926 silly packumentCache full:https://registry.npmjs.org/@so-ric%2fcolorspace set size:undefined disposed:false
4927 silly placeDep ROOT @so-ric/colorspace@1.1.6 OK for: @dabh/diagnostics@2.0.8 want: ^1.1.6
4928 silly placeDep ROOT enabled@2.0.0 OK for: @dabh/diagnostics@2.0.8 want: 2.0.x
4929 silly placeDep ROOT kuler@2.0.0 OK for: @dabh/diagnostics@2.0.8 want: ^2.0.0
4930 silly fetch manifest color@^5.0.2
4931 silly packumentCache full:https://registry.npmjs.org/color cache-miss
4932 silly fetch manifest text-hex@1.0.x
4933 silly packumentCache full:https://registry.npmjs.org/text-hex cache-miss
4934 http fetch GET 200 https://registry.npmjs.org/color 130ms (cache miss)
4935 silly packumentCache full:https://registry.npmjs.org/color set size:undefined disposed:false
4936 http fetch GET 200 https://registry.npmjs.org/text-hex 435ms (cache miss)
4937 silly packumentCache full:https://registry.npmjs.org/text-hex set size:undefined disposed:false
4938 silly placeDep ROOT color@5.0.3 OK for: @so-ric/colorspace@1.1.6 want: ^5.0.2
4939 silly placeDep ROOT text-hex@1.0.0 OK for: @so-ric/colorspace@1.1.6 want: 1.0.x
4940 silly fetch manifest color-convert@^3.1.3
4941 silly packumentCache full:https://registry.npmjs.org/color-convert cache-miss
4942 silly fetch manifest color-string@^2.1.3
4943 silly packumentCache full:https://registry.npmjs.org/color-string cache-miss
4944 http fetch GET 200 https://registry.npmjs.org/color-string 174ms (cache miss)
4945 silly packumentCache full:https://registry.npmjs.org/color-string set size:undefined disposed:false
4946 http fetch GET 200 https://registry.npmjs.org/color-convert 179ms (cache miss)
4947 silly packumentCache full:https://registry.npmjs.org/color-convert set size:undefined disposed:false
4948 silly placeDep node_modules/color color-convert@3.1.3 OK for: color@5.0.3 want: ^3.1.3
4949 silly placeDep ROOT color-string@2.1.4 OK for: color@5.0.3 want: ^2.1.3
4950 silly fetch manifest color-name@^2.0.0
4951 silly packumentCache full:https://registry.npmjs.org/color-name cache-miss
4952 silly fetch manifest color-name@^2.0.0
4953 silly packumentCache full:https://registry.npmjs.org/color-name cache-miss
4954 http cache https://registry.npmjs.org/color-name 6ms (cache hit)
4955 silly packumentCache full:https://registry.npmjs.org/color-name set size:20968 disposed:false
4956 http cache https://registry.npmjs.org/color-name 8ms (cache hit)
4957 silly packumentCache full:https://registry.npmjs.org/color-name set size:20968 disposed:false
4958 silly packumentCache full:https://registry.npmjs.org/color-name dispose
4959 silly placeDep node_modules/color-string color-name@2.1.1 OK for: color-string@2.1.4 want: ^2.0.0
4960 silly placeDep ROOT @types/triple-beam@1.3.5 OK for: logform@2.7.0 want: ^1.3.2
4961 silly placeDep ROOT fecha@4.2.3 OK for: logform@2.7.0 want: ^4.2.0
4962 silly placeDep ROOT fn.name@1.1.0 OK for: one-time@1.0.0 want: 1.x.x
4963 silly placeDep ROOT imurmurhash@0.1.4 OK for: write-file-atomic@5.0.1 want: ^0.1.4
4964 silly placeDep node_modules/write-file-atomic signal-exit@4.1.0 OK for: write-file-atomic@5.0.1 want: ^4.0.1
4965 silly placeDep node_modules/wsl-utils powershell-utils@0.1.0 OK for: wsl-utils@1.0.0 want: ^0.1.0
4966 silly placeDep node_modules/xss commander@2.20.3 OK for: xss@1.0.15 want: ^2.20.3
4967 silly placeDep ROOT cssfilter@0.0.10 OK for: xss@1.0.15 want: 0.0.10
4968 silly placeDep ROOT pend@1.2.0 OK for: yauzl@3.4.0 want: ~1.2.0
4969 silly placeDep ROOT compress-commons@7.0.1 OK for: zip-stream@7.0.5 want: ^7.0.0
4970 silly placeDep node_modules/zip-stream readable-stream@4.7.0 OK for: zip-stream@7.0.5 want: ^4.0.0
4971 silly fetch manifest crc32-stream@^7.0.1
4972 silly packumentCache full:https://registry.npmjs.org/crc32-stream cache-miss
4973 http fetch GET 200 https://registry.npmjs.org/crc32-stream 142ms (cache miss)
4974 silly packumentCache full:https://registry.npmjs.org/crc32-stream set size:undefined disposed:false
4975 silly placeDep ROOT crc32-stream@7.0.1 OK for: compress-commons@7.0.1 want: ^7.0.1
4976 silly placeDep node_modules/compress-commons is-stream@4.0.1 OK for: compress-commons@7.0.1 want: ^4.0.0
4977 silly placeDep node_modules/compress-commons readable-stream@4.7.0 OK for: compress-commons@7.0.1 want: ^4.0.0
4978 silly placeDep node_modules/crc32-stream readable-stream@4.7.0 OK for: crc32-stream@7.0.1 want: ^4.0.0
4979 silly placeDep node_modules/@netlify/blobs dot-prop@9.0.0 OK for: @netlify/dev-utils@5.0.0 want: 9.0.0
4980 silly placeDep node_modules/@netlify/blobs env-paths@3.0.0 OK for: @netlify/dev-utils@5.0.0 want: ^3.0.0
4981 silly placeDep node_modules/@netlify/build-info locate-path@7.2.0 OK for: find-up@7.0.0 want: ^7.2.0
4982 silly placeDep node_modules/@netlify/build-info unicorn-magic@0.1.0 OK for: find-up@7.0.0 want: ^0.1.0
4983 silly placeDep node_modules/@netlify/build get-stream@8.0.1 OK for: execa@8.0.1 want: ^8.0.1
4984 silly placeDep node_modules/@netlify/build human-signals@5.0.0 OK for: execa@8.0.1 want: ^5.0.0
4985 silly placeDep node_modules/@netlify/build is-stream@3.0.0 OK for: execa@8.0.1 want: ^3.0.0
4986 silly placeDep node_modules/@netlify/build npm-run-path@5.3.0 OK for: execa@8.0.1 want: ^5.1.0
4987 silly placeDep node_modules/@netlify/build onetime@6.0.0 OK for: execa@8.0.1 want: ^6.0.0
4988 silly placeDep node_modules/@netlify/build signal-exit@4.1.0 OK for: execa@8.0.1 want: ^4.1.0
4989 silly placeDep node_modules/@netlify/build strip-final-newline@3.0.0 OK for: execa@8.0.1 want: ^3.0.0
4990 silly placeDep node_modules/@netlify/build path-key@4.0.0 OK for: npm-run-path@5.3.0 want: ^4.0.0
4991 silly placeDep node_modules/@netlify/build supports-hyperlinks@3.2.0 OK for: terminal-link@4.0.0 want: ^3.2.0
4992 silly fetch manifest has-flag@^4.0.0
4993 silly packumentCache full:https://registry.npmjs.org/has-flag cache-hit
4994 silly fetch manifest supports-color@^7.0.0
4995 silly packumentCache full:https://registry.npmjs.org/supports-color cache-hit
4996 silly placeDep node_modules/@netlify/build has-flag@4.0.0 OK for: supports-hyperlinks@3.2.0 want: ^4.0.0
4997 silly placeDep node_modules/@netlify/build/node_modules/supports-hyperlinks supports-color@7.2.0 OK for: supports-hyperlinks@3.2.0 want: ^7.0.0
4998 silly placeDep ROOT @cspotcode/source-map-support@0.8.1 OK for: ts-node@10.9.2 want: ^0.8.0
4999 silly placeDep ROOT @tsconfig/node10@1.0.13 OK for: ts-node@10.9.2 want: ^1.0.7
5000 silly placeDep ROOT @tsconfig/node12@1.0.11 OK for: ts-node@10.9.2 want: ^1.0.7
5001 silly placeDep ROOT @tsconfig/node14@1.0.3 OK for: ts-node@10.9.2 want: ^1.0.0
5002 silly placeDep ROOT @tsconfig/node16@1.0.4 OK for: ts-node@10.9.2 want: ^1.0.2
5003 silly placeDep ROOT acorn-walk@8.3.5 OK for: ts-node@10.9.2 want: ^8.1.1
5004 silly placeDep ROOT arg@4.1.3 OK for: ts-node@10.9.2 want: ^4.1.0
5005 silly placeDep ROOT create-require@1.1.1 OK for: ts-node@10.9.2 want: ^1.1.0
5006 silly placeDep ROOT diff@4.0.4 OK for: ts-node@10.9.2 want: ^4.0.1
5007 silly placeDep ROOT make-error@1.3.6 OK for: ts-node@10.9.2 want: ^1.1.1
5008 silly placeDep ROOT v8-compile-cache-lib@3.0.1 OK for: ts-node@10.9.2 want: ^3.0.1
5009 silly placeDep ROOT yn@3.1.1 OK for: ts-node@10.9.2 want: 3.1.1
5010 silly fetch manifest @jridgewell/trace-mapping@0.3.9
5011 silly packumentCache full:https://registry.npmjs.org/@jridgewell%2ftrace-mapping cache-miss
5012 http cache https://registry.npmjs.org/@jridgewell%2ftrace-mapping 7ms (cache hit)
5013 silly packumentCache full:https://registry.npmjs.org/@jridgewell%2ftrace-mapping set size:170909 disposed:false
5014 silly placeDep ROOT @jridgewell/trace-mapping@0.3.9 OK for: @cspotcode/source-map-support@0.8.1 want: 0.3.9
5015 silly fetch manifest @jridgewell/resolve-uri@^3.0.3
5016 silly packumentCache full:https://registry.npmjs.org/@jridgewell%2fresolve-uri cache-miss
5017 http cache https://registry.npmjs.org/@jridgewell%2fresolve-uri 3ms (cache hit)
5018 silly packumentCache full:https://registry.npmjs.org/@jridgewell%2fresolve-uri set size:57361 disposed:false
5019 silly placeDep ROOT @jridgewell/resolve-uri@3.1.2 OK for: @jridgewell/trace-mapping@0.3.9 want: ^3.0.3
5020 silly placeDep node_modules/@netlify/config get-stream@8.0.1 OK for: execa@8.0.1 want: ^8.0.1
5021 silly placeDep node_modules/@netlify/config human-signals@5.0.0 OK for: execa@8.0.1 want: ^5.0.0
5022 silly placeDep node_modules/@netlify/config is-stream@3.0.0 OK for: execa@8.0.1 want: ^3.0.0
5023 silly placeDep node_modules/@netlify/config npm-run-path@5.3.0 OK for: execa@8.0.1 want: ^5.1.0
5024 silly placeDep node_modules/@netlify/config onetime@6.0.0 OK for: execa@8.0.1 want: ^6.0.0
5025 silly placeDep node_modules/@netlify/config signal-exit@4.1.0 OK for: execa@8.0.1 want: ^4.1.0
5026 silly placeDep node_modules/@netlify/config strip-final-newline@3.0.0 OK for: execa@8.0.1 want: ^3.0.0
5027 silly placeDep node_modules/@netlify/config locate-path@7.2.0 OK for: find-up@7.0.0 want: ^7.2.0
5028 silly placeDep node_modules/@netlify/config unicorn-magic@0.1.0 OK for: find-up@7.0.0 want: ^0.1.0
5029 silly placeDep node_modules/@netlify/config path-key@4.0.0 OK for: npm-run-path@5.3.0 want: ^4.0.0
5030 silly placeDep node_modules/@netlify/dev dot-prop@9.0.0 OK for: @netlify/dev-utils@5.0.0 want: 9.0.0
5031 silly placeDep node_modules/@netlify/dev env-paths@3.0.0 OK for: @netlify/dev-utils@5.0.0 want: ^3.0.0
5032 silly placeDep node_modules/@netlify/edge-bundler get-stream@8.0.1 OK for: execa@8.0.1 want: ^8.0.1
5033 silly placeDep node_modules/@netlify/edge-bundler human-signals@5.0.0 OK for: execa@8.0.1 want: ^5.0.0
5034 silly placeDep node_modules/@netlify/edge-bundler is-stream@3.0.0 OK for: execa@8.0.1 want: ^3.0.0
5035 silly placeDep node_modules/@netlify/edge-bundler npm-run-path@5.3.0 OK for: execa@8.0.1 want: ^5.1.0
5036 silly placeDep node_modules/@netlify/edge-bundler onetime@6.0.0 OK for: execa@8.0.1 want: ^6.0.0
5037 silly placeDep node_modules/@netlify/edge-bundler signal-exit@4.1.0 OK for: execa@8.0.1 want: ^4.1.0
5038 silly placeDep node_modules/@netlify/edge-bundler strip-final-newline@3.0.0 OK for: execa@8.0.1 want: ^3.0.0
5039 silly placeDep node_modules/@netlify/edge-bundler locate-path@7.2.0 OK for: find-up@7.0.0 want: ^7.2.0
5040 silly placeDep node_modules/@netlify/edge-bundler unicorn-magic@0.1.0 OK for: find-up@7.0.0 want: ^0.1.0
5041 silly placeDep node_modules/@netlify/edge-bundler path-key@4.0.0 OK for: npm-run-path@5.3.0 want: ^4.0.0
5042 silly placeDep node_modules/@netlify/edge-functions-dev dot-prop@9.0.0 OK for: @netlify/dev-utils@5.0.0 want: 9.0.0
5043 silly placeDep node_modules/@netlify/edge-functions-dev env-paths@3.0.0 OK for: @netlify/dev-utils@5.0.0 want: ^3.0.0
5044 silly placeDep node_modules/@netlify/edge-functions-dev execa@8.0.1 OK for: @netlify/edge-bundler@15.1.1 want: ^8.0.0
5045 silly placeDep node_modules/@netlify/edge-functions-dev find-up@7.0.0 OK for: @netlify/edge-bundler@15.1.1 want: ^7.0.0
5046 silly placeDep node_modules/@netlify/edge-functions-dev p-wait-for@5.0.2 OK for: @netlify/edge-bundler@15.1.1 want: ^5.0.0
5047 silly placeDep node_modules/@netlify/edge-functions-dev path-key@4.0.0 OK for: @netlify/edge-bundler@15.1.1 want: ^4.0.0
5048 silly placeDep node_modules/@netlify/edge-functions-dev get-stream@8.0.1 OK for: execa@8.0.1 want: ^8.0.1
5049 silly placeDep node_modules/@netlify/edge-functions-dev human-signals@5.0.0 OK for: execa@8.0.1 want: ^5.0.0
5050 silly placeDep node_modules/@netlify/edge-functions-dev is-stream@3.0.0 OK for: execa@8.0.1 want: ^3.0.0
5051 silly placeDep node_modules/@netlify/edge-functions-dev npm-run-path@5.3.0 OK for: execa@8.0.1 want: ^5.1.0
5052 silly placeDep node_modules/@netlify/edge-functions-dev onetime@6.0.0 OK for: execa@8.0.1 want: ^6.0.0
5053 silly placeDep node_modules/@netlify/edge-functions-dev signal-exit@4.1.0 OK for: execa@8.0.1 want: ^4.1.0
5054 silly placeDep node_modules/@netlify/edge-functions-dev strip-final-newline@3.0.0 OK for: execa@8.0.1 want: ^3.0.0
5055 silly placeDep node_modules/@netlify/edge-functions-dev locate-path@7.2.0 OK for: find-up@7.0.0 want: ^7.2.0
5056 silly placeDep node_modules/@netlify/edge-functions-dev unicorn-magic@0.1.0 OK for: find-up@7.0.0 want: ^0.1.0
5057 silly placeDep node_modules/@netlify/functions-dev dot-prop@9.0.0 OK for: @netlify/dev-utils@5.0.0 want: 9.0.0
5058 silly placeDep node_modules/@netlify/functions-dev env-paths@3.0.0 OK for: @netlify/dev-utils@5.0.0 want: ^3.0.0
5059 silly placeDep node_modules/@netlify/git-utils get-stream@8.0.1 OK for: execa@8.0.1 want: ^8.0.1
5060 silly placeDep node_modules/@netlify/git-utils human-signals@5.0.0 OK for: execa@8.0.1 want: ^5.0.0
5061 silly placeDep node_modules/@netlify/git-utils is-stream@3.0.0 OK for: execa@8.0.1 want: ^3.0.0
5062 silly placeDep node_modules/@netlify/git-utils npm-run-path@5.3.0 OK for: execa@8.0.1 want: ^5.1.0
5063 silly placeDep node_modules/@netlify/git-utils onetime@6.0.0 OK for: execa@8.0.1 want: ^6.0.0
5064 silly placeDep node_modules/@netlify/git-utils signal-exit@4.1.0 OK for: execa@8.0.1 want: ^4.1.0
5065 silly placeDep node_modules/@netlify/git-utils strip-final-newline@3.0.0 OK for: execa@8.0.1 want: ^3.0.0
5066 silly placeDep node_modules/@netlify/git-utils path-key@4.0.0 OK for: npm-run-path@5.3.0 want: ^4.0.0
5067 silly placeDep node_modules/@netlify/redirects dot-prop@9.0.0 OK for: @netlify/dev-utils@5.0.0 want: 9.0.0
5068 silly placeDep node_modules/@netlify/redirects env-paths@3.0.0 OK for: @netlify/dev-utils@5.0.0 want: ^3.0.0
5069 silly placeDep node_modules/@netlify/run-utils get-stream@8.0.1 OK for: execa@8.0.1 want: ^8.0.1
5070 silly placeDep node_modules/@netlify/run-utils human-signals@5.0.0 OK for: execa@8.0.1 want: ^5.0.0
5071 silly placeDep node_modules/@netlify/run-utils is-stream@3.0.0 OK for: execa@8.0.1 want: ^3.0.0
5072 silly placeDep node_modules/@netlify/run-utils npm-run-path@5.3.0 OK for: execa@8.0.1 want: ^5.1.0
5073 silly placeDep node_modules/@netlify/run-utils onetime@6.0.0 OK for: execa@8.0.1 want: ^6.0.0
5074 silly placeDep node_modules/@netlify/run-utils signal-exit@4.1.0 OK for: execa@8.0.1 want: ^4.1.0
5075 silly placeDep node_modules/@netlify/run-utils strip-final-newline@3.0.0 OK for: execa@8.0.1 want: ^3.0.0
5076 silly placeDep node_modules/@netlify/run-utils path-key@4.0.0 OK for: npm-run-path@5.3.0 want: ^4.0.0
5077 silly placeDep node_modules/@netlify/static mime-db@1.54.0 OK for: mime-types@3.0.2 want: ^1.54.0
5078 silly placeDep node_modules/@netlify/zip-it-and-ship-it get-stream@8.0.1 OK for: execa@8.0.1 want: ^8.0.1
5079 silly placeDep node_modules/@netlify/zip-it-and-ship-it human-signals@5.0.0 OK for: execa@8.0.1 want: ^5.0.0
5080 silly placeDep node_modules/@netlify/zip-it-and-ship-it is-stream@3.0.0 OK for: execa@8.0.1 want: ^3.0.0
5081 silly placeDep node_modules/@netlify/zip-it-and-ship-it npm-run-path@5.3.0 OK for: execa@8.0.1 want: ^5.1.0
5082 silly placeDep node_modules/@netlify/zip-it-and-ship-it onetime@6.0.0 OK for: execa@8.0.1 want: ^6.0.0
5083 silly placeDep node_modules/@netlify/zip-it-and-ship-it signal-exit@4.1.0 OK for: execa@8.0.1 want: ^4.1.0
5084 silly placeDep node_modules/@netlify/zip-it-and-ship-it strip-final-newline@3.0.0 OK for: execa@8.0.1 want: ^3.0.0
5085 silly placeDep node_modules/@netlify/zip-it-and-ship-it unicorn-magic@0.1.0 OK for: find-up@7.0.0 want: ^0.1.0
5086 silly placeDep node_modules/@netlify/zip-it-and-ship-it path-key@4.0.0 OK for: npm-run-path@5.3.0 want: ^4.0.0
5087 silly placeDep node_modules/@octokit/plugin-paginate-rest @octokit/openapi-types@27.0.0 OK for: @octokit/types@16.0.0 want: ^27.0.0
5088 silly placeDep node_modules/@octokit/plugin-rest-endpoint-methods @octokit/openapi-types@27.0.0 OK for: @octokit/types@16.0.0 want: ^27.0.0
5089 silly placeDep ROOT foreground-child@3.3.1 OK for: glob@10.5.0 want: ^3.1.0
5090 silly placeDep ROOT jackspeak@3.4.3 OK for: glob@10.5.0 want: ^3.1.2
5091 silly placeDep node_modules/@vercel/nft minimatch@9.0.9 OK for: glob@10.5.0 want: ^9.0.4
5092 silly placeDep ROOT package-json-from-dist@1.0.1 OK for: glob@10.5.0 want: ^1.0.0
5093 silly placeDep node_modules/@vercel/nft path-scurry@1.11.1 OK for: glob@10.5.0 want: ^1.11.1
5094 silly fetch manifest @isaacs/cliui@^8.0.2
5095 silly packumentCache full:https://registry.npmjs.org/@isaacs%2fcliui cache-miss
5096 silly fetch manifest @pkgjs/parseargs@^0.11.0
5097 silly packumentCache full:https://registry.npmjs.org/@pkgjs%2fparseargs cache-miss
5098 silly fetch manifest brace-expansion@^2.0.2
5099 silly packumentCache full:https://registry.npmjs.org/brace-expansion cache-hit
5100 silly fetch manifest lru-cache@^10.2.0
5101 silly packumentCache full:https://registry.npmjs.org/lru-cache cache-hit
5102 http fetch GET 200 https://registry.npmjs.org/@pkgjs%2fparseargs 130ms (cache revalidated)
5103 silly packumentCache full:https://registry.npmjs.org/@pkgjs%2fparseargs set size:51085 disposed:false
5104 http fetch GET 200 https://registry.npmjs.org/@isaacs%2fcliui 131ms (cache revalidated)
5105 silly packumentCache full:https://registry.npmjs.org/@isaacs%2fcliui set size:12263 disposed:false
5106 silly placeDep node_modules/foreground-child signal-exit@4.1.0 OK for: foreground-child@3.3.1 want: ^4.0.1
5107 silly placeDep ROOT @isaacs/cliui@8.0.2 OK for: jackspeak@3.4.3 want: ^8.0.2
5108 silly placeDep ROOT @pkgjs/parseargs@0.11.0 OK for: jackspeak@3.4.3 want: ^0.11.0
5109 silly fetch manifest wrap-ansi@^8.1.0
5110 silly packumentCache full:https://registry.npmjs.org/wrap-ansi cache-hit
5111 silly fetch manifest strip-ansi@^7.0.1
5112 silly packumentCache full:https://registry.npmjs.org/strip-ansi cache-hit
5113 silly fetch manifest string-width@^5.1.2
5114 silly packumentCache full:https://registry.npmjs.org/string-width cache-hit
5115 silly fetch manifest wrap-ansi-cjs@npm:wrap-ansi@^7.0.0
5116 silly packumentCache full:https://registry.npmjs.org/wrap-ansi cache-hit
5117 silly fetch manifest strip-ansi-cjs@npm:strip-ansi@^6.0.1
5118 silly packumentCache full:https://registry.npmjs.org/strip-ansi cache-hit
5119 silly fetch manifest string-width-cjs@npm:string-width@^4.2.0
5120 silly packumentCache full:https://registry.npmjs.org/string-width cache-hit
5121 silly placeDep node_modules/@isaacs/cliui string-width@5.1.2 OK for: @isaacs/cliui@8.0.2 want: ^5.1.2
5122 silly placeDep ROOT string-width-cjs@4.2.3 OK for: @isaacs/cliui@8.0.2 want: npm:string-width@^4.2.0
5123 silly placeDep node_modules/@isaacs/cliui strip-ansi@7.2.0 OK for: @isaacs/cliui@8.0.2 want: ^7.0.1
5124 silly placeDep ROOT strip-ansi-cjs@6.0.1 OK for: @isaacs/cliui@8.0.2 want: npm:strip-ansi@^6.0.1
5125 silly placeDep node_modules/@isaacs/cliui wrap-ansi@8.1.0 OK for: @isaacs/cliui@8.0.2 want: ^8.1.0
5126 silly placeDep ROOT wrap-ansi-cjs@7.0.0 OK for: @isaacs/cliui@8.0.2 want: npm:wrap-ansi@^7.0.0
5127 silly fetch manifest emoji-regex@^9.2.2
5128 silly packumentCache full:https://registry.npmjs.org/emoji-regex cache-hit
5129 silly fetch manifest eastasianwidth@^0.2.0
5130 silly packumentCache full:https://registry.npmjs.org/eastasianwidth cache-miss
5131 silly fetch manifest ansi-styles@^6.1.0
5132 silly packumentCache full:https://registry.npmjs.org/ansi-styles cache-hit
5133 http fetch GET 200 https://registry.npmjs.org/eastasianwidth 133ms (cache revalidated)
5134 silly packumentCache full:https://registry.npmjs.org/eastasianwidth set size:7890 disposed:false
5135 silly placeDep ROOT eastasianwidth@0.2.0 OK for: string-width@5.1.2 want: ^0.2.0
5136 silly placeDep node_modules/@isaacs/cliui emoji-regex@9.2.2 OK for: string-width@5.1.2 want: ^9.2.2
5137 silly placeDep node_modules/@isaacs/cliui ansi-regex@6.3.0 OK for: strip-ansi@7.2.0 want: ^6.2.2
5138 silly placeDep node_modules/@isaacs/cliui ansi-styles@6.2.3 OK for: wrap-ansi@8.1.0 want: ^6.1.0
5139 silly placeDep node_modules/@vercel/nft brace-expansion@2.1.4 OK for: minimatch@9.0.9 want: ^2.0.2
5140 silly fetch manifest balanced-match@^1.0.0
5141 silly packumentCache full:https://registry.npmjs.org/balanced-match cache-hit
5142 silly placeDep node_modules/@vercel/nft balanced-match@1.0.2 OK for: brace-expansion@2.1.4 want: ^1.0.0
5143 silly placeDep node_modules/@vercel/nft lru-cache@10.4.3 OK for: path-scurry@1.11.1 want: ^10.2.0
5144 silly placeDep node_modules/accepts mime-db@1.54.0 OK for: mime-types@3.0.2 want: ^1.54.0
5145 silly placeDep node_modules/archiver buffer@6.0.3 OK for: readable-stream@4.7.0 want: ^6.0.3
5146 silly placeDep ROOT events@3.3.0 OK for: readable-stream@4.7.0 want: ^3.3.0
5147 silly placeDep ROOT process@0.11.10 OK for: readable-stream@4.7.0 want: ^0.11.10
5148 silly placeDep node_modules/better-ajv-errors supports-color@7.2.0 OK for: chalk@4.1.2 want: ^7.1.0
5149 silly placeDep node_modules/better-ajv-errors has-flag@4.0.0 OK for: supports-color@7.2.0 want: ^4.0.0
5150 silly placeDep node_modules/boxen emoji-regex@10.6.0 OK for: string-width@7.2.0 want: ^10.3.0
5151 silly placeDep ROOT get-east-asian-width@1.6.0 OK for: string-width@7.2.0 want: ^1.0.0
5152 silly placeDep node_modules/boxen strip-ansi@7.2.0 OK for: string-width@7.2.0 want: ^7.1.0
5153 silly placeDep node_modules/boxen ansi-regex@6.3.0 OK for: strip-ansi@7.2.0 want: ^6.2.2
5154 silly placeDep node_modules/boxen ansi-styles@6.2.3 OK for: wrap-ansi@9.0.2 want: ^6.2.1
5155 silly placeDep node_modules/color color-name@2.1.1 OK for: color-convert@3.1.3 want: ^2.0.0
5156 silly placeDep node_modules/compress-commons buffer@6.0.3 OK for: readable-stream@4.7.0 want: ^6.0.3
5157 silly placeDep node_modules/crc32-stream buffer@6.0.3 OK for: readable-stream@4.7.0 want: ^6.0.3
5158 silly placeDep node_modules/csso mdn-data@2.0.28 OK for: css-tree@2.2.1 want: 2.0.28
5159 silly placeDep ROOT tagged-tag@1.0.0 OK for: type-fest@5.8.0 want: ^1.0.0
5160 silly placeDep node_modules/express mime-db@1.54.0 OK for: mime-types@3.0.2 want: ^1.54.0
5161 silly placeDep node_modules/extract-zip buffer-crc32@0.2.13 OK for: yauzl@2.10.0 want: ~0.2.3
5162 silly placeDep ROOT fd-slicer@1.1.0 OK for: yauzl@2.10.0 want: ~1.1.0
5163 silly placeDep ROOT core-util-is@1.0.3 OK for: readable-stream@2.3.8 want: ~1.0.0
5164 silly placeDep node_modules/from2 isarray@1.0.0 OK for: readable-stream@2.3.8 want: ~1.0.0
5165 silly placeDep ROOT process-nextick-args@2.0.1 OK for: readable-stream@2.3.8 want: ~2.0.0
5166 silly placeDep node_modules/from2 safe-buffer@5.1.2 OK for: readable-stream@2.3.8 want: ~5.1.1
5167 silly placeDep node_modules/from2 string_decoder@1.1.1 OK for: readable-stream@2.3.8 want: ~1.1.1
5168 silly placeDep node_modules/inquirer-autocomplete-prompt type-fest@0.21.3 OK for: ansi-escapes@4.3.2 want: ^0.21.3
5169 silly placeDep node_modules/inquirer-autocomplete-prompt supports-color@7.2.0 OK for: chalk@4.1.2 want: ^7.1.0
5170 silly placeDep node_modules/inquirer-autocomplete-prompt escape-string-regexp@1.0.5 OK for: figures@3.2.0 want: ^1.0.5
5171 silly placeDep node_modules/inquirer-autocomplete-prompt tslib@1.14.1 OK for: rxjs@6.6.7 want: ^1.9.0
5172 silly placeDep node_modules/inquirer-autocomplete-prompt has-flag@4.0.0 OK for: supports-color@7.2.0 want: ^4.0.0
5173 silly placeDep node_modules/inquirer type-fest@0.21.3 OK for: ansi-escapes@4.3.2 want: ^0.21.3
5174 silly placeDep node_modules/inquirer supports-color@7.2.0 OK for: chalk@4.1.2 want: ^7.1.0
5175 silly placeDep node_modules/inquirer escape-string-regexp@1.0.5 OK for: figures@3.2.0 want: ^1.0.5
5176 silly placeDep node_modules/inquirer has-flag@4.0.0 OK for: supports-color@7.2.0 want: ^4.0.0
5177 silly placeDep node_modules/lazystream isarray@1.0.0 OK for: readable-stream@2.3.8 want: ~1.0.0
5178 silly placeDep node_modules/lazystream safe-buffer@5.1.2 OK for: readable-stream@2.3.8 want: ~5.1.1
5179 silly placeDep node_modules/lazystream string_decoder@1.1.1 OK for: readable-stream@2.3.8 want: ~1.1.1
5180 silly placeDep node_modules/log-symbols supports-color@7.2.0 OK for: chalk@4.1.2 want: ^7.1.0
5181 silly placeDep node_modules/log-symbols has-flag@4.0.0 OK for: supports-color@7.2.0 want: ^4.0.0
5182 silly placeDep node_modules/log-update restore-cursor@5.1.0 OK for: cli-cursor@5.0.0 want: ^5.0.0
5183 silly fetch manifest onetime@^7.0.0
5184 silly packumentCache full:https://registry.npmjs.org/onetime cache-hit
5185 silly placeDep node_modules/log-update onetime@7.0.0 OK for: restore-cursor@5.1.0 want: ^7.0.0
5186 silly placeDep node_modules/log-update signal-exit@4.1.0 OK for: restore-cursor@5.1.0 want: ^4.1.0
5187 silly fetch manifest mimic-function@^5.0.0
5188 silly packumentCache full:https://registry.npmjs.org/mimic-function cache-miss
5189 http fetch GET 200 https://registry.npmjs.org/mimic-function 2210ms (cache miss)
5190 silly packumentCache full:https://registry.npmjs.org/mimic-function set size:undefined disposed:false
5191 silly placeDep ROOT mimic-function@5.0.1 OK for: onetime@7.0.0 want: ^5.0.0
5192 silly placeDep node_modules/log-update ansi-regex@6.3.0 OK for: strip-ansi@7.2.0 want: ^6.2.2
5193 silly placeDep node_modules/log-update ansi-styles@6.2.3 OK for: wrap-ansi@10.0.0 want: ^6.2.3
5194 silly placeDep node_modules/log-update string-width@8.2.2 OK for: wrap-ansi@10.0.0 want: ^8.2.0
5195 silly placeDep node_modules/multiparty statuses@2.0.1 OK for: http-errors@2.0.0 want: 2.0.1
5196 silly placeDep node_modules/netlify-cli agent-base@8.0.0 OK for: https-proxy-agent@8.0.0 want: 8.0.0
5197 silly placeDep node_modules/ora supports-color@7.2.0 OK for: chalk@4.1.2 want: ^7.1.0
5198 silly placeDep node_modules/ora has-flag@4.0.0 OK for: supports-color@7.2.0 want: ^4.0.0
5199 silly placeDep node_modules/p-locate yocto-queue@1.2.2 OK for: p-limit@4.0.0 want: ^1.0.0
5200 silly placeDep node_modules/parallel-transform isarray@1.0.0 OK for: readable-stream@2.3.8 want: ~1.0.0
5201 silly placeDep node_modules/parallel-transform safe-buffer@5.1.2 OK for: readable-stream@2.3.8 want: ~5.1.1
5202 silly placeDep node_modules/parallel-transform string_decoder@1.1.1 OK for: readable-stream@2.3.8 want: ~1.1.1
5203 silly fetch manifest postcss@^8.4.47
5204 silly packumentCache full:https://registry.npmjs.org/postcss cache-hit
5205 silly placeDep ROOT is-url-superb@4.0.0 OK for: detective-postcss@8.0.4 want: ^4.0.0
5206 silly placeDep ROOT postcss-values-parser@6.0.2 OK for: detective-postcss@8.0.4 want: ^6.0.2
5207 silly fetch manifest quote-unquote@^1.0.0
5208 silly packumentCache full:https://registry.npmjs.org/quote-unquote cache-miss
5209 http cache https://registry.npmjs.org/quote-unquote 5ms (cache hit)
5210 silly packumentCache full:https://registry.npmjs.org/quote-unquote set size:2837 disposed:false
5211 silly placeDep ROOT quote-unquote@1.0.0 OK for: postcss-values-parser@6.0.2 want: ^1.0.0
5212 silly placeDep node_modules/read-package-up normalize-package-data@8.0.0 OK for: read-pkg@10.1.0 want: ^8.0.0
5213 silly placeDep node_modules/read-package-up unicorn-magic@0.4.0 OK for: read-pkg@10.1.0 want: ^0.4.0
5214 silly fetch manifest hosted-git-info@^9.0.0
5215 silly packumentCache full:https://registry.npmjs.org/hosted-git-info cache-hit
5216 silly placeDep node_modules/read-package-up hosted-git-info@9.0.3 OK for: normalize-package-data@8.0.0 want: ^9.0.0
5217 silly fetch manifest lru-cache@^11.1.0
5218 silly packumentCache full:https://registry.npmjs.org/lru-cache cache-hit
5219 silly placeDep node_modules/read-package-up lru-cache@11.5.2 OK for: hosted-git-info@9.0.3 want: ^11.1.0
5220 silly placeDep node_modules/read-pkg hosted-git-info@7.0.2 OK for: normalize-package-data@6.0.2 want: ^7.0.0
5221 silly placeDep node_modules/read-pkg lru-cache@10.4.3 OK for: hosted-git-info@7.0.2 want: ^10.0.1
5222 silly placeDep node_modules/send mime-db@1.54.0 OK for: mime-types@3.0.2 want: ^1.54.0
5223 silly placeDep node_modules/through2 isarray@1.0.0 OK for: readable-stream@2.3.8 want: ~1.0.0
5224 silly placeDep node_modules/through2 safe-buffer@5.1.2 OK for: readable-stream@2.3.8 want: ~5.1.1
5225 silly placeDep node_modules/through2 string_decoder@1.1.1 OK for: readable-stream@2.3.8 want: ~1.1.1
5226 silly placeDep node_modules/type-is mime-db@1.54.0 OK for: mime-types@3.0.2 want: ^1.54.0
5227 silly placeDep ROOT remove-trailing-separator@1.1.0 OK for: normalize-path@2.1.1 want: ^1.0.1
5228 silly placeDep node_modules/widest-line emoji-regex@10.6.0 OK for: string-width@7.2.0 want: ^10.3.0
5229 silly placeDep node_modules/widest-line strip-ansi@7.2.0 OK for: string-width@7.2.0 want: ^7.1.0
5230 silly placeDep node_modules/widest-line ansi-regex@6.3.0 OK for: strip-ansi@7.2.0 want: ^6.2.2
5231 silly placeDep node_modules/windows-release get-stream@8.0.1 OK for: execa@8.0.1 want: ^8.0.1
5232 silly placeDep node_modules/windows-release human-signals@5.0.0 OK for: execa@8.0.1 want: ^5.0.0
5233 silly placeDep node_modules/windows-release is-stream@3.0.0 OK for: execa@8.0.1 want: ^3.0.0
5234 silly placeDep node_modules/windows-release npm-run-path@5.3.0 OK for: execa@8.0.1 want: ^5.1.0
5235 silly placeDep node_modules/windows-release onetime@6.0.0 OK for: execa@8.0.1 want: ^6.0.0
5236 silly placeDep node_modules/windows-release signal-exit@4.1.0 OK for: execa@8.0.1 want: ^4.1.0
5237 silly placeDep node_modules/windows-release strip-final-newline@3.0.0 OK for: execa@8.0.1 want: ^3.0.0
5238 silly placeDep node_modules/windows-release path-key@4.0.0 OK for: npm-run-path@5.3.0 want: ^4.0.0
5239 silly placeDep node_modules/zip-stream buffer@6.0.3 OK for: readable-stream@4.7.0 want: ^6.0.3
5240 silly reify mark retired [
5240 silly reify   'D:\\A production\\Apti_Test_App-main\\node_modules\\@opentelemetry\\api'
5240 silly reify ]
5241 silly reify moves {
5241 silly reify   'D:\\A production\\Apti_Test_App-main\\node_modules\\@opentelemetry\\api': 'D:\\A production\\Apti_Test_App-main\\node_modules\\@opentelemetry\\.api-tIrrkXm6'
5241 silly reify }
5242 http cache @parcel/watcher-wasm@https://registry.npmjs.org/@parcel/watcher-wasm/-/watcher-wasm-2.6.0.tgz 0ms (cache hit)
5243 silly tarball no local data for @parcel/watcher-wasm@https://registry.npmjs.org/@parcel/watcher-wasm/-/watcher-wasm-2.6.0.tgz. Extracting by manifest.
5244 http fetch GET 200 https://registry.npmjs.org/@parcel/watcher-wasm/-/watcher-wasm-2.6.0.tgz 2172ms (cache miss)
5245 silly audit bulk request {
5245 silly audit   '@emnapi/runtime': [ '1.11.3' ],
5245 silly audit   '@fastify/busboy': [ '3.2.1' ],
5245 silly audit   '@firebase/ai': [ '2.14.0' ],
5245 silly audit   '@firebase/analytics': [ '0.10.23' ],
5245 silly audit   '@firebase/analytics-compat': [ '0.2.29' ],
5245 silly audit   '@firebase/analytics-types': [ '0.8.4' ],
5245 silly audit   '@firebase/app': [ '0.16.0' ],
5245 silly audit   '@firebase/app-check': [ '0.13.0' ],
5245 silly audit   '@firebase/app-check-compat': [ '0.4.6' ],
5245 silly audit   '@firebase/app-check-interop-types': [ '0.3.4' ],
5245 silly audit   '@firebase/app-check-types': [ '0.5.4' ],
5245 silly audit   '@firebase/app-compat': [ '0.5.16' ],
5245 silly audit   '@firebase/app-types': [ '0.9.5' ],
5245 silly audit   '@firebase/auth': [ '1.13.4' ],
5245 silly audit   '@firebase/auth-compat': [ '0.6.9' ],
5245 silly audit   '@firebase/auth-interop-types': [ '0.2.5' ],
5245 silly audit   '@firebase/auth-types': [ '0.13.1' ],
5245 silly audit   '@firebase/component': [ '0.7.4' ],
5245 silly audit   '@firebase/data-connect': [ '0.7.3' ],
5245 silly audit   '@firebase/database': [ '1.1.4' ],
5245 silly audit   '@firebase/database-compat': [ '2.1.6' ],
5245 silly audit   '@firebase/database-types': [ '1.0.21' ],
5245 silly audit   '@firebase/firestore': [ '4.17.0' ],
5245 silly audit   '@firebase/firestore-compat': [ '0.4.12' ],
5245 silly audit   '@firebase/firestore-types': [ '3.0.4' ],
5245 silly audit   '@firebase/functions': [ '0.13.6' ],
5245 silly audit   '@firebase/functions-compat': [ '0.4.6' ],
5245 silly audit   '@firebase/functions-types': [ '0.6.4' ],
5245 silly audit   '@firebase/installations': [ '0.6.23' ],
5245 silly audit   '@firebase/installations-compat': [ '0.2.23' ],
5245 silly audit   '@firebase/installations-types': [ '0.5.4' ],
5245 silly audit   '@firebase/logger': [ '0.5.1' ],
5245 silly audit   '@firebase/messaging': [ '0.13.1' ],
5245 silly audit   '@firebase/messaging-compat': [ '0.2.28' ],
5245 silly audit   '@firebase/messaging-interop-types': [ '0.2.5' ],
5245 silly audit   '@firebase/performance': [ '0.7.13' ],
5245 silly audit   '@firebase/performance-compat': [ '0.2.26' ],
5245 silly audit   '@firebase/performance-types': [ '0.2.4' ],
5245 silly audit   '@firebase/remote-config': [ '0.9.1' ],
5245 silly audit   '@firebase/remote-config-compat': [ '0.2.28' ],
5245 silly audit   '@firebase/remote-config-types': [ '0.5.1' ],
5245 silly audit   '@firebase/storage': [ '0.14.4' ],
5245 silly audit   '@firebase/storage-compat': [ '0.4.4' ],
5245 silly audit   '@firebase/storage-types': [ '0.8.4' ],
5245 silly audit   '@firebase/util': [ '1.15.2' ],
5245 silly audit   '@firebase/webchannel-wrapper': [ '1.0.6' ],
5245 silly audit   '@google-cloud/firestore': [ '7.11.6' ],
5245 silly audit   '@google-cloud/paginator': [ '5.0.2' ],
5245 silly audit   '@google-cloud/projectify': [ '4.0.0' ],
5245 silly audit   '@google-cloud/promisify': [ '4.0.0' ],
5245 silly audit   '@google-cloud/storage': [ '7.22.0' ],
5245 silly audit   'gcp-metadata': [ '6.1.1', '8.1.2' ],
5245 silly audit   'google-auth-library': [ '9.15.1', '10.9.1' ],
5245 silly audit   'google-logging-utils': [ '0.0.2', '1.1.3' ],
5245 silly audit   '@grpc/grpc-js': [ '1.9.16', '1.14.4' ],
5245 silly audit   '@grpc/proto-loader': [ '0.7.15', '0.8.1' ],
5245 silly audit   '@img/colour': [ '1.1.0' ],
5245 silly audit   '@img/sharp-darwin-arm64': [ '0.34.5' ],
5245 silly audit   '@img/sharp-darwin-x64': [ '0.34.5' ],
5245 silly audit   '@img/sharp-libvips-darwin-arm64': [ '1.2.4' ],
5245 silly audit   '@img/sharp-libvips-darwin-x64': [ '1.2.4' ],
5245 silly audit   '@img/sharp-libvips-linux-arm': [ '1.2.4' ],
5245 silly audit   '@img/sharp-libvips-linux-arm64': [ '1.2.4' ],
5245 silly audit   '@img/sharp-libvips-linux-ppc64': [ '1.2.4' ],
5245 silly audit   '@img/sharp-libvips-linux-riscv64': [ '1.2.4' ],
5245 silly audit   '@img/sharp-libvips-linux-s390x': [ '1.2.4' ],
5245 silly audit   '@img/sharp-libvips-linux-x64': [ '1.2.4' ],
5245 silly audit   '@img/sharp-libvips-linuxmusl-arm64': [ '1.2.4' ],
5245 silly audit   '@img/sharp-libvips-linuxmusl-x64': [ '1.2.4' ],
5245 silly audit   '@img/sharp-linux-arm': [ '0.34.5' ],
5245 silly audit   '@img/sharp-linux-arm64': [ '0.34.5' ],
5245 silly audit   '@img/sharp-linux-ppc64': [ '0.34.5' ],
5245 silly audit   '@img/sharp-linux-riscv64': [ '0.34.5' ],
5245 silly audit   '@img/sharp-linux-s390x': [ '0.34.5' ],
5245 silly audit   '@img/sharp-linux-x64': [ '0.34.5' ],
5245 silly audit   '@img/sharp-linuxmusl-arm64': [ '0.34.5' ],
5245 silly audit   '@img/sharp-linuxmusl-x64': [ '0.34.5' ],
5245 silly audit   '@img/sharp-wasm32': [ '0.34.5' ],
5245 silly audit   '@img/sharp-win32-arm64': [ '0.34.5' ],
5245 silly audit   '@img/sharp-win32-ia32': [ '0.34.5' ],
5245 silly audit   '@img/sharp-win32-x64': [ '0.34.5' ],
5245 silly audit   '@js-sdsl/ordered-map': [ '4.4.2' ],
5245 silly audit   '@next/env': [ '15.5.23' ],
5245 silly audit   '@next/swc-darwin-arm64': [ '15.5.23' ],
5245 silly audit   '@next/swc-darwin-x64': [ '15.5.23' ],
5245 silly audit   '@next/swc-linux-arm64-gnu': [ '15.5.23' ],
5245 silly audit   '@next/swc-linux-arm64-musl': [ '15.5.23' ],
5245 silly audit   '@next/swc-linux-x64-gnu': [ '15.5.23' ],
5245 silly audit   '@next/swc-linux-x64-musl': [ '15.5.23' ],
5245 silly audit   '@next/swc-win32-arm64-msvc': [ '15.5.23' ],
5245 silly audit   '@next/swc-win32-x64-msvc': [ '15.5.23' ],
5245 silly audit   '@nodable/entities': [ '3.0.0' ],
5245 silly audit   '@protobufjs/aspromise': [ '1.1.2' ],
5245 silly audit   '@protobufjs/base64': [ '1.1.2' ],
5245 silly audit   '@protobufjs/codegen': [ '2.0.5' ],
5245 silly audit   '@protobufjs/eventemitter': [ '1.1.1' ],
5245 silly audit   '@protobufjs/fetch': [ '1.1.1' ],
5245 silly audit   '@protobufjs/float': [ '1.0.2' ],
5245 silly audit   '@protobufjs/path': [ '1.1.2' ],
5245 silly audit   '@protobufjs/pool': [ '1.1.0' ],
5245 silly audit   '@protobufjs/utf8': [ '1.1.2' ],
5245 silly audit   '@swc/helpers': [ '0.5.15' ],
5245 silly audit   '@tootallnate/once': [ '2.0.1' ],
5245 silly audit   '@types/caseless': [ '0.12.5' ],
5245 silly audit   '@types/jsonwebtoken': [ '9.0.10' ],
5245 silly audit   '@types/long': [ '4.0.2' ],
5245 silly audit   '@types/ms': [ '2.1.0' ],
5245 silly audit   '@types/node': [ '26.2.0' ],
5245 silly audit   '@types/request': [ '2.48.13' ],
5245 silly audit   '@types/tough-cookie': [ '4.0.5' ],
5245 silly audit   'abort-controller': [ '3.0.0' ],
5245 silly audit   'adler-32': [ '1.3.1' ],
5245 silly audit   'agent-base': [ '7.1.4', '6.0.2', '8.0.0' ],
5245 silly audit   'ansi-regex': [ '5.0.1', '6.3.0' ],
5245 silly audit   'ansi-styles': [ '4.3.0', '6.2.3' ],
5245 silly audit   anynum: [ '1.0.1' ],
5245 silly audit   arrify: [ '2.0.1' ],
5245 silly audit   'async-retry': [ '1.3.3' ],
5245 silly audit   asynckit: [ '0.4.0' ],
5245 silly audit   'base64-js': [ '1.5.1' ],
5245 silly audit   bcryptjs: [ '2.4.3' ],
5245 silly audit   'bignumber.js': [ '9.3.1' ],
5245 silly audit   'buffer-equal-constant-time': [ '1.0.1' ],
5245 silly audit   'call-bind-apply-helpers': [ '1.0.2' ],
5245 silly audit   'caniuse-lite': [ '1.0.30001809' ],
5245 silly audit   cfb: [ '1.2.2' ],
5245 silly audit   'client-only': [ '0.0.1' ],
5245 silly audit   cliui: [ '8.0.1' ],
5245 silly audit   codepage: [ '1.15.0' ],
5245 silly audit   'color-convert': [ '2.0.1', '3.1.3' ],
5245 silly audit   'color-name': [ '1.1.4', '2.1.1' ],
5245 silly audit   'combined-stream': [ '1.0.8' ],
5245 silly audit   'crc-32': [ '1.2.2' ],
5245 silly audit   'data-uri-to-buffer': [ '4.0.1' ],
5245 silly audit   debug: [ '4.4.3' ],
5245 silly audit   'delayed-stream': [ '1.0.0' ],
5245 silly audit   'detect-libc': [ '2.1.2' ],
5245 silly audit   'dunder-proto': [ '1.0.1' ],
5245 silly audit   duplexify: [ '4.1.3' ],
5245 silly audit   'ecdsa-sig-formatter': [ '1.0.11' ],
5245 silly audit   'emoji-regex': [ '8.0.0', '9.2.2', '10.6.0' ],
5245 silly audit   'end-of-stream': [ '1.4.5' ],
5245 silly audit   'es-define-property': [ '1.0.1' ],
5245 silly audit   'es-errors': [ '1.3.0' ],
5245 silly audit   'es-object-atoms': [ '1.1.2' ],
5245 silly audit   'es-set-tostringtag': [ '2.1.0' ],
5245 silly audit   escalade: [ '3.2.0' ],
5245 silly audit   'event-target-shim': [ '5.0.1' ],
5245 silly audit   extend: [ '3.0.2' ],
5245 silly audit   'farmhash-modern': [ '1.1.0' ],
5245 silly audit   'fast-deep-equal': [ '3.1.3' ],
5245 silly audit   'fast-xml-builder': [ '1.3.1' ],
5245 silly audit   'fast-xml-parser': [ '5.10.1' ],
5245 silly audit   'faye-websocket': [ '0.11.4' ],
5245 silly audit   'fetch-blob': [ '3.2.0' ],
5245 silly audit   firebase: [ '12.17.1' ],
5245 silly audit   'firebase-admin': [ '13.10.0' ],
5245 silly audit   'form-data': [ '2.5.6' ],
5245 silly audit   'formdata-polyfill': [ '4.0.10' ],
5245 silly audit   frac: [ '1.1.2' ],
5245 silly audit   'function-bind': [ '1.1.2' ],
5245 silly audit   'functional-red-black-tree': [ '1.0.1' ],
5245 silly audit   gaxios: [ '6.7.1', '7.3.1' ],
5245 silly audit   'node-fetch': [ '3.3.2', '2.7.0' ],
5245 silly audit   'get-caller-file': [ '2.0.5' ],
5245 silly audit   'get-intrinsic': [ '1.3.0' ],
5245 silly audit   'get-proto': [ '1.0.1' ],
5245 silly audit   'google-gax': [ '4.6.1' ],
5245 silly audit   gopd: [ '1.2.0' ],
5245 silly audit   gtoken: [ '7.1.0' ],
5245 silly audit   'has-symbols': [ '1.1.0' ],
5245 silly audit   'has-tostringtag': [ '1.0.2' ],
5245 silly audit   hasown: [ '2.0.4' ],
5245 silly audit   'html-entities': [ '2.6.0' ],
5245 silly audit   'http-parser-js': [ '0.5.10' ],
5245 silly audit   'http-proxy-agent': [ '5.0.0' ],
5245 silly audit   'https-proxy-agent': [ '7.0.6', '5.0.1', '8.0.0' ],
5245 silly audit   idb: [ '7.1.1' ],
5245 silly audit   inherits: [ '2.0.4' ],
5245 silly audit   'is-fullwidth-code-point': [ '3.0.0', '5.1.0' ],
5245 silly audit   'is-stream': [ '2.0.1', '4.0.1', '3.0.0' ],
5245 silly audit   'is-unsafe': [ '2.0.0' ],
5245 silly audit   jose: [ '4.15.9' ],
5245 silly audit   'json-bigint': [ '1.0.0' ],
5245 silly audit   jsonwebtoken: [ '9.0.3' ],
5245 silly audit   jwa: [ '2.0.1' ],
5245 silly audit   'jwks-rsa': [ '3.2.2' ],
5245 silly audit   jws: [ '4.0.1' ],
5245 silly audit   limiter: [ '1.1.5' ],
5245 silly audit   'lodash.camelcase': [ '4.3.0' ],
5245 silly audit   'lodash.clonedeep': [ '4.5.0' ],
5245 silly audit   'lodash.includes': [ '4.3.0' ],
5245 silly audit   'lodash.isboolean': [ '3.0.3' ],
5245 silly audit   'lodash.isinteger': [ '4.0.4' ],
5245 silly audit   'lodash.isnumber': [ '3.0.3' ],
5245 silly audit   'lodash.isplainobject': [ '4.0.6' ],
5245 silly audit   'lodash.isstring': [ '4.0.1' ],
5245 silly audit   'lodash.once': [ '4.1.1' ],
5245 silly audit   long: [ '5.3.2' ],
5245 silly audit   'lru-cache': [ '6.0.0', '10.4.3', '11.5.2' ],
5245 silly audit   'lru-memoizer': [ '2.3.0' ],
5245 silly audit   'math-intrinsics': [ '1.1.0' ],
5245 silly audit   mime: [ '3.0.0' ],
5245 silly audit   'mime-db': [ '1.52.0', '1.54.0' ],
5245 silly audit   'mime-types': [ '2.1.35', '3.0.2' ],
5245 silly audit   ms: [ '2.1.3' ],
5245 silly audit   nanoid: [ '3.3.18' ],
5245 silly audit   next: [ '15.5.23' ],
5245 silly audit   'node-domexception': [ '1.0.0' ],
5245 silly audit   'object-hash': [ '3.0.0' ],
5245 silly audit   once: [ '1.4.0' ],
5245 silly audit   'p-limit': [ '3.1.0', '4.0.0' ],
5245 silly audit   'path-expression-matcher': [ '1.6.2' ],
5245 silly audit   picocolors: [ '1.1.1' ],
5245 silly audit   postcss: [ '8.4.31', '8.5.26' ],
5245 silly audit   'proto3-json-serializer': [ '2.0.2' ],
5245 silly audit   protobufjs: [ '7.6.5' ],
5245 silly audit   re2js: [ '2.8.6' ],
5245 silly audit   react: [ '19.2.8' ],
5245 silly audit   'react-dom': [ '19.2.8' ],
5245 silly audit   'readable-stream': [ '3.6.2', '4.7.0', '2.3.8' ],
5245 silly audit   'require-directory': [ '2.1.1' ],
5245 silly audit   retry: [ '0.13.1' ],
5245 silly audit   'retry-request': [ '7.0.2' ],
5245 silly audit   'safe-buffer': [ '5.2.1', '5.1.2' ],
5245 silly audit   scheduler: [ '0.27.0' ],
5245 silly audit   semver: [ '7.8.5', '6.3.1' ],
5245 silly audit   sharp: [ '0.34.5' ],
5245 silly audit   'source-map-js': [ '1.2.1' ],
5245 silly audit   ssf: [ '0.11.2' ],
5245 silly audit   'stream-events': [ '1.0.5' ],
5245 silly audit   'stream-shift': [ '1.0.3' ],
5245 silly audit   string_decoder: [ '1.3.0', '1.1.1' ],
5245 silly audit   'string-width': [ '4.2.3', '7.2.0', '5.1.2', '8.2.2' ],
5245 silly audit   'strip-ansi': [ '6.0.1', '7.2.0' ],
5245 silly audit   strnum: [ '2.4.2' ],
5245 silly audit   stubs: [ '3.0.0' ],
5245 silly audit   'styled-jsx': [ '5.1.6' ],
5245 silly audit   'teeny-request': [ '9.0.0' ],
5245 silly audit   tr46: [ '0.0.3' ],
5245 silly audit   tslib: [ '2.8.1', '1.14.1' ],
5245 silly audit   'undici-types': [ '8.3.0' ],
5245 silly audit   'util-deprecate': [ '1.0.2' ],
5245 silly audit   uuid: [ '9.0.1' ],
5245 silly audit   'web-streams-polyfill': [ '3.3.3' ],
5245 silly audit   'web-vitals': [ '4.2.4' ],
5245 silly audit   'webidl-conversions': [ '3.0.1' ],
5245 silly audit   'websocket-driver': [ '0.7.5' ],
5245 silly audit   'websocket-extensions': [ '0.1.4' ],
5245 silly audit   'whatwg-url': [ '5.0.0' ],
5245 silly audit   wmf: [ '1.0.2' ],
5245 silly audit   word: [ '0.3.0' ],
5245 silly audit   'wrap-ansi': [ '7.0.0', '9.0.2', '6.2.0', '10.0.0', '8.1.0' ],
5245 silly audit   wrappy: [ '1.0.2' ],
5245 silly audit   xlsx: [ '0.18.5' ],
5245 silly audit   'xml-naming': [ '0.3.0' ],
5245 silly audit   y18n: [ '5.0.8' ],
5245 silly audit   yallist: [ '4.0.0', '5.0.0' ],
5245 silly audit   yargs: [ '17.7.3' ],
5245 silly audit   'yargs-parser': [ '21.1.1' ],
5245 silly audit   'yocto-queue': [ '0.1.0', '1.2.2' ],
5245 silly audit   'netlify-cli': [ '27.1.1' ],
5245 silly audit   '@fastify/static': [ '10.1.3' ],
5245 silly audit   '@netlify/ai': [ '0.4.4' ],
5245 silly audit   '@netlify/api': [ '15.1.1' ],
5245 silly audit   '@netlify/blobs': [ '10.7.13' ],
5245 silly audit   '@netlify/build': [ '36.3.5' ],
5245 silly audit   '@opentelemetry/api': [ '1.8.0', '1.9.1' ],
5245 silly audit   '@netlify/build-info': [ '11.3.0' ],
5245 silly audit   '@netlify/config': [ '25.2.2' ],
5245 silly audit   '@netlify/dev': [ '4.18.13' ],
5245 silly audit   '@netlify/dev-utils': [ '4.4.7', '5.0.0' ],
5245 silly audit   '@netlify/edge-bundler': [ '16.0.3', '15.1.1' ],
5245 silly audit   '@netlify/edge-functions': [ '3.0.8' ],
5245 silly audit   '@netlify/edge-functions-bootstrap': [ '2.17.1', '2.16.0' ],
5245 silly audit   '@netlify/headers-parser': [ '10.1.1' ],
5245 silly audit   '@netlify/images': [ '1.3.12' ],
5245 silly audit   '@netlify/local-functions-proxy': [ '2.0.3' ],
5245 silly audit   '@netlify/redirect-parser': [ '16.1.0' ],
5245 silly audit   '@netlify/zip-it-and-ship-it': [ '15.3.4' ],
5245 silly audit   '@octokit/rest': [ '22.0.1' ],
5245 silly audit   '@pnpm/tabtab': [ '0.5.4' ],
5245 silly audit   'ansi-escapes': [ '7.3.0', '4.3.2' ],
5245 silly audit   'ansi-to-html': [ '0.7.2' ],
5245 silly audit   'ascii-table': [ '0.0.9' ],
5245 silly audit   backoff: [ '2.5.0' ],
5245 silly audit   boxen: [ '8.0.1' ],
5245 silly audit   chalk: [ '5.6.2', '4.1.2' ],
5245 silly audit   chokidar: [ '4.0.3', '5.0.0' ],
5245 silly audit   'ci-info': [ '4.4.0' ],
5245 silly audit   'clean-deep': [ '3.4.0' ],
5245 silly audit   commander: [ '12.1.0', '10.0.1', '11.1.0', '2.20.3' ],
5245 silly audit   'comment-json': [ '4.6.2' ],
5245 silly audit   'content-type': [ '1.0.5', '2.1.0' ],
5245 silly audit   cookie: [ '1.1.1', '0.7.2' ],
5245 silly audit   'cron-parser': [ '4.9.0' ],
5245 silly audit   decache: [ '4.6.2' ],
5245 silly audit   'dot-prop': [ '10.2.0', '9.0.0' ],
5245 silly audit   dotenv: [ '17.4.2', '16.6.1' ],
5245 silly audit   'env-paths': [ '4.0.0', '3.0.0' ],
5245 silly audit   envinfo: [ '7.21.0' ],
5245 silly audit   etag: [ '1.8.1' ],
5245 silly audit   execa: [ '5.1.1', '8.0.1' ],
5245 silly audit   express: [ '5.2.1' ],
5245 silly audit   'express-logging': [ '1.1.1' ],
5245 silly audit   'fastest-levenshtein': [ '1.0.16' ],
5245 silly audit   fastify: [ '5.12.0' ],
5245 silly audit   'find-up': [ '8.0.0', '7.0.0' ],
5245 silly audit   'folder-walker': [ '3.2.0' ],
5245 silly audit   fuzzy: [ '0.1.3' ],
5245 silly audit   'get-port': [ '5.1.1', '7.2.0' ],
5245 silly audit   'git-repo-info': [ '2.1.1' ],
5245 silly audit   gitconfiglocal: [ '2.1.0' ],
5245 silly audit   'http-proxy': [ '1.18.1' ],
5245 silly audit   'http-proxy-middleware': [ '3.0.7' ],
5245 silly audit   inquirer: [ '8.2.7' ],
5245 silly audit   'inquirer-autocomplete-prompt': [ '1.4.0' ],
5245 silly audit   'is-docker': [ '4.0.0', '3.0.0' ],
5245 silly audit   'is-wsl': [ '3.1.1' ],
5245 silly audit   isexe: [ '4.0.0', '2.0.0' ],
5245 silly audit   'jwt-decode': [ '4.0.0' ],
5245 silly audit   'lambda-local': [ '2.2.0' ],
5245 silly audit   'locate-path': [ '8.0.0', '7.2.0' ],
5245 silly audit   'log-update': [ '7.2.0' ],
5245 silly audit   maxstache: [ '1.0.7' ],
5245 silly audit   'maxstache-stream': [ '1.0.4' ],
5245 silly audit   'modern-tar': [ '0.8.4' ],
5245 silly audit   multiparty: [ '4.3.0' ],
5245 silly audit   nanospinner: [ '1.2.2' ],
5245 silly audit   'netlify-redirector': [ '0.5.0' ],
5245 silly audit   'normalize-package-data': [ '7.0.1', '6.0.2', '8.0.0' ],
5245 silly audit   open: [ '11.0.1' ],
5245 silly audit   'p-filter': [ '4.1.0' ],
5245 silly audit   'p-map': [ '7.0.6' ],
5245 silly audit   'p-wait-for': [ '6.0.0', '5.0.2' ],
5245 silly audit   'parallel-transform': [ '1.2.0' ],
5245 silly audit   'parse-duration': [ '2.1.8' ],
5245 silly audit   'parse-github-url': [ '1.0.4' ],
5245 silly audit   pg: [ '8.23.0' ],
5245 silly audit   prettyjson: [ '1.2.5' ],
5245 silly audit   'raw-body': [ '3.0.2' ],
5245 silly audit   'read-package-up': [ '12.0.0', '11.0.0' ],
5245 silly audit   readdirp: [ '5.1.1', '4.1.2' ],
5245 silly audit   'source-map-support': [ '0.5.21' ],
5245 silly audit   'terminal-link': [ '5.0.0', '4.0.0' ],
5245 silly audit   toml: [ '3.0.0' ],
5245 silly audit   'tomlify-j0.4': [ '3.0.0' ],
5245 silly audit   ulid: [ '3.0.2' ],
5245 silly audit   'update-notifier': [ '7.3.1' ],
5245 silly audit   'write-file-atomic': [ '5.0.1' ],
5245 silly audit   ws: [ '8.21.3' ],
5245 silly audit   yauzl: [ '3.4.0', '2.10.0' ],
5245 silly audit   '@fastify/accept-negotiator': [ '2.1.0' ],
5245 silly audit   '@fastify/error': [ '4.2.0' ],
5245 silly audit   '@fastify/send': [ '4.1.1' ],
5245 silly audit   'content-disposition': [ '2.0.1', '1.1.0' ],
5245 silly audit   'fastify-plugin': [ '6.0.0' ],
5245 silly audit   fastq: [ '1.20.1' ],
5245 silly audit   glob: [ '13.0.6', '10.5.0' ],
5245 silly audit   '@lukeed/ms': [ '2.0.2' ],
5245 silly audit   'escape-html': [ '1.0.3' ],
5245 silly audit   'fast-decode-uri-component': [ '1.0.1' ],
5245 silly audit   'http-errors': [ '2.0.1', '2.0.0' ],
5245 silly audit   '@netlify/open-api': [ '2.57.0' ],
5245 silly audit   picoquery: [ '2.5.0' ],
5245 silly audit   '@netlify/otel': [ '6.0.6' ],
5245 silly audit   '@netlify/runtime-utils': [ '2.3.0' ],
5245 silly audit   '@bugsnag/js': [ '8.10.0' ],
5245 silly audit   '@netlify/cache-utils': [ '7.1.1' ],
5245 silly audit   '@netlify/functions-utils': [ '7.1.4' ],
5245 silly audit   '@netlify/git-utils': [ '7.1.0' ],
5245 silly audit   '@netlify/opentelemetry-utils': [ '3.1.0' ],
5245 silly audit   '@netlify/plugins-list': [ '6.81.9' ],
5245 silly audit   '@netlify/run-utils': [ '7.1.0' ],
5245 silly audit   '@sindresorhus/slugify': [ '2.2.1' ],
5245 silly audit   ansis: [ '4.3.1' ],
5245 silly audit   'clean-stack': [ '5.3.0' ],
5245 silly audit   'fast-string-width': [ '3.0.2' ],
5245 silly audit   fdir: [ '6.5.0' ],
5245 silly audit   figures: [ '6.1.0', '3.2.0' ],
5245 silly audit   'filter-obj': [ '6.1.0' ],
5245 silly audit   'hot-shots': [ '11.4.0' ],
5245 silly audit   ignore: [ '7.0.6' ],
5245 silly audit   'indent-string': [ '5.0.0' ],
5245 silly audit   'is-plain-obj': [ '4.1.0', '2.1.0' ],
5245 silly audit   'keep-func-props': [ '6.0.0' ],
5245 silly audit   'log-process-errors': [ '11.0.1' ],
5245 silly audit   'memoize-one': [ '6.0.0' ],
5245 silly audit   minimatch: [ '10.2.6', '9.0.9' ],
5245 silly audit   'os-name': [ '6.1.0' ],
5245 silly audit   'p-event': [ '6.0.1' ],
5245 silly audit   'p-locate': [ '6.0.0' ],
5245 silly audit   'p-reduce': [ '3.0.0' ],
5245 silly audit   'package-directory': [ '8.2.0' ],
5245 silly audit   'path-exists': [ '5.0.0' ],
5245 silly audit   'pretty-ms': [ '9.3.0' ],
5245 silly audit   'ps-list': [ '8.1.1' ],
5245 silly audit   resolve: [ '2.0.0-next.7' ],
5245 silly audit   rfdc: [ '1.4.1' ],
5245 silly audit   'safe-json-stringify': [ '1.2.0' ],
5245 silly audit   'supports-color': [ '10.2.2', '7.2.0' ],
5245 silly audit   'ts-node': [ '10.9.2' ],
5245 silly audit   typescript: [ '5.9.3' ],
5245 silly audit   yaml: [ '2.9.0' ],
5245 silly audit   zod: [ '4.4.3' ],
5245 silly audit   '@bugsnag/browser': [ '8.10.0' ],
5245 silly audit   '@bugsnag/node': [ '8.10.0' ],
5245 silly audit   '@bugsnag/core': [ '8.9.0' ],
5245 silly audit   '@bugsnag/cuid': [ '3.2.2' ],
5245 silly audit   '@bugsnag/safe-json-stringify': [ '6.1.0' ],
5245 silly audit   'error-stack-parser': [ '2.1.4' ],
5245 silly audit   iserror: [ '0.0.2' ],
5245 silly audit   'stack-generator': [ '2.0.10' ],
5245 silly audit   byline: [ '5.0.0' ],
5245 silly audit   pump: [ '3.0.4', '1.0.3' ],
5245 silly audit   lockparse: [ '0.5.2' ],
5245 silly audit   'read-pkg': [ '9.0.1', '10.1.0' ],
5245 silly audit   'smol-toml': [ '1.8.0' ],
5245 silly audit   'get-stream': [ '9.0.1', '6.0.1', '5.2.0', '8.0.1' ],
5245 silly audit   junk: [ '4.0.1' ],
5245 silly audit   'move-file': [ '3.1.0' ],
5245 silly audit   deepmerge: [ '4.3.1' ],
5245 silly audit   'fast-safe-stringify': [ '2.1.1' ],
5245 silly audit   'map-obj': [ '5.0.2' ],
5245 silly audit   'path-type': [ '6.0.0' ],
5245 silly audit   'validate-npm-package-name': [ '5.0.1' ],
5245 silly audit   '@netlify/database-dev': [ '0.10.1' ],
5245 silly audit   '@netlify/edge-functions-dev': [ '1.0.24' ],
5245 silly audit   '@netlify/functions-dev': [ '1.3.5' ],
5245 silly audit   '@netlify/headers': [ '2.1.13' ],
5245 silly audit   '@netlify/redirects': [ '3.1.15' ],
5245 silly audit   '@netlify/runtime': [ '4.1.29' ],
5245 silly audit   '@netlify/static': [ '3.1.12' ],
5245 silly audit   '@electric-sql/pglite': [ '0.3.16' ],
5245 silly audit   'pg-gateway': [ '0.3.0-beta.4' ],
5245 silly audit   '@whatwg-node/server': [ '0.11.0' ],
5245 silly audit   atomically: [ '2.1.1' ],
5245 silly audit   dettle: [ '1.0.5' ],
5245 silly audit   empathic: [ '2.0.1' ],
5245 silly audit   'image-size': [ '2.0.2' ],
5245 silly audit   'js-image-generator': [ '1.0.4' ],
5245 silly audit   'parse-gitignore': [ '2.0.0' ],
5245 silly audit   'tmp-promise': [ '3.0.3' ],
5245 silly audit   '@import-maps/resolve': [ '2.0.0' ],
5245 silly audit   '@sveltejs/acorn-typescript': [ '1.0.13' ],
5245 silly audit   acorn: [ '8.18.0' ],
5245 silly audit   ajv: [ '8.20.0' ],
5245 silly audit   'ajv-errors': [ '3.0.0' ],
5245 silly audit   'better-ajv-errors': [ '1.2.0' ],
5245 silly audit   'common-path-prefix': [ '3.0.0' ],
5245 silly audit   esbuild: [ '0.28.1' ],
5245 silly audit   'node-stream-zip': [ '1.16.0' ],
5245 silly audit   'p-retry': [ '6.2.1' ],
5245 silly audit   'parse-imports': [ '2.2.1' ],
5245 silly audit   tar: [ '7.5.22' ],
5245 silly audit   'urlpattern-polyfill': [ '8.0.2', '10.1.0' ],
5245 silly audit   '@netlify/types': [ '2.8.0' ],
5245 silly audit   '@netlify/functions': [ '5.3.0' ],
5245 silly audit   'extract-zip': [ '2.0.1' ],
5245 silly audit   cpy: [ '11.1.0' ],
5245 silly audit   'micro-memoize': [ '5.1.2' ],
5245 silly audit   micromatch: [ '4.0.8' ],
5245 silly audit   'escape-string-regexp': [ '5.0.0', '1.0.5' ],
5245 silly audit   ipx: [ '3.1.1' ],
5245 silly audit   '@netlify/local-functions-proxy-darwin-arm64': [ '1.1.1' ],
5245 silly audit   '@netlify/local-functions-proxy-darwin-x64': [ '1.1.1' ],
5245 silly audit   '@netlify/local-functions-proxy-freebsd-arm64': [ '1.1.1' ],
5245 silly audit   '@netlify/local-functions-proxy-freebsd-x64': [ '1.1.1' ],
5245 silly audit   '@netlify/local-functions-proxy-linux-arm': [ '1.1.1' ],
5245 silly audit   '@netlify/local-functions-proxy-linux-arm64': [ '1.1.1' ],
5245 silly audit   '@netlify/local-functions-proxy-linux-ia32': [ '1.1.1' ],
5245 silly audit   '@netlify/local-functions-proxy-linux-ppc64': [ '1.1.1' ],
5245 silly audit   '@netlify/local-functions-proxy-linux-x64': [ '1.1.1' ],
5245 silly audit   '@netlify/local-functions-proxy-openbsd-x64': [ '1.1.1' ],
5245 silly audit   '@netlify/local-functions-proxy-win32-ia32': [ '1.1.1' ],
5245 silly audit   '@netlify/local-functions-proxy-win32-x64': [ '1.1.1' ],
5245 silly audit   '@opentelemetry/core': [ '2.8.0', '2.9.0' ],
5245 silly audit   '@opentelemetry/instrumentation': [ '0.220.0' ],
5245 silly audit   '@opentelemetry/resources': [ '2.9.0' ],
5245 silly audit   '@opentelemetry/sdk-trace-node': [ '2.9.0' ],
5245 silly audit   '@netlify/cache': [ '3.4.10' ],
5245 silly audit   '@babel/parser': [ '7.29.8' ],
5245 silly audit   '@babel/types': [ '7.29.8' ],
5245 silly audit   '@netlify/binary-info': [ '1.0.0' ],
5245 silly audit   '@netlify/serverless-functions-api': [ '2.18.0' ],
5245 silly audit   '@vercel/nft': [ '0.29.4' ],
5245 silly audit   archiver: [ '8.0.0' ],
5245 silly audit   'copy-file': [ '11.1.0' ],
5245 silly audit   'es-module-lexer': [ '1.7.0', '2.3.1' ],
5245 silly audit   'fast-glob': [ '3.3.3' ],
5245 silly audit   'is-path-inside': [ '4.0.0' ],
5245 silly audit   'merge-options': [ '3.0.4' ],
5245 silly audit   'normalize-path': [ '3.0.0', '2.1.1' ],
5245 silly audit   precinct: [ '12.3.2' ],
5245 silly audit   'require-package-name': [ '2.0.1' ],
5245 silly audit   unixify: [ '1.0.0' ],
5245 silly audit   '@babel/helper-string-parser': [ '7.29.7' ],
5245 silly audit   '@babel/helper-validator-identifier': [ '7.29.7' ],
5245 silly audit   '@octokit/core': [ '7.0.7' ],
5245 silly audit   '@octokit/plugin-paginate-rest': [ '14.0.0' ],
5245 silly audit   '@octokit/plugin-request-log': [ '6.0.0' ],
5245 silly audit   '@octokit/plugin-rest-endpoint-methods': [ '17.0.0' ],
5245 silly audit   '@octokit/auth-token': [ '6.0.0' ],
5245 silly audit   '@octokit/graphql': [ '9.0.4' ],
5245 silly audit   '@octokit/request': [ '10.0.13' ],
5245 silly audit   '@octokit/request-error': [ '7.1.1' ],
5245 silly audit   '@octokit/types': [ '17.0.0', '16.0.0' ],
5245 silly audit   'before-after-hook': [ '4.0.0' ],
5245 silly audit   'universal-user-agent': [ '7.0.3' ],
5245 silly audit   '@octokit/endpoint': [ '11.0.4' ],
5245 silly audit   'json-with-bigint': [ '3.5.11' ],
5245 silly audit   '@octokit/openapi-types': [ '28.0.0', '27.0.0' ],
5245 silly audit   '@opentelemetry/semantic-conventions': [ '1.43.0' ],
5245 silly audit   '@opentelemetry/api-logs': [ '0.220.0' ],
5245 silly audit   'import-in-the-middle': [ '3.3.3' ],
5245 silly audit   'require-in-the-middle': [ '8.0.1' ],
5245 silly audit   '@opentelemetry/context-async-hooks': [ '2.9.0' ],
5245 silly audit   '@opentelemetry/sdk-trace-base': [ '2.9.0' ],
5245 silly audit   '@opentelemetry/sdk-trace': [ '2.9.0' ],
5245 silly audit   enquirer: [ '2.4.1' ],
5245 silly audit   minimist: [ '1.2.8' ],
5245 silly audit   untildify: [ '4.0.0' ],
5245 silly audit   '@sindresorhus/transliterate': [ '1.6.0' ],
5245 silly audit   '@mapbox/node-pre-gyp': [ '2.0.3' ],
5245 silly audit   '@rollup/pluginutils': [ '5.4.0' ],
5245 silly audit   'acorn-import-attributes': [ '1.9.5' ],
5245 silly audit   'async-sema': [ '3.1.1' ],
5245 silly audit   bindings: [ '1.5.0' ],
5245 silly audit   'estree-walker': [ '2.0.2' ],
5245 silly audit   'graceful-fs': [ '4.2.11', '4.2.10' ],
5245 silly audit   'node-gyp-build': [ '4.8.4' ],
5245 silly audit   picomatch: [ '4.0.5', '2.3.2' ],
5245 silly audit   'resolve-from': [ '5.0.0' ],
5245 silly audit   consola: [ '3.4.2' ],
5245 silly audit   nopt: [ '8.1.0' ],
5245 silly audit   '@types/estree': [ '1.0.9' ],
5245 silly audit   '@envelop/instrumentation': [ '1.0.0' ],
5245 silly audit   '@whatwg-node/disposablestack': [ '0.0.6' ],
5245 silly audit   '@whatwg-node/fetch': [ '0.10.13' ],
5245 silly audit   '@whatwg-node/promise-helpers': [ '1.3.2' ],
5245 silly audit   '@whatwg-node/node-fetch': [ '0.8.6' ],
5245 silly audit   'fast-uri': [ '3.1.5', '4.1.2' ],
5245 silly audit   'json-schema-traverse': [ '1.0.0' ],
5245 silly audit   'require-from-string': [ '2.0.2' ],
5245 silly audit   environment: [ '1.1.0' ],
5245 silly audit   entities: [ '2.2.0', '7.0.1', '4.5.0' ],
5245 silly audit   async: [ '3.2.6' ],
5245 silly audit   'buffer-crc32': [ '1.0.0', '0.2.13' ],
5245 silly audit   lazystream: [ '1.0.1' ],
5245 silly audit   'readdir-glob': [ '3.0.0' ],
5245 silly audit   'tar-stream': [ '3.2.0' ],
5245 silly audit   'zip-stream': [ '7.0.5' ],
5245 silly audit   'stubborn-fs': [ '2.0.0' ],
5245 silly audit   'when-exit': [ '2.1.5' ],
5245 silly audit   precond: [ '0.2.3' ],
5245 silly audit   '@babel/code-frame': [ '7.29.7' ],
5245 silly audit   '@humanwhocodes/momoa': [ '2.0.4' ],
5245 silly audit   jsonpointer: [ '5.0.1' ],
5245 silly audit   leven: [ '3.1.0' ],
5245 silly audit   'js-tokens': [ '4.0.0' ],
5245 silly audit   'file-uri-to-path': [ '1.0.0' ],
5245 silly audit   'ansi-align': [ '3.0.1' ],
5245 silly audit   camelcase: [ '8.0.0' ],
5245 silly audit   'cli-boxes': [ '3.0.0' ],
5245 silly audit   'type-fest': [ '4.41.0', '5.8.0', '0.21.3' ],
5245 silly audit   'widest-line': [ '5.0.0' ],
5245 silly audit   'lodash.isempty': [ '4.4.0' ],
5245 silly audit   'lodash.transform': [ '4.6.0' ],
5245 silly audit   'array-timsort': [ '1.0.3' ],
5245 silly audit   esprima: [ '4.0.1' ],
5245 silly audit   globby: [ '14.1.0' ],
5245 silly audit   luxon: [ '3.7.2' ],
5245 silly audit   callsite: [ '1.0.0' ],
5245 silly audit   'ansi-colors': [ '4.1.3' ],
5245 silly audit   'is-safe-filename': [ '0.1.1' ],
5245 silly audit   stackframe: [ '1.3.4' ],
5245 silly audit   '@esbuild/aix-ppc64': [ '0.28.1' ],
5245 silly audit   '@esbuild/android-arm': [ '0.28.1' ],
5245 silly audit   '@esbuild/android-arm64': [ '0.28.1' ],
5245 silly audit   '@esbuild/android-x64': [ '0.28.1' ],
5245 silly audit   '@esbuild/darwin-arm64': [ '0.28.1' ],
5245 silly audit   '@esbuild/darwin-x64': [ '0.28.1' ],
5245 silly audit   '@esbuild/freebsd-arm64': [ '0.28.1' ],
5245 silly audit   '@esbuild/freebsd-x64': [ '0.28.1' ],
5245 silly audit   '@esbuild/linux-arm': [ '0.28.1' ],
5245 silly audit   '@esbuild/linux-arm64': [ '0.28.1' ],
5245 silly audit   '@esbuild/linux-ia32': [ '0.28.1' ],
5245 silly audit   '@esbuild/linux-loong64': [ '0.28.1' ],
5245 silly audit   '@esbuild/linux-mips64el': [ '0.28.1' ],
5245 silly audit   '@esbuild/linux-ppc64': [ '0.28.1' ],
5245 silly audit   '@esbuild/linux-riscv64': [ '0.28.1' ],
5245 silly audit   '@esbuild/linux-s390x': [ '0.28.1' ],
5245 silly audit   '@esbuild/linux-x64': [ '0.28.1' ],
5245 silly audit   '@esbuild/netbsd-arm64': [ '0.28.1' ],
5245 silly audit   '@esbuild/netbsd-x64': [ '0.28.1' ],
5245 silly audit   '@esbuild/openbsd-arm64': [ '0.28.1' ],
5245 silly audit   '@esbuild/openbsd-x64': [ '0.28.1' ],
5245 silly audit   '@esbuild/openharmony-arm64': [ '0.28.1' ],
5245 silly audit   '@esbuild/sunos-x64': [ '0.28.1' ],
5245 silly audit   '@esbuild/win32-arm64': [ '0.28.1' ],
5245 silly audit   '@esbuild/win32-ia32': [ '0.28.1' ],
5245 silly audit   '@esbuild/win32-x64': [ '0.28.1' ],
5245 silly audit   'cross-spawn': [ '7.0.6' ],
5245 silly audit   'human-signals': [ '2.1.0', '5.0.0' ],
5245 silly audit   'merge-stream': [ '2.0.0' ],
5245 silly audit   'npm-run-path': [ '4.0.1', '5.3.0' ],
5245 silly audit   onetime: [ '5.1.2', '6.0.0', '7.0.0' ],
5245 silly audit   'signal-exit': [ '3.0.7', '4.1.0' ],
5245 silly audit   'strip-final-newline': [ '2.0.0', '3.0.0' ],
5245 silly audit   'path-key': [ '3.1.1', '4.0.0' ],
5245 silly audit   'shebang-command': [ '2.0.0' ],
5245 silly audit   which: [ '2.0.2' ],
5245 silly audit   accepts: [ '2.0.0' ],
5245 silly audit   'body-parser': [ '2.3.0' ],
5245 silly audit   'cookie-signature': [ '1.2.2' ],
5245 silly audit   depd: [ '2.0.0' ],
5245 silly audit   encodeurl: [ '2.0.0' ],
5245 silly audit   finalhandler: [ '2.1.1' ],
5245 silly audit   fresh: [ '2.0.0' ],
5245 silly audit   'merge-descriptors': [ '2.0.0' ],
5245 silly audit   'on-finished': [ '2.4.1' ],
5245 silly audit   parseurl: [ '1.3.3' ],
5245 silly audit   'proxy-addr': [ '2.0.7' ],
5245 silly audit   qs: [ '6.15.3' ],
5245 silly audit   'range-parser': [ '1.3.0' ],
5245 silly audit   router: [ '2.2.0' ],
5245 silly audit   send: [ '1.2.1' ],
5245 silly audit   'serve-static': [ '2.2.1' ],
5245 silly audit   statuses: [ '2.0.2', '2.0.1' ],
5245 silly audit   'type-is': [ '2.1.0' ],
5245 silly audit   vary: [ '1.1.2' ],
5245 silly audit   negotiator: [ '1.0.0' ],
5245 silly audit   bytes: [ '3.1.2' ],
5245 silly audit   'iconv-lite': [ '0.7.3' ],
5245 silly audit   'on-headers': [ '1.1.0' ],
5245 silly audit   '@types/yauzl': [ '2.10.3' ],
5245 silly audit   '@nodelib/fs.stat': [ '2.0.5' ],
5245 silly audit   '@nodelib/fs.walk': [ '1.2.8' ],
5245 silly audit   'glob-parent': [ '5.1.2' ],
5245 silly audit   merge2: [ '1.4.1' ],
5245 silly audit   '@nodelib/fs.scandir': [ '2.1.5' ],
5245 silly audit   'run-parallel': [ '1.2.0' ],
5245 silly audit   'fast-string-truncated-width': [ '3.0.3' ],
5245 silly audit   '@fastify/ajv-compiler': [ '4.0.6' ],
5245 silly audit   '@fastify/fast-json-stringify-compiler': [ '5.1.0' ],
5245 silly audit   '@fastify/proxy-addr': [ '5.1.0' ],
5245 silly audit   'abstract-logging': [ '2.0.1' ],
5245 silly audit   avvio: [ '9.3.0' ],
5245 silly audit   'fast-json-stringify': [ '7.0.1' ],
5245 silly audit   'find-my-way': [ '9.8.0' ],
5245 silly audit   'light-my-request': [ '6.6.0' ],
5245 silly audit   pino: [ '10.3.1' ],
5245 silly audit   'process-warning': [ '5.1.0', '4.0.1' ],
5245 silly audit   'secure-json-parse': [ '4.1.0' ],
5245 silly audit   'toad-cache': [ '3.7.4' ],
5245 silly audit   'ajv-formats': [ '3.0.1' ],
5245 silly audit   '@fastify/forwarded': [ '3.0.2' ],
5245 silly audit   'ipaddr.js': [ '2.5.0', '1.9.1' ],
5245 silly audit   '@fastify/merge-json-schemas': [ '0.2.1' ],
5245 silly audit   'json-schema-ref-resolver': [ '3.0.0' ],
5245 silly audit   dequal: [ '2.0.3' ],
5245 silly audit   reusify: [ '1.1.0' ],
5245 silly audit   'is-unicode-supported': [ '2.1.0', '0.1.0' ],
5245 silly audit   'fast-querystring': [ '1.1.2' ],
5245 silly audit   'safe-regex2': [ '5.1.1' ],
5245 silly audit   'unicorn-magic': [ '0.3.0', '0.1.0', '0.4.0' ],
5245 silly audit   from2: [ '2.3.0' ],
5245 silly audit   '@sec-ant/readable-stream': [ '0.4.1' ],
5245 silly audit   ini: [ '1.3.8', '4.1.1' ],
5245 silly audit   minipass: [ '7.1.3' ],
5245 silly audit   'path-scurry': [ '2.0.2', '1.11.1' ],
5245 silly audit   'is-glob': [ '4.0.3' ],
5245 silly audit   '@sindresorhus/merge-streams': [ '2.3.0' ],
5245 silly audit   slash: [ '5.1.0' ],
5245 silly audit   'unix-dgram': [ '2.0.7' ],
5245 silly audit   setprototypeof: [ '1.2.0' ],
5245 silly audit   toidentifier: [ '1.0.1' ],
5245 silly audit   eventemitter3: [ '4.0.7' ],
5245 silly audit   'follow-redirects': [ '1.16.0' ],
5245 silly audit   'requires-port': [ '1.0.0' ],
5245 silly audit   '@types/http-proxy': [ '1.17.17' ],
5245 silly audit   'is-plain-object': [ '5.0.0' ],
5245 silly audit   'safer-buffer': [ '2.1.2' ],
5245 silly audit   'cjs-module-lexer': [ '2.2.1' ],
5245 silly audit   'module-details-from-path': [ '1.0.4' ],
5245 silly audit   '@inquirer/external-editor': [ '1.0.3' ],
5245 silly audit   'cli-cursor': [ '3.1.0', '5.0.0' ],
5245 silly audit   'cli-width': [ '3.0.0' ],
5245 silly audit   lodash: [ '4.18.1' ],
5245 silly audit   'mute-stream': [ '0.0.8' ],
5245 silly audit   ora: [ '5.4.1' ],
5245 silly audit   'run-async': [ '2.4.1' ],
5245 silly audit   rxjs: [ '7.8.2', '6.6.7' ],
5245 silly audit   through: [ '2.3.8' ],
5245 silly audit   chardet: [ '2.2.0' ],
5245 silly audit   'restore-cursor': [ '3.1.0', '5.1.0' ],
5245 silly audit   citty: [ '0.1.6', '0.2.2' ],
5245 silly audit   defu: [ '6.1.7' ],
5245 silly audit   destr: [ '2.0.5' ],
5245 silly audit   h3: [ '1.15.11' ],
5245 silly audit   'image-meta': [ '0.2.2' ],
5245 silly audit   listhen: [ '1.10.1' ],
5245 silly audit   ofetch: [ '1.5.1' ],
5245 silly audit   pathe: [ '2.0.3' ],
5245 silly audit   svgo: [ '4.0.2' ],
5245 silly audit   ufo: [ '1.6.4' ],
5245 silly audit   unstorage: [ '1.17.5' ],
5245 silly audit   xss: [ '1.0.15' ],
5245 silly audit   'cookie-es': [ '1.2.3' ],
5245 silly audit   crossws: [ '0.3.5', '0.4.10' ],
5245 silly audit   'iron-webcrypto': [ '1.2.1' ],
5245 silly audit   'node-mock-http': [ '1.0.5' ],
5245 silly audit   radix3: [ '1.1.2' ],
5245 silly audit   uncrypto: [ '0.1.3' ],
5245 silly audit   'is-extglob': [ '2.1.1' ],
5245 silly audit   'is-inside-container': [ '1.0.0' ],
5245 silly audit   'jpeg-js': [ '0.4.4' ],
5245 silly audit   'mimic-fn': [ '4.0.0', '2.1.0' ],
5245 silly audit   winston: [ '3.19.0' ],
5245 silly audit   'set-cookie-parser': [ '2.7.2' ],
5245 silly audit   'get-port-please': [ '3.2.0' ],
5245 silly audit   'http-shutdown': [ '1.2.2' ],
5245 silly audit   jiti: [ '2.7.0' ],
5245 silly audit   'node-forge': [ '1.4.0' ],
5245 silly audit   'std-env': [ '4.2.0' ],
5245 silly audit   tinyclip: [ '0.1.15' ],
5245 silly audit   untun: [ '0.2.2' ],
5245 silly audit   uqr: [ '0.1.3' ],
5245 silly audit   'is-error-instance': [ '2.0.0' ],
5245 silly audit   'normalize-exception': [ '3.0.0' ],
5245 silly audit   'set-error-message': [ '2.0.1' ],
5245 silly audit   'slice-ansi': [ '8.0.0' ],
5245 silly audit   split2: [ '1.1.1', '4.2.0' ],
5245 silly audit   through2: [ '2.0.5' ],
5245 silly audit   'fast-equals': [ '5.4.1' ],
5245 silly audit   'fast-stringify': [ '4.0.1' ],
5245 silly audit   braces: [ '3.0.3' ],
5245 silly audit   'fill-range': [ '7.1.1' ],
5245 silly audit   'to-regex-range': [ '5.0.1' ],
5245 silly audit   'brace-expansion': [ '5.0.9', '2.1.4' ],
5245 silly audit   'balanced-match': [ '4.0.4', '1.0.2' ],
5245 silly audit   'uid-safe': [ '2.1.5' ],
5245 silly audit   abbrev: [ '3.0.1' ],
5245 silly audit   'hosted-git-info': [ '8.1.0', '9.0.3', '7.0.2' ],
5245 silly audit   'validate-npm-package-license': [ '3.0.4' ],
5245 silly audit   'node-fetch-native': [ '1.6.7' ],
5245 silly audit   'ee-first': [ '1.1.1' ],
5245 silly audit   'default-browser': [ '5.5.0' ],
5245 silly audit   'define-lazy-prop': [ '3.0.0' ],
5245 silly audit   'is-in-ssh': [ '1.0.0' ],
5245 silly audit   'powershell-utils': [ '0.2.0', '0.1.0' ],
5245 silly audit   'wsl-utils': [ '1.0.0' ],
5245 silly audit   'bundle-name': [ '4.1.0' ],
5245 silly audit   'default-browser-id': [ '5.0.1' ],
5245 silly audit   'run-applescript': [ '7.1.0' ],
5245 silly audit   bl: [ '4.1.0' ],
5245 silly audit   'cli-spinners': [ '2.9.2' ],
5245 silly audit   'is-interactive': [ '1.0.0' ],
5245 silly audit   'log-symbols': [ '4.1.0' ],
5245 silly audit   wcwidth: [ '1.0.1' ],
5245 silly audit   buffer: [ '5.7.1', '6.0.3' ],
5245 silly audit   ieee754: [ '1.2.1' ],
5245 silly audit   'macos-release': [ '3.5.1' ],
5245 silly audit   'windows-release': [ '6.1.0' ],
5245 silly audit   'p-timeout': [ '6.1.4' ],
5245 silly audit   '@types/retry': [ '0.12.2' ],
5245 silly audit   'is-network-error': [ '1.3.2' ],
5245 silly audit   'find-up-simple': [ '1.0.1' ],
5245 silly audit   cyclist: [ '1.0.2' ],
5245 silly audit   slashes: [ '3.0.12' ],
5245 silly audit   'pg-cloudflare': [ '1.4.0' ],
5245 silly audit   'pg-connection-string': [ '2.14.0' ],
5245 silly audit   'pg-pool': [ '3.14.0' ],
5245 silly audit   'pg-protocol': [ '1.16.0' ],
5245 silly audit   'pg-types': [ '2.2.0' ],
5245 silly audit   pgpass: [ '1.0.5' ],
5245 silly audit   'pg-int8': [ '1.0.1' ],
5245 silly audit   'postgres-array': [ '2.0.0' ],
5245 silly audit   'postgres-bytea': [ '1.0.1' ],
5245 silly audit   'postgres-date': [ '1.0.7' ],
5245 silly audit   'postgres-interval': [ '1.2.0' ],
5245 silly audit   '@pinojs/redact': [ '0.4.0' ],
5245 silly audit   'atomic-sleep': [ '1.0.0' ],
5245 silly audit   'on-exit-leak-free': [ '2.1.2' ],
5245 silly audit   'pino-abstract-transport': [ '3.0.0' ],
5245 silly audit   'pino-std-serializers': [ '7.1.0' ],
5245 silly audit   'quick-format-unescaped': [ '4.0.4' ],
5245 silly audit   'real-require': [ '0.2.0', '1.0.0' ],
5245 silly audit   'safe-stable-stringify': [ '2.5.0' ],
5245 silly audit   'sonic-boom': [ '4.2.1' ],
5245 silly audit   'thread-stream': [ '4.2.0' ],
5245 silly audit   xtend: [ '4.0.2' ],
5245 silly audit   '@dependents/detective-less': [ '5.0.3' ],
5245 silly audit   'detective-amd': [ '6.1.0' ],
5245 silly audit   'detective-cjs': [ '6.1.1' ],
5245 silly audit   'detective-es6': [ '5.0.2' ],
5245 silly audit   'detective-postcss': [ '8.0.4' ],
5245 silly audit   'detective-sass': [ '6.0.2' ],
5245 silly audit   'detective-scss': [ '5.0.2' ],
5245 silly audit   'detective-stylus': [ '5.0.1' ],
5245 silly audit   'detective-typescript': [ '14.1.2' ],
5245 silly audit   'detective-vue2': [ '2.3.0' ],
5245 silly audit   'module-definition': [ '6.0.2' ],
5245 silly audit   'node-source-walk': [ '7.0.2' ],
5245 silly audit   'gonzales-pe': [ '4.3.0' ],
5245 silly audit   'ast-module-types': [ '6.0.2' ],
5245 silly audit   escodegen: [ '2.1.0' ],
5245 silly audit   'get-amd-module-type': [ '6.0.2' ],
5245 silly audit   '@typescript-eslint/typescript-estree': [ '8.67.0' ],
5245 silly audit   '@typescript-eslint/project-service': [ '8.67.0' ],
5245 silly audit   '@typescript-eslint/tsconfig-utils': [ '8.67.0' ],
5245 silly audit   '@typescript-eslint/types': [ '8.67.0' ],
5245 silly audit   '@typescript-eslint/visitor-keys': [ '8.67.0' ],
5245 silly audit   tinyglobby: [ '0.2.17' ],
5245 silly audit   'ts-api-utils': [ '2.5.0' ],
5245 silly audit   'eslint-visitor-keys': [ '5.0.1' ],
5245 silly audit   '@vue/compiler-sfc': [ '3.5.41' ],
5245 silly audit   '@vue/compiler-core': [ '3.5.41' ],
5245 silly audit   '@vue/compiler-dom': [ '3.5.41' ],
5245 silly audit   '@vue/compiler-ssr': [ '3.5.41' ],
5245 silly audit   '@vue/shared': [ '3.5.41' ],
5245 silly audit   'magic-string': [ '0.30.21' ],
5245 silly audit   estraverse: [ '5.3.0' ],
5245 silly audit   esutils: [ '2.0.3' ],
5245 silly audit   'source-map': [ '0.6.1' ],
5245 silly audit   '@jridgewell/sourcemap-codec': [ '1.5.5' ],
5245 silly audit   'parse-ms': [ '4.0.0' ],
5245 silly audit   colors: [ '1.4.0' ],
5245 silly audit   forwarded: [ '0.2.0' ],
5245 silly audit   'side-channel': [ '1.1.1' ],
5245 silly audit   unpipe: [ '1.0.0' ],
5245 silly audit   '@types/normalize-package-data': [ '2.4.4' ],
5245 silly audit   'parse-json': [ '8.3.0' ],
5245 silly audit   'index-to-position': [ '1.2.0' ],
5245 silly audit   'is-core-module': [ '2.16.2' ],
5245 silly audit   'node-exports-info': [ '1.6.2' ],
5245 silly audit   'object-keys': [ '1.1.1' ],
5245 silly audit   'path-parse': [ '1.0.7' ],
5245 silly audit   'supports-preserve-symlinks-flag': [ '1.0.0' ],
5245 silly audit   'array.prototype.flatmap': [ '1.3.3' ],
5245 silly audit   'object.entries': [ '1.1.9' ],
5245 silly audit   'call-bind': [ '1.0.9' ],
5245 silly audit   'define-properties': [ '1.2.1' ],
5245 silly audit   'es-abstract': [ '1.24.2' ],
5245 silly audit   'es-shim-unscopables': [ '1.1.0' ],
5245 silly audit   'set-function-length': [ '1.2.2' ],
5245 silly audit   'define-data-property': [ '1.1.4' ],
5245 silly audit   'has-property-descriptors': [ '1.0.2' ],
5245 silly audit   'array-buffer-byte-length': [ '1.0.2' ],
5245 silly audit   'arraybuffer.prototype.slice': [ '1.0.4' ],
5245 silly audit   'available-typed-arrays': [ '1.0.7' ],
5245 silly audit   'call-bound': [ '1.0.4' ],
5245 silly audit   'data-view-buffer': [ '1.0.2' ],
5245 silly audit   'data-view-byte-length': [ '1.0.2' ],
5245 silly audit   'data-view-byte-offset': [ '1.0.1' ],
5245 silly audit   'es-to-primitive': [ '1.3.4' ],
5245 silly audit   'function.prototype.name': [ '1.2.0' ],
5245 silly audit   'get-symbol-description': [ '1.1.0' ],
5245 silly audit   globalthis: [ '1.0.4' ],
5245 silly audit   'has-proto': [ '1.2.0' ],
5245 silly audit   'internal-slot': [ '1.1.0' ],
5245 silly audit   'is-array-buffer': [ '3.0.5' ],
5245 silly audit   'is-callable': [ '1.2.7' ],
5245 silly audit   'is-data-view': [ '1.0.2' ],
5245 silly audit   'is-negative-zero': [ '2.0.3' ],
5245 silly audit   'is-regex': [ '1.2.1' ],
5245 silly audit   'is-set': [ '2.0.3' ],
5245 silly audit   'is-shared-array-buffer': [ '1.0.4' ],
5245 silly audit   'is-string': [ '1.1.1' ],
5245 silly audit   'is-typed-array': [ '1.1.15' ],
5245 silly audit   'is-weakref': [ '1.1.1' ],
5245 silly audit   'object-inspect': [ '1.13.4' ],
5245 silly audit   'object.assign': [ '4.1.7' ],
5245 silly audit   'own-keys': [ '1.0.2' ],
5245 silly audit   'regexp.prototype.flags': [ '1.5.4' ],
5245 silly audit   'safe-array-concat': [ '1.1.4' ],
5245 silly audit   'safe-push-apply': [ '1.0.0' ],
5245 silly audit   'safe-regex-test': [ '1.1.0' ],
5245 silly audit   'set-proto': [ '1.0.0' ],
5245 silly audit   'stop-iteration-iterator': [ '1.1.0' ],
5245 silly audit   'string.prototype.trim': [ '1.2.11' ],
5245 silly audit   'string.prototype.trimend': [ '1.0.10' ],
5245 silly audit   'string.prototype.trimstart': [ '1.0.8' ],
5245 silly audit   'typed-array-buffer': [ '1.0.3' ],
5245 silly audit   'typed-array-byte-length': [ '1.0.3' ],
5245 silly audit   'typed-array-byte-offset': [ '1.0.4' ],
5245 silly audit   'typed-array-length': [ '1.0.8' ],
5245 silly audit   'unbox-primitive': [ '1.1.0' ],
5245 silly audit   'which-typed-array': [ '1.1.22' ],
5245 silly audit   'possible-typed-array-names': [ '1.1.0' ],
5245 silly audit   'es-abstract-get': [ '1.0.0' ],
5245 silly audit   'is-date-object': [ '1.1.0' ],
5245 silly audit   'is-symbol': [ '1.1.1' ],
5245 silly audit   'functions-have-names': [ '1.2.3' ],
5245 silly audit   'is-document.all': [ '1.0.0' ],
5245 silly audit   'set-function-name': [ '2.0.2' ],
5245 silly audit   'is-promise': [ '4.0.0' ],
5245 silly audit   'path-to-regexp': [ '8.4.2' ],
5245 silly audit   'queue-microtask': [ '1.2.3' ],
5245 silly audit   isarray: [ '2.0.5', '1.0.0' ],
5245 silly audit   ret: [ '0.5.0' ],
5245 silly audit   'shebang-regex': [ '3.0.0' ],
5245 silly audit   'side-channel-list': [ '1.0.1' ],
5245 silly audit   'side-channel-map': [ '1.0.1' ],
5245 silly audit   'side-channel-weakmap': [ '1.0.2' ],
5245 silly audit   'buffer-from': [ '1.1.2' ],
5245 silly audit   'stubborn-utils': [ '1.0.2' ],
5245 silly audit   'css-select': [ '5.2.2' ],
5245 silly audit   'css-tree': [ '3.2.1', '2.2.1' ],
5245 silly audit   'css-what': [ '6.2.2' ],
5245 silly audit   csso: [ '5.0.5' ],
5245 silly audit   sax: [ '1.6.1' ],
5245 silly audit   boolbase: [ '1.0.0' ],
5245 silly audit   domhandler: [ '5.0.3' ],
5245 silly audit   domutils: [ '3.2.2' ],
5245 silly audit   'nth-check': [ '2.1.1' ],
5245 silly audit   'mdn-data': [ '2.27.1', '2.0.28' ],
5245 silly audit   domelementtype: [ '2.3.0' ],
5245 silly audit   'dom-serializer': [ '2.0.0' ],
5245 silly audit   '@isaacs/fs-minipass': [ '4.0.1' ],
5245 silly audit   chownr: [ '3.0.0' ],
5245 silly audit   minizlib: [ '3.1.0' ],
5245 silly audit   b4a: [ '1.8.1' ],
5245 silly audit   'bare-fs': [ '4.8.0' ],
5245 silly audit   'fast-fifo': [ '1.3.2' ],
5245 silly audit   streamx: [ '2.28.0' ],
5245 silly audit   'bare-events': [ '2.9.1' ],
5245 silly audit   'bare-path': [ '3.1.1' ],
5245 silly audit   'bare-stream': [ '2.13.3' ],
5245 silly audit   'bare-url': [ '2.5.2' ],
5245 silly audit   teex: [ '1.0.1' ],
5245 silly audit   'events-universal': [ '1.0.1' ],
5245 silly audit   'text-decoder': [ '1.2.7' ],
5245 silly audit   'supports-hyperlinks': [ '4.5.0', '3.2.0' ],
5245 silly audit   'has-flag': [ '5.0.1', '4.0.0' ],
5245 silly audit   tmp: [ '0.2.7' ],
5245 silly audit   'is-number': [ '7.0.0' ],
5245 silly audit   'media-typer': [ '1.1.1' ],
5245 silly audit   'for-each': [ '0.3.5' ],
5245 silly audit   'reflect.getprototypeof': [ '1.0.10' ],
5245 silly audit   'which-builtin-type': [ '1.2.1' ],
5245 silly audit   'random-bytes': [ '1.0.0' ],
5245 silly audit   'has-bigints': [ '1.1.0' ],
5245 silly audit   'which-boxed-primitive': [ '1.1.1' ],
5245 silly audit   nan: [ '2.28.0' ],
5245 silly audit   anymatch: [ '3.1.3' ],
5245 silly audit   configstore: [ '7.1.0' ],
5245 silly audit   'is-in-ci': [ '1.0.0' ],
5245 silly audit   'is-installed-globally': [ '1.0.0' ],
5245 silly audit   'is-npm': [ '6.1.0' ],
5245 silly audit   'latest-version': [ '9.0.0' ],
5245 silly audit   pupa: [ '3.3.0' ],
5245 silly audit   'xdg-basedir': [ '5.1.0' ],
5245 silly audit   'global-directory': [ '4.0.1' ],
5245 silly audit   'package-json': [ '10.0.1' ],
5245 silly audit   ky: [ '1.14.3' ],
5245 silly audit   'registry-auth-token': [ '5.1.1' ],
5245 silly audit   'registry-url': [ '6.0.1' ],
5245 silly audit   'escape-goat': [ '4.0.0' ],
5245 silly audit   '@pnpm/npm-conf': [ '3.0.3' ],
5245 silly audit   '@pnpm/config.env-replace': [ '1.1.0' ],
5245 silly audit   '@pnpm/network.ca-file': [ '1.0.2' ],
5245 silly audit   'config-chain': [ '1.1.13' ],
5245 silly audit   'proto-list': [ '1.2.4' ],
5245 silly audit   rc: [ '1.2.8' ],
5245 silly audit   'deep-extend': [ '0.6.0' ],
5245 silly audit   'strip-json-comments': [ '2.0.1' ],
5245 silly audit   'spdx-correct': [ '3.2.0' ],
5245 silly audit   'spdx-expression-parse': [ '3.0.1' ],
5245 silly audit   'spdx-license-ids': [ '3.0.23' ],
5245 silly audit   'spdx-exceptions': [ '2.5.0' ],
5245 silly audit   defaults: [ '1.0.4' ],
5245 silly audit   clone: [ '1.0.4' ],
5245 silly audit   'is-bigint': [ '1.1.0' ],
5245 silly audit   'is-boolean-object': [ '1.2.2' ],
5245 silly audit   'is-number-object': [ '1.1.1' ],
5245 silly audit   'is-async-function': [ '2.1.1' ],
5245 silly audit   'is-finalizationregistry': [ '1.1.1' ],
5245 silly audit   'is-generator-function': [ '1.1.2' ],
5245 silly audit   'which-collection': [ '1.0.2' ],
5245 silly audit   'async-function': [ '1.0.0' ],
5245 silly audit   'generator-function': [ '2.0.1' ],
5245 silly audit   'is-map': [ '2.0.3' ],
5245 silly audit   'is-weakmap': [ '2.0.2' ],
5245 silly audit   'is-weakset': [ '2.0.4' ],
5245 silly audit   '@colors/colors': [ '1.6.0' ],
5245 silly audit   '@dabh/diagnostics': [ '2.0.8' ],
5245 silly audit   logform: [ '2.7.0' ],
5245 silly audit   'one-time': [ '1.0.0' ],
5245 silly audit   'stack-trace': [ '0.0.10' ],
5245 silly audit   'triple-beam': [ '1.4.1' ],
5245 silly audit   'winston-transport': [ '4.9.0' ],
5245 silly audit   '@so-ric/colorspace': [ '1.1.6' ],
5245 silly audit   enabled: [ '2.0.0' ],
5245 silly audit   kuler: [ '2.0.0' ],
5245 silly audit   color: [ '5.0.3' ],
5245 silly audit   'text-hex': [ '1.0.0' ],
5245 silly audit   'color-string': [ '2.1.4' ],
5245 silly audit   '@types/triple-beam': [ '1.3.5' ],
5245 silly audit   fecha: [ '4.2.3' ],
5245 silly audit   'fn.name': [ '1.1.0' ],
5245 silly audit   imurmurhash: [ '0.1.4' ],
5245 silly audit   cssfilter: [ '0.0.10' ],
5245 silly audit   pend: [ '1.2.0' ],
5245 silly audit   'compress-commons': [ '7.0.1' ],
5245 silly audit   'crc32-stream': [ '7.0.1' ],
5245 silly audit   '@cspotcode/source-map-support': [ '0.8.1' ],
5245 silly audit   '@tsconfig/node10': [ '1.0.13' ],
5245 silly audit   '@tsconfig/node12': [ '1.0.11' ],
5245 silly audit   '@tsconfig/node14': [ '1.0.3' ],
5245 silly audit   '@tsconfig/node16': [ '1.0.4' ],
5245 silly audit   'acorn-walk': [ '8.3.5' ],
5245 silly audit   arg: [ '4.1.3' ],
5245 silly audit   'create-require': [ '1.1.1' ],
5245 silly audit   diff: [ '4.0.4' ],
5245 silly audit   'make-error': [ '1.3.6' ],
5245 silly audit   'v8-compile-cache-lib': [ '3.0.1' ],
5245 silly audit   yn: [ '3.1.1' ],
5245 silly audit   '@jridgewell/trace-mapping': [ '0.3.9' ],
5245 silly audit   '@jridgewell/resolve-uri': [ '3.1.2' ],
5245 silly audit   'foreground-child': [ '3.3.1' ],
5245 silly audit   jackspeak: [ '3.4.3' ],
5245 silly audit   'package-json-from-dist': [ '1.0.1' ],
5245 silly audit   '@isaacs/cliui': [ '8.0.2' ],
5245 silly audit   '@pkgjs/parseargs': [ '0.11.0' ],
5245 silly audit   eastasianwidth: [ '0.2.0' ],
5245 silly audit   events: [ '3.3.0' ],
5245 silly audit   process: [ '0.11.10' ],
5245 silly audit   'get-east-asian-width': [ '1.6.0' ],
5245 silly audit   'tagged-tag': [ '1.0.0' ],
5245 silly audit   'fd-slicer': [ '1.1.0' ],
5245 silly audit   'core-util-is': [ '1.0.3' ],
5245 silly audit   'process-nextick-args': [ '2.0.1' ],
5245 silly audit   'mimic-function': [ '5.0.1' ],
5245 silly audit   'is-url-superb': [ '4.0.0' ],
5245 silly audit   'postcss-values-parser': [ '6.0.2' ],
5245 silly audit   'quote-unquote': [ '1.0.0' ],
5245 silly audit   'remove-trailing-separator': [ '1.1.0' ],
5245 silly audit   '@parcel/watcher-wasm': [ '2.6.0' ],
5245 silly audit   'napi-wasm': [ '1.1.0' ]
5245 silly audit }
5246 http cache remove-trailing-separator@https://registry.npmjs.org/remove-trailing-separator/-/remove-trailing-separator-1.1.0.tgz 0ms (cache hit)
5247 http cache postcss-values-parser@https://registry.npmjs.org/postcss-values-parser/-/postcss-values-parser-6.0.2.tgz 0ms (cache hit)
5248 http cache quote-unquote@https://registry.npmjs.org/quote-unquote/-/quote-unquote-1.0.0.tgz 0ms (cache hit)
5249 http cache is-url-superb@https://registry.npmjs.org/is-url-superb/-/is-url-superb-4.0.0.tgz 0ms (cache hit)
5250 http cache mimic-function@https://registry.npmjs.org/mimic-function/-/mimic-function-5.0.1.tgz 0ms (cache hit)
5251 http cache core-util-is@https://registry.npmjs.org/core-util-is/-/core-util-is-1.0.3.tgz 0ms (cache hit)
5252 http cache process-nextick-args@https://registry.npmjs.org/process-nextick-args/-/process-nextick-args-2.0.1.tgz 0ms (cache hit)
5253 http cache fd-slicer@https://registry.npmjs.org/fd-slicer/-/fd-slicer-1.1.0.tgz 0ms (cache hit)
5254 http cache tagged-tag@https://registry.npmjs.org/tagged-tag/-/tagged-tag-1.0.0.tgz 0ms (cache hit)
5255 http cache process@https://registry.npmjs.org/process/-/process-0.11.10.tgz 0ms (cache hit)
5256 http cache events@https://registry.npmjs.org/events/-/events-3.3.0.tgz 0ms (cache hit)
5257 http cache get-east-asian-width@https://registry.npmjs.org/get-east-asian-width/-/get-east-asian-width-1.6.0.tgz 0ms (cache hit)
5258 http cache eastasianwidth@https://registry.npmjs.org/eastasianwidth/-/eastasianwidth-0.2.0.tgz 0ms (cache hit)
5259 http cache wrap-ansi-cjs@https://registry.npmjs.org/wrap-ansi/-/wrap-ansi-7.0.0.tgz 0ms (cache hit)
5260 http cache @pkgjs/parseargs@https://registry.npmjs.org/@pkgjs/parseargs/-/parseargs-0.11.0.tgz 0ms (cache hit)
5261 http cache strip-ansi-cjs@https://registry.npmjs.org/strip-ansi/-/strip-ansi-6.0.1.tgz 0ms (cache hit)
5262 http cache @isaacs/cliui@https://registry.npmjs.org/@isaacs/cliui/-/cliui-8.0.2.tgz 0ms (cache hit)
5263 http cache string-width-cjs@https://registry.npmjs.org/string-width/-/string-width-4.2.3.tgz 0ms (cache hit)
5264 http cache jackspeak@https://registry.npmjs.org/jackspeak/-/jackspeak-3.4.3.tgz 0ms (cache hit)
5265 http cache package-json-from-dist@https://registry.npmjs.org/package-json-from-dist/-/package-json-from-dist-1.0.1.tgz 0ms (cache hit)
5266 http cache foreground-child@https://registry.npmjs.org/foreground-child/-/foreground-child-3.3.1.tgz 0ms (cache hit)
5267 http cache @jridgewell/resolve-uri@https://registry.npmjs.org/@jridgewell/resolve-uri/-/resolve-uri-3.1.2.tgz 0ms (cache hit)
5268 http cache @jridgewell/trace-mapping@https://registry.npmjs.org/@jridgewell/trace-mapping/-/trace-mapping-0.3.9.tgz 0ms (cache hit)
5269 http cache make-error@https://registry.npmjs.org/make-error/-/make-error-1.3.6.tgz 0ms (cache hit)
5270 http cache arg@https://registry.npmjs.org/arg/-/arg-4.1.3.tgz 0ms (cache hit)
5271 http cache v8-compile-cache-lib@https://registry.npmjs.org/v8-compile-cache-lib/-/v8-compile-cache-lib-3.0.1.tgz 0ms (cache hit)
5272 http cache acorn-walk@https://registry.npmjs.org/acorn-walk/-/acorn-walk-8.3.5.tgz 0ms (cache hit)
5273 http cache create-require@https://registry.npmjs.org/create-require/-/create-require-1.1.1.tgz 0ms (cache hit)
5274 http cache yn@https://registry.npmjs.org/yn/-/yn-3.1.1.tgz 0ms (cache hit)
5275 http cache diff@https://registry.npmjs.org/diff/-/diff-4.0.4.tgz 0ms (cache hit)
5276 http cache @cspotcode/source-map-support@https://registry.npmjs.org/@cspotcode/source-map-support/-/source-map-support-0.8.1.tgz 0ms (cache hit)
5277 http cache @tsconfig/node16@https://registry.npmjs.org/@tsconfig/node16/-/node16-1.0.4.tgz 0ms (cache hit)
5278 http cache @tsconfig/node14@https://registry.npmjs.org/@tsconfig/node14/-/node14-1.0.3.tgz 0ms (cache hit)
5279 http cache crc32-stream@https://registry.npmjs.org/crc32-stream/-/crc32-stream-7.0.1.tgz 0ms (cache hit)
5280 http cache @tsconfig/node12@https://registry.npmjs.org/@tsconfig/node12/-/node12-1.0.11.tgz 0ms (cache hit)
5281 http cache compress-commons@https://registry.npmjs.org/compress-commons/-/compress-commons-7.0.1.tgz 0ms (cache hit)
5282 http cache @tsconfig/node10@https://registry.npmjs.org/@tsconfig/node10/-/node10-1.0.13.tgz 0ms (cache hit)
5283 http cache imurmurhash@https://registry.npmjs.org/imurmurhash/-/imurmurhash-0.1.4.tgz 0ms (cache hit)
5284 http cache pend@https://registry.npmjs.org/pend/-/pend-1.2.0.tgz 0ms (cache hit)
5285 http cache cssfilter@https://registry.npmjs.org/cssfilter/-/cssfilter-0.0.10.tgz 0ms (cache hit)
5286 http cache fn.name@https://registry.npmjs.org/fn.name/-/fn.name-1.1.0.tgz 0ms (cache hit)
5287 http cache @types/triple-beam@https://registry.npmjs.org/@types/triple-beam/-/triple-beam-1.3.5.tgz 0ms (cache hit)
5288 http cache fecha@https://registry.npmjs.org/fecha/-/fecha-4.2.3.tgz 0ms (cache hit)
5289 http cache text-hex@https://registry.npmjs.org/text-hex/-/text-hex-1.0.0.tgz 0ms (cache hit)
5290 http cache color-string@https://registry.npmjs.org/color-string/-/color-string-2.1.4.tgz 0ms (cache hit)
5291 http cache color@https://registry.npmjs.org/color/-/color-5.0.3.tgz 0ms (cache hit)
5292 http cache @so-ric/colorspace@https://registry.npmjs.org/@so-ric/colorspace/-/colorspace-1.1.6.tgz 0ms (cache hit)
5293 http cache kuler@https://registry.npmjs.org/kuler/-/kuler-2.0.0.tgz 0ms (cache hit)
5294 http cache winston-transport@https://registry.npmjs.org/winston-transport/-/winston-transport-4.9.0.tgz 0ms (cache hit)
5295 http cache enabled@https://registry.npmjs.org/enabled/-/enabled-2.0.0.tgz 0ms (cache hit)
5296 http cache stack-trace@https://registry.npmjs.org/stack-trace/-/stack-trace-0.0.10.tgz 0ms (cache hit)
5297 http cache triple-beam@https://registry.npmjs.org/triple-beam/-/triple-beam-1.4.1.tgz 0ms (cache hit)
5298 http cache logform@https://registry.npmjs.org/logform/-/logform-2.7.0.tgz 0ms (cache hit)
5299 http cache one-time@https://registry.npmjs.org/one-time/-/one-time-1.0.0.tgz 0ms (cache hit)
5300 http cache @dabh/diagnostics@https://registry.npmjs.org/@dabh/diagnostics/-/diagnostics-2.0.8.tgz 0ms (cache hit)
5301 http cache @colors/colors@https://registry.npmjs.org/@colors/colors/-/colors-1.6.0.tgz 0ms (cache hit)
5302 http cache is-weakmap@https://registry.npmjs.org/is-weakmap/-/is-weakmap-2.0.2.tgz 0ms (cache hit)
5303 http cache is-weakset@https://registry.npmjs.org/is-weakset/-/is-weakset-2.0.4.tgz 0ms (cache hit)
5304 http cache is-map@https://registry.npmjs.org/is-map/-/is-map-2.0.3.tgz 0ms (cache hit)
5305 http cache generator-function@https://registry.npmjs.org/generator-function/-/generator-function-2.0.1.tgz 0ms (cache hit)
5306 http cache async-function@https://registry.npmjs.org/async-function/-/async-function-1.0.0.tgz 0ms (cache hit)
5307 http cache which-collection@https://registry.npmjs.org/which-collection/-/which-collection-1.0.2.tgz 0ms (cache hit)
5308 http cache is-finalizationregistry@https://registry.npmjs.org/is-finalizationregistry/-/is-finalizationregistry-1.1.1.tgz 0ms (cache hit)
5309 http cache is-generator-function@https://registry.npmjs.org/is-generator-function/-/is-generator-function-1.1.2.tgz 0ms (cache hit)
5310 http cache is-async-function@https://registry.npmjs.org/is-async-function/-/is-async-function-2.1.1.tgz 0ms (cache hit)
5311 http cache is-number-object@https://registry.npmjs.org/is-number-object/-/is-number-object-1.1.1.tgz 0ms (cache hit)
5312 http cache clone@https://registry.npmjs.org/clone/-/clone-1.0.4.tgz 0ms (cache hit)
5313 http cache is-bigint@https://registry.npmjs.org/is-bigint/-/is-bigint-1.1.0.tgz 0ms (cache hit)
5314 http cache is-boolean-object@https://registry.npmjs.org/is-boolean-object/-/is-boolean-object-1.2.2.tgz 0ms (cache hit)
5315 http cache defaults@https://registry.npmjs.org/defaults/-/defaults-1.0.4.tgz 0ms (cache hit)
5316 http cache spdx-license-ids@https://registry.npmjs.org/spdx-license-ids/-/spdx-license-ids-3.0.23.tgz 0ms (cache hit)
5317 http cache spdx-exceptions@https://registry.npmjs.org/spdx-exceptions/-/spdx-exceptions-2.5.0.tgz 0ms (cache hit)
5318 http cache spdx-expression-parse@https://registry.npmjs.org/spdx-expression-parse/-/spdx-expression-parse-3.0.1.tgz 0ms (cache hit)
5319 http cache strip-json-comments@https://registry.npmjs.org/strip-json-comments/-/strip-json-comments-2.0.1.tgz 0ms (cache hit)
5320 http cache spdx-correct@https://registry.npmjs.org/spdx-correct/-/spdx-correct-3.2.0.tgz 0ms (cache hit)
5321 http cache deep-extend@https://registry.npmjs.org/deep-extend/-/deep-extend-0.6.0.tgz 0ms (cache hit)
5322 http cache @pnpm/config.env-replace@https://registry.npmjs.org/@pnpm/config.env-replace/-/config.env-replace-1.1.0.tgz 0ms (cache hit)
5323 http cache rc@https://registry.npmjs.org/rc/-/rc-1.2.8.tgz 0ms (cache hit)
5324 http cache config-chain@https://registry.npmjs.org/config-chain/-/config-chain-1.1.13.tgz 0ms (cache hit)
5325 http cache proto-list@https://registry.npmjs.org/proto-list/-/proto-list-1.2.4.tgz 0ms (cache hit)
5326 http cache @pnpm/network.ca-file@https://registry.npmjs.org/@pnpm/network.ca-file/-/network.ca-file-1.0.2.tgz 0ms (cache hit)
5327 http cache @pnpm/npm-conf@https://registry.npmjs.org/@pnpm/npm-conf/-/npm-conf-3.0.3.tgz 0ms (cache hit)
5328 http cache escape-goat@https://registry.npmjs.org/escape-goat/-/escape-goat-4.0.0.tgz 0ms (cache hit)
5329 http cache registry-url@https://registry.npmjs.org/registry-url/-/registry-url-6.0.1.tgz 0ms (cache hit)
5330 http cache registry-auth-token@https://registry.npmjs.org/registry-auth-token/-/registry-auth-token-5.1.1.tgz 0ms (cache hit)
5331 http cache ky@https://registry.npmjs.org/ky/-/ky-1.14.3.tgz 0ms (cache hit)
5332 http cache package-json@https://registry.npmjs.org/package-json/-/package-json-10.0.1.tgz 0ms (cache hit)
5333 http cache global-directory@https://registry.npmjs.org/global-directory/-/global-directory-4.0.1.tgz 0ms (cache hit)
5334 http cache xdg-basedir@https://registry.npmjs.org/xdg-basedir/-/xdg-basedir-5.1.0.tgz 0ms (cache hit)
5335 http cache pupa@https://registry.npmjs.org/pupa/-/pupa-3.3.0.tgz 0ms (cache hit)
5336 http cache is-installed-globally@https://registry.npmjs.org/is-installed-globally/-/is-installed-globally-1.0.0.tgz 0ms (cache hit)
5337 http cache latest-version@https://registry.npmjs.org/latest-version/-/latest-version-9.0.0.tgz 0ms (cache hit)
5338 http cache is-in-ci@https://registry.npmjs.org/is-in-ci/-/is-in-ci-1.0.0.tgz 0ms (cache hit)
5339 http cache configstore@https://registry.npmjs.org/configstore/-/configstore-7.1.0.tgz 0ms (cache hit)
5340 http cache which-boxed-primitive@https://registry.npmjs.org/which-boxed-primitive/-/which-boxed-primitive-1.1.1.tgz 0ms (cache hit)
5341 http cache nan@https://registry.npmjs.org/nan/-/nan-2.28.0.tgz 0ms (cache hit)
5342 http cache is-npm@https://registry.npmjs.org/is-npm/-/is-npm-6.1.0.tgz 0ms (cache hit)
5343 http cache anymatch@https://registry.npmjs.org/anymatch/-/anymatch-3.1.3.tgz 0ms (cache hit)
5344 http cache has-bigints@https://registry.npmjs.org/has-bigints/-/has-bigints-1.1.0.tgz 0ms (cache hit)
5345 http cache random-bytes@https://registry.npmjs.org/random-bytes/-/random-bytes-1.0.0.tgz 0ms (cache hit)
5346 http cache which-builtin-type@https://registry.npmjs.org/which-builtin-type/-/which-builtin-type-1.2.1.tgz 0ms (cache hit)
5347 http cache for-each@https://registry.npmjs.org/for-each/-/for-each-0.3.5.tgz 0ms (cache hit)
5348 http cache reflect.getprototypeof@https://registry.npmjs.org/reflect.getprototypeof/-/reflect.getprototypeof-1.0.10.tgz 0ms (cache hit)
5349 http cache media-typer@https://registry.npmjs.org/media-typer/-/media-typer-1.1.1.tgz 0ms (cache hit)
5350 http cache is-number@https://registry.npmjs.org/is-number/-/is-number-7.0.0.tgz 0ms (cache hit)
5351 http cache tmp@https://registry.npmjs.org/tmp/-/tmp-0.2.7.tgz 0ms (cache hit)
5352 http cache has-flag@https://registry.npmjs.org/has-flag/-/has-flag-5.0.1.tgz 0ms (cache hit)
5353 http cache text-decoder@https://registry.npmjs.org/text-decoder/-/text-decoder-1.2.7.tgz 0ms (cache hit)
5354 http cache events-universal@https://registry.npmjs.org/events-universal/-/events-universal-1.0.1.tgz 0ms (cache hit)
5355 http cache teex@https://registry.npmjs.org/teex/-/teex-1.0.1.tgz 0ms (cache hit)
5356 http cache supports-hyperlinks@https://registry.npmjs.org/supports-hyperlinks/-/supports-hyperlinks-4.5.0.tgz 0ms (cache hit)
5357 http cache bare-url@https://registry.npmjs.org/bare-url/-/bare-url-2.5.2.tgz 0ms (cache hit)
5358 http cache bare-stream@https://registry.npmjs.org/bare-stream/-/bare-stream-2.13.3.tgz 0ms (cache hit)
5359 http cache bare-path@https://registry.npmjs.org/bare-path/-/bare-path-3.1.1.tgz 0ms (cache hit)
5360 http cache bare-events@https://registry.npmjs.org/bare-events/-/bare-events-2.9.1.tgz 0ms (cache hit)
5361 http cache fast-fifo@https://registry.npmjs.org/fast-fifo/-/fast-fifo-1.3.2.tgz 0ms (cache hit)
5362 http cache streamx@https://registry.npmjs.org/streamx/-/streamx-2.28.0.tgz 0ms (cache hit)
5363 http cache bare-fs@https://registry.npmjs.org/bare-fs/-/bare-fs-4.8.0.tgz 0ms (cache hit)
5364 http cache @isaacs/fs-minipass@https://registry.npmjs.org/@isaacs/fs-minipass/-/fs-minipass-4.0.1.tgz 0ms (cache hit)
5365 http cache b4a@https://registry.npmjs.org/b4a/-/b4a-1.8.1.tgz 0ms (cache hit)
5366 http cache minizlib@https://registry.npmjs.org/minizlib/-/minizlib-3.1.0.tgz 0ms (cache hit)
5367 http cache chownr@https://registry.npmjs.org/chownr/-/chownr-3.0.0.tgz 0ms (cache hit)
5368 http cache domelementtype@https://registry.npmjs.org/domelementtype/-/domelementtype-2.3.0.tgz 0ms (cache hit)
5369 http cache dom-serializer@https://registry.npmjs.org/dom-serializer/-/dom-serializer-2.0.0.tgz 0ms (cache hit)
5370 http cache mdn-data@https://registry.npmjs.org/mdn-data/-/mdn-data-2.27.1.tgz 0ms (cache hit)
5371 http cache nth-check@https://registry.npmjs.org/nth-check/-/nth-check-2.1.1.tgz 0ms (cache hit)
5372 http cache domhandler@https://registry.npmjs.org/domhandler/-/domhandler-5.0.3.tgz 0ms (cache hit)
5373 http cache domutils@https://registry.npmjs.org/domutils/-/domutils-3.2.2.tgz 0ms (cache hit)
5374 http cache csso@https://registry.npmjs.org/csso/-/csso-5.0.5.tgz 0ms (cache hit)
5375 http cache boolbase@https://registry.npmjs.org/boolbase/-/boolbase-1.0.0.tgz 0ms (cache hit)
5376 http cache sax@https://registry.npmjs.org/sax/-/sax-1.6.1.tgz 0ms (cache hit)
5377 http cache css-tree@https://registry.npmjs.org/css-tree/-/css-tree-3.2.1.tgz 0ms (cache hit)
5378 http cache css-what@https://registry.npmjs.org/css-what/-/css-what-6.2.2.tgz 0ms (cache hit)
5379 http cache css-select@https://registry.npmjs.org/css-select/-/css-select-5.2.2.tgz 0ms (cache hit)
5380 http cache stubborn-utils@https://registry.npmjs.org/stubborn-utils/-/stubborn-utils-1.0.2.tgz 0ms (cache hit)
5381 http cache side-channel-weakmap@https://registry.npmjs.org/side-channel-weakmap/-/side-channel-weakmap-1.0.2.tgz 0ms (cache hit)
5382 http cache side-channel-list@https://registry.npmjs.org/side-channel-list/-/side-channel-list-1.0.1.tgz 0ms (cache hit)
5383 http cache side-channel-map@https://registry.npmjs.org/side-channel-map/-/side-channel-map-1.0.1.tgz 0ms (cache hit)
5384 http cache shebang-regex@https://registry.npmjs.org/shebang-regex/-/shebang-regex-3.0.0.tgz 0ms (cache hit)
5385 http cache buffer-from@https://registry.npmjs.org/buffer-from/-/buffer-from-1.1.2.tgz 0ms (cache hit)
5386 http cache ret@https://registry.npmjs.org/ret/-/ret-0.5.0.tgz 0ms (cache hit)
5387 http cache isarray@https://registry.npmjs.org/isarray/-/isarray-2.0.5.tgz 0ms (cache hit)
5388 http cache queue-microtask@https://registry.npmjs.org/queue-microtask/-/queue-microtask-1.2.3.tgz 0ms (cache hit)
5389 http cache is-promise@https://registry.npmjs.org/is-promise/-/is-promise-4.0.0.tgz 0ms (cache hit)
5390 http cache path-to-regexp@https://registry.npmjs.org/path-to-regexp/-/path-to-regexp-8.4.2.tgz 0ms (cache hit)
5391 http cache is-document.all@https://registry.npmjs.org/is-document.all/-/is-document.all-1.0.0.tgz 0ms (cache hit)
5392 http cache set-function-name@https://registry.npmjs.org/set-function-name/-/set-function-name-2.0.2.tgz 0ms (cache hit)
5393 http cache functions-have-names@https://registry.npmjs.org/functions-have-names/-/functions-have-names-1.2.3.tgz 0ms (cache hit)
5394 http cache is-date-object@https://registry.npmjs.org/is-date-object/-/is-date-object-1.1.0.tgz 0ms (cache hit)
5395 http cache is-symbol@https://registry.npmjs.org/is-symbol/-/is-symbol-1.1.1.tgz 0ms (cache hit)
5396 http cache es-abstract-get@https://registry.npmjs.org/es-abstract-get/-/es-abstract-get-1.0.0.tgz 0ms (cache hit)
5397 http cache possible-typed-array-names@https://registry.npmjs.org/possible-typed-array-names/-/possible-typed-array-names-1.1.0.tgz 0ms (cache hit)
5398 http cache which-typed-array@https://registry.npmjs.org/which-typed-array/-/which-typed-array-1.1.22.tgz 0ms (cache hit)
5399 http cache unbox-primitive@https://registry.npmjs.org/unbox-primitive/-/unbox-primitive-1.1.0.tgz 0ms (cache hit)
5400 http cache typed-array-length@https://registry.npmjs.org/typed-array-length/-/typed-array-length-1.0.8.tgz 0ms (cache hit)
5401 http cache typed-array-byte-offset@https://registry.npmjs.org/typed-array-byte-offset/-/typed-array-byte-offset-1.0.4.tgz 0ms (cache hit)
5402 http cache typed-array-buffer@https://registry.npmjs.org/typed-array-buffer/-/typed-array-buffer-1.0.3.tgz 0ms (cache hit)
5403 http cache typed-array-byte-length@https://registry.npmjs.org/typed-array-byte-length/-/typed-array-byte-length-1.0.3.tgz 0ms (cache hit)
5404 http cache string.prototype.trimstart@https://registry.npmjs.org/string.prototype.trimstart/-/string.prototype.trimstart-1.0.8.tgz 0ms (cache hit)
5405 http cache string.prototype.trimend@https://registry.npmjs.org/string.prototype.trimend/-/string.prototype.trimend-1.0.10.tgz 0ms (cache hit)
5406 http cache string.prototype.trim@https://registry.npmjs.org/string.prototype.trim/-/string.prototype.trim-1.2.11.tgz 0ms (cache hit)
5407 http cache safe-regex-test@https://registry.npmjs.org/safe-regex-test/-/safe-regex-test-1.1.0.tgz 0ms (cache hit)
5408 http cache stop-iteration-iterator@https://registry.npmjs.org/stop-iteration-iterator/-/stop-iteration-iterator-1.1.0.tgz 0ms (cache hit)
5409 http cache set-proto@https://registry.npmjs.org/set-proto/-/set-proto-1.0.0.tgz 0ms (cache hit)
5410 http cache safe-push-apply@https://registry.npmjs.org/safe-push-apply/-/safe-push-apply-1.0.0.tgz 0ms (cache hit)
5411 http cache safe-array-concat@https://registry.npmjs.org/safe-array-concat/-/safe-array-concat-1.1.4.tgz 0ms (cache hit)
5412 http cache regexp.prototype.flags@https://registry.npmjs.org/regexp.prototype.flags/-/regexp.prototype.flags-1.5.4.tgz 0ms (cache hit)
5413 http cache own-keys@https://registry.npmjs.org/own-keys/-/own-keys-1.0.2.tgz 0ms (cache hit)
5414 http cache object.assign@https://registry.npmjs.org/object.assign/-/object.assign-4.1.7.tgz 0ms (cache hit)
5415 http cache is-weakref@https://registry.npmjs.org/is-weakref/-/is-weakref-1.1.1.tgz 0ms (cache hit)
5416 http cache object-inspect@https://registry.npmjs.org/object-inspect/-/object-inspect-1.13.4.tgz 0ms (cache hit)
5417 http cache is-typed-array@https://registry.npmjs.org/is-typed-array/-/is-typed-array-1.1.15.tgz 0ms (cache hit)
5418 http cache is-shared-array-buffer@https://registry.npmjs.org/is-shared-array-buffer/-/is-shared-array-buffer-1.0.4.tgz 0ms (cache hit)
5419 http cache is-string@https://registry.npmjs.org/is-string/-/is-string-1.1.1.tgz 0ms (cache hit)
5420 http cache is-set@https://registry.npmjs.org/is-set/-/is-set-2.0.3.tgz 0ms (cache hit)
5421 http cache is-negative-zero@https://registry.npmjs.org/is-negative-zero/-/is-negative-zero-2.0.3.tgz 0ms (cache hit)
5422 http cache is-regex@https://registry.npmjs.org/is-regex/-/is-regex-1.2.1.tgz 0ms (cache hit)
5423 http cache is-data-view@https://registry.npmjs.org/is-data-view/-/is-data-view-1.0.2.tgz 0ms (cache hit)
5424 http cache internal-slot@https://registry.npmjs.org/internal-slot/-/internal-slot-1.1.0.tgz 0ms (cache hit)
5425 http cache has-proto@https://registry.npmjs.org/has-proto/-/has-proto-1.2.0.tgz 0ms (cache hit)
5426 http cache is-array-buffer@https://registry.npmjs.org/is-array-buffer/-/is-array-buffer-3.0.5.tgz 0ms (cache hit)
5427 http cache is-callable@https://registry.npmjs.org/is-callable/-/is-callable-1.2.7.tgz 0ms (cache hit)
5428 http cache globalthis@https://registry.npmjs.org/globalthis/-/globalthis-1.0.4.tgz 0ms (cache hit)
5429 http cache get-symbol-description@https://registry.npmjs.org/get-symbol-description/-/get-symbol-description-1.1.0.tgz 0ms (cache hit)
5430 http cache function.prototype.name@https://registry.npmjs.org/function.prototype.name/-/function.prototype.name-1.2.0.tgz 0ms (cache hit)
5431 http cache data-view-byte-offset@https://registry.npmjs.org/data-view-byte-offset/-/data-view-byte-offset-1.0.1.tgz 0ms (cache hit)
5432 http cache es-to-primitive@https://registry.npmjs.org/es-to-primitive/-/es-to-primitive-1.3.4.tgz 0ms (cache hit)
5433 http cache data-view-byte-length@https://registry.npmjs.org/data-view-byte-length/-/data-view-byte-length-1.0.2.tgz 0ms (cache hit)
5434 http cache data-view-buffer@https://registry.npmjs.org/data-view-buffer/-/data-view-buffer-1.0.2.tgz 0ms (cache hit)
5435 http cache call-bound@https://registry.npmjs.org/call-bound/-/call-bound-1.0.4.tgz 0ms (cache hit)
5436 http cache available-typed-arrays@https://registry.npmjs.org/available-typed-arrays/-/available-typed-arrays-1.0.7.tgz 0ms (cache hit)
5437 http cache arraybuffer.prototype.slice@https://registry.npmjs.org/arraybuffer.prototype.slice/-/arraybuffer.prototype.slice-1.0.4.tgz 0ms (cache hit)
5438 http cache array-buffer-byte-length@https://registry.npmjs.org/array-buffer-byte-length/-/array-buffer-byte-length-1.0.2.tgz 0ms (cache hit)
5439 http cache has-property-descriptors@https://registry.npmjs.org/has-property-descriptors/-/has-property-descriptors-1.0.2.tgz 0ms (cache hit)
5440 http cache set-function-length@https://registry.npmjs.org/set-function-length/-/set-function-length-1.2.2.tgz 0ms (cache hit)
5441 http cache es-abstract@https://registry.npmjs.org/es-abstract/-/es-abstract-1.24.2.tgz 0ms (cache hit)
5442 http cache call-bind@https://registry.npmjs.org/call-bind/-/call-bind-1.0.9.tgz 0ms (cache hit)
5443 http cache es-shim-unscopables@https://registry.npmjs.org/es-shim-unscopables/-/es-shim-unscopables-1.1.0.tgz 0ms (cache hit)
5444 http cache define-properties@https://registry.npmjs.org/define-properties/-/define-properties-1.2.1.tgz 0ms (cache hit)
5445 http cache define-data-property@https://registry.npmjs.org/define-data-property/-/define-data-property-1.1.4.tgz 0ms (cache hit)
5446 http cache array.prototype.flatmap@https://registry.npmjs.org/array.prototype.flatmap/-/array.prototype.flatmap-1.3.3.tgz 0ms (cache hit)
5447 http cache path-parse@https://registry.npmjs.org/path-parse/-/path-parse-1.0.7.tgz 0ms (cache hit)
5448 http cache supports-preserve-symlinks-flag@https://registry.npmjs.org/supports-preserve-symlinks-flag/-/supports-preserve-symlinks-flag-1.0.0.tgz 0ms (cache hit)
5449 http cache object-keys@https://registry.npmjs.org/object-keys/-/object-keys-1.1.1.tgz 0ms (cache hit)
5450 http cache is-core-module@https://registry.npmjs.org/is-core-module/-/is-core-module-2.16.2.tgz 0ms (cache hit)
5451 http cache object.entries@https://registry.npmjs.org/object.entries/-/object.entries-1.1.9.tgz 0ms (cache hit)
5452 http cache @types/normalize-package-data@https://registry.npmjs.org/@types/normalize-package-data/-/normalize-package-data-2.4.4.tgz 0ms (cache hit)
5453 http cache index-to-position@https://registry.npmjs.org/index-to-position/-/index-to-position-1.2.0.tgz 0ms (cache hit)
5454 http cache parse-json@https://registry.npmjs.org/parse-json/-/parse-json-8.3.0.tgz 0ms (cache hit)
5455 http cache node-exports-info@https://registry.npmjs.org/node-exports-info/-/node-exports-info-1.6.2.tgz 0ms (cache hit)
5456 http cache unpipe@https://registry.npmjs.org/unpipe/-/unpipe-1.0.0.tgz 0ms (cache hit)
5457 http cache side-channel@https://registry.npmjs.org/side-channel/-/side-channel-1.1.1.tgz 0ms (cache hit)
5458 http cache @jridgewell/sourcemap-codec@https://registry.npmjs.org/@jridgewell/sourcemap-codec/-/sourcemap-codec-1.5.5.tgz 0ms (cache hit)
5459 http cache forwarded@https://registry.npmjs.org/forwarded/-/forwarded-0.2.0.tgz 0ms (cache hit)
5460 http cache parse-ms@https://registry.npmjs.org/parse-ms/-/parse-ms-4.0.0.tgz 0ms (cache hit)
5461 http cache colors@https://registry.npmjs.org/colors/-/colors-1.4.0.tgz 0ms (cache hit)
5462 http cache source-map@https://registry.npmjs.org/source-map/-/source-map-0.6.1.tgz 0ms (cache hit)
5463 http cache estraverse@https://registry.npmjs.org/estraverse/-/estraverse-5.3.0.tgz 0ms (cache hit)
5464 http cache esutils@https://registry.npmjs.org/esutils/-/esutils-2.0.3.tgz 0ms (cache hit)
5465 http cache magic-string@https://registry.npmjs.org/magic-string/-/magic-string-0.30.21.tgz 0ms (cache hit)
5466 http cache @vue/shared@https://registry.npmjs.org/@vue/shared/-/shared-3.5.41.tgz 0ms (cache hit)
5467 http cache @vue/compiler-core@https://registry.npmjs.org/@vue/compiler-core/-/compiler-core-3.5.41.tgz 0ms (cache hit)
5468 http cache @vue/compiler-dom@https://registry.npmjs.org/@vue/compiler-dom/-/compiler-dom-3.5.41.tgz 0ms (cache hit)
5469 http cache @typescript-eslint/visitor-keys@https://registry.npmjs.org/@typescript-eslint/visitor-keys/-/visitor-keys-8.67.0.tgz 0ms (cache hit)
5470 http cache @vue/compiler-ssr@https://registry.npmjs.org/@vue/compiler-ssr/-/compiler-ssr-3.5.41.tgz 0ms (cache hit)
5471 http cache eslint-visitor-keys@https://registry.npmjs.org/eslint-visitor-keys/-/eslint-visitor-keys-5.0.1.tgz 0ms (cache hit)
5472 http cache ts-api-utils@https://registry.npmjs.org/ts-api-utils/-/ts-api-utils-2.5.0.tgz 0ms (cache hit)
5473 http cache @vue/compiler-sfc@https://registry.npmjs.org/@vue/compiler-sfc/-/compiler-sfc-3.5.41.tgz 0ms (cache hit)
5474 http cache tinyglobby@https://registry.npmjs.org/tinyglobby/-/tinyglobby-0.2.17.tgz 0ms (cache hit)
5475 http cache @typescript-eslint/types@https://registry.npmjs.org/@typescript-eslint/types/-/types-8.67.0.tgz 0ms (cache hit)
5476 http cache @typescript-eslint/tsconfig-utils@https://registry.npmjs.org/@typescript-eslint/tsconfig-utils/-/tsconfig-utils-8.67.0.tgz 0ms (cache hit)
5477 http cache @typescript-eslint/typescript-estree@https://registry.npmjs.org/@typescript-eslint/typescript-estree/-/typescript-estree-8.67.0.tgz 0ms (cache hit)
5478 http cache @typescript-eslint/project-service@https://registry.npmjs.org/@typescript-eslint/project-service/-/project-service-8.67.0.tgz 0ms (cache hit)
5479 http cache ast-module-types@https://registry.npmjs.org/ast-module-types/-/ast-module-types-6.0.2.tgz 0ms (cache hit)
5480 http cache get-amd-module-type@https://registry.npmjs.org/get-amd-module-type/-/get-amd-module-type-6.0.2.tgz 0ms (cache hit)
5481 http cache gonzales-pe@https://registry.npmjs.org/gonzales-pe/-/gonzales-pe-4.3.0.tgz 0ms (cache hit)
5482 http cache node-source-walk@https://registry.npmjs.org/node-source-walk/-/node-source-walk-7.0.2.tgz 0ms (cache hit)
5483 http cache escodegen@https://registry.npmjs.org/escodegen/-/escodegen-2.1.0.tgz 0ms (cache hit)
5484 http cache module-definition@https://registry.npmjs.org/module-definition/-/module-definition-6.0.2.tgz 0ms (cache hit)
5485 http cache detective-typescript@https://registry.npmjs.org/detective-typescript/-/detective-typescript-14.1.2.tgz 0ms (cache hit)
5486 http cache detective-vue2@https://registry.npmjs.org/detective-vue2/-/detective-vue2-2.3.0.tgz 0ms (cache hit)
5487 http cache detective-stylus@https://registry.npmjs.org/detective-stylus/-/detective-stylus-5.0.1.tgz 0ms (cache hit)
5488 http cache detective-sass@https://registry.npmjs.org/detective-sass/-/detective-sass-6.0.2.tgz 0ms (cache hit)
5489 http cache detective-scss@https://registry.npmjs.org/detective-scss/-/detective-scss-5.0.2.tgz 0ms (cache hit)
5490 http cache detective-es6@https://registry.npmjs.org/detective-es6/-/detective-es6-5.0.2.tgz 0ms (cache hit)
5491 http cache @dependents/detective-less@https://registry.npmjs.org/@dependents/detective-less/-/detective-less-5.0.3.tgz 0ms (cache hit)
5492 http cache xtend@https://registry.npmjs.org/xtend/-/xtend-4.0.2.tgz 0ms (cache hit)
5493 http cache detective-cjs@https://registry.npmjs.org/detective-cjs/-/detective-cjs-6.1.1.tgz 0ms (cache hit)
5494 http cache detective-amd@https://registry.npmjs.org/detective-amd/-/detective-amd-6.1.0.tgz 0ms (cache hit)
5495 http cache thread-stream@https://registry.npmjs.org/thread-stream/-/thread-stream-4.2.0.tgz 0ms (cache hit)
5496 http cache safe-stable-stringify@https://registry.npmjs.org/safe-stable-stringify/-/safe-stable-stringify-2.5.0.tgz 0ms (cache hit)
5497 http cache sonic-boom@https://registry.npmjs.org/sonic-boom/-/sonic-boom-4.2.1.tgz 0ms (cache hit)
5498 http cache real-require@https://registry.npmjs.org/real-require/-/real-require-0.2.0.tgz 0ms (cache hit)
5499 http cache quick-format-unescaped@https://registry.npmjs.org/quick-format-unescaped/-/quick-format-unescaped-4.0.4.tgz 0ms (cache hit)
5500 http cache pino-std-serializers@https://registry.npmjs.org/pino-std-serializers/-/pino-std-serializers-7.1.0.tgz 0ms (cache hit)
5501 http cache on-exit-leak-free@https://registry.npmjs.org/on-exit-leak-free/-/on-exit-leak-free-2.1.2.tgz 0ms (cache hit)
5502 http cache @pinojs/redact@https://registry.npmjs.org/@pinojs/redact/-/redact-0.4.0.tgz 0ms (cache hit)
5503 http cache pino-abstract-transport@https://registry.npmjs.org/pino-abstract-transport/-/pino-abstract-transport-3.0.0.tgz 0ms (cache hit)
5504 http cache atomic-sleep@https://registry.npmjs.org/atomic-sleep/-/atomic-sleep-1.0.0.tgz 0ms (cache hit)
5505 http cache postgres-bytea@https://registry.npmjs.org/postgres-bytea/-/postgres-bytea-1.0.1.tgz 0ms (cache hit)
5506 http cache postgres-interval@https://registry.npmjs.org/postgres-interval/-/postgres-interval-1.2.0.tgz 0ms (cache hit)
5507 http cache postgres-date@https://registry.npmjs.org/postgres-date/-/postgres-date-1.0.7.tgz 0ms (cache hit)
5508 http cache postgres-array@https://registry.npmjs.org/postgres-array/-/postgres-array-2.0.0.tgz 0ms (cache hit)
5509 http cache pgpass@https://registry.npmjs.org/pgpass/-/pgpass-1.0.5.tgz 0ms (cache hit)
5510 http cache pg-int8@https://registry.npmjs.org/pg-int8/-/pg-int8-1.0.1.tgz 0ms (cache hit)
5511 http cache pg-protocol@https://registry.npmjs.org/pg-protocol/-/pg-protocol-1.16.0.tgz 0ms (cache hit)
5512 http cache pg-types@https://registry.npmjs.org/pg-types/-/pg-types-2.2.0.tgz 0ms (cache hit)
5513 http cache pg-pool@https://registry.npmjs.org/pg-pool/-/pg-pool-3.14.0.tgz 0ms (cache hit)
5514 http cache pg-cloudflare@https://registry.npmjs.org/pg-cloudflare/-/pg-cloudflare-1.4.0.tgz 0ms (cache hit)
5515 http cache @types/retry@https://registry.npmjs.org/@types/retry/-/retry-0.12.2.tgz 0ms (cache hit)
5516 http cache pg-connection-string@https://registry.npmjs.org/pg-connection-string/-/pg-connection-string-2.14.0.tgz 0ms (cache hit)
5517 http cache slashes@https://registry.npmjs.org/slashes/-/slashes-3.0.12.tgz 0ms (cache hit)
5518 http cache cyclist@https://registry.npmjs.org/cyclist/-/cyclist-1.0.2.tgz 0ms (cache hit)
5519 http cache find-up-simple@https://registry.npmjs.org/find-up-simple/-/find-up-simple-1.0.1.tgz 0ms (cache hit)
5520 http cache is-network-error@https://registry.npmjs.org/is-network-error/-/is-network-error-1.3.2.tgz 0ms (cache hit)
5521 http cache p-timeout@https://registry.npmjs.org/p-timeout/-/p-timeout-6.1.4.tgz 0ms (cache hit)
5522 http cache windows-release@https://registry.npmjs.org/windows-release/-/windows-release-6.1.0.tgz 0ms (cache hit)
5523 http cache macos-release@https://registry.npmjs.org/macos-release/-/macos-release-3.5.1.tgz 0ms (cache hit)
5524 http cache buffer@https://registry.npmjs.org/buffer/-/buffer-5.7.1.tgz 0ms (cache hit)
5525 http cache ieee754@https://registry.npmjs.org/ieee754/-/ieee754-1.2.1.tgz 0ms (cache hit)
5526 http cache is-interactive@https://registry.npmjs.org/is-interactive/-/is-interactive-1.0.0.tgz 0ms (cache hit)
5527 http cache cli-spinners@https://registry.npmjs.org/cli-spinners/-/cli-spinners-2.9.2.tgz 0ms (cache hit)
5528 http cache wcwidth@https://registry.npmjs.org/wcwidth/-/wcwidth-1.0.1.tgz 0ms (cache hit)
5529 http cache bl@https://registry.npmjs.org/bl/-/bl-4.1.0.tgz 0ms (cache hit)
5530 http cache run-applescript@https://registry.npmjs.org/run-applescript/-/run-applescript-7.1.0.tgz 0ms (cache hit)
5531 http cache default-browser-id@https://registry.npmjs.org/default-browser-id/-/default-browser-id-5.0.1.tgz 0ms (cache hit)
5532 http cache log-symbols@https://registry.npmjs.org/log-symbols/-/log-symbols-4.1.0.tgz 0ms (cache hit)
5533 http cache bundle-name@https://registry.npmjs.org/bundle-name/-/bundle-name-4.1.0.tgz 0ms (cache hit)
5534 http cache is-in-ssh@https://registry.npmjs.org/is-in-ssh/-/is-in-ssh-1.0.0.tgz 0ms (cache hit)
5535 http cache wsl-utils@https://registry.npmjs.org/wsl-utils/-/wsl-utils-1.0.0.tgz 0ms (cache hit)
5536 http cache powershell-utils@https://registry.npmjs.org/powershell-utils/-/powershell-utils-0.2.0.tgz 0ms (cache hit)
5537 http cache node-fetch-native@https://registry.npmjs.org/node-fetch-native/-/node-fetch-native-1.6.7.tgz 0ms (cache hit)
5538 http cache ee-first@https://registry.npmjs.org/ee-first/-/ee-first-1.1.1.tgz 0ms (cache hit)
5539 http cache default-browser@https://registry.npmjs.org/default-browser/-/default-browser-5.5.0.tgz 1ms (cache hit)
5540 http cache define-lazy-prop@https://registry.npmjs.org/define-lazy-prop/-/define-lazy-prop-3.0.0.tgz 0ms (cache hit)
5541 http cache validate-npm-package-license@https://registry.npmjs.org/validate-npm-package-license/-/validate-npm-package-license-3.0.4.tgz 0ms (cache hit)
5542 http cache hosted-git-info@https://registry.npmjs.org/hosted-git-info/-/hosted-git-info-8.1.0.tgz 0ms (cache hit)
5543 http cache abbrev@https://registry.npmjs.org/abbrev/-/abbrev-3.0.1.tgz 0ms (cache hit)
5544 http cache uid-safe@https://registry.npmjs.org/uid-safe/-/uid-safe-2.1.5.tgz 0ms (cache hit)
5545 http cache balanced-match@https://registry.npmjs.org/balanced-match/-/balanced-match-4.0.4.tgz 0ms (cache hit)
5546 http cache fill-range@https://registry.npmjs.org/fill-range/-/fill-range-7.1.1.tgz 0ms (cache hit)
5547 http cache brace-expansion@https://registry.npmjs.org/brace-expansion/-/brace-expansion-5.0.9.tgz 0ms (cache hit)
5548 http cache to-regex-range@https://registry.npmjs.org/to-regex-range/-/to-regex-range-5.0.1.tgz 0ms (cache hit)
5549 http cache braces@https://registry.npmjs.org/braces/-/braces-3.0.3.tgz 0ms (cache hit)
5550 http cache fast-stringify@https://registry.npmjs.org/fast-stringify/-/fast-stringify-4.0.1.tgz 0ms (cache hit)
5551 http cache fast-equals@https://registry.npmjs.org/fast-equals/-/fast-equals-5.4.1.tgz 0ms (cache hit)
5552 http cache through2@https://registry.npmjs.org/through2/-/through2-2.0.5.tgz 0ms (cache hit)
5553 http cache slice-ansi@https://registry.npmjs.org/slice-ansi/-/slice-ansi-8.0.0.tgz 0ms (cache hit)
5554 http cache split2@https://registry.npmjs.org/split2/-/split2-1.1.1.tgz 0ms (cache hit)
5555 http cache is-error-instance@https://registry.npmjs.org/is-error-instance/-/is-error-instance-2.0.0.tgz 0ms (cache hit)
5556 http cache set-error-message@https://registry.npmjs.org/set-error-message/-/set-error-message-2.0.1.tgz 0ms (cache hit)
5557 http cache normalize-exception@https://registry.npmjs.org/normalize-exception/-/normalize-exception-3.0.0.tgz 0ms (cache hit)
5558 http cache uqr@https://registry.npmjs.org/uqr/-/uqr-0.1.3.tgz 0ms (cache hit)
5559 http cache untun@https://registry.npmjs.org/untun/-/untun-0.2.2.tgz 0ms (cache hit)
5560 http cache tinyclip@https://registry.npmjs.org/tinyclip/-/tinyclip-0.1.15.tgz 0ms (cache hit)
5561 http cache node-forge@https://registry.npmjs.org/node-forge/-/node-forge-1.4.0.tgz 0ms (cache hit)
5562 http cache jiti@https://registry.npmjs.org/jiti/-/jiti-2.7.0.tgz 0ms (cache hit)
5563 http cache std-env@https://registry.npmjs.org/std-env/-/std-env-4.2.0.tgz 0ms (cache hit)
5564 http cache winston@https://registry.npmjs.org/winston/-/winston-3.19.0.tgz 0ms (cache hit)
5565 http cache http-shutdown@https://registry.npmjs.org/http-shutdown/-/http-shutdown-1.2.2.tgz 0ms (cache hit)
5566 http cache get-port-please@https://registry.npmjs.org/get-port-please/-/get-port-please-3.2.0.tgz 0ms (cache hit)
5567 http cache mimic-fn@https://registry.npmjs.org/mimic-fn/-/mimic-fn-4.0.0.tgz 0ms (cache hit)
5568 http cache set-cookie-parser@https://registry.npmjs.org/set-cookie-parser/-/set-cookie-parser-2.7.2.tgz 0ms (cache hit)
5569 http cache is-extglob@https://registry.npmjs.org/is-extglob/-/is-extglob-2.1.1.tgz 0ms (cache hit)
5570 http cache jpeg-js@https://registry.npmjs.org/jpeg-js/-/jpeg-js-0.4.4.tgz 0ms (cache hit)
5571 http cache is-inside-container@https://registry.npmjs.org/is-inside-container/-/is-inside-container-1.0.0.tgz 0ms (cache hit)
5572 http cache uncrypto@https://registry.npmjs.org/uncrypto/-/uncrypto-0.1.3.tgz 0ms (cache hit)
5573 http cache node-mock-http@https://registry.npmjs.org/node-mock-http/-/node-mock-http-1.0.5.tgz 0ms (cache hit)
5574 http cache crossws@https://registry.npmjs.org/crossws/-/crossws-0.3.5.tgz 0ms (cache hit)
5575 http cache radix3@https://registry.npmjs.org/radix3/-/radix3-1.1.2.tgz 0ms (cache hit)
5576 http cache iron-webcrypto@https://registry.npmjs.org/iron-webcrypto/-/iron-webcrypto-1.2.1.tgz 0ms (cache hit)
5577 http cache cookie-es@https://registry.npmjs.org/cookie-es/-/cookie-es-1.2.3.tgz 0ms (cache hit)
5578 http cache unstorage@https://registry.npmjs.org/unstorage/-/unstorage-1.17.5.tgz 0ms (cache hit)
5579 http cache xss@https://registry.npmjs.org/xss/-/xss-1.0.15.tgz 0ms (cache hit)
5580 http cache pathe@https://registry.npmjs.org/pathe/-/pathe-2.0.3.tgz 0ms (cache hit)
5581 http cache ufo@https://registry.npmjs.org/ufo/-/ufo-1.6.4.tgz 0ms (cache hit)
5582 http cache listhen@https://registry.npmjs.org/listhen/-/listhen-1.10.1.tgz 0ms (cache hit)
5583 http cache ofetch@https://registry.npmjs.org/ofetch/-/ofetch-1.5.1.tgz 0ms (cache hit)
5584 http cache svgo@https://registry.npmjs.org/svgo/-/svgo-4.0.2.tgz 0ms (cache hit)
5585 http cache h3@https://registry.npmjs.org/h3/-/h3-1.15.11.tgz 0ms (cache hit)
5586 http cache image-meta@https://registry.npmjs.org/image-meta/-/image-meta-0.2.2.tgz 0ms (cache hit)
5587 http cache destr@https://registry.npmjs.org/destr/-/destr-2.0.5.tgz 0ms (cache hit)
5588 http cache defu@https://registry.npmjs.org/defu/-/defu-6.1.7.tgz 0ms (cache hit)
5589 http cache restore-cursor@https://registry.npmjs.org/restore-cursor/-/restore-cursor-3.1.0.tgz 0ms (cache hit)
5590 http cache citty@https://registry.npmjs.org/citty/-/citty-0.1.6.tgz 0ms (cache hit)
5591 http cache chardet@https://registry.npmjs.org/chardet/-/chardet-2.2.0.tgz 0ms (cache hit)
5592 http cache through@https://registry.npmjs.org/through/-/through-2.3.8.tgz 0ms (cache hit)
5593 http cache rxjs@https://registry.npmjs.org/rxjs/-/rxjs-7.8.2.tgz 0ms (cache hit)
5594 http cache ora@https://registry.npmjs.org/ora/-/ora-5.4.1.tgz 0ms (cache hit)
5595 http cache lodash@https://registry.npmjs.org/lodash/-/lodash-4.18.1.tgz 0ms (cache hit)
5596 http cache mute-stream@https://registry.npmjs.org/mute-stream/-/mute-stream-0.0.8.tgz 0ms (cache hit)
5597 http cache cli-width@https://registry.npmjs.org/cli-width/-/cli-width-3.0.0.tgz 0ms (cache hit)
5598 http cache @inquirer/external-editor@https://registry.npmjs.org/@inquirer/external-editor/-/external-editor-1.0.3.tgz 0ms (cache hit)
5599 http cache cli-cursor@https://registry.npmjs.org/cli-cursor/-/cli-cursor-3.1.0.tgz 0ms (cache hit)
5600 http cache module-details-from-path@https://registry.npmjs.org/module-details-from-path/-/module-details-from-path-1.0.4.tgz 0ms (cache hit)
5601 http cache cjs-module-lexer@https://registry.npmjs.org/cjs-module-lexer/-/cjs-module-lexer-2.2.1.tgz 0ms (cache hit)
5602 http cache run-async@https://registry.npmjs.org/run-async/-/run-async-2.4.1.tgz 0ms (cache hit)
5603 http cache safer-buffer@https://registry.npmjs.org/safer-buffer/-/safer-buffer-2.1.2.tgz 0ms (cache hit)
5604 http cache @types/http-proxy@https://registry.npmjs.org/@types/http-proxy/-/http-proxy-1.17.17.tgz 0ms (cache hit)
5605 http cache is-plain-object@https://registry.npmjs.org/is-plain-object/-/is-plain-object-5.0.0.tgz 0ms (cache hit)
5606 http cache requires-port@https://registry.npmjs.org/requires-port/-/requires-port-1.0.0.tgz 0ms (cache hit)
5607 http cache toidentifier@https://registry.npmjs.org/toidentifier/-/toidentifier-1.0.1.tgz 0ms (cache hit)
5608 http cache follow-redirects@https://registry.npmjs.org/follow-redirects/-/follow-redirects-1.16.0.tgz 0ms (cache hit)
5609 http cache @sindresorhus/merge-streams@https://registry.npmjs.org/@sindresorhus/merge-streams/-/merge-streams-2.3.0.tgz 0ms (cache hit)
5610 http cache slash@https://registry.npmjs.org/slash/-/slash-5.1.0.tgz 0ms (cache hit)
5611 http cache setprototypeof@https://registry.npmjs.org/setprototypeof/-/setprototypeof-1.2.0.tgz 0ms (cache hit)
5612 http cache is-glob@https://registry.npmjs.org/is-glob/-/is-glob-4.0.3.tgz 0ms (cache hit)
5613 http cache eventemitter3@https://registry.npmjs.org/eventemitter3/-/eventemitter3-4.0.7.tgz 0ms (cache hit)
5614 http cache unix-dgram@https://registry.npmjs.org/unix-dgram/-/unix-dgram-2.0.7.tgz 0ms (cache hit)
5615 http cache minipass@https://registry.npmjs.org/minipass/-/minipass-7.1.3.tgz 0ms (cache hit)
5616 http cache path-scurry@https://registry.npmjs.org/path-scurry/-/path-scurry-2.0.2.tgz 0ms (cache hit)
5617 http cache @sec-ant/readable-stream@https://registry.npmjs.org/@sec-ant/readable-stream/-/readable-stream-0.4.1.tgz 0ms (cache hit)
5618 http cache from2@https://registry.npmjs.org/from2/-/from2-2.3.0.tgz 0ms (cache hit)
5619 http cache ini@https://registry.npmjs.org/ini/-/ini-1.3.8.tgz 0ms (cache hit)
5620 http cache unicorn-magic@https://registry.npmjs.org/unicorn-magic/-/unicorn-magic-0.3.0.tgz 0ms (cache hit)
5621 http cache safe-regex2@https://registry.npmjs.org/safe-regex2/-/safe-regex2-5.1.1.tgz 0ms (cache hit)
5622 http cache is-unicode-supported@https://registry.npmjs.org/is-unicode-supported/-/is-unicode-supported-2.1.0.tgz 0ms (cache hit)
5623 http cache reusify@https://registry.npmjs.org/reusify/-/reusify-1.1.0.tgz 0ms (cache hit)
5624 http cache json-schema-ref-resolver@https://registry.npmjs.org/json-schema-ref-resolver/-/json-schema-ref-resolver-3.0.0.tgz 0ms (cache hit)
5625 http cache @fastify/forwarded@https://registry.npmjs.org/@fastify/forwarded/-/forwarded-3.0.2.tgz 0ms (cache hit)
5626 http cache dequal@https://registry.npmjs.org/dequal/-/dequal-2.0.3.tgz 0ms (cache hit)
5627 http cache @fastify/merge-json-schemas@https://registry.npmjs.org/@fastify/merge-json-schemas/-/merge-json-schemas-0.2.1.tgz 0ms (cache hit)
5628 http cache ipaddr.js@https://registry.npmjs.org/ipaddr.js/-/ipaddr.js-2.5.0.tgz 0ms (cache hit)
5629 http cache fast-querystring@https://registry.npmjs.org/fast-querystring/-/fast-querystring-1.1.2.tgz 0ms (cache hit)
5630 http cache toad-cache@https://registry.npmjs.org/toad-cache/-/toad-cache-3.7.4.tgz 0ms (cache hit)
5631 http cache ajv-formats@https://registry.npmjs.org/ajv-formats/-/ajv-formats-3.0.1.tgz 0ms (cache hit)
5632 http cache secure-json-parse@https://registry.npmjs.org/secure-json-parse/-/secure-json-parse-4.1.0.tgz 0ms (cache hit)
5633 http cache process-warning@https://registry.npmjs.org/process-warning/-/process-warning-5.1.0.tgz 0ms (cache hit)
5634 http cache pino@https://registry.npmjs.org/pino/-/pino-10.3.1.tgz 0ms (cache hit)
5635 http cache light-my-request@https://registry.npmjs.org/light-my-request/-/light-my-request-6.6.0.tgz 0ms (cache hit)
5636 http cache find-my-way@https://registry.npmjs.org/find-my-way/-/find-my-way-9.8.0.tgz 0ms (cache hit)
5637 http cache @fastify/proxy-addr@https://registry.npmjs.org/@fastify/proxy-addr/-/proxy-addr-5.1.0.tgz 0ms (cache hit)
5638 http cache fast-json-stringify@https://registry.npmjs.org/fast-json-stringify/-/fast-json-stringify-7.0.1.tgz 0ms (cache hit)
5639 http cache avvio@https://registry.npmjs.org/avvio/-/avvio-9.3.0.tgz 0ms (cache hit)
5640 http cache abstract-logging@https://registry.npmjs.org/abstract-logging/-/abstract-logging-2.0.1.tgz 0ms (cache hit)
5641 http cache @fastify/fast-json-stringify-compiler@https://registry.npmjs.org/@fastify/fast-json-stringify-compiler/-/fast-json-stringify-compiler-5.1.0.tgz 0ms (cache hit)
5642 http cache @nodelib/fs.scandir@https://registry.npmjs.org/@nodelib/fs.scandir/-/fs.scandir-2.1.5.tgz 0ms (cache hit)
5643 http cache @fastify/ajv-compiler@https://registry.npmjs.org/@fastify/ajv-compiler/-/ajv-compiler-4.0.6.tgz 0ms (cache hit)
5644 http cache @nodelib/fs.walk@https://registry.npmjs.org/@nodelib/fs.walk/-/fs.walk-1.2.8.tgz 0ms (cache hit)
5645 http cache run-parallel@https://registry.npmjs.org/run-parallel/-/run-parallel-1.2.0.tgz 0ms (cache hit)
5646 http cache @types/yauzl@https://registry.npmjs.org/@types/yauzl/-/yauzl-2.10.3.tgz 0ms (cache hit)
5647 http cache @nodelib/fs.stat@https://registry.npmjs.org/@nodelib/fs.stat/-/fs.stat-2.0.5.tgz 0ms (cache hit)
5648 http cache fast-string-truncated-width@https://registry.npmjs.org/fast-string-truncated-width/-/fast-string-truncated-width-3.0.3.tgz 0ms (cache hit)
5649 http cache glob-parent@https://registry.npmjs.org/glob-parent/-/glob-parent-5.1.2.tgz 0ms (cache hit)
5650 http cache merge2@https://registry.npmjs.org/merge2/-/merge2-1.4.1.tgz 0ms (cache hit)
5651 http cache on-headers@https://registry.npmjs.org/on-headers/-/on-headers-1.1.0.tgz 1ms (cache hit)
5652 http cache iconv-lite@https://registry.npmjs.org/iconv-lite/-/iconv-lite-0.7.3.tgz 0ms (cache hit)
5653 http cache bytes@https://registry.npmjs.org/bytes/-/bytes-3.1.2.tgz 0ms (cache hit)
5654 http cache negotiator@https://registry.npmjs.org/negotiator/-/negotiator-1.0.0.tgz 0ms (cache hit)
5655 http cache vary@https://registry.npmjs.org/vary/-/vary-1.1.2.tgz 0ms (cache hit)
5656 http cache type-is@https://registry.npmjs.org/type-is/-/type-is-2.1.0.tgz 0ms (cache hit)
5657 http cache statuses@https://registry.npmjs.org/statuses/-/statuses-2.0.2.tgz 0ms (cache hit)
5658 http cache serve-static@https://registry.npmjs.org/serve-static/-/serve-static-2.2.1.tgz 0ms (cache hit)
5659 http cache send@https://registry.npmjs.org/send/-/send-1.2.1.tgz 0ms (cache hit)
5660 http cache qs@https://registry.npmjs.org/qs/-/qs-6.15.3.tgz 0ms (cache hit)
5661 http cache router@https://registry.npmjs.org/router/-/router-2.2.0.tgz 0ms (cache hit)
5662 http cache range-parser@https://registry.npmjs.org/range-parser/-/range-parser-1.3.0.tgz 0ms (cache hit)
5663 http cache parseurl@https://registry.npmjs.org/parseurl/-/parseurl-1.3.3.tgz 0ms (cache hit)
5664 http cache on-finished@https://registry.npmjs.org/on-finished/-/on-finished-2.4.1.tgz 0ms (cache hit)
5665 http cache fresh@https://registry.npmjs.org/fresh/-/fresh-2.0.0.tgz 0ms (cache hit)
5666 http cache proxy-addr@https://registry.npmjs.org/proxy-addr/-/proxy-addr-2.0.7.tgz 0ms (cache hit)
5667 http cache encodeurl@https://registry.npmjs.org/encodeurl/-/encodeurl-2.0.0.tgz 0ms (cache hit)
5668 http cache finalhandler@https://registry.npmjs.org/finalhandler/-/finalhandler-2.1.1.tgz 0ms (cache hit)
5669 http cache depd@https://registry.npmjs.org/depd/-/depd-2.0.0.tgz 0ms (cache hit)
5670 http cache merge-descriptors@https://registry.npmjs.org/merge-descriptors/-/merge-descriptors-2.0.0.tgz 0ms (cache hit)
5671 http cache cookie-signature@https://registry.npmjs.org/cookie-signature/-/cookie-signature-1.2.2.tgz 0ms (cache hit)
5672 http cache body-parser@https://registry.npmjs.org/body-parser/-/body-parser-2.3.0.tgz 0ms (cache hit)
5673 http cache which@https://registry.npmjs.org/which/-/which-2.0.2.tgz 0ms (cache hit)
5674 http cache accepts@https://registry.npmjs.org/accepts/-/accepts-2.0.0.tgz 0ms (cache hit)
5675 http cache shebang-command@https://registry.npmjs.org/shebang-command/-/shebang-command-2.0.0.tgz 0ms (cache hit)
5676 http cache path-key@https://registry.npmjs.org/path-key/-/path-key-3.1.1.tgz 0ms (cache hit)
5677 http cache onetime@https://registry.npmjs.org/onetime/-/onetime-5.1.2.tgz 0ms (cache hit)
5678 http cache signal-exit@https://registry.npmjs.org/signal-exit/-/signal-exit-3.0.7.tgz 0ms (cache hit)
5679 http cache strip-final-newline@https://registry.npmjs.org/strip-final-newline/-/strip-final-newline-2.0.0.tgz 0ms (cache hit)
5680 http cache npm-run-path@https://registry.npmjs.org/npm-run-path/-/npm-run-path-4.0.1.tgz 0ms (cache hit)
5681 http cache merge-stream@https://registry.npmjs.org/merge-stream/-/merge-stream-2.0.0.tgz 0ms (cache hit)
5682 http cache cross-spawn@https://registry.npmjs.org/cross-spawn/-/cross-spawn-7.0.6.tgz 0ms (cache hit)
5683 http cache human-signals@https://registry.npmjs.org/human-signals/-/human-signals-2.1.0.tgz 0ms (cache hit)
5684 http cache @esbuild/win32-x64@https://registry.npmjs.org/@esbuild/win32-x64/-/win32-x64-0.28.1.tgz 0ms (cache hit)
5685 http cache stackframe@https://registry.npmjs.org/stackframe/-/stackframe-1.3.4.tgz 0ms (cache hit)
5686 http cache is-safe-filename@https://registry.npmjs.org/is-safe-filename/-/is-safe-filename-0.1.1.tgz 0ms (cache hit)
5687 http cache luxon@https://registry.npmjs.org/luxon/-/luxon-3.7.2.tgz 0ms (cache hit)
5688 http cache callsite@https://registry.npmjs.org/callsite/-/callsite-1.0.0.tgz 0ms (cache hit)
5689 http cache ansi-colors@https://registry.npmjs.org/ansi-colors/-/ansi-colors-4.1.3.tgz 0ms (cache hit)
5690 http cache globby@https://registry.npmjs.org/globby/-/globby-14.1.0.tgz 0ms (cache hit)
5691 http cache esprima@https://registry.npmjs.org/esprima/-/esprima-4.0.1.tgz 0ms (cache hit)
5692 http cache array-timsort@https://registry.npmjs.org/array-timsort/-/array-timsort-1.0.3.tgz 0ms (cache hit)
5693 http cache lodash.transform@https://registry.npmjs.org/lodash.transform/-/lodash.transform-4.6.0.tgz 0ms (cache hit)
5694 http cache lodash.isempty@https://registry.npmjs.org/lodash.isempty/-/lodash.isempty-4.4.0.tgz 0ms (cache hit)
5695 http cache widest-line@https://registry.npmjs.org/widest-line/-/widest-line-5.0.0.tgz 0ms (cache hit)
5696 http cache camelcase@https://registry.npmjs.org/camelcase/-/camelcase-8.0.0.tgz 0ms (cache hit)
5697 http cache ansi-align@https://registry.npmjs.org/ansi-align/-/ansi-align-3.0.1.tgz 0ms (cache hit)
5698 http cache type-fest@https://registry.npmjs.org/type-fest/-/type-fest-4.41.0.tgz 0ms (cache hit)
5699 http cache file-uri-to-path@https://registry.npmjs.org/file-uri-to-path/-/file-uri-to-path-1.0.0.tgz 0ms (cache hit)
5700 http cache js-tokens@https://registry.npmjs.org/js-tokens/-/js-tokens-4.0.0.tgz 0ms (cache hit)
5701 http cache jsonpointer@https://registry.npmjs.org/jsonpointer/-/jsonpointer-5.0.1.tgz 0ms (cache hit)
5702 http cache leven@https://registry.npmjs.org/leven/-/leven-3.1.0.tgz 0ms (cache hit)
5703 http cache @humanwhocodes/momoa@https://registry.npmjs.org/@humanwhocodes/momoa/-/momoa-2.0.4.tgz 0ms (cache hit)
5704 http cache @babel/code-frame@https://registry.npmjs.org/@babel/code-frame/-/code-frame-7.29.7.tgz 0ms (cache hit)
5705 http cache when-exit@https://registry.npmjs.org/when-exit/-/when-exit-2.1.5.tgz 0ms (cache hit)
5706 http cache precond@https://registry.npmjs.org/precond/-/precond-0.2.3.tgz 0ms (cache hit)
5707 http cache stubborn-fs@https://registry.npmjs.org/stubborn-fs/-/stubborn-fs-2.0.0.tgz 0ms (cache hit)
5708 http cache cli-boxes@https://registry.npmjs.org/cli-boxes/-/cli-boxes-3.0.0.tgz 0ms (cache hit)
5709 http cache zip-stream@https://registry.npmjs.org/zip-stream/-/zip-stream-7.0.5.tgz 0ms (cache hit)
5710 http cache readdir-glob@https://registry.npmjs.org/readdir-glob/-/readdir-glob-3.0.0.tgz 0ms (cache hit)
5711 http cache tar-stream@https://registry.npmjs.org/tar-stream/-/tar-stream-3.2.0.tgz 0ms (cache hit)
5712 http cache buffer-crc32@https://registry.npmjs.org/buffer-crc32/-/buffer-crc32-1.0.0.tgz 0ms (cache hit)
5713 http cache async@https://registry.npmjs.org/async/-/async-3.2.6.tgz 0ms (cache hit)
5714 http cache environment@https://registry.npmjs.org/environment/-/environment-1.1.0.tgz 0ms (cache hit)
5715 http cache entities@https://registry.npmjs.org/entities/-/entities-2.2.0.tgz 0ms (cache hit)
5716 http cache json-schema-traverse@https://registry.npmjs.org/json-schema-traverse/-/json-schema-traverse-1.0.0.tgz 0ms (cache hit)
5717 http cache fast-uri@https://registry.npmjs.org/fast-uri/-/fast-uri-3.1.5.tgz 0ms (cache hit)
5718 http cache require-from-string@https://registry.npmjs.org/require-from-string/-/require-from-string-2.0.2.tgz 0ms (cache hit)
5719 http cache lazystream@https://registry.npmjs.org/lazystream/-/lazystream-1.0.1.tgz 0ms (cache hit)
5720 http cache @types/estree@https://registry.npmjs.org/@types/estree/-/estree-1.0.9.tgz 0ms (cache hit)
5721 http cache @whatwg-node/node-fetch@https://registry.npmjs.org/@whatwg-node/node-fetch/-/node-fetch-0.8.6.tgz 0ms (cache hit)
5722 http cache @whatwg-node/promise-helpers@https://registry.npmjs.org/@whatwg-node/promise-helpers/-/promise-helpers-1.3.2.tgz 0ms (cache hit)
5723 http cache @whatwg-node/disposablestack@https://registry.npmjs.org/@whatwg-node/disposablestack/-/disposablestack-0.0.6.tgz 0ms (cache hit)
5724 http cache @whatwg-node/fetch@https://registry.npmjs.org/@whatwg-node/fetch/-/fetch-0.10.13.tgz 0ms (cache hit)
5725 http cache @envelop/instrumentation@https://registry.npmjs.org/@envelop/instrumentation/-/instrumentation-1.0.0.tgz 0ms (cache hit)
5726 http cache nopt@https://registry.npmjs.org/nopt/-/nopt-8.1.0.tgz 0ms (cache hit)
5727 http cache consola@https://registry.npmjs.org/consola/-/consola-3.4.2.tgz 0ms (cache hit)
5728 http cache picomatch@https://registry.npmjs.org/picomatch/-/picomatch-4.0.5.tgz 0ms (cache hit)
5729 http cache node-gyp-build@https://registry.npmjs.org/node-gyp-build/-/node-gyp-build-4.8.4.tgz 0ms (cache hit)
5730 http cache resolve-from@https://registry.npmjs.org/resolve-from/-/resolve-from-5.0.0.tgz 0ms (cache hit)
5731 http cache graceful-fs@https://registry.npmjs.org/graceful-fs/-/graceful-fs-4.2.11.tgz 0ms (cache hit)
5732 http cache estree-walker@https://registry.npmjs.org/estree-walker/-/estree-walker-2.0.2.tgz 0ms (cache hit)
5733 http cache bindings@https://registry.npmjs.org/bindings/-/bindings-1.5.0.tgz 0ms (cache hit)
5734 http cache @sindresorhus/transliterate@https://registry.npmjs.org/@sindresorhus/transliterate/-/transliterate-1.6.0.tgz 0ms (cache hit)
5735 http cache @rollup/pluginutils@https://registry.npmjs.org/@rollup/pluginutils/-/pluginutils-5.4.0.tgz 0ms (cache hit)
5736 http cache async-sema@https://registry.npmjs.org/async-sema/-/async-sema-3.1.1.tgz 0ms (cache hit)
5737 http cache @mapbox/node-pre-gyp@https://registry.npmjs.org/@mapbox/node-pre-gyp/-/node-pre-gyp-2.0.3.tgz 0ms (cache hit)
5738 http cache acorn-import-attributes@https://registry.npmjs.org/acorn-import-attributes/-/acorn-import-attributes-1.9.5.tgz 0ms (cache hit)
5739 http cache untildify@https://registry.npmjs.org/untildify/-/untildify-4.0.0.tgz 0ms (cache hit)
5740 http cache minimist@https://registry.npmjs.org/minimist/-/minimist-1.2.8.tgz 0ms (cache hit)
5741 http cache enquirer@https://registry.npmjs.org/enquirer/-/enquirer-2.4.1.tgz 0ms (cache hit)
5742 http cache @opentelemetry/sdk-trace@https://registry.npmjs.org/@opentelemetry/sdk-trace/-/sdk-trace-2.9.0.tgz 0ms (cache hit)
5743 http cache require-in-the-middle@https://registry.npmjs.org/require-in-the-middle/-/require-in-the-middle-8.0.1.tgz 0ms (cache hit)
5744 http cache @opentelemetry/sdk-trace-base@https://registry.npmjs.org/@opentelemetry/sdk-trace-base/-/sdk-trace-base-2.9.0.tgz 0ms (cache hit)
5745 http cache @octokit/openapi-types@https://registry.npmjs.org/@octokit/openapi-types/-/openapi-types-28.0.0.tgz 0ms (cache hit)
5746 http cache import-in-the-middle@https://registry.npmjs.org/import-in-the-middle/-/import-in-the-middle-3.3.3.tgz 0ms (cache hit)
5747 http cache @opentelemetry/context-async-hooks@https://registry.npmjs.org/@opentelemetry/context-async-hooks/-/context-async-hooks-2.9.0.tgz 0ms (cache hit)
5748 http cache json-with-bigint@https://registry.npmjs.org/json-with-bigint/-/json-with-bigint-3.5.11.tgz 0ms (cache hit)
5749 http cache @octokit/endpoint@https://registry.npmjs.org/@octokit/endpoint/-/endpoint-11.0.4.tgz 0ms (cache hit)
5750 http cache universal-user-agent@https://registry.npmjs.org/universal-user-agent/-/universal-user-agent-7.0.3.tgz 0ms (cache hit)
5751 http cache @opentelemetry/api-logs@https://registry.npmjs.org/@opentelemetry/api-logs/-/api-logs-0.220.0.tgz 0ms (cache hit)
5752 http cache @opentelemetry/semantic-conventions@https://registry.npmjs.org/@opentelemetry/semantic-conventions/-/semantic-conventions-1.43.0.tgz 0ms (cache hit)
5753 http cache before-after-hook@https://registry.npmjs.org/before-after-hook/-/before-after-hook-4.0.0.tgz 0ms (cache hit)
5754 http cache @octokit/types@https://registry.npmjs.org/@octokit/types/-/types-17.0.0.tgz 0ms (cache hit)
5755 http cache @octokit/request-error@https://registry.npmjs.org/@octokit/request-error/-/request-error-7.1.1.tgz 0ms (cache hit)
5756 http cache @octokit/request@https://registry.npmjs.org/@octokit/request/-/request-10.0.13.tgz 0ms (cache hit)
5757 http cache @octokit/graphql@https://registry.npmjs.org/@octokit/graphql/-/graphql-9.0.4.tgz 0ms (cache hit)
5758 http cache @octokit/auth-token@https://registry.npmjs.org/@octokit/auth-token/-/auth-token-6.0.0.tgz 0ms (cache hit)
5759 http cache @octokit/plugin-paginate-rest@https://registry.npmjs.org/@octokit/plugin-paginate-rest/-/plugin-paginate-rest-14.0.0.tgz 0ms (cache hit)
5760 http cache @octokit/plugin-rest-endpoint-methods@https://registry.npmjs.org/@octokit/plugin-rest-endpoint-methods/-/plugin-rest-endpoint-methods-17.0.0.tgz 0ms (cache hit)
5761 http cache @octokit/plugin-request-log@https://registry.npmjs.org/@octokit/plugin-request-log/-/plugin-request-log-6.0.0.tgz 0ms (cache hit)
5762 http cache @babel/helper-validator-identifier@https://registry.npmjs.org/@babel/helper-validator-identifier/-/helper-validator-identifier-7.29.7.tgz 0ms (cache hit)
5763 http cache @octokit/core@https://registry.npmjs.org/@octokit/core/-/core-7.0.7.tgz 0ms (cache hit)
5764 http cache unixify@https://registry.npmjs.org/unixify/-/unixify-1.0.0.tgz 0ms (cache hit)
5765 http cache @babel/helper-string-parser@https://registry.npmjs.org/@babel/helper-string-parser/-/helper-string-parser-7.29.7.tgz 0ms (cache hit)
5766 http cache precinct@https://registry.npmjs.org/precinct/-/precinct-12.3.2.tgz 0ms (cache hit)
5767 http cache require-package-name@https://registry.npmjs.org/require-package-name/-/require-package-name-2.0.1.tgz 0ms (cache hit)
5768 http cache fast-glob@https://registry.npmjs.org/fast-glob/-/fast-glob-3.3.3.tgz 0ms (cache hit)
5769 http cache merge-options@https://registry.npmjs.org/merge-options/-/merge-options-3.0.4.tgz 0ms (cache hit)
5770 http cache normalize-path@https://registry.npmjs.org/normalize-path/-/normalize-path-3.0.0.tgz 0ms (cache hit)
5771 http cache is-path-inside@https://registry.npmjs.org/is-path-inside/-/is-path-inside-4.0.0.tgz 0ms (cache hit)
5772 http cache es-module-lexer@https://registry.npmjs.org/es-module-lexer/-/es-module-lexer-1.7.0.tgz 0ms (cache hit)
5773 http cache @vercel/nft@https://registry.npmjs.org/@vercel/nft/-/nft-0.29.4.tgz 0ms (cache hit)
5774 http cache copy-file@https://registry.npmjs.org/copy-file/-/copy-file-11.1.0.tgz 0ms (cache hit)
5775 http cache archiver@https://registry.npmjs.org/archiver/-/archiver-8.0.0.tgz 0ms (cache hit)
5776 http cache @babel/types@https://registry.npmjs.org/@babel/types/-/types-7.29.8.tgz 0ms (cache hit)
5777 http cache @netlify/serverless-functions-api@https://registry.npmjs.org/@netlify/serverless-functions-api/-/serverless-functions-api-2.18.0.tgz 0ms (cache hit)
5778 http cache @babel/parser@https://registry.npmjs.org/@babel/parser/-/parser-7.29.8.tgz 0ms (cache hit)
5779 http cache @netlify/binary-info@https://registry.npmjs.org/@netlify/binary-info/-/binary-info-1.0.0.tgz 0ms (cache hit)
5780 http cache @opentelemetry/sdk-trace-node@https://registry.npmjs.org/@opentelemetry/sdk-trace-node/-/sdk-trace-node-2.9.0.tgz 0ms (cache hit)
5781 http cache @opentelemetry/resources@https://registry.npmjs.org/@opentelemetry/resources/-/resources-2.9.0.tgz 0ms (cache hit)
5782 http cache @netlify/cache@https://registry.npmjs.org/@netlify/cache/-/cache-3.4.10.tgz 0ms (cache hit)
5783 http cache escape-string-regexp@https://registry.npmjs.org/escape-string-regexp/-/escape-string-regexp-5.0.0.tgz 0ms (cache hit)
5784 http cache @netlify/local-functions-proxy-win32-x64@https://registry.npmjs.org/@netlify/local-functions-proxy-win32-x64/-/local-functions-proxy-win32-x64-1.1.1.tgz 0ms (cache hit)
5785 http cache ipx@https://registry.npmjs.org/ipx/-/ipx-3.1.1.tgz 0ms (cache hit)
5786 http cache @opentelemetry/core@https://registry.npmjs.org/@opentelemetry/core/-/core-2.8.0.tgz 0ms (cache hit)
5787 http cache micromatch@https://registry.npmjs.org/micromatch/-/micromatch-4.0.8.tgz 0ms (cache hit)
5788 http cache @opentelemetry/instrumentation@https://registry.npmjs.org/@opentelemetry/instrumentation/-/instrumentation-0.220.0.tgz 0ms (cache hit)
5789 http cache micro-memoize@https://registry.npmjs.org/micro-memoize/-/micro-memoize-5.1.2.tgz 0ms (cache hit)
5790 http cache cpy@https://registry.npmjs.org/cpy/-/cpy-11.1.0.tgz 0ms (cache hit)
5791 http cache @netlify/functions@https://registry.npmjs.org/@netlify/functions/-/functions-5.3.0.tgz 0ms (cache hit)
5792 http cache extract-zip@https://registry.npmjs.org/extract-zip/-/extract-zip-2.0.1.tgz 0ms (cache hit)
5793 http cache urlpattern-polyfill@https://registry.npmjs.org/urlpattern-polyfill/-/urlpattern-polyfill-8.0.2.tgz 0ms (cache hit)
5794 http cache parse-imports@https://registry.npmjs.org/parse-imports/-/parse-imports-2.2.1.tgz 0ms (cache hit)
5795 http cache p-retry@https://registry.npmjs.org/p-retry/-/p-retry-6.2.1.tgz 0ms (cache hit)
5796 http cache tar@https://registry.npmjs.org/tar/-/tar-7.5.22.tgz 0ms (cache hit)
5797 http cache node-stream-zip@https://registry.npmjs.org/node-stream-zip/-/node-stream-zip-1.16.0.tgz 0ms (cache hit)
5798 http cache @netlify/types@https://registry.npmjs.org/@netlify/types/-/types-2.8.0.tgz 0ms (cache hit)
5799 http cache esbuild@https://registry.npmjs.org/esbuild/-/esbuild-0.28.1.tgz 0ms (cache hit)
5800 http cache ajv-errors@https://registry.npmjs.org/ajv-errors/-/ajv-errors-3.0.0.tgz 0ms (cache hit)
5801 http cache @sveltejs/acorn-typescript@https://registry.npmjs.org/@sveltejs/acorn-typescript/-/acorn-typescript-1.0.13.tgz 0ms (cache hit)
5802 http cache common-path-prefix@https://registry.npmjs.org/common-path-prefix/-/common-path-prefix-3.0.0.tgz 0ms (cache hit)
5803 http cache @import-maps/resolve@https://registry.npmjs.org/@import-maps/resolve/-/resolve-2.0.0.tgz 0ms (cache hit)
5804 http cache ajv@https://registry.npmjs.org/ajv/-/ajv-8.20.0.tgz 0ms (cache hit)
5805 http cache better-ajv-errors@https://registry.npmjs.org/better-ajv-errors/-/better-ajv-errors-1.2.0.tgz 0ms (cache hit)
5806 http cache acorn@https://registry.npmjs.org/acorn/-/acorn-8.18.0.tgz 0ms (cache hit)
5807 http cache parse-gitignore@https://registry.npmjs.org/parse-gitignore/-/parse-gitignore-2.0.0.tgz 0ms (cache hit)
5808 http cache tmp-promise@https://registry.npmjs.org/tmp-promise/-/tmp-promise-3.0.3.tgz 0ms (cache hit)
5809 http cache js-image-generator@https://registry.npmjs.org/js-image-generator/-/js-image-generator-1.0.4.tgz 0ms (cache hit)
5810 http cache image-size@https://registry.npmjs.org/image-size/-/image-size-2.0.2.tgz 0ms (cache hit)
5811 http cache @whatwg-node/server@https://registry.npmjs.org/@whatwg-node/server/-/server-0.11.0.tgz 0ms (cache hit)
5812 http cache empathic@https://registry.npmjs.org/empathic/-/empathic-2.0.1.tgz 0ms (cache hit)
5813 http cache @electric-sql/pglite@https://registry.npmjs.org/@electric-sql/pglite/-/pglite-0.3.16.tgz 0ms (cache hit)
5814 http cache dettle@https://registry.npmjs.org/dettle/-/dettle-1.0.5.tgz 0ms (cache hit)
5815 http cache @netlify/static@https://registry.npmjs.org/@netlify/static/-/static-3.1.12.tgz 0ms (cache hit)
5816 http cache atomically@https://registry.npmjs.org/atomically/-/atomically-2.1.1.tgz 1ms (cache hit)
5817 http cache pg-gateway@https://registry.npmjs.org/pg-gateway/-/pg-gateway-0.3.0-beta.4.tgz 0ms (cache hit)
5818 http cache @netlify/runtime@https://registry.npmjs.org/@netlify/runtime/-/runtime-4.1.29.tgz 0ms (cache hit)
5819 http cache validate-npm-package-name@https://registry.npmjs.org/validate-npm-package-name/-/validate-npm-package-name-5.0.1.tgz 0ms (cache hit)
5820 http cache @netlify/redirects@https://registry.npmjs.org/@netlify/redirects/-/redirects-3.1.15.tgz 0ms (cache hit)
5821 http cache @netlify/headers@https://registry.npmjs.org/@netlify/headers/-/headers-2.1.13.tgz 0ms (cache hit)
5822 http cache @netlify/functions-dev@https://registry.npmjs.org/@netlify/functions-dev/-/functions-dev-1.3.5.tgz 0ms (cache hit)
5823 http cache path-type@https://registry.npmjs.org/path-type/-/path-type-6.0.0.tgz 0ms (cache hit)
5824 http cache @netlify/database-dev@https://registry.npmjs.org/@netlify/database-dev/-/database-dev-0.10.1.tgz 0ms (cache hit)
5825 http cache @netlify/edge-functions-dev@https://registry.npmjs.org/@netlify/edge-functions-dev/-/edge-functions-dev-1.0.24.tgz 0ms (cache hit)
5826 http cache map-obj@https://registry.npmjs.org/map-obj/-/map-obj-5.0.2.tgz 0ms (cache hit)
5827 http cache deepmerge@https://registry.npmjs.org/deepmerge/-/deepmerge-4.3.1.tgz 0ms (cache hit)
5828 http cache move-file@https://registry.npmjs.org/move-file/-/move-file-3.1.0.tgz 0ms (cache hit)
5829 http cache fast-safe-stringify@https://registry.npmjs.org/fast-safe-stringify/-/fast-safe-stringify-2.1.1.tgz 0ms (cache hit)
5830 http cache get-stream@https://registry.npmjs.org/get-stream/-/get-stream-9.0.1.tgz 0ms (cache hit)
5831 http cache smol-toml@https://registry.npmjs.org/smol-toml/-/smol-toml-1.8.0.tgz 0ms (cache hit)
5832 http cache lockparse@https://registry.npmjs.org/lockparse/-/lockparse-0.5.2.tgz 0ms (cache hit)
5833 http cache read-pkg@https://registry.npmjs.org/read-pkg/-/read-pkg-9.0.1.tgz 0ms (cache hit)
5834 http cache pump@https://registry.npmjs.org/pump/-/pump-3.0.4.tgz 0ms (cache hit)
5835 http cache iserror@https://registry.npmjs.org/iserror/-/iserror-0.0.2.tgz 1ms (cache hit)
5836 http cache stack-generator@https://registry.npmjs.org/stack-generator/-/stack-generator-2.0.10.tgz 0ms (cache hit)
5837 http cache byline@https://registry.npmjs.org/byline/-/byline-5.0.0.tgz 0ms (cache hit)
5838 http cache error-stack-parser@https://registry.npmjs.org/error-stack-parser/-/error-stack-parser-2.1.4.tgz 0ms (cache hit)
5839 http cache @bugsnag/cuid@https://registry.npmjs.org/@bugsnag/cuid/-/cuid-3.2.2.tgz 0ms (cache hit)
5840 http cache @bugsnag/safe-json-stringify@https://registry.npmjs.org/@bugsnag/safe-json-stringify/-/safe-json-stringify-6.1.0.tgz 0ms (cache hit)
5841 http cache zod@https://registry.npmjs.org/zod/-/zod-4.4.3.tgz 0ms (cache hit)
5842 http cache junk@https://registry.npmjs.org/junk/-/junk-4.0.1.tgz 0ms (cache hit)
5843 http cache @bugsnag/node@https://registry.npmjs.org/@bugsnag/node/-/node-8.10.0.tgz 0ms (cache hit)
5844 http cache @bugsnag/core@https://registry.npmjs.org/@bugsnag/core/-/core-8.9.0.tgz 0ms (cache hit)
5845 http cache @bugsnag/browser@https://registry.npmjs.org/@bugsnag/browser/-/browser-8.10.0.tgz 0ms (cache hit)
5846 http cache yaml@https://registry.npmjs.org/yaml/-/yaml-2.9.0.tgz 0ms (cache hit)
5847 http cache typescript@https://registry.npmjs.org/typescript/-/typescript-5.9.3.tgz 0ms (cache hit)
5848 http cache safe-json-stringify@https://registry.npmjs.org/safe-json-stringify/-/safe-json-stringify-1.2.0.tgz 0ms (cache hit)
5849 http cache rfdc@https://registry.npmjs.org/rfdc/-/rfdc-1.4.1.tgz 0ms (cache hit)
5850 http cache ps-list@https://registry.npmjs.org/ps-list/-/ps-list-8.1.1.tgz 0ms (cache hit)
5851 http cache supports-color@https://registry.npmjs.org/supports-color/-/supports-color-10.2.2.tgz 0ms (cache hit)
5852 http cache resolve@https://registry.npmjs.org/resolve/-/resolve-2.0.0-next.7.tgz 0ms (cache hit)
5853 http cache pretty-ms@https://registry.npmjs.org/pretty-ms/-/pretty-ms-9.3.0.tgz 0ms (cache hit)
5854 http cache path-exists@https://registry.npmjs.org/path-exists/-/path-exists-5.0.0.tgz 0ms (cache hit)
5855 http cache p-locate@https://registry.npmjs.org/p-locate/-/p-locate-6.0.0.tgz 0ms (cache hit)
5856 http cache p-event@https://registry.npmjs.org/p-event/-/p-event-6.0.1.tgz 0ms (cache hit)
5857 http cache package-directory@https://registry.npmjs.org/package-directory/-/package-directory-8.2.0.tgz 0ms (cache hit)
5858 http cache os-name@https://registry.npmjs.org/os-name/-/os-name-6.1.0.tgz 0ms (cache hit)
5859 http cache p-reduce@https://registry.npmjs.org/p-reduce/-/p-reduce-3.0.0.tgz 0ms (cache hit)
5860 http cache minimatch@https://registry.npmjs.org/minimatch/-/minimatch-10.2.6.tgz 0ms (cache hit)
5861 http cache log-process-errors@https://registry.npmjs.org/log-process-errors/-/log-process-errors-11.0.1.tgz 0ms (cache hit)
5862 http cache keep-func-props@https://registry.npmjs.org/keep-func-props/-/keep-func-props-6.0.0.tgz 0ms (cache hit)
5863 http cache memoize-one@https://registry.npmjs.org/memoize-one/-/memoize-one-6.0.0.tgz 0ms (cache hit)
5864 http cache is-plain-obj@https://registry.npmjs.org/is-plain-obj/-/is-plain-obj-4.1.0.tgz 0ms (cache hit)
5865 http cache indent-string@https://registry.npmjs.org/indent-string/-/indent-string-5.0.0.tgz 0ms (cache hit)
5866 http cache ignore@https://registry.npmjs.org/ignore/-/ignore-7.0.6.tgz 0ms (cache hit)
5867 http cache filter-obj@https://registry.npmjs.org/filter-obj/-/filter-obj-6.1.0.tgz 0ms (cache hit)
5868 http cache hot-shots@https://registry.npmjs.org/hot-shots/-/hot-shots-11.4.0.tgz 0ms (cache hit)
5869 http cache figures@https://registry.npmjs.org/figures/-/figures-6.1.0.tgz 0ms (cache hit)
5870 http cache fdir@https://registry.npmjs.org/fdir/-/fdir-6.5.0.tgz 0ms (cache hit)
5871 http cache fast-string-width@https://registry.npmjs.org/fast-string-width/-/fast-string-width-3.0.2.tgz 0ms (cache hit)
5872 http cache clean-stack@https://registry.npmjs.org/clean-stack/-/clean-stack-5.3.0.tgz 0ms (cache hit)
5873 http cache ansis@https://registry.npmjs.org/ansis/-/ansis-4.3.1.tgz 0ms (cache hit)
5874 http cache @netlify/run-utils@https://registry.npmjs.org/@netlify/run-utils/-/run-utils-7.1.0.tgz 0ms (cache hit)
5875 http cache @sindresorhus/slugify@https://registry.npmjs.org/@sindresorhus/slugify/-/slugify-2.2.1.tgz 0ms (cache hit)
5876 http cache @netlify/git-utils@https://registry.npmjs.org/@netlify/git-utils/-/git-utils-7.1.0.tgz 0ms (cache hit)
5877 http cache @bugsnag/js@https://registry.npmjs.org/@bugsnag/js/-/js-8.10.0.tgz 0ms (cache hit)
5878 http cache @netlify/opentelemetry-utils@https://registry.npmjs.org/@netlify/opentelemetry-utils/-/opentelemetry-utils-3.1.0.tgz 0ms (cache hit)
5879 http cache @netlify/cache-utils@https://registry.npmjs.org/@netlify/cache-utils/-/cache-utils-7.1.1.tgz 0ms (cache hit)
5880 http cache @netlify/functions-utils@https://registry.npmjs.org/@netlify/functions-utils/-/functions-utils-7.1.4.tgz 0ms (cache hit)
5881 http cache picoquery@https://registry.npmjs.org/picoquery/-/picoquery-2.5.0.tgz 0ms (cache hit)
5882 http cache @netlify/runtime-utils@https://registry.npmjs.org/@netlify/runtime-utils/-/runtime-utils-2.3.0.tgz 0ms (cache hit)
5883 http cache @netlify/open-api@https://registry.npmjs.org/@netlify/open-api/-/open-api-2.57.0.tgz 0ms (cache hit)
5884 http cache @netlify/plugins-list@https://registry.npmjs.org/@netlify/plugins-list/-/plugins-list-6.81.9.tgz 0ms (cache hit)
5885 http cache @netlify/otel@https://registry.npmjs.org/@netlify/otel/-/otel-6.0.6.tgz 0ms (cache hit)
5886 http cache @lukeed/ms@https://registry.npmjs.org/@lukeed/ms/-/ms-2.0.2.tgz 0ms (cache hit)
5887 http cache http-errors@https://registry.npmjs.org/http-errors/-/http-errors-2.0.1.tgz 0ms (cache hit)
5888 http cache fast-decode-uri-component@https://registry.npmjs.org/fast-decode-uri-component/-/fast-decode-uri-component-1.0.1.tgz 0ms (cache hit)
5889 http cache escape-html@https://registry.npmjs.org/escape-html/-/escape-html-1.0.3.tgz 0ms (cache hit)
5890 http cache glob@https://registry.npmjs.org/glob/-/glob-13.0.6.tgz 0ms (cache hit)
5891 http cache fastq@https://registry.npmjs.org/fastq/-/fastq-1.20.1.tgz 0ms (cache hit)
5892 http cache fastify-plugin@https://registry.npmjs.org/fastify-plugin/-/fastify-plugin-6.0.0.tgz 0ms (cache hit)
5893 http cache @fastify/send@https://registry.npmjs.org/@fastify/send/-/send-4.1.1.tgz 0ms (cache hit)
5894 http cache content-disposition@https://registry.npmjs.org/content-disposition/-/content-disposition-2.0.1.tgz 0ms (cache hit)
5895 http cache @fastify/accept-negotiator@https://registry.npmjs.org/@fastify/accept-negotiator/-/accept-negotiator-2.1.0.tgz 0ms (cache hit)
5896 http cache @fastify/error@https://registry.npmjs.org/@fastify/error/-/error-4.2.0.tgz 0ms (cache hit)
5897 http cache ws@https://registry.npmjs.org/ws/-/ws-8.21.3.tgz 0ms (cache hit)
5898 http cache update-notifier@https://registry.npmjs.org/update-notifier/-/update-notifier-7.3.1.tgz 0ms (cache hit)
5899 http cache tomlify-j0.4@https://registry.npmjs.org/tomlify-j0.4/-/tomlify-j0.4-3.0.0.tgz 0ms (cache hit)
5900 http cache ulid@https://registry.npmjs.org/ulid/-/ulid-3.0.2.tgz 0ms (cache hit)
5901 http cache write-file-atomic@https://registry.npmjs.org/write-file-atomic/-/write-file-atomic-5.0.1.tgz 0ms (cache hit)
5902 http cache yauzl@https://registry.npmjs.org/yauzl/-/yauzl-3.4.0.tgz 0ms (cache hit)
5903 http cache toml@https://registry.npmjs.org/toml/-/toml-3.0.0.tgz 0ms (cache hit)
5904 http cache terminal-link@https://registry.npmjs.org/terminal-link/-/terminal-link-5.0.0.tgz 0ms (cache hit)
5905 http cache source-map-support@https://registry.npmjs.org/source-map-support/-/source-map-support-0.5.21.tgz 0ms (cache hit)
5906 http cache readdirp@https://registry.npmjs.org/readdirp/-/readdirp-5.1.1.tgz 0ms (cache hit)
5907 http cache raw-body@https://registry.npmjs.org/raw-body/-/raw-body-3.0.2.tgz 0ms (cache hit)
5908 http cache pg@https://registry.npmjs.org/pg/-/pg-8.23.0.tgz 0ms (cache hit)
5909 http cache read-package-up@https://registry.npmjs.org/read-package-up/-/read-package-up-12.0.0.tgz 0ms (cache hit)
5910 http cache prettyjson@https://registry.npmjs.org/prettyjson/-/prettyjson-1.2.5.tgz 0ms (cache hit)
5911 http cache parse-duration@https://registry.npmjs.org/parse-duration/-/parse-duration-2.1.8.tgz 0ms (cache hit)
5912 http cache parallel-transform@https://registry.npmjs.org/parallel-transform/-/parallel-transform-1.2.0.tgz 0ms (cache hit)
5913 http cache parse-github-url@https://registry.npmjs.org/parse-github-url/-/parse-github-url-1.0.4.tgz 0ms (cache hit)
5914 http cache p-map@https://registry.npmjs.org/p-map/-/p-map-7.0.6.tgz 0ms (cache hit)
5915 http cache p-wait-for@https://registry.npmjs.org/p-wait-for/-/p-wait-for-6.0.0.tgz 0ms (cache hit)
5916 http cache p-filter@https://registry.npmjs.org/p-filter/-/p-filter-4.1.0.tgz 0ms (cache hit)
5917 http cache open@https://registry.npmjs.org/open/-/open-11.0.1.tgz 0ms (cache hit)
5918 http cache normalize-package-data@https://registry.npmjs.org/normalize-package-data/-/normalize-package-data-7.0.1.tgz 0ms (cache hit)
5919 http cache netlify-redirector@https://registry.npmjs.org/netlify-redirector/-/netlify-redirector-0.5.0.tgz 0ms (cache hit)
5920 http cache modern-tar@https://registry.npmjs.org/modern-tar/-/modern-tar-0.8.4.tgz 0ms (cache hit)
5921 http cache multiparty@https://registry.npmjs.org/multiparty/-/multiparty-4.3.0.tgz 0ms (cache hit)
5922 http cache nanospinner@https://registry.npmjs.org/nanospinner/-/nanospinner-1.2.2.tgz 0ms (cache hit)
5923 http cache maxstache-stream@https://registry.npmjs.org/maxstache-stream/-/maxstache-stream-1.0.4.tgz 0ms (cache hit)
5924 http cache maxstache@https://registry.npmjs.org/maxstache/-/maxstache-1.0.7.tgz 0ms (cache hit)
5925 http cache log-update@https://registry.npmjs.org/log-update/-/log-update-7.2.0.tgz 0ms (cache hit)
5926 http cache locate-path@https://registry.npmjs.org/locate-path/-/locate-path-8.0.0.tgz 1ms (cache hit)
5927 http cache jwt-decode@https://registry.npmjs.org/jwt-decode/-/jwt-decode-4.0.0.tgz 0ms (cache hit)
5928 http cache isexe@https://registry.npmjs.org/isexe/-/isexe-4.0.0.tgz 0ms (cache hit)
5929 http cache is-wsl@https://registry.npmjs.org/is-wsl/-/is-wsl-3.1.1.tgz 0ms (cache hit)
5930 http cache is-docker@https://registry.npmjs.org/is-docker/-/is-docker-4.0.0.tgz 0ms (cache hit)
5931 http cache inquirer-autocomplete-prompt@https://registry.npmjs.org/inquirer-autocomplete-prompt/-/inquirer-autocomplete-prompt-1.4.0.tgz 0ms (cache hit)
5932 http cache lambda-local@https://registry.npmjs.org/lambda-local/-/lambda-local-2.2.0.tgz 0ms (cache hit)
5933 http cache http-proxy@https://registry.npmjs.org/http-proxy/-/http-proxy-1.18.1.tgz 0ms (cache hit)
5934 http cache inquirer@https://registry.npmjs.org/inquirer/-/inquirer-8.2.7.tgz 0ms (cache hit)
5935 http cache http-proxy-middleware@https://registry.npmjs.org/http-proxy-middleware/-/http-proxy-middleware-3.0.7.tgz 0ms (cache hit)
5936 http cache gitconfiglocal@https://registry.npmjs.org/gitconfiglocal/-/gitconfiglocal-2.1.0.tgz 0ms (cache hit)
5937 http cache git-repo-info@https://registry.npmjs.org/git-repo-info/-/git-repo-info-2.1.1.tgz 0ms (cache hit)
5938 http cache fuzzy@https://registry.npmjs.org/fuzzy/-/fuzzy-0.1.3.tgz 0ms (cache hit)
5939 http cache find-up@https://registry.npmjs.org/find-up/-/find-up-8.0.0.tgz 0ms (cache hit)
5940 http cache get-port@https://registry.npmjs.org/get-port/-/get-port-5.1.1.tgz 0ms (cache hit)
5941 http cache express-logging@https://registry.npmjs.org/express-logging/-/express-logging-1.1.1.tgz 0ms (cache hit)
5942 http cache fastify@https://registry.npmjs.org/fastify/-/fastify-5.12.0.tgz 0ms (cache hit)
5943 http cache folder-walker@https://registry.npmjs.org/folder-walker/-/folder-walker-3.2.0.tgz 0ms (cache hit)
5944 http cache express@https://registry.npmjs.org/express/-/express-5.2.1.tgz 0ms (cache hit)
5945 http cache fastest-levenshtein@https://registry.npmjs.org/fastest-levenshtein/-/fastest-levenshtein-1.0.16.tgz 0ms (cache hit)
5946 http cache etag@https://registry.npmjs.org/etag/-/etag-1.8.1.tgz 0ms (cache hit)
5947 http cache envinfo@https://registry.npmjs.org/envinfo/-/envinfo-7.21.0.tgz 0ms (cache hit)
5948 http cache execa@https://registry.npmjs.org/execa/-/execa-5.1.1.tgz 0ms (cache hit)
5949 http cache dotenv@https://registry.npmjs.org/dotenv/-/dotenv-17.4.2.tgz 0ms (cache hit)
5950 http cache env-paths@https://registry.npmjs.org/env-paths/-/env-paths-4.0.0.tgz 0ms (cache hit)
5951 http cache cron-parser@https://registry.npmjs.org/cron-parser/-/cron-parser-4.9.0.tgz 0ms (cache hit)
5952 http cache decache@https://registry.npmjs.org/decache/-/decache-4.6.2.tgz 0ms (cache hit)
5953 http cache dot-prop@https://registry.npmjs.org/dot-prop/-/dot-prop-10.2.0.tgz 0ms (cache hit)
5954 http cache cookie@https://registry.npmjs.org/cookie/-/cookie-1.1.1.tgz 0ms (cache hit)
5955 http cache comment-json@https://registry.npmjs.org/comment-json/-/comment-json-4.6.2.tgz 0ms (cache hit)
5956 http cache clean-deep@https://registry.npmjs.org/clean-deep/-/clean-deep-3.4.0.tgz 0ms (cache hit)
5957 http cache content-type@https://registry.npmjs.org/content-type/-/content-type-1.0.5.tgz 0ms (cache hit)
5958 http cache commander@https://registry.npmjs.org/commander/-/commander-12.1.0.tgz 0ms (cache hit)
5959 http cache ci-info@https://registry.npmjs.org/ci-info/-/ci-info-4.4.0.tgz 0ms (cache hit)
5960 http cache chalk@https://registry.npmjs.org/chalk/-/chalk-5.6.2.tgz 0ms (cache hit)
5961 http cache boxen@https://registry.npmjs.org/boxen/-/boxen-8.0.1.tgz 0ms (cache hit)
5962 http cache chokidar@https://registry.npmjs.org/chokidar/-/chokidar-4.0.3.tgz 0ms (cache hit)
5963 http cache backoff@https://registry.npmjs.org/backoff/-/backoff-2.5.0.tgz 0ms (cache hit)
5964 http cache ascii-table@https://registry.npmjs.org/ascii-table/-/ascii-table-0.0.9.tgz 0ms (cache hit)
5965 http cache @pnpm/tabtab@https://registry.npmjs.org/@pnpm/tabtab/-/tabtab-0.5.4.tgz 0ms (cache hit)
5966 http cache ansi-to-html@https://registry.npmjs.org/ansi-to-html/-/ansi-to-html-0.7.2.tgz 0ms (cache hit)
5967 http cache @octokit/rest@https://registry.npmjs.org/@octokit/rest/-/rest-22.0.1.tgz 0ms (cache hit)
5968 http cache ansi-escapes@https://registry.npmjs.org/ansi-escapes/-/ansi-escapes-7.3.0.tgz 0ms (cache hit)
5969 http cache @netlify/zip-it-and-ship-it@https://registry.npmjs.org/@netlify/zip-it-and-ship-it/-/zip-it-and-ship-it-15.3.4.tgz 0ms (cache hit)
5970 http cache @netlify/headers-parser@https://registry.npmjs.org/@netlify/headers-parser/-/headers-parser-10.1.1.tgz 0ms (cache hit)
5971 http cache @netlify/local-functions-proxy@https://registry.npmjs.org/@netlify/local-functions-proxy/-/local-functions-proxy-2.0.3.tgz 0ms (cache hit)
5972 http cache @netlify/redirect-parser@https://registry.npmjs.org/@netlify/redirect-parser/-/redirect-parser-16.1.0.tgz 0ms (cache hit)
5973 http cache @netlify/edge-functions-bootstrap@https://registry.npmjs.org/@netlify/edge-functions-bootstrap/-/edge-functions-bootstrap-2.17.1.tgz 0ms (cache hit)
5974 http cache @netlify/edge-functions@https://registry.npmjs.org/@netlify/edge-functions/-/edge-functions-3.0.8.tgz 0ms (cache hit)
5975 http cache @netlify/images@https://registry.npmjs.org/@netlify/images/-/images-1.3.12.tgz 0ms (cache hit)
5976 http cache @netlify/edge-bundler@https://registry.npmjs.org/@netlify/edge-bundler/-/edge-bundler-16.0.3.tgz 0ms (cache hit)
5977 http cache @netlify/dev-utils@https://registry.npmjs.org/@netlify/dev-utils/-/dev-utils-4.4.7.tgz 0ms (cache hit)
5978 http cache @netlify/build@https://registry.npmjs.org/@netlify/build/-/build-36.3.5.tgz 0ms (cache hit)
5979 http cache @netlify/config@https://registry.npmjs.org/@netlify/config/-/config-25.2.2.tgz 0ms (cache hit)
5980 http cache @netlify/build-info@https://registry.npmjs.org/@netlify/build-info/-/build-info-11.3.0.tgz 0ms (cache hit)
5981 http cache @netlify/api@https://registry.npmjs.org/@netlify/api/-/api-15.1.1.tgz 0ms (cache hit)
5982 http cache @netlify/blobs@https://registry.npmjs.org/@netlify/blobs/-/blobs-10.7.13.tgz 0ms (cache hit)
5983 http cache @netlify/dev@https://registry.npmjs.org/@netlify/dev/-/dev-4.18.13.tgz 0ms (cache hit)
5984 http cache @fastify/static@https://registry.npmjs.org/@fastify/static/-/static-10.1.3.tgz 0ms (cache hit)
5985 http cache @netlify/ai@https://registry.npmjs.org/@netlify/ai/-/ai-0.4.4.tgz 0ms (cache hit)
5986 http cache netlify-cli@https://registry.npmjs.org/netlify-cli/-/netlify-cli-27.1.1.tgz 0ms (cache hit)
5987 http cache ansi-regex@https://registry.npmjs.org/ansi-regex/-/ansi-regex-6.3.0.tgz 0ms (cache hit)
5988 http cache @opentelemetry/api@https://registry.npmjs.org/@opentelemetry/api/-/api-1.8.0.tgz 0ms (cache hit)
5989 http cache signal-exit@https://registry.npmjs.org/signal-exit/-/signal-exit-4.1.0.tgz 0ms (cache hit)
5990 http cache buffer@https://registry.npmjs.org/buffer/-/buffer-6.0.3.tgz 0ms (cache hit)
5991 http cache readable-stream@https://registry.npmjs.org/readable-stream/-/readable-stream-4.7.0.tgz 0ms (cache hit)
5992 http cache emoji-regex@https://registry.npmjs.org/emoji-regex/-/emoji-regex-9.2.2.tgz 0ms (cache hit)
5993 http cache ansi-styles@https://registry.npmjs.org/ansi-styles/-/ansi-styles-6.2.3.tgz 0ms (cache hit)
5994 http cache wrap-ansi@https://registry.npmjs.org/wrap-ansi/-/wrap-ansi-8.1.0.tgz 0ms (cache hit)
5995 http cache buffer@https://registry.npmjs.org/buffer/-/buffer-6.0.3.tgz 0ms (cache hit)
5996 http cache strip-ansi@https://registry.npmjs.org/strip-ansi/-/strip-ansi-7.2.0.tgz 0ms (cache hit)
5997 http cache string-width@https://registry.npmjs.org/string-width/-/string-width-5.1.2.tgz 0ms (cache hit)
5998 http cache readable-stream@https://registry.npmjs.org/readable-stream/-/readable-stream-4.7.0.tgz 0ms (cache hit)
5999 http cache is-stream@https://registry.npmjs.org/is-stream/-/is-stream-4.0.1.tgz 0ms (cache hit)
6000 http cache color-name@https://registry.npmjs.org/color-name/-/color-name-2.1.1.tgz 0ms (cache hit)
6001 http cache dot-prop@https://registry.npmjs.org/dot-prop/-/dot-prop-9.0.0.tgz 0ms (cache hit)
6002 http cache graceful-fs@https://registry.npmjs.org/graceful-fs/-/graceful-fs-4.2.10.tgz 0ms (cache hit)
6003 http cache color-name@https://registry.npmjs.org/color-name/-/color-name-2.1.1.tgz 0ms (cache hit)
6004 http cache ini@https://registry.npmjs.org/ini/-/ini-4.1.1.tgz 0ms (cache hit)
6005 http cache picomatch@https://registry.npmjs.org/picomatch/-/picomatch-2.3.2.tgz 0ms (cache hit)
6006 http cache color-convert@https://registry.npmjs.org/color-convert/-/color-convert-3.1.3.tgz 0ms (cache hit)
6007 http cache entities@https://registry.npmjs.org/entities/-/entities-4.5.0.tgz 0ms (cache hit)
6008 http cache mdn-data@https://registry.npmjs.org/mdn-data/-/mdn-data-2.0.28.tgz 0ms (cache hit)
6009 http cache semver@https://registry.npmjs.org/semver/-/semver-6.3.1.tgz 0ms (cache hit)
6010 http cache entities@https://registry.npmjs.org/entities/-/entities-7.0.1.tgz 0ms (cache hit)
6011 http cache css-tree@https://registry.npmjs.org/css-tree/-/css-tree-2.2.1.tgz 0ms (cache hit)
6012 http cache postcss@https://registry.npmjs.org/postcss/-/postcss-8.5.26.tgz 0ms (cache hit)
6013 http cache path-key@https://registry.npmjs.org/path-key/-/path-key-4.0.0.tgz 0ms (cache hit)
6014 http cache split2@https://registry.npmjs.org/split2/-/split2-4.2.0.tgz 0ms (cache hit)
6015 http cache strip-final-newline@https://registry.npmjs.org/strip-final-newline/-/strip-final-newline-3.0.0.tgz 0ms (cache hit)
6016 http cache real-require@https://registry.npmjs.org/real-require/-/real-require-1.0.0.tgz 0ms (cache hit)
6017 http cache split2@https://registry.npmjs.org/split2/-/split2-4.2.0.tgz 0ms (cache hit)
6018 http cache signal-exit@https://registry.npmjs.org/signal-exit/-/signal-exit-4.1.0.tgz 0ms (cache hit)
6019 http cache npm-run-path@https://registry.npmjs.org/npm-run-path/-/npm-run-path-5.3.0.tgz 0ms (cache hit)
6020 http cache onetime@https://registry.npmjs.org/onetime/-/onetime-6.0.0.tgz 0ms (cache hit)
6021 http cache is-stream@https://registry.npmjs.org/is-stream/-/is-stream-3.0.0.tgz 0ms (cache hit)
6022 http cache get-stream@https://registry.npmjs.org/get-stream/-/get-stream-8.0.1.tgz 1ms (cache hit)
6023 http cache human-signals@https://registry.npmjs.org/human-signals/-/human-signals-5.0.0.tgz 0ms (cache hit)
6024 http cache has-flag@https://registry.npmjs.org/has-flag/-/has-flag-4.0.0.tgz 0ms (cache hit)
6025 http cache execa@https://registry.npmjs.org/execa/-/execa-8.0.1.tgz 0ms (cache hit)
6026 http cache supports-color@https://registry.npmjs.org/supports-color/-/supports-color-7.2.0.tgz 0ms (cache hit)
6027 http cache powershell-utils@https://registry.npmjs.org/powershell-utils/-/powershell-utils-0.1.0.tgz 0ms (cache hit)
6028 http cache is-unicode-supported@https://registry.npmjs.org/is-unicode-supported/-/is-unicode-supported-0.1.0.tgz 0ms (cache hit)
6029 http cache lru-cache@https://registry.npmjs.org/lru-cache/-/lru-cache-10.4.3.tgz 0ms (cache hit)
6030 http cache string_decoder@https://registry.npmjs.org/string_decoder/-/string_decoder-1.1.1.tgz 0ms (cache hit)
6031 http cache chalk@https://registry.npmjs.org/chalk/-/chalk-4.1.2.tgz 0ms (cache hit)
6032 http cache is-fullwidth-code-point@https://registry.npmjs.org/is-fullwidth-code-point/-/is-fullwidth-code-point-5.1.0.tgz 0ms (cache hit)
6033 http cache safe-buffer@https://registry.npmjs.org/safe-buffer/-/safe-buffer-5.1.2.tgz 0ms (cache hit)
6034 http cache readable-stream@https://registry.npmjs.org/readable-stream/-/readable-stream-2.3.8.tgz 0ms (cache hit)
6035 http cache isarray@https://registry.npmjs.org/isarray/-/isarray-1.0.0.tgz 0ms (cache hit)
6036 http cache is-docker@https://registry.npmjs.org/is-docker/-/is-docker-3.0.0.tgz 0ms (cache hit)
6037 http cache ansi-styles@https://registry.npmjs.org/ansi-styles/-/ansi-styles-6.2.3.tgz 0ms (cache hit)
6038 http cache chokidar@https://registry.npmjs.org/chokidar/-/chokidar-5.0.0.tgz 0ms (cache hit)
6039 http cache lru-cache@https://registry.npmjs.org/lru-cache/-/lru-cache-11.5.2.tgz 0ms (cache hit)
6040 http cache commander@https://registry.npmjs.org/commander/-/commander-11.1.0.tgz 0ms (cache hit)
6041 http cache crossws@https://registry.npmjs.org/crossws/-/crossws-0.4.10.tgz 0ms (cache hit)
6042 http cache commander@https://registry.npmjs.org/commander/-/commander-2.20.3.tgz 0ms (cache hit)
6043 http cache supports-color@https://registry.npmjs.org/supports-color/-/supports-color-7.2.0.tgz 0ms (cache hit)
6044 http cache has-flag@https://registry.npmjs.org/has-flag/-/has-flag-4.0.0.tgz 0ms (cache hit)
6045 http cache citty@https://registry.npmjs.org/citty/-/citty-0.2.2.tgz 0ms (cache hit)
6046 http cache chalk@https://registry.npmjs.org/chalk/-/chalk-4.1.2.tgz 0ms (cache hit)
6047 http cache lru-cache@https://registry.npmjs.org/lru-cache/-/lru-cache-11.5.2.tgz 0ms (cache hit)
6048 http cache string_decoder@https://registry.npmjs.org/string_decoder/-/string_decoder-1.1.1.tgz 0ms (cache hit)
6049 http cache is-unicode-supported@https://registry.npmjs.org/is-unicode-supported/-/is-unicode-supported-0.1.0.tgz 0ms (cache hit)
6050 http cache process-warning@https://registry.npmjs.org/process-warning/-/process-warning-4.0.1.tgz 1ms (cache hit)
6051 http cache isarray@https://registry.npmjs.org/isarray/-/isarray-1.0.0.tgz 0ms (cache hit)
6052 http cache safe-buffer@https://registry.npmjs.org/safe-buffer/-/safe-buffer-5.1.2.tgz 0ms (cache hit)
6053 http cache fast-uri@https://registry.npmjs.org/fast-uri/-/fast-uri-4.1.2.tgz 0ms (cache hit)
6054 http cache readable-stream@https://registry.npmjs.org/readable-stream/-/readable-stream-2.3.8.tgz 0ms (cache hit)
6055 http cache fast-uri@https://registry.npmjs.org/fast-uri/-/fast-uri-4.1.2.tgz 0ms (cache hit)
6056 http cache mime-types@https://registry.npmjs.org/mime-types/-/mime-types-3.0.2.tgz 0ms (cache hit)
6057 http cache mime-types@https://registry.npmjs.org/mime-types/-/mime-types-3.0.2.tgz 0ms (cache hit)
6058 http cache mime-db@https://registry.npmjs.org/mime-db/-/mime-db-1.54.0.tgz 0ms (cache hit)
6059 http cache content-type@https://registry.npmjs.org/content-type/-/content-type-2.1.0.tgz 0ms (cache hit)
6060 http cache content-type@https://registry.npmjs.org/content-type/-/content-type-2.1.0.tgz 0ms (cache hit)
6061 http cache mime-db@https://registry.npmjs.org/mime-db/-/mime-db-1.54.0.tgz 0ms (cache hit)
6062 http cache ipaddr.js@https://registry.npmjs.org/ipaddr.js/-/ipaddr.js-1.9.1.tgz 0ms (cache hit)
6063 http cache isexe@https://registry.npmjs.org/isexe/-/isexe-2.0.0.tgz 0ms (cache hit)
6064 http cache mime-db@https://registry.npmjs.org/mime-db/-/mime-db-1.54.0.tgz 0ms (cache hit)
6065 http cache mime-types@https://registry.npmjs.org/mime-types/-/mime-types-3.0.2.tgz 0ms (cache hit)
6066 http cache mimic-fn@https://registry.npmjs.org/mimic-fn/-/mimic-fn-2.1.0.tgz 0ms (cache hit)
6067 http cache ansi-regex@https://registry.npmjs.org/ansi-regex/-/ansi-regex-6.3.0.tgz 0ms (cache hit)
6068 http cache strip-ansi@https://registry.npmjs.org/strip-ansi/-/strip-ansi-7.2.0.tgz 0ms (cache hit)
6069 http cache string-width@https://registry.npmjs.org/string-width/-/string-width-7.2.0.tgz 0ms (cache hit)
6070 http cache emoji-regex@https://registry.npmjs.org/emoji-regex/-/emoji-regex-10.6.0.tgz 0ms (cache hit)
6071 http cache buffer@https://registry.npmjs.org/buffer/-/buffer-6.0.3.tgz 0ms (cache hit)
6072 http cache string_decoder@https://registry.npmjs.org/string_decoder/-/string_decoder-1.1.1.tgz 0ms (cache hit)
6073 http cache readable-stream@https://registry.npmjs.org/readable-stream/-/readable-stream-4.7.0.tgz 0ms (cache hit)
6074 http cache urlpattern-polyfill@https://registry.npmjs.org/urlpattern-polyfill/-/urlpattern-polyfill-10.1.0.tgz 0ms (cache hit)
6075 http cache safe-buffer@https://registry.npmjs.org/safe-buffer/-/safe-buffer-5.1.2.tgz 0ms (cache hit)
6076 http cache isarray@https://registry.npmjs.org/isarray/-/isarray-1.0.0.tgz 0ms (cache hit)
6077 http cache readable-stream@https://registry.npmjs.org/readable-stream/-/readable-stream-2.3.8.tgz 0ms (cache hit)
6078 http cache @opentelemetry/core@https://registry.npmjs.org/@opentelemetry/core/-/core-2.9.0.tgz 0ms (cache hit)
6079 http cache es-module-lexer@https://registry.npmjs.org/es-module-lexer/-/es-module-lexer-2.3.1.tgz 0ms (cache hit)
6080 http cache @opentelemetry/core@https://registry.npmjs.org/@opentelemetry/core/-/core-2.9.0.tgz 0ms (cache hit)
6081 http cache content-type@https://registry.npmjs.org/content-type/-/content-type-2.1.0.tgz 0ms (cache hit)
6082 http cache @octokit/types@https://registry.npmjs.org/@octokit/types/-/types-16.0.0.tgz 0ms (cache hit)
6083 http cache @octokit/openapi-types@https://registry.npmjs.org/@octokit/openapi-types/-/openapi-types-27.0.0.tgz 0ms (cache hit)
6084 http cache normalize-path@https://registry.npmjs.org/normalize-path/-/normalize-path-2.1.1.tgz 0ms (cache hit)
6085 http cache @octokit/types@https://registry.npmjs.org/@octokit/types/-/types-16.0.0.tgz 0ms (cache hit)
6086 http cache postcss@https://registry.npmjs.org/postcss/-/postcss-8.5.26.tgz 0ms (cache hit)
6087 http cache is-plain-obj@https://registry.npmjs.org/is-plain-obj/-/is-plain-obj-2.1.0.tgz 0ms (cache hit)
6088 http cache detective-postcss@https://registry.npmjs.org/detective-postcss/-/detective-postcss-8.0.4.tgz 0ms (cache hit)
6089 http cache @octokit/openapi-types@https://registry.npmjs.org/@octokit/openapi-types/-/openapi-types-27.0.0.tgz 0ms (cache hit)
6090 http cache balanced-match@https://registry.npmjs.org/balanced-match/-/balanced-match-1.0.2.tgz 0ms (cache hit)
6091 http cache lru-cache@https://registry.npmjs.org/lru-cache/-/lru-cache-10.4.3.tgz 0ms (cache hit)
6092 http cache buffer@https://registry.npmjs.org/buffer/-/buffer-6.0.3.tgz 0ms (cache hit)
6093 http cache brace-expansion@https://registry.npmjs.org/brace-expansion/-/brace-expansion-2.1.4.tgz 0ms (cache hit)
6094 http cache path-scurry@https://registry.npmjs.org/path-scurry/-/path-scurry-1.11.1.tgz 0ms (cache hit)
6095 http cache readable-stream@https://registry.npmjs.org/readable-stream/-/readable-stream-4.7.0.tgz 0ms (cache hit)
6096 http cache is-stream@https://registry.npmjs.org/is-stream/-/is-stream-4.0.1.tgz 0ms (cache hit)
6097 http cache minimatch@https://registry.npmjs.org/minimatch/-/minimatch-9.0.9.tgz 0ms (cache hit)
6098 http cache @opentelemetry/core@https://registry.npmjs.org/@opentelemetry/core/-/core-2.9.0.tgz 0ms (cache hit)
6099 http cache glob@https://registry.npmjs.org/glob/-/glob-10.5.0.tgz 0ms (cache hit)
6100 http cache @opentelemetry/core@https://registry.npmjs.org/@opentelemetry/core/-/core-2.9.0.tgz 0ms (cache hit)
6101 http cache picomatch@https://registry.npmjs.org/picomatch/-/picomatch-2.3.2.tgz 0ms (cache hit)
6102 http cache buffer-crc32@https://registry.npmjs.org/buffer-crc32/-/buffer-crc32-0.2.13.tgz 0ms (cache hit)
6103 http cache get-stream@https://registry.npmjs.org/get-stream/-/get-stream-5.2.0.tgz 0ms (cache hit)
6104 http cache yauzl@https://registry.npmjs.org/yauzl/-/yauzl-2.10.0.tgz 0ms (cache hit)
6105 http cache yallist@https://registry.npmjs.org/yallist/-/yallist-5.0.0.tgz 0ms (cache hit)
6106 http cache has-flag@https://registry.npmjs.org/has-flag/-/has-flag-4.0.0.tgz 0ms (cache hit)
6107 http cache chalk@https://registry.npmjs.org/chalk/-/chalk-4.1.2.tgz 0ms (cache hit)
6108 http cache mime-db@https://registry.npmjs.org/mime-db/-/mime-db-1.54.0.tgz 0ms (cache hit)
6109 http cache supports-color@https://registry.npmjs.org/supports-color/-/supports-color-7.2.0.tgz 0ms (cache hit)
6110 http cache mime-types@https://registry.npmjs.org/mime-types/-/mime-types-3.0.2.tgz 0ms (cache hit)
6111 http cache env-paths@https://registry.npmjs.org/env-paths/-/env-paths-3.0.0.tgz 0ms (cache hit)
6112 http cache @netlify/dev-utils@https://registry.npmjs.org/@netlify/dev-utils/-/dev-utils-5.0.0.tgz 0ms (cache hit)
6113 http cache env-paths@https://registry.npmjs.org/env-paths/-/env-paths-3.0.0.tgz 0ms (cache hit)
6114 http cache dot-prop@https://registry.npmjs.org/dot-prop/-/dot-prop-9.0.0.tgz 0ms (cache hit)
6115 http cache @netlify/dev-utils@https://registry.npmjs.org/@netlify/dev-utils/-/dev-utils-5.0.0.tgz 0ms (cache hit)
6116 http cache is-stream@https://registry.npmjs.org/is-stream/-/is-stream-4.0.1.tgz 0ms (cache hit)
6117 http cache dot-prop@https://registry.npmjs.org/dot-prop/-/dot-prop-9.0.0.tgz 0ms (cache hit)
6118 http cache read-package-up@https://registry.npmjs.org/read-package-up/-/read-package-up-11.0.0.tgz 0ms (cache hit)
6119 http cache unicorn-magic@https://registry.npmjs.org/unicorn-magic/-/unicorn-magic-0.1.0.tgz 0ms (cache hit)
6120 http cache locate-path@https://registry.npmjs.org/locate-path/-/locate-path-7.2.0.tgz 0ms (cache hit)
6121 http cache signal-exit@https://registry.npmjs.org/signal-exit/-/signal-exit-4.1.0.tgz 0ms (cache hit)
6122 http cache strip-final-newline@https://registry.npmjs.org/strip-final-newline/-/strip-final-newline-3.0.0.tgz 0ms (cache hit)
6123 http cache onetime@https://registry.npmjs.org/onetime/-/onetime-6.0.0.tgz 0ms (cache hit)
6124 http cache npm-run-path@https://registry.npmjs.org/npm-run-path/-/npm-run-path-5.3.0.tgz 0ms (cache hit)
6125 http cache human-signals@https://registry.npmjs.org/human-signals/-/human-signals-5.0.0.tgz 0ms (cache hit)
6126 http cache path-key@https://registry.npmjs.org/path-key/-/path-key-4.0.0.tgz 0ms (cache hit)
6127 http cache is-stream@https://registry.npmjs.org/is-stream/-/is-stream-3.0.0.tgz 0ms (cache hit)
6128 http cache get-stream@https://registry.npmjs.org/get-stream/-/get-stream-8.0.1.tgz 0ms (cache hit)
6129 http cache find-up@https://registry.npmjs.org/find-up/-/find-up-7.0.0.tgz 0ms (cache hit)
6130 http cache dot-prop@https://registry.npmjs.org/dot-prop/-/dot-prop-9.0.0.tgz 0ms (cache hit)
6131 http cache execa@https://registry.npmjs.org/execa/-/execa-8.0.1.tgz 0ms (cache hit)
6132 http cache env-paths@https://registry.npmjs.org/env-paths/-/env-paths-3.0.0.tgz 0ms (cache hit)
6133 http cache @netlify/edge-functions-bootstrap@https://registry.npmjs.org/@netlify/edge-functions-bootstrap/-/edge-functions-bootstrap-2.16.0.tgz 0ms (cache hit)
6134 http cache get-port@https://registry.npmjs.org/get-port/-/get-port-7.2.0.tgz 0ms (cache hit)
6135 http cache @netlify/dev-utils@https://registry.npmjs.org/@netlify/dev-utils/-/dev-utils-5.0.0.tgz 0ms (cache hit)
6136 http cache is-stream@https://registry.npmjs.org/is-stream/-/is-stream-4.0.1.tgz 0ms (cache hit)
6137 http cache lru-cache@https://registry.npmjs.org/lru-cache/-/lru-cache-10.4.3.tgz 0ms (cache hit)
6138 http cache p-wait-for@https://registry.npmjs.org/p-wait-for/-/p-wait-for-5.0.2.tgz 0ms (cache hit)
6139 http cache hosted-git-info@https://registry.npmjs.org/hosted-git-info/-/hosted-git-info-7.0.2.tgz 0ms (cache hit)
6140 http cache @netlify/edge-bundler@https://registry.npmjs.org/@netlify/edge-bundler/-/edge-bundler-15.1.1.tgz 0ms (cache hit)
6141 http cache yocto-queue@https://registry.npmjs.org/yocto-queue/-/yocto-queue-1.2.2.tgz 0ms (cache hit)
6142 http cache p-limit@https://registry.npmjs.org/p-limit/-/p-limit-4.0.0.tgz 0ms (cache hit)
6143 http cache normalize-package-data@https://registry.npmjs.org/normalize-package-data/-/normalize-package-data-6.0.2.tgz 0ms (cache hit)
6144 http cache unicorn-magic@https://registry.npmjs.org/unicorn-magic/-/unicorn-magic-0.1.0.tgz 0ms (cache hit)
6145 http cache path-key@https://registry.npmjs.org/path-key/-/path-key-4.0.0.tgz 0ms (cache hit)
6146 http cache signal-exit@https://registry.npmjs.org/signal-exit/-/signal-exit-4.1.0.tgz 0ms (cache hit)
6147 http cache onetime@https://registry.npmjs.org/onetime/-/onetime-6.0.0.tgz 0ms (cache hit)
6148 http cache strip-final-newline@https://registry.npmjs.org/strip-final-newline/-/strip-final-newline-3.0.0.tgz 0ms (cache hit)
6149 http cache is-stream@https://registry.npmjs.org/is-stream/-/is-stream-3.0.0.tgz 0ms (cache hit)
6150 http cache npm-run-path@https://registry.npmjs.org/npm-run-path/-/npm-run-path-5.3.0.tgz 0ms (cache hit)
6151 http cache human-signals@https://registry.npmjs.org/human-signals/-/human-signals-5.0.0.tgz 0ms (cache hit)
6152 http cache get-stream@https://registry.npmjs.org/get-stream/-/get-stream-8.0.1.tgz 0ms (cache hit)
6153 http cache execa@https://registry.npmjs.org/execa/-/execa-8.0.1.tgz 0ms (cache hit)
6154 http cache path-key@https://registry.npmjs.org/path-key/-/path-key-4.0.0.tgz 0ms (cache hit)
6155 http cache strip-final-newline@https://registry.npmjs.org/strip-final-newline/-/strip-final-newline-3.0.0.tgz 0ms (cache hit)
6156 http cache onetime@https://registry.npmjs.org/onetime/-/onetime-6.0.0.tgz 0ms (cache hit)
6157 http cache signal-exit@https://registry.npmjs.org/signal-exit/-/signal-exit-4.1.0.tgz 0ms (cache hit)
6158 http cache human-signals@https://registry.npmjs.org/human-signals/-/human-signals-5.0.0.tgz 0ms (cache hit)
6159 http cache npm-run-path@https://registry.npmjs.org/npm-run-path/-/npm-run-path-5.3.0.tgz 0ms (cache hit)
6160 http cache execa@https://registry.npmjs.org/execa/-/execa-8.0.1.tgz 0ms (cache hit)
6161 http cache readdirp@https://registry.npmjs.org/readdirp/-/readdirp-4.1.2.tgz 0ms (cache hit)
6162 http cache is-stream@https://registry.npmjs.org/is-stream/-/is-stream-3.0.0.tgz 0ms (cache hit)
6163 http cache get-stream@https://registry.npmjs.org/get-stream/-/get-stream-8.0.1.tgz 0ms (cache hit)
6164 http cache @opentelemetry/api@https://registry.npmjs.org/@opentelemetry/api/-/api-1.9.1.tgz 0ms (cache hit)
6165 http cache signal-exit@https://registry.npmjs.org/signal-exit/-/signal-exit-4.1.0.tgz 0ms (cache hit)
6166 http cache locate-path@https://registry.npmjs.org/locate-path/-/locate-path-7.2.0.tgz 0ms (cache hit)
6167 http cache unicorn-magic@https://registry.npmjs.org/unicorn-magic/-/unicorn-magic-0.4.0.tgz 0ms (cache hit)
6168 http cache lru-cache@https://registry.npmjs.org/lru-cache/-/lru-cache-11.5.2.tgz 0ms (cache hit)
6169 http cache normalize-package-data@https://registry.npmjs.org/normalize-package-data/-/normalize-package-data-8.0.0.tgz 0ms (cache hit)
6170 http cache type-fest@https://registry.npmjs.org/type-fest/-/type-fest-5.8.0.tgz 0ms (cache hit)
6171 http cache hosted-git-info@https://registry.npmjs.org/hosted-git-info/-/hosted-git-info-9.0.3.tgz 0ms (cache hit)
6172 http cache read-pkg@https://registry.npmjs.org/read-pkg/-/read-pkg-10.1.0.tgz 0ms (cache hit)
6173 http cache string_decoder@https://registry.npmjs.org/string_decoder/-/string_decoder-1.1.1.tgz 0ms (cache hit)
6174 http cache statuses@https://registry.npmjs.org/statuses/-/statuses-2.0.1.tgz 0ms (cache hit)
6175 http cache isarray@https://registry.npmjs.org/isarray/-/isarray-1.0.0.tgz 0ms (cache hit)
6176 http cache readable-stream@https://registry.npmjs.org/readable-stream/-/readable-stream-2.3.8.tgz 0ms (cache hit)
6177 http cache http-errors@https://registry.npmjs.org/http-errors/-/http-errors-2.0.0.tgz 0ms (cache hit)
6178 http cache pump@https://registry.npmjs.org/pump/-/pump-1.0.3.tgz 0ms (cache hit)
6179 http cache ansi-styles@https://registry.npmjs.org/ansi-styles/-/ansi-styles-6.2.3.tgz 0ms (cache hit)
6180 http cache string-width@https://registry.npmjs.org/string-width/-/string-width-8.2.2.tgz 0ms (cache hit)
6181 http cache safe-buffer@https://registry.npmjs.org/safe-buffer/-/safe-buffer-5.1.2.tgz 0ms (cache hit)
6182 http cache signal-exit@https://registry.npmjs.org/signal-exit/-/signal-exit-4.1.0.tgz 0ms (cache hit)
6183 http cache onetime@https://registry.npmjs.org/onetime/-/onetime-7.0.0.tgz 0ms (cache hit)
6184 http cache ansi-regex@https://registry.npmjs.org/ansi-regex/-/ansi-regex-6.3.0.tgz 0ms (cache hit)
6185 http cache strip-ansi@https://registry.npmjs.org/strip-ansi/-/strip-ansi-7.2.0.tgz 0ms (cache hit)
6186 http cache restore-cursor@https://registry.npmjs.org/restore-cursor/-/restore-cursor-5.1.0.tgz 0ms (cache hit)
6187 http cache dotenv@https://registry.npmjs.org/dotenv/-/dotenv-16.6.1.tgz 0ms (cache hit)
6188 http cache cli-cursor@https://registry.npmjs.org/cli-cursor/-/cli-cursor-5.0.0.tgz 0ms (cache hit)
6189 http cache commander@https://registry.npmjs.org/commander/-/commander-10.0.1.tgz 0ms (cache hit)
6190 http cache wrap-ansi@https://registry.npmjs.org/wrap-ansi/-/wrap-ansi-10.0.0.tgz 0ms (cache hit)
6191 http cache has-flag@https://registry.npmjs.org/has-flag/-/has-flag-4.0.0.tgz 0ms (cache hit)
6192 http cache tslib@https://registry.npmjs.org/tslib/-/tslib-1.14.1.tgz 0ms (cache hit)
6193 http cache type-fest@https://registry.npmjs.org/type-fest/-/type-fest-0.21.3.tgz 0ms (cache hit)
6194 http cache escape-string-regexp@https://registry.npmjs.org/escape-string-regexp/-/escape-string-regexp-1.0.5.tgz 0ms (cache hit)
6195 http cache rxjs@https://registry.npmjs.org/rxjs/-/rxjs-6.6.7.tgz 0ms (cache hit)
6196 http cache supports-color@https://registry.npmjs.org/supports-color/-/supports-color-7.2.0.tgz 0ms (cache hit)
6197 http cache chalk@https://registry.npmjs.org/chalk/-/chalk-4.1.2.tgz 0ms (cache hit)
6198 http cache figures@https://registry.npmjs.org/figures/-/figures-3.2.0.tgz 0ms (cache hit)
6199 http cache has-flag@https://registry.npmjs.org/has-flag/-/has-flag-4.0.0.tgz 0ms (cache hit)
6200 http cache escape-string-regexp@https://registry.npmjs.org/escape-string-regexp/-/escape-string-regexp-1.0.5.tgz 0ms (cache hit)
6201 http cache type-fest@https://registry.npmjs.org/type-fest/-/type-fest-0.21.3.tgz 0ms (cache hit)
6202 http cache supports-color@https://registry.npmjs.org/supports-color/-/supports-color-7.2.0.tgz 0ms (cache hit)
6203 http cache wrap-ansi@https://registry.npmjs.org/wrap-ansi/-/wrap-ansi-6.2.0.tgz 0ms (cache hit)
6204 http cache mime-db@https://registry.npmjs.org/mime-db/-/mime-db-1.54.0.tgz 0ms (cache hit)
6205 http cache ansi-escapes@https://registry.npmjs.org/ansi-escapes/-/ansi-escapes-4.3.2.tgz 0ms (cache hit)
6206 http cache ansi-escapes@https://registry.npmjs.org/ansi-escapes/-/ansi-escapes-4.3.2.tgz 0ms (cache hit)
6207 http cache figures@https://registry.npmjs.org/figures/-/figures-3.2.0.tgz 0ms (cache hit)
6208 http cache get-stream@https://registry.npmjs.org/get-stream/-/get-stream-6.0.1.tgz 0ms (cache hit)
6209 http cache chalk@https://registry.npmjs.org/chalk/-/chalk-4.1.2.tgz 0ms (cache hit)
6210 http cache mime-types@https://registry.npmjs.org/mime-types/-/mime-types-3.0.2.tgz 0ms (cache hit)
6211 http cache content-disposition@https://registry.npmjs.org/content-disposition/-/content-disposition-1.1.0.tgz 0ms (cache hit)
6212 http cache cookie@https://registry.npmjs.org/cookie/-/cookie-0.7.2.tgz 0ms (cache hit)
6213 http cache type-fest@https://registry.npmjs.org/type-fest/-/type-fest-5.8.0.tgz 0ms (cache hit)
6214 http cache readdirp@https://registry.npmjs.org/readdirp/-/readdirp-4.1.2.tgz 0ms (cache hit)
6215 http cache ansi-styles@https://registry.npmjs.org/ansi-styles/-/ansi-styles-6.2.3.tgz 0ms (cache hit)
6216 http cache strip-ansi@https://registry.npmjs.org/strip-ansi/-/strip-ansi-7.2.0.tgz 0ms (cache hit)
6217 http cache ansi-regex@https://registry.npmjs.org/ansi-regex/-/ansi-regex-6.3.0.tgz 0ms (cache hit)
6218 http cache string-width@https://registry.npmjs.org/string-width/-/string-width-7.2.0.tgz 0ms (cache hit)
6219 http cache emoji-regex@https://registry.npmjs.org/emoji-regex/-/emoji-regex-10.6.0.tgz 0ms (cache hit)
6220 http cache wrap-ansi@https://registry.npmjs.org/wrap-ansi/-/wrap-ansi-9.0.2.tgz 0ms (cache hit)
6221 http cache unicorn-magic@https://registry.npmjs.org/unicorn-magic/-/unicorn-magic-0.1.0.tgz 0ms (cache hit)
6222 http cache path-key@https://registry.npmjs.org/path-key/-/path-key-4.0.0.tgz 0ms (cache hit)
6223 http cache strip-final-newline@https://registry.npmjs.org/strip-final-newline/-/strip-final-newline-3.0.0.tgz 0ms (cache hit)
6224 http cache signal-exit@https://registry.npmjs.org/signal-exit/-/signal-exit-4.1.0.tgz 0ms (cache hit)
6225 http cache onetime@https://registry.npmjs.org/onetime/-/onetime-6.0.0.tgz 0ms (cache hit)
6226 http cache npm-run-path@https://registry.npmjs.org/npm-run-path/-/npm-run-path-5.3.0.tgz 0ms (cache hit)
6227 http cache locate-path@https://registry.npmjs.org/locate-path/-/locate-path-7.2.0.tgz 0ms (cache hit)
6228 http cache is-stream@https://registry.npmjs.org/is-stream/-/is-stream-3.0.0.tgz 0ms (cache hit)
6229 http cache human-signals@https://registry.npmjs.org/human-signals/-/human-signals-5.0.0.tgz 0ms (cache hit)
6230 http cache find-up@https://registry.npmjs.org/find-up/-/find-up-7.0.0.tgz 0ms (cache hit)
6231 http cache path-key@https://registry.npmjs.org/path-key/-/path-key-4.0.0.tgz 0ms (cache hit)
6232 http cache unicorn-magic@https://registry.npmjs.org/unicorn-magic/-/unicorn-magic-0.1.0.tgz 0ms (cache hit)
6233 http cache get-stream@https://registry.npmjs.org/get-stream/-/get-stream-8.0.1.tgz 0ms (cache hit)
6234 http cache execa@https://registry.npmjs.org/execa/-/execa-8.0.1.tgz 0ms (cache hit)
6235 http cache locate-path@https://registry.npmjs.org/locate-path/-/locate-path-7.2.0.tgz 0ms (cache hit)
6236 http cache strip-final-newline@https://registry.npmjs.org/strip-final-newline/-/strip-final-newline-3.0.0.tgz 0ms (cache hit)
6237 http cache signal-exit@https://registry.npmjs.org/signal-exit/-/signal-exit-4.1.0.tgz 0ms (cache hit)
6238 http cache onetime@https://registry.npmjs.org/onetime/-/onetime-6.0.0.tgz 0ms (cache hit)
6239 http cache is-stream@https://registry.npmjs.org/is-stream/-/is-stream-3.0.0.tgz 0ms (cache hit)
6240 http cache npm-run-path@https://registry.npmjs.org/npm-run-path/-/npm-run-path-5.3.0.tgz 0ms (cache hit)
6241 http cache get-stream@https://registry.npmjs.org/get-stream/-/get-stream-8.0.1.tgz 0ms (cache hit)
6242 http cache human-signals@https://registry.npmjs.org/human-signals/-/human-signals-5.0.0.tgz 0ms (cache hit)
6243 http cache find-up@https://registry.npmjs.org/find-up/-/find-up-7.0.0.tgz 0ms (cache hit)
6244 http cache dot-prop@https://registry.npmjs.org/dot-prop/-/dot-prop-9.0.0.tgz 0ms (cache hit)
6245 http cache execa@https://registry.npmjs.org/execa/-/execa-8.0.1.tgz 0ms (cache hit)
6246 http cache @netlify/dev-utils@https://registry.npmjs.org/@netlify/dev-utils/-/dev-utils-5.0.0.tgz 0ms (cache hit)
6247 http cache path-key@https://registry.npmjs.org/path-key/-/path-key-4.0.0.tgz 0ms (cache hit)
6248 http cache env-paths@https://registry.npmjs.org/env-paths/-/env-paths-3.0.0.tgz 0ms (cache hit)
6249 http cache env-paths@https://registry.npmjs.org/env-paths/-/env-paths-3.0.0.tgz 0ms (cache hit)
6250 http cache dot-prop@https://registry.npmjs.org/dot-prop/-/dot-prop-9.0.0.tgz 0ms (cache hit)
6251 http cache unicorn-magic@https://registry.npmjs.org/unicorn-magic/-/unicorn-magic-0.1.0.tgz 0ms (cache hit)
6252 http cache locate-path@https://registry.npmjs.org/locate-path/-/locate-path-7.2.0.tgz 0ms (cache hit)
6253 http cache strip-final-newline@https://registry.npmjs.org/strip-final-newline/-/strip-final-newline-3.0.0.tgz 0ms (cache hit)
6254 http cache signal-exit@https://registry.npmjs.org/signal-exit/-/signal-exit-4.1.0.tgz 0ms (cache hit)
6255 http cache onetime@https://registry.npmjs.org/onetime/-/onetime-6.0.0.tgz 0ms (cache hit)
6256 http cache human-signals@https://registry.npmjs.org/human-signals/-/human-signals-5.0.0.tgz 0ms (cache hit)
6257 http cache npm-run-path@https://registry.npmjs.org/npm-run-path/-/npm-run-path-5.3.0.tgz 0ms (cache hit)
6258 http cache is-stream@https://registry.npmjs.org/is-stream/-/is-stream-3.0.0.tgz 0ms (cache hit)
6259 http cache read-package-up@https://registry.npmjs.org/read-package-up/-/read-package-up-11.0.0.tgz 0ms (cache hit)
6260 http cache find-up@https://registry.npmjs.org/find-up/-/find-up-7.0.0.tgz 1ms (cache hit)
6261 http cache get-stream@https://registry.npmjs.org/get-stream/-/get-stream-8.0.1.tgz 0ms (cache hit)
6262 http cache dot-prop@https://registry.npmjs.org/dot-prop/-/dot-prop-9.0.0.tgz 0ms (cache hit)
6263 http cache execa@https://registry.npmjs.org/execa/-/execa-8.0.1.tgz 0ms (cache hit)
6264 http cache unicorn-magic@https://registry.npmjs.org/unicorn-magic/-/unicorn-magic-0.1.0.tgz 0ms (cache hit)
6265 http cache find-up@https://registry.npmjs.org/find-up/-/find-up-7.0.0.tgz 0ms (cache hit)
6266 http cache locate-path@https://registry.npmjs.org/locate-path/-/locate-path-7.2.0.tgz 0ms (cache hit)
6267 http cache dot-prop@https://registry.npmjs.org/dot-prop/-/dot-prop-9.0.0.tgz 0ms (cache hit)
6268 http cache has-flag@https://registry.npmjs.org/has-flag/-/has-flag-4.0.0.tgz 0ms (cache hit)
6269 http cache supports-color@https://registry.npmjs.org/supports-color/-/supports-color-7.2.0.tgz 0ms (cache hit)
6270 http cache strip-final-newline@https://registry.npmjs.org/strip-final-newline/-/strip-final-newline-3.0.0.tgz 0ms (cache hit)
6271 http cache supports-hyperlinks@https://registry.npmjs.org/supports-hyperlinks/-/supports-hyperlinks-3.2.0.tgz 0ms (cache hit)
6272 http cache path-key@https://registry.npmjs.org/path-key/-/path-key-4.0.0.tgz 0ms (cache hit)
6273 http cache signal-exit@https://registry.npmjs.org/signal-exit/-/signal-exit-4.1.0.tgz 0ms (cache hit)
6274 http cache onetime@https://registry.npmjs.org/onetime/-/onetime-6.0.0.tgz 0ms (cache hit)
6275 http cache npm-run-path@https://registry.npmjs.org/npm-run-path/-/npm-run-path-5.3.0.tgz 0ms (cache hit)
6276 http cache is-stream@https://registry.npmjs.org/is-stream/-/is-stream-3.0.0.tgz 0ms (cache hit)
6277 http cache human-signals@https://registry.npmjs.org/human-signals/-/human-signals-5.0.0.tgz 0ms (cache hit)
6278 http cache ts-node@https://registry.npmjs.org/ts-node/-/ts-node-10.9.2.tgz 0ms (cache hit)
6279 http cache terminal-link@https://registry.npmjs.org/terminal-link/-/terminal-link-4.0.0.tgz 0ms (cache hit)
6280 http cache get-stream@https://registry.npmjs.org/get-stream/-/get-stream-8.0.1.tgz 0ms (cache hit)
6281 http cache readdirp@https://registry.npmjs.org/readdirp/-/readdirp-4.1.2.tgz 0ms (cache hit)
6282 http cache read-package-up@https://registry.npmjs.org/read-package-up/-/read-package-up-11.0.0.tgz 0ms (cache hit)
6283 http cache dot-prop@https://registry.npmjs.org/dot-prop/-/dot-prop-9.0.0.tgz 0ms (cache hit)
6284 http cache agent-base@https://registry.npmjs.org/agent-base/-/agent-base-8.0.0.tgz 0ms (cache hit)
6285 http cache execa@https://registry.npmjs.org/execa/-/execa-8.0.1.tgz 0ms (cache hit)
6286 http cache env-paths@https://registry.npmjs.org/env-paths/-/env-paths-3.0.0.tgz 0ms (cache hit)
6287 http cache @netlify/dev-utils@https://registry.npmjs.org/@netlify/dev-utils/-/dev-utils-5.0.0.tgz 0ms (cache hit)
6288 http cache p-wait-for@https://registry.npmjs.org/p-wait-for/-/p-wait-for-5.0.2.tgz 0ms (cache hit)
6289 http cache node-fetch@https://registry.npmjs.org/node-fetch/-/node-fetch-3.3.2.tgz 0ms (cache hit)
6290 silly tarball no local data for postcss-values-parser@https://registry.npmjs.org/postcss-values-parser/-/postcss-values-parser-6.0.2.tgz. Extracting by manifest.
6291 silly tarball no local data for quote-unquote@https://registry.npmjs.org/quote-unquote/-/quote-unquote-1.0.0.tgz. Extracting by manifest.
6292 silly tarball no local data for is-url-superb@https://registry.npmjs.org/is-url-superb/-/is-url-superb-4.0.0.tgz. Extracting by manifest.
6293 silly tarball no local data for remove-trailing-separator@https://registry.npmjs.org/remove-trailing-separator/-/remove-trailing-separator-1.1.0.tgz. Extracting by manifest.
6294 http cache node-fetch@https://registry.npmjs.org/node-fetch/-/node-fetch-3.3.2.tgz 0ms (cache hit)
6295 silly tarball no local data for mimic-function@https://registry.npmjs.org/mimic-function/-/mimic-function-5.0.1.tgz. Extracting by manifest.
6296 silly tarball no local data for process-nextick-args@https://registry.npmjs.org/process-nextick-args/-/process-nextick-args-2.0.1.tgz. Extracting by manifest.
6297 silly tarball no local data for core-util-is@https://registry.npmjs.org/core-util-is/-/core-util-is-1.0.3.tgz. Extracting by manifest.
6298 silly tarball no local data for fd-slicer@https://registry.npmjs.org/fd-slicer/-/fd-slicer-1.1.0.tgz. Extracting by manifest.
6299 http cache is-stream@https://registry.npmjs.org/is-stream/-/is-stream-4.0.1.tgz 0ms (cache hit)
6300 silly tarball no local data for tagged-tag@https://registry.npmjs.org/tagged-tag/-/tagged-tag-1.0.0.tgz. Extracting by manifest.
6301 silly tarball no local data for process@https://registry.npmjs.org/process/-/process-0.11.10.tgz. Extracting by manifest.
6302 silly tarball no local data for events@https://registry.npmjs.org/events/-/events-3.3.0.tgz. Extracting by manifest.
6303 silly tarball no local data for get-east-asian-width@https://registry.npmjs.org/get-east-asian-width/-/get-east-asian-width-1.6.0.tgz. Extracting by manifest.
6304 http cache https-proxy-agent@https://registry.npmjs.org/https-proxy-agent/-/https-proxy-agent-8.0.0.tgz 0ms (cache hit)
6305 silly tarball no local data for @jridgewell/resolve-uri@https://registry.npmjs.org/@jridgewell/resolve-uri/-/resolve-uri-3.1.2.tgz. Extracting by manifest.
6306 silly tarball no local data for @jridgewell/trace-mapping@https://registry.npmjs.org/@jridgewell/trace-mapping/-/trace-mapping-0.3.9.tgz. Extracting by manifest.
6307 silly tarball no local data for make-error@https://registry.npmjs.org/make-error/-/make-error-1.3.6.tgz. Extracting by manifest.
6308 silly tarball no local data for arg@https://registry.npmjs.org/arg/-/arg-4.1.3.tgz. Extracting by manifest.
6309 silly tarball no local data for v8-compile-cache-lib@https://registry.npmjs.org/v8-compile-cache-lib/-/v8-compile-cache-lib-3.0.1.tgz. Extracting by manifest.
6310 silly tarball no local data for acorn-walk@https://registry.npmjs.org/acorn-walk/-/acorn-walk-8.3.5.tgz. Extracting by manifest.
6311 silly tarball no local data for create-require@https://registry.npmjs.org/create-require/-/create-require-1.1.1.tgz. Extracting by manifest.
6312 silly tarball no local data for yn@https://registry.npmjs.org/yn/-/yn-3.1.1.tgz. Extracting by manifest.
6313 silly tarball no local data for diff@https://registry.npmjs.org/diff/-/diff-4.0.4.tgz. Extracting by manifest.
6314 silly tarball no local data for @cspotcode/source-map-support@https://registry.npmjs.org/@cspotcode/source-map-support/-/source-map-support-0.8.1.tgz. Extracting by manifest.
6315 silly tarball no local data for @tsconfig/node16@https://registry.npmjs.org/@tsconfig/node16/-/node16-1.0.4.tgz. Extracting by manifest.
6316 silly tarball no local data for @tsconfig/node14@https://registry.npmjs.org/@tsconfig/node14/-/node14-1.0.3.tgz. Extracting by manifest.
6317 silly tarball no local data for crc32-stream@https://registry.npmjs.org/crc32-stream/-/crc32-stream-7.0.1.tgz. Extracting by manifest.
6318 silly tarball no local data for @tsconfig/node12@https://registry.npmjs.org/@tsconfig/node12/-/node12-1.0.11.tgz. Extracting by manifest.
6319 silly tarball no local data for compress-commons@https://registry.npmjs.org/compress-commons/-/compress-commons-7.0.1.tgz. Extracting by manifest.
6320 silly tarball no local data for @tsconfig/node10@https://registry.npmjs.org/@tsconfig/node10/-/node10-1.0.13.tgz. Extracting by manifest.
6321 silly tarball no local data for imurmurhash@https://registry.npmjs.org/imurmurhash/-/imurmurhash-0.1.4.tgz. Extracting by manifest.
6322 silly tarball no local data for pend@https://registry.npmjs.org/pend/-/pend-1.2.0.tgz. Extracting by manifest.
6323 silly tarball no local data for cssfilter@https://registry.npmjs.org/cssfilter/-/cssfilter-0.0.10.tgz. Extracting by manifest.
6324 silly tarball no local data for fn.name@https://registry.npmjs.org/fn.name/-/fn.name-1.1.0.tgz. Extracting by manifest.
6325 silly tarball no local data for @types/triple-beam@https://registry.npmjs.org/@types/triple-beam/-/triple-beam-1.3.5.tgz. Extracting by manifest.
6326 silly tarball no local data for fecha@https://registry.npmjs.org/fecha/-/fecha-4.2.3.tgz. Extracting by manifest.
6327 silly tarball no local data for text-hex@https://registry.npmjs.org/text-hex/-/text-hex-1.0.0.tgz. Extracting by manifest.
6328 silly tarball no local data for color-string@https://registry.npmjs.org/color-string/-/color-string-2.1.4.tgz. Extracting by manifest.
6329 silly tarball no local data for color@https://registry.npmjs.org/color/-/color-5.0.3.tgz. Extracting by manifest.
6330 silly tarball no local data for @so-ric/colorspace@https://registry.npmjs.org/@so-ric/colorspace/-/colorspace-1.1.6.tgz. Extracting by manifest.
6331 silly tarball no local data for kuler@https://registry.npmjs.org/kuler/-/kuler-2.0.0.tgz. Extracting by manifest.
6332 silly tarball no local data for winston-transport@https://registry.npmjs.org/winston-transport/-/winston-transport-4.9.0.tgz. Extracting by manifest.
6333 silly tarball no local data for enabled@https://registry.npmjs.org/enabled/-/enabled-2.0.0.tgz. Extracting by manifest.
6334 silly tarball no local data for stack-trace@https://registry.npmjs.org/stack-trace/-/stack-trace-0.0.10.tgz. Extracting by manifest.
6335 silly tarball no local data for triple-beam@https://registry.npmjs.org/triple-beam/-/triple-beam-1.4.1.tgz. Extracting by manifest.
6336 silly tarball no local data for logform@https://registry.npmjs.org/logform/-/logform-2.7.0.tgz. Extracting by manifest.
6337 silly tarball no local data for one-time@https://registry.npmjs.org/one-time/-/one-time-1.0.0.tgz. Extracting by manifest.
6338 silly tarball no local data for @dabh/diagnostics@https://registry.npmjs.org/@dabh/diagnostics/-/diagnostics-2.0.8.tgz. Extracting by manifest.
6339 silly tarball no local data for @colors/colors@https://registry.npmjs.org/@colors/colors/-/colors-1.6.0.tgz. Extracting by manifest.
6340 silly tarball no local data for is-weakmap@https://registry.npmjs.org/is-weakmap/-/is-weakmap-2.0.2.tgz. Extracting by manifest.
6341 silly tarball no local data for is-weakset@https://registry.npmjs.org/is-weakset/-/is-weakset-2.0.4.tgz. Extracting by manifest.
6342 silly tarball no local data for is-map@https://registry.npmjs.org/is-map/-/is-map-2.0.3.tgz. Extracting by manifest.
6343 silly tarball no local data for generator-function@https://registry.npmjs.org/generator-function/-/generator-function-2.0.1.tgz. Extracting by manifest.
6344 silly tarball no local data for async-function@https://registry.npmjs.org/async-function/-/async-function-1.0.0.tgz. Extracting by manifest.
6345 silly tarball no local data for which-collection@https://registry.npmjs.org/which-collection/-/which-collection-1.0.2.tgz. Extracting by manifest.
6346 silly tarball no local data for is-finalizationregistry@https://registry.npmjs.org/is-finalizationregistry/-/is-finalizationregistry-1.1.1.tgz. Extracting by manifest.
6347 silly tarball no local data for is-generator-function@https://registry.npmjs.org/is-generator-function/-/is-generator-function-1.1.2.tgz. Extracting by manifest.
6348 silly tarball no local data for is-async-function@https://registry.npmjs.org/is-async-function/-/is-async-function-2.1.1.tgz. Extracting by manifest.
6349 silly tarball no local data for is-number-object@https://registry.npmjs.org/is-number-object/-/is-number-object-1.1.1.tgz. Extracting by manifest.
6350 silly tarball no local data for clone@https://registry.npmjs.org/clone/-/clone-1.0.4.tgz. Extracting by manifest.
6351 silly tarball no local data for is-bigint@https://registry.npmjs.org/is-bigint/-/is-bigint-1.1.0.tgz. Extracting by manifest.
6352 silly tarball no local data for is-boolean-object@https://registry.npmjs.org/is-boolean-object/-/is-boolean-object-1.2.2.tgz. Extracting by manifest.
6353 silly tarball no local data for defaults@https://registry.npmjs.org/defaults/-/defaults-1.0.4.tgz. Extracting by manifest.
6354 silly tarball no local data for spdx-license-ids@https://registry.npmjs.org/spdx-license-ids/-/spdx-license-ids-3.0.23.tgz. Extracting by manifest.
6355 silly tarball no local data for spdx-exceptions@https://registry.npmjs.org/spdx-exceptions/-/spdx-exceptions-2.5.0.tgz. Extracting by manifest.
6356 silly tarball no local data for spdx-expression-parse@https://registry.npmjs.org/spdx-expression-parse/-/spdx-expression-parse-3.0.1.tgz. Extracting by manifest.
6357 silly tarball no local data for strip-json-comments@https://registry.npmjs.org/strip-json-comments/-/strip-json-comments-2.0.1.tgz. Extracting by manifest.
6358 silly tarball no local data for spdx-correct@https://registry.npmjs.org/spdx-correct/-/spdx-correct-3.2.0.tgz. Extracting by manifest.
6359 silly tarball no local data for deep-extend@https://registry.npmjs.org/deep-extend/-/deep-extend-0.6.0.tgz. Extracting by manifest.
6360 silly tarball no local data for @pnpm/config.env-replace@https://registry.npmjs.org/@pnpm/config.env-replace/-/config.env-replace-1.1.0.tgz. Extracting by manifest.
6361 silly tarball no local data for rc@https://registry.npmjs.org/rc/-/rc-1.2.8.tgz. Extracting by manifest.
6362 silly tarball no local data for config-chain@https://registry.npmjs.org/config-chain/-/config-chain-1.1.13.tgz. Extracting by manifest.
6363 silly tarball no local data for proto-list@https://registry.npmjs.org/proto-list/-/proto-list-1.2.4.tgz. Extracting by manifest.
6364 silly tarball no local data for @pnpm/network.ca-file@https://registry.npmjs.org/@pnpm/network.ca-file/-/network.ca-file-1.0.2.tgz. Extracting by manifest.
6365 silly tarball no local data for @pnpm/npm-conf@https://registry.npmjs.org/@pnpm/npm-conf/-/npm-conf-3.0.3.tgz. Extracting by manifest.
6366 silly tarball no local data for escape-goat@https://registry.npmjs.org/escape-goat/-/escape-goat-4.0.0.tgz. Extracting by manifest.
6367 silly tarball no local data for registry-url@https://registry.npmjs.org/registry-url/-/registry-url-6.0.1.tgz. Extracting by manifest.
6368 silly tarball no local data for registry-auth-token@https://registry.npmjs.org/registry-auth-token/-/registry-auth-token-5.1.1.tgz. Extracting by manifest.
6369 silly tarball no local data for ky@https://registry.npmjs.org/ky/-/ky-1.14.3.tgz. Extracting by manifest.
6370 silly tarball no local data for package-json@https://registry.npmjs.org/package-json/-/package-json-10.0.1.tgz. Extracting by manifest.
6371 silly tarball no local data for global-directory@https://registry.npmjs.org/global-directory/-/global-directory-4.0.1.tgz. Extracting by manifest.
6372 silly tarball no local data for xdg-basedir@https://registry.npmjs.org/xdg-basedir/-/xdg-basedir-5.1.0.tgz. Extracting by manifest.
6373 silly tarball no local data for pupa@https://registry.npmjs.org/pupa/-/pupa-3.3.0.tgz. Extracting by manifest.
6374 silly tarball no local data for is-installed-globally@https://registry.npmjs.org/is-installed-globally/-/is-installed-globally-1.0.0.tgz. Extracting by manifest.
6375 silly tarball no local data for latest-version@https://registry.npmjs.org/latest-version/-/latest-version-9.0.0.tgz. Extracting by manifest.
6376 silly tarball no local data for is-in-ci@https://registry.npmjs.org/is-in-ci/-/is-in-ci-1.0.0.tgz. Extracting by manifest.
6377 silly tarball no local data for configstore@https://registry.npmjs.org/configstore/-/configstore-7.1.0.tgz. Extracting by manifest.
6378 silly tarball no local data for which-boxed-primitive@https://registry.npmjs.org/which-boxed-primitive/-/which-boxed-primitive-1.1.1.tgz. Extracting by manifest.
6379 silly tarball no local data for nan@https://registry.npmjs.org/nan/-/nan-2.28.0.tgz. Extracting by manifest.
6380 silly tarball no local data for is-npm@https://registry.npmjs.org/is-npm/-/is-npm-6.1.0.tgz. Extracting by manifest.
6381 silly tarball no local data for anymatch@https://registry.npmjs.org/anymatch/-/anymatch-3.1.3.tgz. Extracting by manifest.
6382 silly tarball no local data for has-bigints@https://registry.npmjs.org/has-bigints/-/has-bigints-1.1.0.tgz. Extracting by manifest.
6383 silly tarball no local data for random-bytes@https://registry.npmjs.org/random-bytes/-/random-bytes-1.0.0.tgz. Extracting by manifest.
6384 silly tarball no local data for which-builtin-type@https://registry.npmjs.org/which-builtin-type/-/which-builtin-type-1.2.1.tgz. Extracting by manifest.
6385 silly tarball no local data for for-each@https://registry.npmjs.org/for-each/-/for-each-0.3.5.tgz. Extracting by manifest.
6386 silly tarball no local data for reflect.getprototypeof@https://registry.npmjs.org/reflect.getprototypeof/-/reflect.getprototypeof-1.0.10.tgz. Extracting by manifest.
6387 silly tarball no local data for media-typer@https://registry.npmjs.org/media-typer/-/media-typer-1.1.1.tgz. Extracting by manifest.
6388 silly tarball no local data for is-number@https://registry.npmjs.org/is-number/-/is-number-7.0.0.tgz. Extracting by manifest.
6389 silly tarball no local data for tmp@https://registry.npmjs.org/tmp/-/tmp-0.2.7.tgz. Extracting by manifest.
6390 silly tarball no local data for has-flag@https://registry.npmjs.org/has-flag/-/has-flag-5.0.1.tgz. Extracting by manifest.
6391 silly tarball no local data for text-decoder@https://registry.npmjs.org/text-decoder/-/text-decoder-1.2.7.tgz. Extracting by manifest.
6392 silly tarball no local data for events-universal@https://registry.npmjs.org/events-universal/-/events-universal-1.0.1.tgz. Extracting by manifest.
6393 silly tarball no local data for teex@https://registry.npmjs.org/teex/-/teex-1.0.1.tgz. Extracting by manifest.
6394 silly tarball no local data for supports-hyperlinks@https://registry.npmjs.org/supports-hyperlinks/-/supports-hyperlinks-4.5.0.tgz. Extracting by manifest.
6395 silly tarball no local data for bare-url@https://registry.npmjs.org/bare-url/-/bare-url-2.5.2.tgz. Extracting by manifest.
6396 silly tarball no local data for bare-stream@https://registry.npmjs.org/bare-stream/-/bare-stream-2.13.3.tgz. Extracting by manifest.
6397 silly tarball no local data for bare-path@https://registry.npmjs.org/bare-path/-/bare-path-3.1.1.tgz. Extracting by manifest.
6398 silly tarball no local data for bare-events@https://registry.npmjs.org/bare-events/-/bare-events-2.9.1.tgz. Extracting by manifest.
6399 silly tarball no local data for fast-fifo@https://registry.npmjs.org/fast-fifo/-/fast-fifo-1.3.2.tgz. Extracting by manifest.
6400 silly tarball no local data for streamx@https://registry.npmjs.org/streamx/-/streamx-2.28.0.tgz. Extracting by manifest.
6401 silly tarball no local data for bare-fs@https://registry.npmjs.org/bare-fs/-/bare-fs-4.8.0.tgz. Extracting by manifest.
6402 silly tarball no local data for @isaacs/fs-minipass@https://registry.npmjs.org/@isaacs/fs-minipass/-/fs-minipass-4.0.1.tgz. Extracting by manifest.
6403 silly tarball no local data for b4a@https://registry.npmjs.org/b4a/-/b4a-1.8.1.tgz. Extracting by manifest.
6404 silly tarball no local data for minizlib@https://registry.npmjs.org/minizlib/-/minizlib-3.1.0.tgz. Extracting by manifest.
6405 silly tarball no local data for chownr@https://registry.npmjs.org/chownr/-/chownr-3.0.0.tgz. Extracting by manifest.
6406 silly tarball no local data for domelementtype@https://registry.npmjs.org/domelementtype/-/domelementtype-2.3.0.tgz. Extracting by manifest.
6407 silly tarball no local data for dom-serializer@https://registry.npmjs.org/dom-serializer/-/dom-serializer-2.0.0.tgz. Extracting by manifest.
6408 silly tarball no local data for mdn-data@https://registry.npmjs.org/mdn-data/-/mdn-data-2.27.1.tgz. Extracting by manifest.
6409 silly tarball no local data for nth-check@https://registry.npmjs.org/nth-check/-/nth-check-2.1.1.tgz. Extracting by manifest.
6410 silly tarball no local data for domhandler@https://registry.npmjs.org/domhandler/-/domhandler-5.0.3.tgz. Extracting by manifest.
6411 silly tarball no local data for domutils@https://registry.npmjs.org/domutils/-/domutils-3.2.2.tgz. Extracting by manifest.
6412 silly tarball no local data for csso@https://registry.npmjs.org/csso/-/csso-5.0.5.tgz. Extracting by manifest.
6413 silly tarball no local data for boolbase@https://registry.npmjs.org/boolbase/-/boolbase-1.0.0.tgz. Extracting by manifest.
6414 silly tarball no local data for sax@https://registry.npmjs.org/sax/-/sax-1.6.1.tgz. Extracting by manifest.
6415 silly tarball no local data for css-tree@https://registry.npmjs.org/css-tree/-/css-tree-3.2.1.tgz. Extracting by manifest.
6416 silly tarball no local data for css-what@https://registry.npmjs.org/css-what/-/css-what-6.2.2.tgz. Extracting by manifest.
6417 silly tarball no local data for css-select@https://registry.npmjs.org/css-select/-/css-select-5.2.2.tgz. Extracting by manifest.
6418 silly tarball no local data for stubborn-utils@https://registry.npmjs.org/stubborn-utils/-/stubborn-utils-1.0.2.tgz. Extracting by manifest.
6419 silly tarball no local data for side-channel-weakmap@https://registry.npmjs.org/side-channel-weakmap/-/side-channel-weakmap-1.0.2.tgz. Extracting by manifest.
6420 silly tarball no local data for side-channel-list@https://registry.npmjs.org/side-channel-list/-/side-channel-list-1.0.1.tgz. Extracting by manifest.
6421 silly tarball no local data for side-channel-map@https://registry.npmjs.org/side-channel-map/-/side-channel-map-1.0.1.tgz. Extracting by manifest.
6422 silly tarball no local data for buffer-from@https://registry.npmjs.org/buffer-from/-/buffer-from-1.1.2.tgz. Extracting by manifest.
6423 silly tarball no local data for ret@https://registry.npmjs.org/ret/-/ret-0.5.0.tgz. Extracting by manifest.
6424 silly tarball no local data for isarray@https://registry.npmjs.org/isarray/-/isarray-2.0.5.tgz. Extracting by manifest.
6425 silly tarball no local data for queue-microtask@https://registry.npmjs.org/queue-microtask/-/queue-microtask-1.2.3.tgz. Extracting by manifest.
6426 silly tarball no local data for is-promise@https://registry.npmjs.org/is-promise/-/is-promise-4.0.0.tgz. Extracting by manifest.
6427 silly tarball no local data for path-to-regexp@https://registry.npmjs.org/path-to-regexp/-/path-to-regexp-8.4.2.tgz. Extracting by manifest.
6428 silly tarball no local data for is-document.all@https://registry.npmjs.org/is-document.all/-/is-document.all-1.0.0.tgz. Extracting by manifest.
6429 silly tarball no local data for set-function-name@https://registry.npmjs.org/set-function-name/-/set-function-name-2.0.2.tgz. Extracting by manifest.
6430 silly tarball no local data for functions-have-names@https://registry.npmjs.org/functions-have-names/-/functions-have-names-1.2.3.tgz. Extracting by manifest.
6431 silly tarball no local data for is-date-object@https://registry.npmjs.org/is-date-object/-/is-date-object-1.1.0.tgz. Extracting by manifest.
6432 silly tarball no local data for is-symbol@https://registry.npmjs.org/is-symbol/-/is-symbol-1.1.1.tgz. Extracting by manifest.
6433 silly tarball no local data for es-abstract-get@https://registry.npmjs.org/es-abstract-get/-/es-abstract-get-1.0.0.tgz. Extracting by manifest.
6434 silly tarball no local data for possible-typed-array-names@https://registry.npmjs.org/possible-typed-array-names/-/possible-typed-array-names-1.1.0.tgz. Extracting by manifest.
6435 silly tarball no local data for which-typed-array@https://registry.npmjs.org/which-typed-array/-/which-typed-array-1.1.22.tgz. Extracting by manifest.
6436 silly tarball no local data for unbox-primitive@https://registry.npmjs.org/unbox-primitive/-/unbox-primitive-1.1.0.tgz. Extracting by manifest.
6437 silly tarball no local data for typed-array-length@https://registry.npmjs.org/typed-array-length/-/typed-array-length-1.0.8.tgz. Extracting by manifest.
6438 silly tarball no local data for typed-array-byte-offset@https://registry.npmjs.org/typed-array-byte-offset/-/typed-array-byte-offset-1.0.4.tgz. Extracting by manifest.
6439 silly tarball no local data for typed-array-buffer@https://registry.npmjs.org/typed-array-buffer/-/typed-array-buffer-1.0.3.tgz. Extracting by manifest.
6440 silly tarball no local data for typed-array-byte-length@https://registry.npmjs.org/typed-array-byte-length/-/typed-array-byte-length-1.0.3.tgz. Extracting by manifest.
6441 silly tarball no local data for string.prototype.trimstart@https://registry.npmjs.org/string.prototype.trimstart/-/string.prototype.trimstart-1.0.8.tgz. Extracting by manifest.
6442 silly tarball no local data for string.prototype.trimend@https://registry.npmjs.org/string.prototype.trimend/-/string.prototype.trimend-1.0.10.tgz. Extracting by manifest.
6443 silly tarball no local data for string.prototype.trim@https://registry.npmjs.org/string.prototype.trim/-/string.prototype.trim-1.2.11.tgz. Extracting by manifest.
6444 silly tarball no local data for safe-regex-test@https://registry.npmjs.org/safe-regex-test/-/safe-regex-test-1.1.0.tgz. Extracting by manifest.
6445 silly tarball no local data for stop-iteration-iterator@https://registry.npmjs.org/stop-iteration-iterator/-/stop-iteration-iterator-1.1.0.tgz. Extracting by manifest.
6446 silly tarball no local data for set-proto@https://registry.npmjs.org/set-proto/-/set-proto-1.0.0.tgz. Extracting by manifest.
6447 silly tarball no local data for safe-push-apply@https://registry.npmjs.org/safe-push-apply/-/safe-push-apply-1.0.0.tgz. Extracting by manifest.
6448 silly tarball no local data for safe-array-concat@https://registry.npmjs.org/safe-array-concat/-/safe-array-concat-1.1.4.tgz. Extracting by manifest.
6449 silly tarball no local data for regexp.prototype.flags@https://registry.npmjs.org/regexp.prototype.flags/-/regexp.prototype.flags-1.5.4.tgz. Extracting by manifest.
6450 silly tarball no local data for own-keys@https://registry.npmjs.org/own-keys/-/own-keys-1.0.2.tgz. Extracting by manifest.
6451 silly tarball no local data for object.assign@https://registry.npmjs.org/object.assign/-/object.assign-4.1.7.tgz. Extracting by manifest.
6452 silly tarball no local data for is-weakref@https://registry.npmjs.org/is-weakref/-/is-weakref-1.1.1.tgz. Extracting by manifest.
6453 silly tarball no local data for object-inspect@https://registry.npmjs.org/object-inspect/-/object-inspect-1.13.4.tgz. Extracting by manifest.
6454 silly tarball no local data for is-typed-array@https://registry.npmjs.org/is-typed-array/-/is-typed-array-1.1.15.tgz. Extracting by manifest.
6455 silly tarball no local data for is-shared-array-buffer@https://registry.npmjs.org/is-shared-array-buffer/-/is-shared-array-buffer-1.0.4.tgz. Extracting by manifest.
6456 silly tarball no local data for is-string@https://registry.npmjs.org/is-string/-/is-string-1.1.1.tgz. Extracting by manifest.
6457 silly tarball no local data for is-set@https://registry.npmjs.org/is-set/-/is-set-2.0.3.tgz. Extracting by manifest.
6458 silly tarball no local data for is-negative-zero@https://registry.npmjs.org/is-negative-zero/-/is-negative-zero-2.0.3.tgz. Extracting by manifest.
6459 silly tarball no local data for is-regex@https://registry.npmjs.org/is-regex/-/is-regex-1.2.1.tgz. Extracting by manifest.
6460 silly tarball no local data for is-data-view@https://registry.npmjs.org/is-data-view/-/is-data-view-1.0.2.tgz. Extracting by manifest.
6461 silly tarball no local data for internal-slot@https://registry.npmjs.org/internal-slot/-/internal-slot-1.1.0.tgz. Extracting by manifest.
6462 silly tarball no local data for has-proto@https://registry.npmjs.org/has-proto/-/has-proto-1.2.0.tgz. Extracting by manifest.
6463 silly tarball no local data for is-array-buffer@https://registry.npmjs.org/is-array-buffer/-/is-array-buffer-3.0.5.tgz. Extracting by manifest.
6464 silly tarball no local data for is-callable@https://registry.npmjs.org/is-callable/-/is-callable-1.2.7.tgz. Extracting by manifest.
6465 silly tarball no local data for globalthis@https://registry.npmjs.org/globalthis/-/globalthis-1.0.4.tgz. Extracting by manifest.
6466 silly tarball no local data for get-symbol-description@https://registry.npmjs.org/get-symbol-description/-/get-symbol-description-1.1.0.tgz. Extracting by manifest.
6467 silly tarball no local data for function.prototype.name@https://registry.npmjs.org/function.prototype.name/-/function.prototype.name-1.2.0.tgz. Extracting by manifest.
6468 silly tarball no local data for data-view-byte-offset@https://registry.npmjs.org/data-view-byte-offset/-/data-view-byte-offset-1.0.1.tgz. Extracting by manifest.
6469 silly tarball no local data for es-to-primitive@https://registry.npmjs.org/es-to-primitive/-/es-to-primitive-1.3.4.tgz. Extracting by manifest.
6470 silly tarball no local data for data-view-byte-length@https://registry.npmjs.org/data-view-byte-length/-/data-view-byte-length-1.0.2.tgz. Extracting by manifest.
6471 silly tarball no local data for data-view-buffer@https://registry.npmjs.org/data-view-buffer/-/data-view-buffer-1.0.2.tgz. Extracting by manifest.
6472 silly tarball no local data for call-bound@https://registry.npmjs.org/call-bound/-/call-bound-1.0.4.tgz. Extracting by manifest.
6473 silly tarball no local data for available-typed-arrays@https://registry.npmjs.org/available-typed-arrays/-/available-typed-arrays-1.0.7.tgz. Extracting by manifest.
6474 silly tarball no local data for arraybuffer.prototype.slice@https://registry.npmjs.org/arraybuffer.prototype.slice/-/arraybuffer.prototype.slice-1.0.4.tgz. Extracting by manifest.
6475 silly tarball no local data for array-buffer-byte-length@https://registry.npmjs.org/array-buffer-byte-length/-/array-buffer-byte-length-1.0.2.tgz. Extracting by manifest.
6476 silly tarball no local data for has-property-descriptors@https://registry.npmjs.org/has-property-descriptors/-/has-property-descriptors-1.0.2.tgz. Extracting by manifest.
6477 silly tarball no local data for set-function-length@https://registry.npmjs.org/set-function-length/-/set-function-length-1.2.2.tgz. Extracting by manifest.
6478 silly tarball no local data for es-abstract@https://registry.npmjs.org/es-abstract/-/es-abstract-1.24.2.tgz. Extracting by manifest.
6479 silly tarball no local data for call-bind@https://registry.npmjs.org/call-bind/-/call-bind-1.0.9.tgz. Extracting by manifest.
6480 silly tarball no local data for es-shim-unscopables@https://registry.npmjs.org/es-shim-unscopables/-/es-shim-unscopables-1.1.0.tgz. Extracting by manifest.
6481 silly tarball no local data for define-properties@https://registry.npmjs.org/define-properties/-/define-properties-1.2.1.tgz. Extracting by manifest.
6482 silly tarball no local data for define-data-property@https://registry.npmjs.org/define-data-property/-/define-data-property-1.1.4.tgz. Extracting by manifest.
6483 silly tarball no local data for array.prototype.flatmap@https://registry.npmjs.org/array.prototype.flatmap/-/array.prototype.flatmap-1.3.3.tgz. Extracting by manifest.
6484 silly tarball no local data for path-parse@https://registry.npmjs.org/path-parse/-/path-parse-1.0.7.tgz. Extracting by manifest.
6485 silly tarball no local data for supports-preserve-symlinks-flag@https://registry.npmjs.org/supports-preserve-symlinks-flag/-/supports-preserve-symlinks-flag-1.0.0.tgz. Extracting by manifest.
6486 silly tarball no local data for object-keys@https://registry.npmjs.org/object-keys/-/object-keys-1.1.1.tgz. Extracting by manifest.
6487 silly tarball no local data for is-core-module@https://registry.npmjs.org/is-core-module/-/is-core-module-2.16.2.tgz. Extracting by manifest.
6488 silly tarball no local data for object.entries@https://registry.npmjs.org/object.entries/-/object.entries-1.1.9.tgz. Extracting by manifest.
6489 silly tarball no local data for @types/normalize-package-data@https://registry.npmjs.org/@types/normalize-package-data/-/normalize-package-data-2.4.4.tgz. Extracting by manifest.
6490 silly tarball no local data for index-to-position@https://registry.npmjs.org/index-to-position/-/index-to-position-1.2.0.tgz. Extracting by manifest.
6491 silly tarball no local data for parse-json@https://registry.npmjs.org/parse-json/-/parse-json-8.3.0.tgz. Extracting by manifest.
6492 silly tarball no local data for node-exports-info@https://registry.npmjs.org/node-exports-info/-/node-exports-info-1.6.2.tgz. Extracting by manifest.
6493 silly tarball no local data for side-channel@https://registry.npmjs.org/side-channel/-/side-channel-1.1.1.tgz. Extracting by manifest.
6494 silly tarball no local data for @jridgewell/sourcemap-codec@https://registry.npmjs.org/@jridgewell/sourcemap-codec/-/sourcemap-codec-1.5.5.tgz. Extracting by manifest.
6495 silly tarball no local data for forwarded@https://registry.npmjs.org/forwarded/-/forwarded-0.2.0.tgz. Extracting by manifest.
6496 silly tarball no local data for parse-ms@https://registry.npmjs.org/parse-ms/-/parse-ms-4.0.0.tgz. Extracting by manifest.
6497 silly tarball no local data for colors@https://registry.npmjs.org/colors/-/colors-1.4.0.tgz. Extracting by manifest.
6498 silly tarball no local data for source-map@https://registry.npmjs.org/source-map/-/source-map-0.6.1.tgz. Extracting by manifest.
6499 silly tarball no local data for estraverse@https://registry.npmjs.org/estraverse/-/estraverse-5.3.0.tgz. Extracting by manifest.
6500 silly tarball no local data for esutils@https://registry.npmjs.org/esutils/-/esutils-2.0.3.tgz. Extracting by manifest.
6501 silly tarball no local data for magic-string@https://registry.npmjs.org/magic-string/-/magic-string-0.30.21.tgz. Extracting by manifest.
6502 silly tarball no local data for @vue/shared@https://registry.npmjs.org/@vue/shared/-/shared-3.5.41.tgz. Extracting by manifest.
6503 silly tarball no local data for @vue/compiler-core@https://registry.npmjs.org/@vue/compiler-core/-/compiler-core-3.5.41.tgz. Extracting by manifest.
6504 silly tarball no local data for @vue/compiler-dom@https://registry.npmjs.org/@vue/compiler-dom/-/compiler-dom-3.5.41.tgz. Extracting by manifest.
6505 silly tarball no local data for @typescript-eslint/visitor-keys@https://registry.npmjs.org/@typescript-eslint/visitor-keys/-/visitor-keys-8.67.0.tgz. Extracting by manifest.
6506 silly tarball no local data for @vue/compiler-ssr@https://registry.npmjs.org/@vue/compiler-ssr/-/compiler-ssr-3.5.41.tgz. Extracting by manifest.
6507 silly tarball no local data for eslint-visitor-keys@https://registry.npmjs.org/eslint-visitor-keys/-/eslint-visitor-keys-5.0.1.tgz. Extracting by manifest.
6508 silly tarball no local data for ts-api-utils@https://registry.npmjs.org/ts-api-utils/-/ts-api-utils-2.5.0.tgz. Extracting by manifest.
6509 silly tarball no local data for @vue/compiler-sfc@https://registry.npmjs.org/@vue/compiler-sfc/-/compiler-sfc-3.5.41.tgz. Extracting by manifest.
6510 silly tarball no local data for tinyglobby@https://registry.npmjs.org/tinyglobby/-/tinyglobby-0.2.17.tgz. Extracting by manifest.
6511 silly tarball no local data for @typescript-eslint/types@https://registry.npmjs.org/@typescript-eslint/types/-/types-8.67.0.tgz. Extracting by manifest.
6512 silly tarball no local data for @typescript-eslint/tsconfig-utils@https://registry.npmjs.org/@typescript-eslint/tsconfig-utils/-/tsconfig-utils-8.67.0.tgz. Extracting by manifest.
6513 silly tarball no local data for @typescript-eslint/typescript-estree@https://registry.npmjs.org/@typescript-eslint/typescript-estree/-/typescript-estree-8.67.0.tgz. Extracting by manifest.
6514 silly tarball no local data for @typescript-eslint/project-service@https://registry.npmjs.org/@typescript-eslint/project-service/-/project-service-8.67.0.tgz. Extracting by manifest.
6515 silly tarball no local data for ast-module-types@https://registry.npmjs.org/ast-module-types/-/ast-module-types-6.0.2.tgz. Extracting by manifest.
6516 silly tarball no local data for get-amd-module-type@https://registry.npmjs.org/get-amd-module-type/-/get-amd-module-type-6.0.2.tgz. Extracting by manifest.
6517 silly tarball no local data for gonzales-pe@https://registry.npmjs.org/gonzales-pe/-/gonzales-pe-4.3.0.tgz. Extracting by manifest.
6518 silly tarball no local data for node-source-walk@https://registry.npmjs.org/node-source-walk/-/node-source-walk-7.0.2.tgz. Extracting by manifest.
6519 silly tarball no local data for escodegen@https://registry.npmjs.org/escodegen/-/escodegen-2.1.0.tgz. Extracting by manifest.
6520 silly tarball no local data for module-definition@https://registry.npmjs.org/module-definition/-/module-definition-6.0.2.tgz. Extracting by manifest.
6521 silly tarball no local data for detective-typescript@https://registry.npmjs.org/detective-typescript/-/detective-typescript-14.1.2.tgz. Extracting by manifest.
6522 silly tarball no local data for detective-vue2@https://registry.npmjs.org/detective-vue2/-/detective-vue2-2.3.0.tgz. Extracting by manifest.
6523 silly tarball no local data for detective-stylus@https://registry.npmjs.org/detective-stylus/-/detective-stylus-5.0.1.tgz. Extracting by manifest.
6524 silly tarball no local data for detective-sass@https://registry.npmjs.org/detective-sass/-/detective-sass-6.0.2.tgz. Extracting by manifest.
6525 silly tarball no local data for detective-scss@https://registry.npmjs.org/detective-scss/-/detective-scss-5.0.2.tgz. Extracting by manifest.
6526 silly tarball no local data for detective-es6@https://registry.npmjs.org/detective-es6/-/detective-es6-5.0.2.tgz. Extracting by manifest.
6527 silly tarball no local data for @dependents/detective-less@https://registry.npmjs.org/@dependents/detective-less/-/detective-less-5.0.3.tgz. Extracting by manifest.
6528 silly tarball no local data for xtend@https://registry.npmjs.org/xtend/-/xtend-4.0.2.tgz. Extracting by manifest.
6529 silly tarball no local data for unpipe@https://registry.npmjs.org/unpipe/-/unpipe-1.0.0.tgz. Extracting by manifest.
6530 silly tarball no local data for detective-cjs@https://registry.npmjs.org/detective-cjs/-/detective-cjs-6.1.1.tgz. Extracting by manifest.
6531 silly tarball no local data for detective-amd@https://registry.npmjs.org/detective-amd/-/detective-amd-6.1.0.tgz. Extracting by manifest.
6532 silly tarball no local data for thread-stream@https://registry.npmjs.org/thread-stream/-/thread-stream-4.2.0.tgz. Extracting by manifest.
6533 silly tarball no local data for safe-stable-stringify@https://registry.npmjs.org/safe-stable-stringify/-/safe-stable-stringify-2.5.0.tgz. Extracting by manifest.
6534 silly tarball no local data for sonic-boom@https://registry.npmjs.org/sonic-boom/-/sonic-boom-4.2.1.tgz. Extracting by manifest.
6535 silly tarball no local data for real-require@https://registry.npmjs.org/real-require/-/real-require-0.2.0.tgz. Extracting by manifest.
6536 silly tarball no local data for quick-format-unescaped@https://registry.npmjs.org/quick-format-unescaped/-/quick-format-unescaped-4.0.4.tgz. Extracting by manifest.
6537 silly tarball no local data for pino-std-serializers@https://registry.npmjs.org/pino-std-serializers/-/pino-std-serializers-7.1.0.tgz. Extracting by manifest.
6538 silly tarball no local data for on-exit-leak-free@https://registry.npmjs.org/on-exit-leak-free/-/on-exit-leak-free-2.1.2.tgz. Extracting by manifest.
6539 silly tarball no local data for @pinojs/redact@https://registry.npmjs.org/@pinojs/redact/-/redact-0.4.0.tgz. Extracting by manifest.
6540 silly tarball no local data for pino-abstract-transport@https://registry.npmjs.org/pino-abstract-transport/-/pino-abstract-transport-3.0.0.tgz. Extracting by manifest.
6541 silly tarball no local data for atomic-sleep@https://registry.npmjs.org/atomic-sleep/-/atomic-sleep-1.0.0.tgz. Extracting by manifest.
6542 silly tarball no local data for postgres-bytea@https://registry.npmjs.org/postgres-bytea/-/postgres-bytea-1.0.1.tgz. Extracting by manifest.
6543 silly tarball no local data for postgres-interval@https://registry.npmjs.org/postgres-interval/-/postgres-interval-1.2.0.tgz. Extracting by manifest.
6544 silly tarball no local data for postgres-date@https://registry.npmjs.org/postgres-date/-/postgres-date-1.0.7.tgz. Extracting by manifest.
6545 silly tarball no local data for postgres-array@https://registry.npmjs.org/postgres-array/-/postgres-array-2.0.0.tgz. Extracting by manifest.
6546 silly tarball no local data for pgpass@https://registry.npmjs.org/pgpass/-/pgpass-1.0.5.tgz. Extracting by manifest.
6547 silly tarball no local data for pg-int8@https://registry.npmjs.org/pg-int8/-/pg-int8-1.0.1.tgz. Extracting by manifest.
6548 silly tarball no local data for pg-protocol@https://registry.npmjs.org/pg-protocol/-/pg-protocol-1.16.0.tgz. Extracting by manifest.
6549 silly tarball no local data for pg-types@https://registry.npmjs.org/pg-types/-/pg-types-2.2.0.tgz. Extracting by manifest.
6550 silly tarball no local data for pg-pool@https://registry.npmjs.org/pg-pool/-/pg-pool-3.14.0.tgz. Extracting by manifest.
6551 silly tarball no local data for pg-cloudflare@https://registry.npmjs.org/pg-cloudflare/-/pg-cloudflare-1.4.0.tgz. Extracting by manifest.
6552 silly tarball no local data for @types/retry@https://registry.npmjs.org/@types/retry/-/retry-0.12.2.tgz. Extracting by manifest.
6553 silly tarball no local data for pg-connection-string@https://registry.npmjs.org/pg-connection-string/-/pg-connection-string-2.14.0.tgz. Extracting by manifest.
6554 silly tarball no local data for slashes@https://registry.npmjs.org/slashes/-/slashes-3.0.12.tgz. Extracting by manifest.
6555 silly tarball no local data for cyclist@https://registry.npmjs.org/cyclist/-/cyclist-1.0.2.tgz. Extracting by manifest.
6556 silly tarball no local data for find-up-simple@https://registry.npmjs.org/find-up-simple/-/find-up-simple-1.0.1.tgz. Extracting by manifest.
6557 silly tarball no local data for is-network-error@https://registry.npmjs.org/is-network-error/-/is-network-error-1.3.2.tgz. Extracting by manifest.
6558 silly tarball no local data for p-timeout@https://registry.npmjs.org/p-timeout/-/p-timeout-6.1.4.tgz. Extracting by manifest.
6559 silly tarball no local data for windows-release@https://registry.npmjs.org/windows-release/-/windows-release-6.1.0.tgz. Extracting by manifest.
6560 silly tarball no local data for macos-release@https://registry.npmjs.org/macos-release/-/macos-release-3.5.1.tgz. Extracting by manifest.
6561 silly tarball no local data for buffer@https://registry.npmjs.org/buffer/-/buffer-5.7.1.tgz. Extracting by manifest.
6562 silly tarball no local data for ieee754@https://registry.npmjs.org/ieee754/-/ieee754-1.2.1.tgz. Extracting by manifest.
6563 silly tarball no local data for is-interactive@https://registry.npmjs.org/is-interactive/-/is-interactive-1.0.0.tgz. Extracting by manifest.
6564 silly tarball no local data for cli-spinners@https://registry.npmjs.org/cli-spinners/-/cli-spinners-2.9.2.tgz. Extracting by manifest.
6565 silly tarball no local data for wcwidth@https://registry.npmjs.org/wcwidth/-/wcwidth-1.0.1.tgz. Extracting by manifest.
6566 silly tarball no local data for bl@https://registry.npmjs.org/bl/-/bl-4.1.0.tgz. Extracting by manifest.
6567 silly tarball no local data for run-applescript@https://registry.npmjs.org/run-applescript/-/run-applescript-7.1.0.tgz. Extracting by manifest.
6568 silly tarball no local data for default-browser-id@https://registry.npmjs.org/default-browser-id/-/default-browser-id-5.0.1.tgz. Extracting by manifest.
6569 silly tarball no local data for log-symbols@https://registry.npmjs.org/log-symbols/-/log-symbols-4.1.0.tgz. Extracting by manifest.
6570 silly tarball no local data for bundle-name@https://registry.npmjs.org/bundle-name/-/bundle-name-4.1.0.tgz. Extracting by manifest.
6571 silly tarball no local data for is-in-ssh@https://registry.npmjs.org/is-in-ssh/-/is-in-ssh-1.0.0.tgz. Extracting by manifest.
6572 silly tarball no local data for wsl-utils@https://registry.npmjs.org/wsl-utils/-/wsl-utils-1.0.0.tgz. Extracting by manifest.
6573 silly tarball no local data for powershell-utils@https://registry.npmjs.org/powershell-utils/-/powershell-utils-0.2.0.tgz. Extracting by manifest.
6574 silly tarball no local data for node-fetch-native@https://registry.npmjs.org/node-fetch-native/-/node-fetch-native-1.6.7.tgz. Extracting by manifest.
6575 silly tarball no local data for ee-first@https://registry.npmjs.org/ee-first/-/ee-first-1.1.1.tgz. Extracting by manifest.
6576 silly tarball no local data for default-browser@https://registry.npmjs.org/default-browser/-/default-browser-5.5.0.tgz. Extracting by manifest.
6577 silly tarball no local data for define-lazy-prop@https://registry.npmjs.org/define-lazy-prop/-/define-lazy-prop-3.0.0.tgz. Extracting by manifest.
6578 silly tarball no local data for validate-npm-package-license@https://registry.npmjs.org/validate-npm-package-license/-/validate-npm-package-license-3.0.4.tgz. Extracting by manifest.
6579 silly tarball no local data for hosted-git-info@https://registry.npmjs.org/hosted-git-info/-/hosted-git-info-8.1.0.tgz. Extracting by manifest.
6580 silly tarball no local data for abbrev@https://registry.npmjs.org/abbrev/-/abbrev-3.0.1.tgz. Extracting by manifest.
6581 silly tarball no local data for uid-safe@https://registry.npmjs.org/uid-safe/-/uid-safe-2.1.5.tgz. Extracting by manifest.
6582 silly tarball no local data for balanced-match@https://registry.npmjs.org/balanced-match/-/balanced-match-4.0.4.tgz. Extracting by manifest.
6583 silly tarball no local data for fill-range@https://registry.npmjs.org/fill-range/-/fill-range-7.1.1.tgz. Extracting by manifest.
6584 silly tarball no local data for brace-expansion@https://registry.npmjs.org/brace-expansion/-/brace-expansion-5.0.9.tgz. Extracting by manifest.
6585 silly tarball no local data for to-regex-range@https://registry.npmjs.org/to-regex-range/-/to-regex-range-5.0.1.tgz. Extracting by manifest.
6586 silly tarball no local data for braces@https://registry.npmjs.org/braces/-/braces-3.0.3.tgz. Extracting by manifest.
6587 silly tarball no local data for fast-stringify@https://registry.npmjs.org/fast-stringify/-/fast-stringify-4.0.1.tgz. Extracting by manifest.
6588 silly tarball no local data for fast-equals@https://registry.npmjs.org/fast-equals/-/fast-equals-5.4.1.tgz. Extracting by manifest.
6589 silly tarball no local data for through2@https://registry.npmjs.org/through2/-/through2-2.0.5.tgz. Extracting by manifest.
6590 silly tarball no local data for slice-ansi@https://registry.npmjs.org/slice-ansi/-/slice-ansi-8.0.0.tgz. Extracting by manifest.
6591 silly tarball no local data for split2@https://registry.npmjs.org/split2/-/split2-1.1.1.tgz. Extracting by manifest.
6592 silly tarball no local data for is-error-instance@https://registry.npmjs.org/is-error-instance/-/is-error-instance-2.0.0.tgz. Extracting by manifest.
6593 silly tarball no local data for set-error-message@https://registry.npmjs.org/set-error-message/-/set-error-message-2.0.1.tgz. Extracting by manifest.
6594 silly tarball no local data for normalize-exception@https://registry.npmjs.org/normalize-exception/-/normalize-exception-3.0.0.tgz. Extracting by manifest.
6595 silly tarball no local data for uqr@https://registry.npmjs.org/uqr/-/uqr-0.1.3.tgz. Extracting by manifest.
6596 silly tarball no local data for untun@https://registry.npmjs.org/untun/-/untun-0.2.2.tgz. Extracting by manifest.
6597 silly tarball no local data for tinyclip@https://registry.npmjs.org/tinyclip/-/tinyclip-0.1.15.tgz. Extracting by manifest.
6598 silly tarball no local data for node-forge@https://registry.npmjs.org/node-forge/-/node-forge-1.4.0.tgz. Extracting by manifest.
6599 silly tarball no local data for jiti@https://registry.npmjs.org/jiti/-/jiti-2.7.0.tgz. Extracting by manifest.
6600 silly tarball no local data for std-env@https://registry.npmjs.org/std-env/-/std-env-4.2.0.tgz. Extracting by manifest.
6601 silly tarball no local data for winston@https://registry.npmjs.org/winston/-/winston-3.19.0.tgz. Extracting by manifest.
6602 silly tarball no local data for http-shutdown@https://registry.npmjs.org/http-shutdown/-/http-shutdown-1.2.2.tgz. Extracting by manifest.
6603 silly tarball no local data for get-port-please@https://registry.npmjs.org/get-port-please/-/get-port-please-3.2.0.tgz. Extracting by manifest.
6604 silly tarball no local data for mimic-fn@https://registry.npmjs.org/mimic-fn/-/mimic-fn-4.0.0.tgz. Extracting by manifest.
6605 silly tarball no local data for set-cookie-parser@https://registry.npmjs.org/set-cookie-parser/-/set-cookie-parser-2.7.2.tgz. Extracting by manifest.
6606 silly tarball no local data for is-extglob@https://registry.npmjs.org/is-extglob/-/is-extglob-2.1.1.tgz. Extracting by manifest.
6607 silly tarball no local data for jpeg-js@https://registry.npmjs.org/jpeg-js/-/jpeg-js-0.4.4.tgz. Extracting by manifest.
6608 silly tarball no local data for is-inside-container@https://registry.npmjs.org/is-inside-container/-/is-inside-container-1.0.0.tgz. Extracting by manifest.
6609 silly tarball no local data for uncrypto@https://registry.npmjs.org/uncrypto/-/uncrypto-0.1.3.tgz. Extracting by manifest.
6610 silly tarball no local data for node-mock-http@https://registry.npmjs.org/node-mock-http/-/node-mock-http-1.0.5.tgz. Extracting by manifest.
6611 silly tarball no local data for crossws@https://registry.npmjs.org/crossws/-/crossws-0.3.5.tgz. Extracting by manifest.
6612 silly tarball no local data for radix3@https://registry.npmjs.org/radix3/-/radix3-1.1.2.tgz. Extracting by manifest.
6613 silly tarball no local data for iron-webcrypto@https://registry.npmjs.org/iron-webcrypto/-/iron-webcrypto-1.2.1.tgz. Extracting by manifest.
6614 silly tarball no local data for cookie-es@https://registry.npmjs.org/cookie-es/-/cookie-es-1.2.3.tgz. Extracting by manifest.
6615 silly tarball no local data for unstorage@https://registry.npmjs.org/unstorage/-/unstorage-1.17.5.tgz. Extracting by manifest.
6616 silly tarball no local data for xss@https://registry.npmjs.org/xss/-/xss-1.0.15.tgz. Extracting by manifest.
6617 silly tarball no local data for pathe@https://registry.npmjs.org/pathe/-/pathe-2.0.3.tgz. Extracting by manifest.
6618 silly tarball no local data for ufo@https://registry.npmjs.org/ufo/-/ufo-1.6.4.tgz. Extracting by manifest.
6619 silly tarball no local data for listhen@https://registry.npmjs.org/listhen/-/listhen-1.10.1.tgz. Extracting by manifest.
6620 silly tarball no local data for ofetch@https://registry.npmjs.org/ofetch/-/ofetch-1.5.1.tgz. Extracting by manifest.
6621 silly tarball no local data for svgo@https://registry.npmjs.org/svgo/-/svgo-4.0.2.tgz. Extracting by manifest.
6622 silly tarball no local data for h3@https://registry.npmjs.org/h3/-/h3-1.15.11.tgz. Extracting by manifest.
6623 silly tarball no local data for image-meta@https://registry.npmjs.org/image-meta/-/image-meta-0.2.2.tgz. Extracting by manifest.
6624 silly tarball no local data for destr@https://registry.npmjs.org/destr/-/destr-2.0.5.tgz. Extracting by manifest.
6625 silly tarball no local data for defu@https://registry.npmjs.org/defu/-/defu-6.1.7.tgz. Extracting by manifest.
6626 silly tarball no local data for restore-cursor@https://registry.npmjs.org/restore-cursor/-/restore-cursor-3.1.0.tgz. Extracting by manifest.
6627 silly tarball no local data for citty@https://registry.npmjs.org/citty/-/citty-0.1.6.tgz. Extracting by manifest.
6628 silly tarball no local data for chardet@https://registry.npmjs.org/chardet/-/chardet-2.2.0.tgz. Extracting by manifest.
6629 silly tarball no local data for through@https://registry.npmjs.org/through/-/through-2.3.8.tgz. Extracting by manifest.
6630 silly tarball no local data for rxjs@https://registry.npmjs.org/rxjs/-/rxjs-7.8.2.tgz. Extracting by manifest.
6631 silly tarball no local data for ora@https://registry.npmjs.org/ora/-/ora-5.4.1.tgz. Extracting by manifest.
6632 silly tarball no local data for lodash@https://registry.npmjs.org/lodash/-/lodash-4.18.1.tgz. Extracting by manifest.
6633 silly tarball no local data for mute-stream@https://registry.npmjs.org/mute-stream/-/mute-stream-0.0.8.tgz. Extracting by manifest.
6634 silly tarball no local data for cli-width@https://registry.npmjs.org/cli-width/-/cli-width-3.0.0.tgz. Extracting by manifest.
6635 silly tarball no local data for @inquirer/external-editor@https://registry.npmjs.org/@inquirer/external-editor/-/external-editor-1.0.3.tgz. Extracting by manifest.
6636 silly tarball no local data for cli-cursor@https://registry.npmjs.org/cli-cursor/-/cli-cursor-3.1.0.tgz. Extracting by manifest.
6637 silly tarball no local data for module-details-from-path@https://registry.npmjs.org/module-details-from-path/-/module-details-from-path-1.0.4.tgz. Extracting by manifest.
6638 silly tarball no local data for cjs-module-lexer@https://registry.npmjs.org/cjs-module-lexer/-/cjs-module-lexer-2.2.1.tgz. Extracting by manifest.
6639 silly tarball no local data for run-async@https://registry.npmjs.org/run-async/-/run-async-2.4.1.tgz. Extracting by manifest.
6640 silly tarball no local data for safer-buffer@https://registry.npmjs.org/safer-buffer/-/safer-buffer-2.1.2.tgz. Extracting by manifest.
6641 silly tarball no local data for @types/http-proxy@https://registry.npmjs.org/@types/http-proxy/-/http-proxy-1.17.17.tgz. Extracting by manifest.
6642 silly tarball no local data for is-plain-object@https://registry.npmjs.org/is-plain-object/-/is-plain-object-5.0.0.tgz. Extracting by manifest.
6643 silly tarball no local data for requires-port@https://registry.npmjs.org/requires-port/-/requires-port-1.0.0.tgz. Extracting by manifest.
6644 silly tarball no local data for toidentifier@https://registry.npmjs.org/toidentifier/-/toidentifier-1.0.1.tgz. Extracting by manifest.
6645 silly tarball no local data for follow-redirects@https://registry.npmjs.org/follow-redirects/-/follow-redirects-1.16.0.tgz. Extracting by manifest.
6646 silly tarball no local data for @sindresorhus/merge-streams@https://registry.npmjs.org/@sindresorhus/merge-streams/-/merge-streams-2.3.0.tgz. Extracting by manifest.
6647 silly tarball no local data for slash@https://registry.npmjs.org/slash/-/slash-5.1.0.tgz. Extracting by manifest.
6648 silly tarball no local data for setprototypeof@https://registry.npmjs.org/setprototypeof/-/setprototypeof-1.2.0.tgz. Extracting by manifest.
6649 silly tarball no local data for is-glob@https://registry.npmjs.org/is-glob/-/is-glob-4.0.3.tgz. Extracting by manifest.
6650 silly tarball no local data for eventemitter3@https://registry.npmjs.org/eventemitter3/-/eventemitter3-4.0.7.tgz. Extracting by manifest.
6651 silly tarball no local data for unix-dgram@https://registry.npmjs.org/unix-dgram/-/unix-dgram-2.0.7.tgz. Extracting by manifest.
6652 silly tarball no local data for path-scurry@https://registry.npmjs.org/path-scurry/-/path-scurry-2.0.2.tgz. Extracting by manifest.
6653 silly tarball no local data for @sec-ant/readable-stream@https://registry.npmjs.org/@sec-ant/readable-stream/-/readable-stream-0.4.1.tgz. Extracting by manifest.
6654 silly tarball no local data for from2@https://registry.npmjs.org/from2/-/from2-2.3.0.tgz. Extracting by manifest.
6655 silly tarball no local data for ini@https://registry.npmjs.org/ini/-/ini-1.3.8.tgz. Extracting by manifest.
6656 silly tarball no local data for unicorn-magic@https://registry.npmjs.org/unicorn-magic/-/unicorn-magic-0.3.0.tgz. Extracting by manifest.
6657 silly tarball no local data for safe-regex2@https://registry.npmjs.org/safe-regex2/-/safe-regex2-5.1.1.tgz. Extracting by manifest.
6658 silly tarball no local data for is-unicode-supported@https://registry.npmjs.org/is-unicode-supported/-/is-unicode-supported-2.1.0.tgz. Extracting by manifest.
6659 silly tarball no local data for reusify@https://registry.npmjs.org/reusify/-/reusify-1.1.0.tgz. Extracting by manifest.
6660 silly tarball no local data for json-schema-ref-resolver@https://registry.npmjs.org/json-schema-ref-resolver/-/json-schema-ref-resolver-3.0.0.tgz. Extracting by manifest.
6661 silly tarball no local data for @fastify/forwarded@https://registry.npmjs.org/@fastify/forwarded/-/forwarded-3.0.2.tgz. Extracting by manifest.
6662 silly tarball no local data for dequal@https://registry.npmjs.org/dequal/-/dequal-2.0.3.tgz. Extracting by manifest.
6663 silly tarball no local data for @fastify/merge-json-schemas@https://registry.npmjs.org/@fastify/merge-json-schemas/-/merge-json-schemas-0.2.1.tgz. Extracting by manifest.
6664 silly tarball no local data for ipaddr.js@https://registry.npmjs.org/ipaddr.js/-/ipaddr.js-2.5.0.tgz. Extracting by manifest.
6665 silly tarball no local data for fast-querystring@https://registry.npmjs.org/fast-querystring/-/fast-querystring-1.1.2.tgz. Extracting by manifest.
6666 silly tarball no local data for toad-cache@https://registry.npmjs.org/toad-cache/-/toad-cache-3.7.4.tgz. Extracting by manifest.
6667 silly tarball no local data for ajv-formats@https://registry.npmjs.org/ajv-formats/-/ajv-formats-3.0.1.tgz. Extracting by manifest.
6668 silly tarball no local data for secure-json-parse@https://registry.npmjs.org/secure-json-parse/-/secure-json-parse-4.1.0.tgz. Extracting by manifest.
6669 silly tarball no local data for process-warning@https://registry.npmjs.org/process-warning/-/process-warning-5.1.0.tgz. Extracting by manifest.
6670 silly tarball no local data for pino@https://registry.npmjs.org/pino/-/pino-10.3.1.tgz. Extracting by manifest.
6671 silly tarball no local data for light-my-request@https://registry.npmjs.org/light-my-request/-/light-my-request-6.6.0.tgz. Extracting by manifest.
6672 silly tarball no local data for find-my-way@https://registry.npmjs.org/find-my-way/-/find-my-way-9.8.0.tgz. Extracting by manifest.
6673 silly tarball no local data for @fastify/proxy-addr@https://registry.npmjs.org/@fastify/proxy-addr/-/proxy-addr-5.1.0.tgz. Extracting by manifest.
6674 silly tarball no local data for fast-json-stringify@https://registry.npmjs.org/fast-json-stringify/-/fast-json-stringify-7.0.1.tgz. Extracting by manifest.
6675 silly tarball no local data for avvio@https://registry.npmjs.org/avvio/-/avvio-9.3.0.tgz. Extracting by manifest.
6676 silly tarball no local data for abstract-logging@https://registry.npmjs.org/abstract-logging/-/abstract-logging-2.0.1.tgz. Extracting by manifest.
6677 silly tarball no local data for @fastify/fast-json-stringify-compiler@https://registry.npmjs.org/@fastify/fast-json-stringify-compiler/-/fast-json-stringify-compiler-5.1.0.tgz. Extracting by manifest.
6678 silly tarball no local data for @nodelib/fs.scandir@https://registry.npmjs.org/@nodelib/fs.scandir/-/fs.scandir-2.1.5.tgz. Extracting by manifest.
6679 silly tarball no local data for @fastify/ajv-compiler@https://registry.npmjs.org/@fastify/ajv-compiler/-/ajv-compiler-4.0.6.tgz. Extracting by manifest.
6680 silly tarball no local data for @nodelib/fs.walk@https://registry.npmjs.org/@nodelib/fs.walk/-/fs.walk-1.2.8.tgz. Extracting by manifest.
6681 silly tarball no local data for run-parallel@https://registry.npmjs.org/run-parallel/-/run-parallel-1.2.0.tgz. Extracting by manifest.
6682 silly tarball no local data for @types/yauzl@https://registry.npmjs.org/@types/yauzl/-/yauzl-2.10.3.tgz. Extracting by manifest.
6683 silly tarball no local data for @nodelib/fs.stat@https://registry.npmjs.org/@nodelib/fs.stat/-/fs.stat-2.0.5.tgz. Extracting by manifest.
6684 silly tarball no local data for fast-string-truncated-width@https://registry.npmjs.org/fast-string-truncated-width/-/fast-string-truncated-width-3.0.3.tgz. Extracting by manifest.
6685 silly tarball no local data for glob-parent@https://registry.npmjs.org/glob-parent/-/glob-parent-5.1.2.tgz. Extracting by manifest.
6686 silly tarball no local data for merge2@https://registry.npmjs.org/merge2/-/merge2-1.4.1.tgz. Extracting by manifest.
6687 silly tarball no local data for on-headers@https://registry.npmjs.org/on-headers/-/on-headers-1.1.0.tgz. Extracting by manifest.
6688 silly tarball no local data for iconv-lite@https://registry.npmjs.org/iconv-lite/-/iconv-lite-0.7.3.tgz. Extracting by manifest.
6689 silly tarball no local data for bytes@https://registry.npmjs.org/bytes/-/bytes-3.1.2.tgz. Extracting by manifest.
6690 silly tarball no local data for negotiator@https://registry.npmjs.org/negotiator/-/negotiator-1.0.0.tgz. Extracting by manifest.
6691 silly tarball no local data for vary@https://registry.npmjs.org/vary/-/vary-1.1.2.tgz. Extracting by manifest.
6692 silly tarball no local data for type-is@https://registry.npmjs.org/type-is/-/type-is-2.1.0.tgz. Extracting by manifest.
6693 silly tarball no local data for statuses@https://registry.npmjs.org/statuses/-/statuses-2.0.2.tgz. Extracting by manifest.
6694 silly tarball no local data for serve-static@https://registry.npmjs.org/serve-static/-/serve-static-2.2.1.tgz. Extracting by manifest.
6695 silly tarball no local data for send@https://registry.npmjs.org/send/-/send-1.2.1.tgz. Extracting by manifest.
6696 silly tarball no local data for qs@https://registry.npmjs.org/qs/-/qs-6.15.3.tgz. Extracting by manifest.
6697 silly tarball no local data for router@https://registry.npmjs.org/router/-/router-2.2.0.tgz. Extracting by manifest.
6698 silly tarball no local data for range-parser@https://registry.npmjs.org/range-parser/-/range-parser-1.3.0.tgz. Extracting by manifest.
6699 silly tarball no local data for parseurl@https://registry.npmjs.org/parseurl/-/parseurl-1.3.3.tgz. Extracting by manifest.
6700 silly tarball no local data for on-finished@https://registry.npmjs.org/on-finished/-/on-finished-2.4.1.tgz. Extracting by manifest.
6701 silly tarball no local data for fresh@https://registry.npmjs.org/fresh/-/fresh-2.0.0.tgz. Extracting by manifest.
6702 silly tarball no local data for proxy-addr@https://registry.npmjs.org/proxy-addr/-/proxy-addr-2.0.7.tgz. Extracting by manifest.
6703 silly tarball no local data for encodeurl@https://registry.npmjs.org/encodeurl/-/encodeurl-2.0.0.tgz. Extracting by manifest.
6704 silly tarball no local data for finalhandler@https://registry.npmjs.org/finalhandler/-/finalhandler-2.1.1.tgz. Extracting by manifest.
6705 silly tarball no local data for depd@https://registry.npmjs.org/depd/-/depd-2.0.0.tgz. Extracting by manifest.
6706 silly tarball no local data for merge-descriptors@https://registry.npmjs.org/merge-descriptors/-/merge-descriptors-2.0.0.tgz. Extracting by manifest.
6707 silly tarball no local data for cookie-signature@https://registry.npmjs.org/cookie-signature/-/cookie-signature-1.2.2.tgz. Extracting by manifest.
6708 silly tarball no local data for body-parser@https://registry.npmjs.org/body-parser/-/body-parser-2.3.0.tgz. Extracting by manifest.
6709 silly tarball no local data for accepts@https://registry.npmjs.org/accepts/-/accepts-2.0.0.tgz. Extracting by manifest.
6710 silly tarball no local data for onetime@https://registry.npmjs.org/onetime/-/onetime-5.1.2.tgz. Extracting by manifest.
6711 silly tarball no local data for signal-exit@https://registry.npmjs.org/signal-exit/-/signal-exit-3.0.7.tgz. Extracting by manifest.
6712 silly tarball no local data for strip-final-newline@https://registry.npmjs.org/strip-final-newline/-/strip-final-newline-2.0.0.tgz. Extracting by manifest.
6713 silly tarball no local data for npm-run-path@https://registry.npmjs.org/npm-run-path/-/npm-run-path-4.0.1.tgz. Extracting by manifest.
6714 silly tarball no local data for merge-stream@https://registry.npmjs.org/merge-stream/-/merge-stream-2.0.0.tgz. Extracting by manifest.
6715 silly tarball no local data for human-signals@https://registry.npmjs.org/human-signals/-/human-signals-2.1.0.tgz. Extracting by manifest.
6716 silly tarball no local data for @esbuild/win32-x64@https://registry.npmjs.org/@esbuild/win32-x64/-/win32-x64-0.28.1.tgz. Extracting by manifest.
6717 silly tarball no local data for stackframe@https://registry.npmjs.org/stackframe/-/stackframe-1.3.4.tgz. Extracting by manifest.
6718 silly tarball no local data for is-safe-filename@https://registry.npmjs.org/is-safe-filename/-/is-safe-filename-0.1.1.tgz. Extracting by manifest.
6719 silly tarball no local data for luxon@https://registry.npmjs.org/luxon/-/luxon-3.7.2.tgz. Extracting by manifest.
6720 silly tarball no local data for callsite@https://registry.npmjs.org/callsite/-/callsite-1.0.0.tgz. Extracting by manifest.
6721 silly tarball no local data for ansi-colors@https://registry.npmjs.org/ansi-colors/-/ansi-colors-4.1.3.tgz. Extracting by manifest.
6722 silly tarball no local data for globby@https://registry.npmjs.org/globby/-/globby-14.1.0.tgz. Extracting by manifest.
6723 silly tarball no local data for esprima@https://registry.npmjs.org/esprima/-/esprima-4.0.1.tgz. Extracting by manifest.
6724 silly tarball no local data for array-timsort@https://registry.npmjs.org/array-timsort/-/array-timsort-1.0.3.tgz. Extracting by manifest.
6725 silly tarball no local data for lodash.transform@https://registry.npmjs.org/lodash.transform/-/lodash.transform-4.6.0.tgz. Extracting by manifest.
6726 silly tarball no local data for lodash.isempty@https://registry.npmjs.org/lodash.isempty/-/lodash.isempty-4.4.0.tgz. Extracting by manifest.
6727 silly tarball no local data for widest-line@https://registry.npmjs.org/widest-line/-/widest-line-5.0.0.tgz. Extracting by manifest.
6728 silly tarball no local data for camelcase@https://registry.npmjs.org/camelcase/-/camelcase-8.0.0.tgz. Extracting by manifest.
6729 silly tarball no local data for ansi-align@https://registry.npmjs.org/ansi-align/-/ansi-align-3.0.1.tgz. Extracting by manifest.
6730 silly tarball no local data for type-fest@https://registry.npmjs.org/type-fest/-/type-fest-4.41.0.tgz. Extracting by manifest.
6731 silly tarball no local data for file-uri-to-path@https://registry.npmjs.org/file-uri-to-path/-/file-uri-to-path-1.0.0.tgz. Extracting by manifest.
6732 silly tarball no local data for js-tokens@https://registry.npmjs.org/js-tokens/-/js-tokens-4.0.0.tgz. Extracting by manifest.
6733 silly tarball no local data for jsonpointer@https://registry.npmjs.org/jsonpointer/-/jsonpointer-5.0.1.tgz. Extracting by manifest.
6734 silly tarball no local data for leven@https://registry.npmjs.org/leven/-/leven-3.1.0.tgz. Extracting by manifest.
6735 silly tarball no local data for @humanwhocodes/momoa@https://registry.npmjs.org/@humanwhocodes/momoa/-/momoa-2.0.4.tgz. Extracting by manifest.
6736 silly tarball no local data for @babel/code-frame@https://registry.npmjs.org/@babel/code-frame/-/code-frame-7.29.7.tgz. Extracting by manifest.
6737 silly tarball no local data for when-exit@https://registry.npmjs.org/when-exit/-/when-exit-2.1.5.tgz. Extracting by manifest.
6738 silly tarball no local data for precond@https://registry.npmjs.org/precond/-/precond-0.2.3.tgz. Extracting by manifest.
6739 silly tarball no local data for stubborn-fs@https://registry.npmjs.org/stubborn-fs/-/stubborn-fs-2.0.0.tgz. Extracting by manifest.
6740 silly tarball no local data for cli-boxes@https://registry.npmjs.org/cli-boxes/-/cli-boxes-3.0.0.tgz. Extracting by manifest.
6741 silly tarball no local data for zip-stream@https://registry.npmjs.org/zip-stream/-/zip-stream-7.0.5.tgz. Extracting by manifest.
6742 silly tarball no local data for readdir-glob@https://registry.npmjs.org/readdir-glob/-/readdir-glob-3.0.0.tgz. Extracting by manifest.
6743 silly tarball no local data for tar-stream@https://registry.npmjs.org/tar-stream/-/tar-stream-3.2.0.tgz. Extracting by manifest.
6744 silly tarball no local data for buffer-crc32@https://registry.npmjs.org/buffer-crc32/-/buffer-crc32-1.0.0.tgz. Extracting by manifest.
6745 silly tarball no local data for async@https://registry.npmjs.org/async/-/async-3.2.6.tgz. Extracting by manifest.
6746 silly tarball no local data for environment@https://registry.npmjs.org/environment/-/environment-1.1.0.tgz. Extracting by manifest.
6747 silly tarball no local data for entities@https://registry.npmjs.org/entities/-/entities-2.2.0.tgz. Extracting by manifest.
6748 silly tarball no local data for json-schema-traverse@https://registry.npmjs.org/json-schema-traverse/-/json-schema-traverse-1.0.0.tgz. Extracting by manifest.
6749 silly tarball no local data for fast-uri@https://registry.npmjs.org/fast-uri/-/fast-uri-3.1.5.tgz. Extracting by manifest.
6750 silly tarball no local data for require-from-string@https://registry.npmjs.org/require-from-string/-/require-from-string-2.0.2.tgz. Extracting by manifest.
6751 silly tarball no local data for lazystream@https://registry.npmjs.org/lazystream/-/lazystream-1.0.1.tgz. Extracting by manifest.
6752 silly tarball no local data for @types/estree@https://registry.npmjs.org/@types/estree/-/estree-1.0.9.tgz. Extracting by manifest.
6753 silly tarball no local data for @whatwg-node/node-fetch@https://registry.npmjs.org/@whatwg-node/node-fetch/-/node-fetch-0.8.6.tgz. Extracting by manifest.
6754 silly tarball no local data for @whatwg-node/promise-helpers@https://registry.npmjs.org/@whatwg-node/promise-helpers/-/promise-helpers-1.3.2.tgz. Extracting by manifest.
6755 silly tarball no local data for @whatwg-node/disposablestack@https://registry.npmjs.org/@whatwg-node/disposablestack/-/disposablestack-0.0.6.tgz. Extracting by manifest.
6756 silly tarball no local data for @whatwg-node/fetch@https://registry.npmjs.org/@whatwg-node/fetch/-/fetch-0.10.13.tgz. Extracting by manifest.
6757 silly tarball no local data for @envelop/instrumentation@https://registry.npmjs.org/@envelop/instrumentation/-/instrumentation-1.0.0.tgz. Extracting by manifest.
6758 silly tarball no local data for nopt@https://registry.npmjs.org/nopt/-/nopt-8.1.0.tgz. Extracting by manifest.
6759 silly tarball no local data for consola@https://registry.npmjs.org/consola/-/consola-3.4.2.tgz. Extracting by manifest.
6760 silly tarball no local data for picomatch@https://registry.npmjs.org/picomatch/-/picomatch-4.0.5.tgz. Extracting by manifest.
6761 silly tarball no local data for node-gyp-build@https://registry.npmjs.org/node-gyp-build/-/node-gyp-build-4.8.4.tgz. Extracting by manifest.
6762 silly tarball no local data for resolve-from@https://registry.npmjs.org/resolve-from/-/resolve-from-5.0.0.tgz. Extracting by manifest.
6763 silly tarball no local data for graceful-fs@https://registry.npmjs.org/graceful-fs/-/graceful-fs-4.2.11.tgz. Extracting by manifest.
6764 silly tarball no local data for estree-walker@https://registry.npmjs.org/estree-walker/-/estree-walker-2.0.2.tgz. Extracting by manifest.
6765 silly tarball no local data for bindings@https://registry.npmjs.org/bindings/-/bindings-1.5.0.tgz. Extracting by manifest.
6766 silly tarball no local data for @sindresorhus/transliterate@https://registry.npmjs.org/@sindresorhus/transliterate/-/transliterate-1.6.0.tgz. Extracting by manifest.
6767 silly tarball no local data for @rollup/pluginutils@https://registry.npmjs.org/@rollup/pluginutils/-/pluginutils-5.4.0.tgz. Extracting by manifest.
6768 silly tarball no local data for async-sema@https://registry.npmjs.org/async-sema/-/async-sema-3.1.1.tgz. Extracting by manifest.
6769 silly tarball no local data for @mapbox/node-pre-gyp@https://registry.npmjs.org/@mapbox/node-pre-gyp/-/node-pre-gyp-2.0.3.tgz. Extracting by manifest.
6770 silly tarball no local data for acorn-import-attributes@https://registry.npmjs.org/acorn-import-attributes/-/acorn-import-attributes-1.9.5.tgz. Extracting by manifest.
6771 silly tarball no local data for untildify@https://registry.npmjs.org/untildify/-/untildify-4.0.0.tgz. Extracting by manifest.
6772 silly tarball no local data for minimist@https://registry.npmjs.org/minimist/-/minimist-1.2.8.tgz. Extracting by manifest.
6773 silly tarball no local data for enquirer@https://registry.npmjs.org/enquirer/-/enquirer-2.4.1.tgz. Extracting by manifest.
6774 silly tarball no local data for @opentelemetry/sdk-trace@https://registry.npmjs.org/@opentelemetry/sdk-trace/-/sdk-trace-2.9.0.tgz. Extracting by manifest.
6775 silly tarball no local data for require-in-the-middle@https://registry.npmjs.org/require-in-the-middle/-/require-in-the-middle-8.0.1.tgz. Extracting by manifest.
6776 silly tarball no local data for @opentelemetry/sdk-trace-base@https://registry.npmjs.org/@opentelemetry/sdk-trace-base/-/sdk-trace-base-2.9.0.tgz. Extracting by manifest.
6777 silly tarball no local data for @octokit/openapi-types@https://registry.npmjs.org/@octokit/openapi-types/-/openapi-types-28.0.0.tgz. Extracting by manifest.
6778 silly tarball no local data for import-in-the-middle@https://registry.npmjs.org/import-in-the-middle/-/import-in-the-middle-3.3.3.tgz. Extracting by manifest.
6779 silly tarball no local data for @opentelemetry/context-async-hooks@https://registry.npmjs.org/@opentelemetry/context-async-hooks/-/context-async-hooks-2.9.0.tgz. Extracting by manifest.
6780 silly tarball no local data for json-with-bigint@https://registry.npmjs.org/json-with-bigint/-/json-with-bigint-3.5.11.tgz. Extracting by manifest.
6781 silly tarball no local data for @octokit/endpoint@https://registry.npmjs.org/@octokit/endpoint/-/endpoint-11.0.4.tgz. Extracting by manifest.
6782 silly tarball no local data for universal-user-agent@https://registry.npmjs.org/universal-user-agent/-/universal-user-agent-7.0.3.tgz. Extracting by manifest.
6783 silly tarball no local data for @opentelemetry/api-logs@https://registry.npmjs.org/@opentelemetry/api-logs/-/api-logs-0.220.0.tgz. Extracting by manifest.
6784 silly tarball no local data for @opentelemetry/semantic-conventions@https://registry.npmjs.org/@opentelemetry/semantic-conventions/-/semantic-conventions-1.43.0.tgz. Extracting by manifest.
6785 silly tarball no local data for before-after-hook@https://registry.npmjs.org/before-after-hook/-/before-after-hook-4.0.0.tgz. Extracting by manifest.
6786 silly tarball no local data for @octokit/types@https://registry.npmjs.org/@octokit/types/-/types-17.0.0.tgz. Extracting by manifest.
6787 silly tarball no local data for @octokit/request-error@https://registry.npmjs.org/@octokit/request-error/-/request-error-7.1.1.tgz. Extracting by manifest.
6788 silly tarball no local data for @octokit/request@https://registry.npmjs.org/@octokit/request/-/request-10.0.13.tgz. Extracting by manifest.
6789 silly tarball no local data for @octokit/graphql@https://registry.npmjs.org/@octokit/graphql/-/graphql-9.0.4.tgz. Extracting by manifest.
6790 silly tarball no local data for @octokit/auth-token@https://registry.npmjs.org/@octokit/auth-token/-/auth-token-6.0.0.tgz. Extracting by manifest.
6791 silly tarball no local data for @octokit/plugin-paginate-rest@https://registry.npmjs.org/@octokit/plugin-paginate-rest/-/plugin-paginate-rest-14.0.0.tgz. Extracting by manifest.
6792 silly tarball no local data for @octokit/plugin-rest-endpoint-methods@https://registry.npmjs.org/@octokit/plugin-rest-endpoint-methods/-/plugin-rest-endpoint-methods-17.0.0.tgz. Extracting by manifest.
6793 silly tarball no local data for @octokit/plugin-request-log@https://registry.npmjs.org/@octokit/plugin-request-log/-/plugin-request-log-6.0.0.tgz. Extracting by manifest.
6794 silly tarball no local data for @babel/helper-validator-identifier@https://registry.npmjs.org/@babel/helper-validator-identifier/-/helper-validator-identifier-7.29.7.tgz. Extracting by manifest.
6795 silly tarball no local data for @octokit/core@https://registry.npmjs.org/@octokit/core/-/core-7.0.7.tgz. Extracting by manifest.
6796 silly tarball no local data for unixify@https://registry.npmjs.org/unixify/-/unixify-1.0.0.tgz. Extracting by manifest.
6797 silly tarball no local data for @babel/helper-string-parser@https://registry.npmjs.org/@babel/helper-string-parser/-/helper-string-parser-7.29.7.tgz. Extracting by manifest.
6798 silly tarball no local data for precinct@https://registry.npmjs.org/precinct/-/precinct-12.3.2.tgz. Extracting by manifest.
6799 silly tarball no local data for require-package-name@https://registry.npmjs.org/require-package-name/-/require-package-name-2.0.1.tgz. Extracting by manifest.
6800 silly tarball no local data for fast-glob@https://registry.npmjs.org/fast-glob/-/fast-glob-3.3.3.tgz. Extracting by manifest.
6801 silly tarball no local data for merge-options@https://registry.npmjs.org/merge-options/-/merge-options-3.0.4.tgz. Extracting by manifest.
6802 silly tarball no local data for normalize-path@https://registry.npmjs.org/normalize-path/-/normalize-path-3.0.0.tgz. Extracting by manifest.
6803 silly tarball no local data for is-path-inside@https://registry.npmjs.org/is-path-inside/-/is-path-inside-4.0.0.tgz. Extracting by manifest.
6804 silly tarball no local data for es-module-lexer@https://registry.npmjs.org/es-module-lexer/-/es-module-lexer-1.7.0.tgz. Extracting by manifest.
6805 silly tarball no local data for @vercel/nft@https://registry.npmjs.org/@vercel/nft/-/nft-0.29.4.tgz. Extracting by manifest.
6806 silly tarball no local data for copy-file@https://registry.npmjs.org/copy-file/-/copy-file-11.1.0.tgz. Extracting by manifest.
6807 silly tarball no local data for archiver@https://registry.npmjs.org/archiver/-/archiver-8.0.0.tgz. Extracting by manifest.
6808 silly tarball no local data for @babel/types@https://registry.npmjs.org/@babel/types/-/types-7.29.8.tgz. Extracting by manifest.
6809 silly tarball no local data for @netlify/serverless-functions-api@https://registry.npmjs.org/@netlify/serverless-functions-api/-/serverless-functions-api-2.18.0.tgz. Extracting by manifest.
6810 silly tarball no local data for @babel/parser@https://registry.npmjs.org/@babel/parser/-/parser-7.29.8.tgz. Extracting by manifest.
6811 silly tarball no local data for @netlify/binary-info@https://registry.npmjs.org/@netlify/binary-info/-/binary-info-1.0.0.tgz. Extracting by manifest.
6812 silly tarball no local data for @opentelemetry/sdk-trace-node@https://registry.npmjs.org/@opentelemetry/sdk-trace-node/-/sdk-trace-node-2.9.0.tgz. Extracting by manifest.
6813 silly tarball no local data for @opentelemetry/resources@https://registry.npmjs.org/@opentelemetry/resources/-/resources-2.9.0.tgz. Extracting by manifest.
6814 silly tarball no local data for @netlify/cache@https://registry.npmjs.org/@netlify/cache/-/cache-3.4.10.tgz. Extracting by manifest.
6815 silly tarball no local data for escape-string-regexp@https://registry.npmjs.org/escape-string-regexp/-/escape-string-regexp-5.0.0.tgz. Extracting by manifest.
6816 silly tarball no local data for @netlify/local-functions-proxy-win32-x64@https://registry.npmjs.org/@netlify/local-functions-proxy-win32-x64/-/local-functions-proxy-win32-x64-1.1.1.tgz. Extracting by manifest.
6817 silly tarball no local data for ipx@https://registry.npmjs.org/ipx/-/ipx-3.1.1.tgz. Extracting by manifest.
6818 silly tarball no local data for @opentelemetry/core@https://registry.npmjs.org/@opentelemetry/core/-/core-2.8.0.tgz. Extracting by manifest.
6819 silly tarball no local data for micromatch@https://registry.npmjs.org/micromatch/-/micromatch-4.0.8.tgz. Extracting by manifest.
6820 silly tarball no local data for @opentelemetry/instrumentation@https://registry.npmjs.org/@opentelemetry/instrumentation/-/instrumentation-0.220.0.tgz. Extracting by manifest.
6821 silly tarball no local data for micro-memoize@https://registry.npmjs.org/micro-memoize/-/micro-memoize-5.1.2.tgz. Extracting by manifest.
6822 silly tarball no local data for cpy@https://registry.npmjs.org/cpy/-/cpy-11.1.0.tgz. Extracting by manifest.
6823 silly tarball no local data for @netlify/functions@https://registry.npmjs.org/@netlify/functions/-/functions-5.3.0.tgz. Extracting by manifest.
6824 silly tarball no local data for extract-zip@https://registry.npmjs.org/extract-zip/-/extract-zip-2.0.1.tgz. Extracting by manifest.
6825 silly tarball no local data for urlpattern-polyfill@https://registry.npmjs.org/urlpattern-polyfill/-/urlpattern-polyfill-8.0.2.tgz. Extracting by manifest.
6826 silly tarball no local data for parse-imports@https://registry.npmjs.org/parse-imports/-/parse-imports-2.2.1.tgz. Extracting by manifest.
6827 silly tarball no local data for p-retry@https://registry.npmjs.org/p-retry/-/p-retry-6.2.1.tgz. Extracting by manifest.
6828 silly tarball no local data for tar@https://registry.npmjs.org/tar/-/tar-7.5.22.tgz. Extracting by manifest.
6829 silly tarball no local data for node-stream-zip@https://registry.npmjs.org/node-stream-zip/-/node-stream-zip-1.16.0.tgz. Extracting by manifest.
6830 silly tarball no local data for @netlify/types@https://registry.npmjs.org/@netlify/types/-/types-2.8.0.tgz. Extracting by manifest.
6831 silly tarball no local data for esbuild@https://registry.npmjs.org/esbuild/-/esbuild-0.28.1.tgz. Extracting by manifest.
6832 silly tarball no local data for ajv-errors@https://registry.npmjs.org/ajv-errors/-/ajv-errors-3.0.0.tgz. Extracting by manifest.
6833 silly tarball no local data for @sveltejs/acorn-typescript@https://registry.npmjs.org/@sveltejs/acorn-typescript/-/acorn-typescript-1.0.13.tgz. Extracting by manifest.
6834 silly tarball no local data for common-path-prefix@https://registry.npmjs.org/common-path-prefix/-/common-path-prefix-3.0.0.tgz. Extracting by manifest.
6835 silly tarball no local data for @import-maps/resolve@https://registry.npmjs.org/@import-maps/resolve/-/resolve-2.0.0.tgz. Extracting by manifest.
6836 silly tarball no local data for ajv@https://registry.npmjs.org/ajv/-/ajv-8.20.0.tgz. Extracting by manifest.
6837 silly tarball no local data for better-ajv-errors@https://registry.npmjs.org/better-ajv-errors/-/better-ajv-errors-1.2.0.tgz. Extracting by manifest.
6838 silly tarball no local data for acorn@https://registry.npmjs.org/acorn/-/acorn-8.18.0.tgz. Extracting by manifest.
6839 silly tarball no local data for parse-gitignore@https://registry.npmjs.org/parse-gitignore/-/parse-gitignore-2.0.0.tgz. Extracting by manifest.
6840 silly tarball no local data for tmp-promise@https://registry.npmjs.org/tmp-promise/-/tmp-promise-3.0.3.tgz. Extracting by manifest.
6841 silly tarball no local data for js-image-generator@https://registry.npmjs.org/js-image-generator/-/js-image-generator-1.0.4.tgz. Extracting by manifest.
6842 silly tarball no local data for image-size@https://registry.npmjs.org/image-size/-/image-size-2.0.2.tgz. Extracting by manifest.
6843 silly tarball no local data for @whatwg-node/server@https://registry.npmjs.org/@whatwg-node/server/-/server-0.11.0.tgz. Extracting by manifest.
6844 silly tarball no local data for empathic@https://registry.npmjs.org/empathic/-/empathic-2.0.1.tgz. Extracting by manifest.
6845 silly tarball no local data for @electric-sql/pglite@https://registry.npmjs.org/@electric-sql/pglite/-/pglite-0.3.16.tgz. Extracting by manifest.
6846 silly tarball no local data for dettle@https://registry.npmjs.org/dettle/-/dettle-1.0.5.tgz. Extracting by manifest.
6847 silly tarball no local data for @netlify/static@https://registry.npmjs.org/@netlify/static/-/static-3.1.12.tgz. Extracting by manifest.
6848 silly tarball no local data for atomically@https://registry.npmjs.org/atomically/-/atomically-2.1.1.tgz. Extracting by manifest.
6849 silly tarball no local data for pg-gateway@https://registry.npmjs.org/pg-gateway/-/pg-gateway-0.3.0-beta.4.tgz. Extracting by manifest.
6850 silly tarball no local data for @netlify/runtime@https://registry.npmjs.org/@netlify/runtime/-/runtime-4.1.29.tgz. Extracting by manifest.
6851 silly tarball no local data for validate-npm-package-name@https://registry.npmjs.org/validate-npm-package-name/-/validate-npm-package-name-5.0.1.tgz. Extracting by manifest.
6852 silly tarball no local data for @netlify/redirects@https://registry.npmjs.org/@netlify/redirects/-/redirects-3.1.15.tgz. Extracting by manifest.
6853 silly tarball no local data for @netlify/headers@https://registry.npmjs.org/@netlify/headers/-/headers-2.1.13.tgz. Extracting by manifest.
6854 silly tarball no local data for @netlify/functions-dev@https://registry.npmjs.org/@netlify/functions-dev/-/functions-dev-1.3.5.tgz. Extracting by manifest.
6855 silly tarball no local data for path-type@https://registry.npmjs.org/path-type/-/path-type-6.0.0.tgz. Extracting by manifest.
6856 silly tarball no local data for @netlify/database-dev@https://registry.npmjs.org/@netlify/database-dev/-/database-dev-0.10.1.tgz. Extracting by manifest.
6857 silly tarball no local data for @netlify/edge-functions-dev@https://registry.npmjs.org/@netlify/edge-functions-dev/-/edge-functions-dev-1.0.24.tgz. Extracting by manifest.
6858 silly tarball no local data for map-obj@https://registry.npmjs.org/map-obj/-/map-obj-5.0.2.tgz. Extracting by manifest.
6859 silly tarball no local data for deepmerge@https://registry.npmjs.org/deepmerge/-/deepmerge-4.3.1.tgz. Extracting by manifest.
6860 silly tarball no local data for move-file@https://registry.npmjs.org/move-file/-/move-file-3.1.0.tgz. Extracting by manifest.
6861 silly tarball no local data for fast-safe-stringify@https://registry.npmjs.org/fast-safe-stringify/-/fast-safe-stringify-2.1.1.tgz. Extracting by manifest.
6862 silly tarball no local data for get-stream@https://registry.npmjs.org/get-stream/-/get-stream-9.0.1.tgz. Extracting by manifest.
6863 silly tarball no local data for smol-toml@https://registry.npmjs.org/smol-toml/-/smol-toml-1.8.0.tgz. Extracting by manifest.
6864 silly tarball no local data for lockparse@https://registry.npmjs.org/lockparse/-/lockparse-0.5.2.tgz. Extracting by manifest.
6865 silly tarball no local data for read-pkg@https://registry.npmjs.org/read-pkg/-/read-pkg-9.0.1.tgz. Extracting by manifest.
6866 silly tarball no local data for pump@https://registry.npmjs.org/pump/-/pump-3.0.4.tgz. Extracting by manifest.
6867 silly tarball no local data for iserror@https://registry.npmjs.org/iserror/-/iserror-0.0.2.tgz. Extracting by manifest.
6868 silly tarball no local data for stack-generator@https://registry.npmjs.org/stack-generator/-/stack-generator-2.0.10.tgz. Extracting by manifest.
6869 silly tarball no local data for byline@https://registry.npmjs.org/byline/-/byline-5.0.0.tgz. Extracting by manifest.
6870 silly tarball no local data for error-stack-parser@https://registry.npmjs.org/error-stack-parser/-/error-stack-parser-2.1.4.tgz. Extracting by manifest.
6871 silly tarball no local data for @bugsnag/cuid@https://registry.npmjs.org/@bugsnag/cuid/-/cuid-3.2.2.tgz. Extracting by manifest.
6872 silly tarball no local data for @bugsnag/safe-json-stringify@https://registry.npmjs.org/@bugsnag/safe-json-stringify/-/safe-json-stringify-6.1.0.tgz. Extracting by manifest.
6873 silly tarball no local data for zod@https://registry.npmjs.org/zod/-/zod-4.4.3.tgz. Extracting by manifest.
6874 silly tarball no local data for junk@https://registry.npmjs.org/junk/-/junk-4.0.1.tgz. Extracting by manifest.
6875 silly tarball no local data for @bugsnag/node@https://registry.npmjs.org/@bugsnag/node/-/node-8.10.0.tgz. Extracting by manifest.
6876 silly tarball no local data for @bugsnag/core@https://registry.npmjs.org/@bugsnag/core/-/core-8.9.0.tgz. Extracting by manifest.
6877 silly tarball no local data for @bugsnag/browser@https://registry.npmjs.org/@bugsnag/browser/-/browser-8.10.0.tgz. Extracting by manifest.
6878 silly tarball no local data for yaml@https://registry.npmjs.org/yaml/-/yaml-2.9.0.tgz. Extracting by manifest.
6879 silly tarball no local data for typescript@https://registry.npmjs.org/typescript/-/typescript-5.9.3.tgz. Extracting by manifest.
6880 silly tarball no local data for safe-json-stringify@https://registry.npmjs.org/safe-json-stringify/-/safe-json-stringify-1.2.0.tgz. Extracting by manifest.
6881 silly tarball no local data for rfdc@https://registry.npmjs.org/rfdc/-/rfdc-1.4.1.tgz. Extracting by manifest.
6882 silly tarball no local data for ps-list@https://registry.npmjs.org/ps-list/-/ps-list-8.1.1.tgz. Extracting by manifest.
6883 silly tarball no local data for supports-color@https://registry.npmjs.org/supports-color/-/supports-color-10.2.2.tgz. Extracting by manifest.
6884 silly tarball no local data for resolve@https://registry.npmjs.org/resolve/-/resolve-2.0.0-next.7.tgz. Extracting by manifest.
6885 silly tarball no local data for pretty-ms@https://registry.npmjs.org/pretty-ms/-/pretty-ms-9.3.0.tgz. Extracting by manifest.
6886 silly tarball no local data for path-exists@https://registry.npmjs.org/path-exists/-/path-exists-5.0.0.tgz. Extracting by manifest.
6887 silly tarball no local data for p-locate@https://registry.npmjs.org/p-locate/-/p-locate-6.0.0.tgz. Extracting by manifest.
6888 silly tarball no local data for p-event@https://registry.npmjs.org/p-event/-/p-event-6.0.1.tgz. Extracting by manifest.
6889 silly tarball no local data for package-directory@https://registry.npmjs.org/package-directory/-/package-directory-8.2.0.tgz. Extracting by manifest.
6890 silly tarball no local data for os-name@https://registry.npmjs.org/os-name/-/os-name-6.1.0.tgz. Extracting by manifest.
6891 silly tarball no local data for p-reduce@https://registry.npmjs.org/p-reduce/-/p-reduce-3.0.0.tgz. Extracting by manifest.
6892 silly tarball no local data for minimatch@https://registry.npmjs.org/minimatch/-/minimatch-10.2.6.tgz. Extracting by manifest.
6893 silly tarball no local data for log-process-errors@https://registry.npmjs.org/log-process-errors/-/log-process-errors-11.0.1.tgz. Extracting by manifest.
6894 silly tarball no local data for keep-func-props@https://registry.npmjs.org/keep-func-props/-/keep-func-props-6.0.0.tgz. Extracting by manifest.
6895 silly tarball no local data for memoize-one@https://registry.npmjs.org/memoize-one/-/memoize-one-6.0.0.tgz. Extracting by manifest.
6896 silly tarball no local data for is-plain-obj@https://registry.npmjs.org/is-plain-obj/-/is-plain-obj-4.1.0.tgz. Extracting by manifest.
6897 silly tarball no local data for indent-string@https://registry.npmjs.org/indent-string/-/indent-string-5.0.0.tgz. Extracting by manifest.
6898 silly tarball no local data for ignore@https://registry.npmjs.org/ignore/-/ignore-7.0.6.tgz. Extracting by manifest.
6899 silly tarball no local data for filter-obj@https://registry.npmjs.org/filter-obj/-/filter-obj-6.1.0.tgz. Extracting by manifest.
6900 silly tarball no local data for hot-shots@https://registry.npmjs.org/hot-shots/-/hot-shots-11.4.0.tgz. Extracting by manifest.
6901 silly tarball no local data for figures@https://registry.npmjs.org/figures/-/figures-6.1.0.tgz. Extracting by manifest.
6902 silly tarball no local data for fdir@https://registry.npmjs.org/fdir/-/fdir-6.5.0.tgz. Extracting by manifest.
6903 silly tarball no local data for fast-string-width@https://registry.npmjs.org/fast-string-width/-/fast-string-width-3.0.2.tgz. Extracting by manifest.
6904 silly tarball no local data for clean-stack@https://registry.npmjs.org/clean-stack/-/clean-stack-5.3.0.tgz. Extracting by manifest.
6905 silly tarball no local data for ansis@https://registry.npmjs.org/ansis/-/ansis-4.3.1.tgz. Extracting by manifest.
6906 silly tarball no local data for @netlify/run-utils@https://registry.npmjs.org/@netlify/run-utils/-/run-utils-7.1.0.tgz. Extracting by manifest.
6907 silly tarball no local data for @sindresorhus/slugify@https://registry.npmjs.org/@sindresorhus/slugify/-/slugify-2.2.1.tgz. Extracting by manifest.
6908 silly tarball no local data for @netlify/git-utils@https://registry.npmjs.org/@netlify/git-utils/-/git-utils-7.1.0.tgz. Extracting by manifest.
6909 silly tarball no local data for @bugsnag/js@https://registry.npmjs.org/@bugsnag/js/-/js-8.10.0.tgz. Extracting by manifest.
6910 silly tarball no local data for @netlify/opentelemetry-utils@https://registry.npmjs.org/@netlify/opentelemetry-utils/-/opentelemetry-utils-3.1.0.tgz. Extracting by manifest.
6911 silly tarball no local data for @netlify/cache-utils@https://registry.npmjs.org/@netlify/cache-utils/-/cache-utils-7.1.1.tgz. Extracting by manifest.
6912 silly tarball no local data for @netlify/functions-utils@https://registry.npmjs.org/@netlify/functions-utils/-/functions-utils-7.1.4.tgz. Extracting by manifest.
6913 silly tarball no local data for picoquery@https://registry.npmjs.org/picoquery/-/picoquery-2.5.0.tgz. Extracting by manifest.
6914 silly tarball no local data for @netlify/runtime-utils@https://registry.npmjs.org/@netlify/runtime-utils/-/runtime-utils-2.3.0.tgz. Extracting by manifest.
6915 silly tarball no local data for @netlify/open-api@https://registry.npmjs.org/@netlify/open-api/-/open-api-2.57.0.tgz. Extracting by manifest.
6916 silly tarball no local data for @netlify/plugins-list@https://registry.npmjs.org/@netlify/plugins-list/-/plugins-list-6.81.9.tgz. Extracting by manifest.
6917 silly tarball no local data for @netlify/otel@https://registry.npmjs.org/@netlify/otel/-/otel-6.0.6.tgz. Extracting by manifest.
6918 silly tarball no local data for @lukeed/ms@https://registry.npmjs.org/@lukeed/ms/-/ms-2.0.2.tgz. Extracting by manifest.
6919 silly tarball no local data for http-errors@https://registry.npmjs.org/http-errors/-/http-errors-2.0.1.tgz. Extracting by manifest.
6920 silly tarball no local data for fast-decode-uri-component@https://registry.npmjs.org/fast-decode-uri-component/-/fast-decode-uri-component-1.0.1.tgz. Extracting by manifest.
6921 silly tarball no local data for escape-html@https://registry.npmjs.org/escape-html/-/escape-html-1.0.3.tgz. Extracting by manifest.
6922 silly tarball no local data for glob@https://registry.npmjs.org/glob/-/glob-13.0.6.tgz. Extracting by manifest.
6923 silly tarball no local data for fastq@https://registry.npmjs.org/fastq/-/fastq-1.20.1.tgz. Extracting by manifest.
6924 silly tarball no local data for fastify-plugin@https://registry.npmjs.org/fastify-plugin/-/fastify-plugin-6.0.0.tgz. Extracting by manifest.
6925 silly tarball no local data for @fastify/send@https://registry.npmjs.org/@fastify/send/-/send-4.1.1.tgz. Extracting by manifest.
6926 silly tarball no local data for content-disposition@https://registry.npmjs.org/content-disposition/-/content-disposition-2.0.1.tgz. Extracting by manifest.
6927 silly tarball no local data for @fastify/accept-negotiator@https://registry.npmjs.org/@fastify/accept-negotiator/-/accept-negotiator-2.1.0.tgz. Extracting by manifest.
6928 silly tarball no local data for @fastify/error@https://registry.npmjs.org/@fastify/error/-/error-4.2.0.tgz. Extracting by manifest.
6929 silly tarball no local data for ws@https://registry.npmjs.org/ws/-/ws-8.21.3.tgz. Extracting by manifest.
6930 silly tarball no local data for update-notifier@https://registry.npmjs.org/update-notifier/-/update-notifier-7.3.1.tgz. Extracting by manifest.
6931 silly tarball no local data for tomlify-j0.4@https://registry.npmjs.org/tomlify-j0.4/-/tomlify-j0.4-3.0.0.tgz. Extracting by manifest.
6932 silly tarball no local data for ulid@https://registry.npmjs.org/ulid/-/ulid-3.0.2.tgz. Extracting by manifest.
6933 silly tarball no local data for write-file-atomic@https://registry.npmjs.org/write-file-atomic/-/write-file-atomic-5.0.1.tgz. Extracting by manifest.
6934 silly tarball no local data for yauzl@https://registry.npmjs.org/yauzl/-/yauzl-3.4.0.tgz. Extracting by manifest.
6935 silly tarball no local data for toml@https://registry.npmjs.org/toml/-/toml-3.0.0.tgz. Extracting by manifest.
6936 silly tarball no local data for terminal-link@https://registry.npmjs.org/terminal-link/-/terminal-link-5.0.0.tgz. Extracting by manifest.
6937 silly tarball no local data for source-map-support@https://registry.npmjs.org/source-map-support/-/source-map-support-0.5.21.tgz. Extracting by manifest.
6938 silly tarball no local data for readdirp@https://registry.npmjs.org/readdirp/-/readdirp-5.1.1.tgz. Extracting by manifest.
6939 silly tarball no local data for raw-body@https://registry.npmjs.org/raw-body/-/raw-body-3.0.2.tgz. Extracting by manifest.
6940 silly tarball no local data for pg@https://registry.npmjs.org/pg/-/pg-8.23.0.tgz. Extracting by manifest.
6941 silly tarball no local data for read-package-up@https://registry.npmjs.org/read-package-up/-/read-package-up-12.0.0.tgz. Extracting by manifest.
6942 silly tarball no local data for prettyjson@https://registry.npmjs.org/prettyjson/-/prettyjson-1.2.5.tgz. Extracting by manifest.
6943 silly tarball no local data for parse-duration@https://registry.npmjs.org/parse-duration/-/parse-duration-2.1.8.tgz. Extracting by manifest.
6944 silly tarball no local data for parallel-transform@https://registry.npmjs.org/parallel-transform/-/parallel-transform-1.2.0.tgz. Extracting by manifest.
6945 silly tarball no local data for parse-github-url@https://registry.npmjs.org/parse-github-url/-/parse-github-url-1.0.4.tgz. Extracting by manifest.
6946 silly tarball no local data for p-map@https://registry.npmjs.org/p-map/-/p-map-7.0.6.tgz. Extracting by manifest.
6947 silly tarball no local data for p-wait-for@https://registry.npmjs.org/p-wait-for/-/p-wait-for-6.0.0.tgz. Extracting by manifest.
6948 silly tarball no local data for p-filter@https://registry.npmjs.org/p-filter/-/p-filter-4.1.0.tgz. Extracting by manifest.
6949 silly tarball no local data for open@https://registry.npmjs.org/open/-/open-11.0.1.tgz. Extracting by manifest.
6950 silly tarball no local data for normalize-package-data@https://registry.npmjs.org/normalize-package-data/-/normalize-package-data-7.0.1.tgz. Extracting by manifest.
6951 silly tarball no local data for netlify-redirector@https://registry.npmjs.org/netlify-redirector/-/netlify-redirector-0.5.0.tgz. Extracting by manifest.
6952 silly tarball no local data for modern-tar@https://registry.npmjs.org/modern-tar/-/modern-tar-0.8.4.tgz. Extracting by manifest.
6953 silly tarball no local data for multiparty@https://registry.npmjs.org/multiparty/-/multiparty-4.3.0.tgz. Extracting by manifest.
6954 silly tarball no local data for nanospinner@https://registry.npmjs.org/nanospinner/-/nanospinner-1.2.2.tgz. Extracting by manifest.
6955 silly tarball no local data for maxstache-stream@https://registry.npmjs.org/maxstache-stream/-/maxstache-stream-1.0.4.tgz. Extracting by manifest.
6956 silly tarball no local data for maxstache@https://registry.npmjs.org/maxstache/-/maxstache-1.0.7.tgz. Extracting by manifest.
6957 silly tarball no local data for log-update@https://registry.npmjs.org/log-update/-/log-update-7.2.0.tgz. Extracting by manifest.
6958 silly tarball no local data for locate-path@https://registry.npmjs.org/locate-path/-/locate-path-8.0.0.tgz. Extracting by manifest.
6959 silly tarball no local data for jwt-decode@https://registry.npmjs.org/jwt-decode/-/jwt-decode-4.0.0.tgz. Extracting by manifest.
6960 silly tarball no local data for isexe@https://registry.npmjs.org/isexe/-/isexe-4.0.0.tgz. Extracting by manifest.
6961 silly tarball no local data for is-wsl@https://registry.npmjs.org/is-wsl/-/is-wsl-3.1.1.tgz. Extracting by manifest.
6962 silly tarball no local data for is-docker@https://registry.npmjs.org/is-docker/-/is-docker-4.0.0.tgz. Extracting by manifest.
6963 silly tarball no local data for inquirer-autocomplete-prompt@https://registry.npmjs.org/inquirer-autocomplete-prompt/-/inquirer-autocomplete-prompt-1.4.0.tgz. Extracting by manifest.
6964 silly tarball no local data for lambda-local@https://registry.npmjs.org/lambda-local/-/lambda-local-2.2.0.tgz. Extracting by manifest.
6965 silly tarball no local data for http-proxy@https://registry.npmjs.org/http-proxy/-/http-proxy-1.18.1.tgz. Extracting by manifest.
6966 silly tarball no local data for inquirer@https://registry.npmjs.org/inquirer/-/inquirer-8.2.7.tgz. Extracting by manifest.
6967 silly tarball no local data for http-proxy-middleware@https://registry.npmjs.org/http-proxy-middleware/-/http-proxy-middleware-3.0.7.tgz. Extracting by manifest.
6968 silly tarball no local data for gitconfiglocal@https://registry.npmjs.org/gitconfiglocal/-/gitconfiglocal-2.1.0.tgz. Extracting by manifest.
6969 silly tarball no local data for git-repo-info@https://registry.npmjs.org/git-repo-info/-/git-repo-info-2.1.1.tgz. Extracting by manifest.
6970 silly tarball no local data for fuzzy@https://registry.npmjs.org/fuzzy/-/fuzzy-0.1.3.tgz. Extracting by manifest.
6971 silly tarball no local data for find-up@https://registry.npmjs.org/find-up/-/find-up-8.0.0.tgz. Extracting by manifest.
6972 silly tarball no local data for get-port@https://registry.npmjs.org/get-port/-/get-port-5.1.1.tgz. Extracting by manifest.
6973 silly tarball no local data for express-logging@https://registry.npmjs.org/express-logging/-/express-logging-1.1.1.tgz. Extracting by manifest.
6974 silly tarball no local data for fastify@https://registry.npmjs.org/fastify/-/fastify-5.12.0.tgz. Extracting by manifest.
6975 silly tarball no local data for folder-walker@https://registry.npmjs.org/folder-walker/-/folder-walker-3.2.0.tgz. Extracting by manifest.
6976 silly tarball no local data for express@https://registry.npmjs.org/express/-/express-5.2.1.tgz. Extracting by manifest.
6977 silly tarball no local data for fastest-levenshtein@https://registry.npmjs.org/fastest-levenshtein/-/fastest-levenshtein-1.0.16.tgz. Extracting by manifest.
6978 silly tarball no local data for etag@https://registry.npmjs.org/etag/-/etag-1.8.1.tgz. Extracting by manifest.
6979 silly tarball no local data for envinfo@https://registry.npmjs.org/envinfo/-/envinfo-7.21.0.tgz. Extracting by manifest.
6980 silly tarball no local data for execa@https://registry.npmjs.org/execa/-/execa-5.1.1.tgz. Extracting by manifest.
6981 silly tarball no local data for dotenv@https://registry.npmjs.org/dotenv/-/dotenv-17.4.2.tgz. Extracting by manifest.
6982 silly tarball no local data for env-paths@https://registry.npmjs.org/env-paths/-/env-paths-4.0.0.tgz. Extracting by manifest.
6983 silly tarball no local data for cron-parser@https://registry.npmjs.org/cron-parser/-/cron-parser-4.9.0.tgz. Extracting by manifest.
6984 silly tarball no local data for decache@https://registry.npmjs.org/decache/-/decache-4.6.2.tgz. Extracting by manifest.
6985 silly tarball no local data for dot-prop@https://registry.npmjs.org/dot-prop/-/dot-prop-10.2.0.tgz. Extracting by manifest.
6986 silly tarball no local data for cookie@https://registry.npmjs.org/cookie/-/cookie-1.1.1.tgz. Extracting by manifest.
6987 silly tarball no local data for comment-json@https://registry.npmjs.org/comment-json/-/comment-json-4.6.2.tgz. Extracting by manifest.
6988 silly tarball no local data for clean-deep@https://registry.npmjs.org/clean-deep/-/clean-deep-3.4.0.tgz. Extracting by manifest.
6989 silly tarball no local data for content-type@https://registry.npmjs.org/content-type/-/content-type-1.0.5.tgz. Extracting by manifest.
6990 silly tarball no local data for commander@https://registry.npmjs.org/commander/-/commander-12.1.0.tgz. Extracting by manifest.
6991 silly tarball no local data for ci-info@https://registry.npmjs.org/ci-info/-/ci-info-4.4.0.tgz. Extracting by manifest.
6992 silly tarball no local data for chalk@https://registry.npmjs.org/chalk/-/chalk-5.6.2.tgz. Extracting by manifest.
6993 silly tarball no local data for boxen@https://registry.npmjs.org/boxen/-/boxen-8.0.1.tgz. Extracting by manifest.
6994 silly tarball no local data for chokidar@https://registry.npmjs.org/chokidar/-/chokidar-4.0.3.tgz. Extracting by manifest.
6995 silly tarball no local data for backoff@https://registry.npmjs.org/backoff/-/backoff-2.5.0.tgz. Extracting by manifest.
6996 silly tarball no local data for ascii-table@https://registry.npmjs.org/ascii-table/-/ascii-table-0.0.9.tgz. Extracting by manifest.
6997 silly tarball no local data for @pnpm/tabtab@https://registry.npmjs.org/@pnpm/tabtab/-/tabtab-0.5.4.tgz. Extracting by manifest.
6998 silly tarball no local data for ansi-to-html@https://registry.npmjs.org/ansi-to-html/-/ansi-to-html-0.7.2.tgz. Extracting by manifest.
6999 silly tarball no local data for @octokit/rest@https://registry.npmjs.org/@octokit/rest/-/rest-22.0.1.tgz. Extracting by manifest.
7000 silly tarball no local data for ansi-escapes@https://registry.npmjs.org/ansi-escapes/-/ansi-escapes-7.3.0.tgz. Extracting by manifest.
7001 silly tarball no local data for @netlify/zip-it-and-ship-it@https://registry.npmjs.org/@netlify/zip-it-and-ship-it/-/zip-it-and-ship-it-15.3.4.tgz. Extracting by manifest.
7002 silly tarball no local data for @netlify/headers-parser@https://registry.npmjs.org/@netlify/headers-parser/-/headers-parser-10.1.1.tgz. Extracting by manifest.
7003 silly tarball no local data for @netlify/local-functions-proxy@https://registry.npmjs.org/@netlify/local-functions-proxy/-/local-functions-proxy-2.0.3.tgz. Extracting by manifest.
7004 silly tarball no local data for @netlify/redirect-parser@https://registry.npmjs.org/@netlify/redirect-parser/-/redirect-parser-16.1.0.tgz. Extracting by manifest.
7005 silly tarball no local data for @netlify/edge-functions-bootstrap@https://registry.npmjs.org/@netlify/edge-functions-bootstrap/-/edge-functions-bootstrap-2.17.1.tgz. Extracting by manifest.
7006 silly tarball no local data for @netlify/edge-functions@https://registry.npmjs.org/@netlify/edge-functions/-/edge-functions-3.0.8.tgz. Extracting by manifest.
7007 silly tarball no local data for @netlify/images@https://registry.npmjs.org/@netlify/images/-/images-1.3.12.tgz. Extracting by manifest.
7008 silly tarball no local data for @netlify/edge-bundler@https://registry.npmjs.org/@netlify/edge-bundler/-/edge-bundler-16.0.3.tgz. Extracting by manifest.
7009 silly tarball no local data for @netlify/dev-utils@https://registry.npmjs.org/@netlify/dev-utils/-/dev-utils-4.4.7.tgz. Extracting by manifest.
7010 silly tarball no local data for @netlify/build@https://registry.npmjs.org/@netlify/build/-/build-36.3.5.tgz. Extracting by manifest.
7011 silly tarball no local data for @netlify/config@https://registry.npmjs.org/@netlify/config/-/config-25.2.2.tgz. Extracting by manifest.
7012 silly tarball no local data for @netlify/build-info@https://registry.npmjs.org/@netlify/build-info/-/build-info-11.3.0.tgz. Extracting by manifest.
7013 silly tarball no local data for @netlify/api@https://registry.npmjs.org/@netlify/api/-/api-15.1.1.tgz. Extracting by manifest.
7014 silly tarball no local data for @netlify/blobs@https://registry.npmjs.org/@netlify/blobs/-/blobs-10.7.13.tgz. Extracting by manifest.
7015 silly tarball no local data for @netlify/dev@https://registry.npmjs.org/@netlify/dev/-/dev-4.18.13.tgz. Extracting by manifest.
7016 silly tarball no local data for @fastify/static@https://registry.npmjs.org/@fastify/static/-/static-10.1.3.tgz. Extracting by manifest.
7017 silly tarball no local data for @netlify/ai@https://registry.npmjs.org/@netlify/ai/-/ai-0.4.4.tgz. Extracting by manifest.
7018 silly tarball no local data for netlify-cli@https://registry.npmjs.org/netlify-cli/-/netlify-cli-27.1.1.tgz. Extracting by manifest.
7019 silly tarball no local data for @opentelemetry/api@https://registry.npmjs.org/@opentelemetry/api/-/api-1.8.0.tgz. Extracting by manifest.
7020 silly tarball no local data for buffer@https://registry.npmjs.org/buffer/-/buffer-6.0.3.tgz. Extracting by manifest.
7021 silly tarball no local data for readable-stream@https://registry.npmjs.org/readable-stream/-/readable-stream-4.7.0.tgz. Extracting by manifest.
7022 silly tarball no local data for buffer@https://registry.npmjs.org/buffer/-/buffer-6.0.3.tgz. Extracting by manifest.
7023 silly tarball no local data for readable-stream@https://registry.npmjs.org/readable-stream/-/readable-stream-4.7.0.tgz. Extracting by manifest.
7024 silly tarball no local data for is-stream@https://registry.npmjs.org/is-stream/-/is-stream-4.0.1.tgz. Extracting by manifest.
7025 silly tarball no local data for color-name@https://registry.npmjs.org/color-name/-/color-name-2.1.1.tgz. Extracting by manifest.
7026 silly tarball no local data for dot-prop@https://registry.npmjs.org/dot-prop/-/dot-prop-9.0.0.tgz. Extracting by manifest.
7027 silly tarball no local data for graceful-fs@https://registry.npmjs.org/graceful-fs/-/graceful-fs-4.2.10.tgz. Extracting by manifest.
7028 silly tarball no local data for color-name@https://registry.npmjs.org/color-name/-/color-name-2.1.1.tgz. Extracting by manifest.
7029 silly tarball no local data for ini@https://registry.npmjs.org/ini/-/ini-4.1.1.tgz. Extracting by manifest.
7030 silly tarball no local data for picomatch@https://registry.npmjs.org/picomatch/-/picomatch-2.3.2.tgz. Extracting by manifest.
7031 silly tarball no local data for color-convert@https://registry.npmjs.org/color-convert/-/color-convert-3.1.3.tgz. Extracting by manifest.
7032 silly tarball no local data for entities@https://registry.npmjs.org/entities/-/entities-4.5.0.tgz. Extracting by manifest.
7033 silly tarball no local data for mdn-data@https://registry.npmjs.org/mdn-data/-/mdn-data-2.0.28.tgz. Extracting by manifest.
7034 silly tarball no local data for semver@https://registry.npmjs.org/semver/-/semver-6.3.1.tgz. Extracting by manifest.
7035 silly tarball no local data for entities@https://registry.npmjs.org/entities/-/entities-7.0.1.tgz. Extracting by manifest.
7036 silly tarball no local data for css-tree@https://registry.npmjs.org/css-tree/-/css-tree-2.2.1.tgz. Extracting by manifest.
7037 silly tarball no local data for postcss@https://registry.npmjs.org/postcss/-/postcss-8.5.26.tgz. Extracting by manifest.
7038 silly tarball no local data for path-key@https://registry.npmjs.org/path-key/-/path-key-4.0.0.tgz. Extracting by manifest.
7039 silly tarball no local data for split2@https://registry.npmjs.org/split2/-/split2-4.2.0.tgz. Extracting by manifest.
7040 silly tarball no local data for strip-final-newline@https://registry.npmjs.org/strip-final-newline/-/strip-final-newline-3.0.0.tgz. Extracting by manifest.
7041 silly tarball no local data for real-require@https://registry.npmjs.org/real-require/-/real-require-1.0.0.tgz. Extracting by manifest.
7042 silly tarball no local data for split2@https://registry.npmjs.org/split2/-/split2-4.2.0.tgz. Extracting by manifest.
7043 silly tarball no local data for npm-run-path@https://registry.npmjs.org/npm-run-path/-/npm-run-path-5.3.0.tgz. Extracting by manifest.
7044 silly tarball no local data for onetime@https://registry.npmjs.org/onetime/-/onetime-6.0.0.tgz. Extracting by manifest.
7045 silly tarball no local data for is-stream@https://registry.npmjs.org/is-stream/-/is-stream-3.0.0.tgz. Extracting by manifest.
7046 silly tarball no local data for get-stream@https://registry.npmjs.org/get-stream/-/get-stream-8.0.1.tgz. Extracting by manifest.
7047 silly tarball no local data for human-signals@https://registry.npmjs.org/human-signals/-/human-signals-5.0.0.tgz. Extracting by manifest.
7048 silly tarball no local data for has-flag@https://registry.npmjs.org/has-flag/-/has-flag-4.0.0.tgz. Extracting by manifest.
7049 silly tarball no local data for execa@https://registry.npmjs.org/execa/-/execa-8.0.1.tgz. Extracting by manifest.
7050 silly tarball no local data for supports-color@https://registry.npmjs.org/supports-color/-/supports-color-7.2.0.tgz. Extracting by manifest.
7051 silly tarball no local data for powershell-utils@https://registry.npmjs.org/powershell-utils/-/powershell-utils-0.1.0.tgz. Extracting by manifest.
7052 silly tarball no local data for is-unicode-supported@https://registry.npmjs.org/is-unicode-supported/-/is-unicode-supported-0.1.0.tgz. Extracting by manifest.
7053 silly tarball no local data for string_decoder@https://registry.npmjs.org/string_decoder/-/string_decoder-1.1.1.tgz. Extracting by manifest.
7054 silly tarball no local data for chalk@https://registry.npmjs.org/chalk/-/chalk-4.1.2.tgz. Extracting by manifest.
7055 silly tarball no local data for is-fullwidth-code-point@https://registry.npmjs.org/is-fullwidth-code-point/-/is-fullwidth-code-point-5.1.0.tgz. Extracting by manifest.
7056 silly tarball no local data for safe-buffer@https://registry.npmjs.org/safe-buffer/-/safe-buffer-5.1.2.tgz. Extracting by manifest.
7057 silly tarball no local data for readable-stream@https://registry.npmjs.org/readable-stream/-/readable-stream-2.3.8.tgz. Extracting by manifest.
7058 silly tarball no local data for isarray@https://registry.npmjs.org/isarray/-/isarray-1.0.0.tgz. Extracting by manifest.
7059 silly tarball no local data for is-docker@https://registry.npmjs.org/is-docker/-/is-docker-3.0.0.tgz. Extracting by manifest.
7060 silly tarball no local data for chokidar@https://registry.npmjs.org/chokidar/-/chokidar-5.0.0.tgz. Extracting by manifest.
7061 silly tarball no local data for commander@https://registry.npmjs.org/commander/-/commander-11.1.0.tgz. Extracting by manifest.
7062 silly tarball no local data for crossws@https://registry.npmjs.org/crossws/-/crossws-0.4.10.tgz. Extracting by manifest.
7063 silly tarball no local data for commander@https://registry.npmjs.org/commander/-/commander-2.20.3.tgz. Extracting by manifest.
7064 silly tarball no local data for supports-color@https://registry.npmjs.org/supports-color/-/supports-color-7.2.0.tgz. Extracting by manifest.
7065 silly tarball no local data for has-flag@https://registry.npmjs.org/has-flag/-/has-flag-4.0.0.tgz. Extracting by manifest.
7066 silly tarball no local data for citty@https://registry.npmjs.org/citty/-/citty-0.2.2.tgz. Extracting by manifest.
7067 silly tarball no local data for chalk@https://registry.npmjs.org/chalk/-/chalk-4.1.2.tgz. Extracting by manifest.
7068 silly tarball no local data for string_decoder@https://registry.npmjs.org/string_decoder/-/string_decoder-1.1.1.tgz. Extracting by manifest.
7069 silly tarball no local data for is-unicode-supported@https://registry.npmjs.org/is-unicode-supported/-/is-unicode-supported-0.1.0.tgz. Extracting by manifest.
7070 silly tarball no local data for process-warning@https://registry.npmjs.org/process-warning/-/process-warning-4.0.1.tgz. Extracting by manifest.
7071 silly tarball no local data for isarray@https://registry.npmjs.org/isarray/-/isarray-1.0.0.tgz. Extracting by manifest.
7072 silly tarball no local data for safe-buffer@https://registry.npmjs.org/safe-buffer/-/safe-buffer-5.1.2.tgz. Extracting by manifest.
7073 silly tarball no local data for fast-uri@https://registry.npmjs.org/fast-uri/-/fast-uri-4.1.2.tgz. Extracting by manifest.
7074 silly tarball no local data for readable-stream@https://registry.npmjs.org/readable-stream/-/readable-stream-2.3.8.tgz. Extracting by manifest.
7075 silly tarball no local data for fast-uri@https://registry.npmjs.org/fast-uri/-/fast-uri-4.1.2.tgz. Extracting by manifest.
7076 silly tarball no local data for mime-types@https://registry.npmjs.org/mime-types/-/mime-types-3.0.2.tgz. Extracting by manifest.
7077 silly tarball no local data for mime-types@https://registry.npmjs.org/mime-types/-/mime-types-3.0.2.tgz. Extracting by manifest.
7078 silly tarball no local data for mime-db@https://registry.npmjs.org/mime-db/-/mime-db-1.54.0.tgz. Extracting by manifest.
7079 silly tarball no local data for content-type@https://registry.npmjs.org/content-type/-/content-type-2.1.0.tgz. Extracting by manifest.
7080 silly tarball no local data for content-type@https://registry.npmjs.org/content-type/-/content-type-2.1.0.tgz. Extracting by manifest.
7081 silly tarball no local data for mime-db@https://registry.npmjs.org/mime-db/-/mime-db-1.54.0.tgz. Extracting by manifest.
7082 silly tarball no local data for ipaddr.js@https://registry.npmjs.org/ipaddr.js/-/ipaddr.js-1.9.1.tgz. Extracting by manifest.
7083 silly tarball no local data for mime-db@https://registry.npmjs.org/mime-db/-/mime-db-1.54.0.tgz. Extracting by manifest.
7084 silly tarball no local data for mime-types@https://registry.npmjs.org/mime-types/-/mime-types-3.0.2.tgz. Extracting by manifest.
7085 silly tarball no local data for mimic-fn@https://registry.npmjs.org/mimic-fn/-/mimic-fn-2.1.0.tgz. Extracting by manifest.
7086 silly tarball no local data for string-width@https://registry.npmjs.org/string-width/-/string-width-7.2.0.tgz. Extracting by manifest.
7087 silly tarball no local data for emoji-regex@https://registry.npmjs.org/emoji-regex/-/emoji-regex-10.6.0.tgz. Extracting by manifest.
7088 silly tarball no local data for buffer@https://registry.npmjs.org/buffer/-/buffer-6.0.3.tgz. Extracting by manifest.
7089 silly tarball no local data for string_decoder@https://registry.npmjs.org/string_decoder/-/string_decoder-1.1.1.tgz. Extracting by manifest.
7090 silly tarball no local data for readable-stream@https://registry.npmjs.org/readable-stream/-/readable-stream-4.7.0.tgz. Extracting by manifest.
7091 silly tarball no local data for urlpattern-polyfill@https://registry.npmjs.org/urlpattern-polyfill/-/urlpattern-polyfill-10.1.0.tgz. Extracting by manifest.
7092 silly tarball no local data for safe-buffer@https://registry.npmjs.org/safe-buffer/-/safe-buffer-5.1.2.tgz. Extracting by manifest.
7093 silly tarball no local data for isarray@https://registry.npmjs.org/isarray/-/isarray-1.0.0.tgz. Extracting by manifest.
7094 silly tarball no local data for readable-stream@https://registry.npmjs.org/readable-stream/-/readable-stream-2.3.8.tgz. Extracting by manifest.
7095 silly tarball no local data for @opentelemetry/core@https://registry.npmjs.org/@opentelemetry/core/-/core-2.9.0.tgz. Extracting by manifest.
7096 silly tarball no local data for es-module-lexer@https://registry.npmjs.org/es-module-lexer/-/es-module-lexer-2.3.1.tgz. Extracting by manifest.
7097 silly tarball no local data for @opentelemetry/core@https://registry.npmjs.org/@opentelemetry/core/-/core-2.9.0.tgz. Extracting by manifest.
7098 silly tarball no local data for content-type@https://registry.npmjs.org/content-type/-/content-type-2.1.0.tgz. Extracting by manifest.
7099 silly tarball no local data for @octokit/types@https://registry.npmjs.org/@octokit/types/-/types-16.0.0.tgz. Extracting by manifest.
7100 silly tarball no local data for @octokit/openapi-types@https://registry.npmjs.org/@octokit/openapi-types/-/openapi-types-27.0.0.tgz. Extracting by manifest.
7101 silly tarball no local data for normalize-path@https://registry.npmjs.org/normalize-path/-/normalize-path-2.1.1.tgz. Extracting by manifest.
7102 silly tarball no local data for @octokit/types@https://registry.npmjs.org/@octokit/types/-/types-16.0.0.tgz. Extracting by manifest.
7103 silly tarball no local data for postcss@https://registry.npmjs.org/postcss/-/postcss-8.5.26.tgz. Extracting by manifest.
7104 silly tarball no local data for is-plain-obj@https://registry.npmjs.org/is-plain-obj/-/is-plain-obj-2.1.0.tgz. Extracting by manifest.
7105 silly tarball no local data for detective-postcss@https://registry.npmjs.org/detective-postcss/-/detective-postcss-8.0.4.tgz. Extracting by manifest.
7106 silly tarball no local data for @octokit/openapi-types@https://registry.npmjs.org/@octokit/openapi-types/-/openapi-types-27.0.0.tgz. Extracting by manifest.
7107 silly tarball no local data for buffer@https://registry.npmjs.org/buffer/-/buffer-6.0.3.tgz. Extracting by manifest.
7108 silly tarball no local data for readable-stream@https://registry.npmjs.org/readable-stream/-/readable-stream-4.7.0.tgz. Extracting by manifest.
7109 silly tarball no local data for is-stream@https://registry.npmjs.org/is-stream/-/is-stream-4.0.1.tgz. Extracting by manifest.
7110 silly tarball no local data for @opentelemetry/core@https://registry.npmjs.org/@opentelemetry/core/-/core-2.9.0.tgz. Extracting by manifest.
7111 silly tarball no local data for @opentelemetry/core@https://registry.npmjs.org/@opentelemetry/core/-/core-2.9.0.tgz. Extracting by manifest.
7112 silly tarball no local data for picomatch@https://registry.npmjs.org/picomatch/-/picomatch-2.3.2.tgz. Extracting by manifest.
7113 silly tarball no local data for buffer-crc32@https://registry.npmjs.org/buffer-crc32/-/buffer-crc32-0.2.13.tgz. Extracting by manifest.
7114 silly tarball no local data for get-stream@https://registry.npmjs.org/get-stream/-/get-stream-5.2.0.tgz. Extracting by manifest.
7115 silly tarball no local data for yauzl@https://registry.npmjs.org/yauzl/-/yauzl-2.10.0.tgz. Extracting by manifest.
7116 silly tarball no local data for yallist@https://registry.npmjs.org/yallist/-/yallist-5.0.0.tgz. Extracting by manifest.
7117 silly tarball no local data for has-flag@https://registry.npmjs.org/has-flag/-/has-flag-4.0.0.tgz. Extracting by manifest.
7118 silly tarball no local data for chalk@https://registry.npmjs.org/chalk/-/chalk-4.1.2.tgz. Extracting by manifest.
7119 silly tarball no local data for mime-db@https://registry.npmjs.org/mime-db/-/mime-db-1.54.0.tgz. Extracting by manifest.
7120 silly tarball no local data for supports-color@https://registry.npmjs.org/supports-color/-/supports-color-7.2.0.tgz. Extracting by manifest.
7121 silly tarball no local data for mime-types@https://registry.npmjs.org/mime-types/-/mime-types-3.0.2.tgz. Extracting by manifest.
7122 silly tarball no local data for env-paths@https://registry.npmjs.org/env-paths/-/env-paths-3.0.0.tgz. Extracting by manifest.
7123 silly tarball no local data for @netlify/dev-utils@https://registry.npmjs.org/@netlify/dev-utils/-/dev-utils-5.0.0.tgz. Extracting by manifest.
7124 silly tarball no local data for env-paths@https://registry.npmjs.org/env-paths/-/env-paths-3.0.0.tgz. Extracting by manifest.
7125 silly tarball no local data for dot-prop@https://registry.npmjs.org/dot-prop/-/dot-prop-9.0.0.tgz. Extracting by manifest.
7126 silly tarball no local data for @netlify/dev-utils@https://registry.npmjs.org/@netlify/dev-utils/-/dev-utils-5.0.0.tgz. Extracting by manifest.
7127 silly tarball no local data for is-stream@https://registry.npmjs.org/is-stream/-/is-stream-4.0.1.tgz. Extracting by manifest.
7128 silly tarball no local data for dot-prop@https://registry.npmjs.org/dot-prop/-/dot-prop-9.0.0.tgz. Extracting by manifest.
7129 silly tarball no local data for read-package-up@https://registry.npmjs.org/read-package-up/-/read-package-up-11.0.0.tgz. Extracting by manifest.
7130 silly tarball no local data for unicorn-magic@https://registry.npmjs.org/unicorn-magic/-/unicorn-magic-0.1.0.tgz. Extracting by manifest.
7131 silly tarball no local data for locate-path@https://registry.npmjs.org/locate-path/-/locate-path-7.2.0.tgz. Extracting by manifest.
7132 silly tarball no local data for strip-final-newline@https://registry.npmjs.org/strip-final-newline/-/strip-final-newline-3.0.0.tgz. Extracting by manifest.
7133 silly tarball no local data for onetime@https://registry.npmjs.org/onetime/-/onetime-6.0.0.tgz. Extracting by manifest.
7134 silly tarball no local data for npm-run-path@https://registry.npmjs.org/npm-run-path/-/npm-run-path-5.3.0.tgz. Extracting by manifest.
7135 silly tarball no local data for human-signals@https://registry.npmjs.org/human-signals/-/human-signals-5.0.0.tgz. Extracting by manifest.
7136 silly tarball no local data for path-key@https://registry.npmjs.org/path-key/-/path-key-4.0.0.tgz. Extracting by manifest.
7137 silly tarball no local data for is-stream@https://registry.npmjs.org/is-stream/-/is-stream-3.0.0.tgz. Extracting by manifest.
7138 silly tarball no local data for get-stream@https://registry.npmjs.org/get-stream/-/get-stream-8.0.1.tgz. Extracting by manifest.
7139 silly tarball no local data for find-up@https://registry.npmjs.org/find-up/-/find-up-7.0.0.tgz. Extracting by manifest.
7140 silly tarball no local data for dot-prop@https://registry.npmjs.org/dot-prop/-/dot-prop-9.0.0.tgz. Extracting by manifest.
7141 silly tarball no local data for execa@https://registry.npmjs.org/execa/-/execa-8.0.1.tgz. Extracting by manifest.
7142 silly tarball no local data for env-paths@https://registry.npmjs.org/env-paths/-/env-paths-3.0.0.tgz. Extracting by manifest.
7143 silly tarball no local data for @netlify/edge-functions-bootstrap@https://registry.npmjs.org/@netlify/edge-functions-bootstrap/-/edge-functions-bootstrap-2.16.0.tgz. Extracting by manifest.
7144 silly tarball no local data for get-port@https://registry.npmjs.org/get-port/-/get-port-7.2.0.tgz. Extracting by manifest.
7145 silly tarball no local data for @netlify/dev-utils@https://registry.npmjs.org/@netlify/dev-utils/-/dev-utils-5.0.0.tgz. Extracting by manifest.
7146 silly tarball no local data for is-stream@https://registry.npmjs.org/is-stream/-/is-stream-4.0.1.tgz. Extracting by manifest.
7147 silly tarball no local data for p-wait-for@https://registry.npmjs.org/p-wait-for/-/p-wait-for-5.0.2.tgz. Extracting by manifest.
7148 silly tarball no local data for hosted-git-info@https://registry.npmjs.org/hosted-git-info/-/hosted-git-info-7.0.2.tgz. Extracting by manifest.
7149 silly tarball no local data for @netlify/edge-bundler@https://registry.npmjs.org/@netlify/edge-bundler/-/edge-bundler-15.1.1.tgz. Extracting by manifest.
7150 silly tarball no local data for yocto-queue@https://registry.npmjs.org/yocto-queue/-/yocto-queue-1.2.2.tgz. Extracting by manifest.
7151 silly tarball no local data for p-limit@https://registry.npmjs.org/p-limit/-/p-limit-4.0.0.tgz. Extracting by manifest.
7152 silly tarball no local data for normalize-package-data@https://registry.npmjs.org/normalize-package-data/-/normalize-package-data-6.0.2.tgz. Extracting by manifest.
7153 silly tarball no local data for unicorn-magic@https://registry.npmjs.org/unicorn-magic/-/unicorn-magic-0.1.0.tgz. Extracting by manifest.
7154 silly tarball no local data for path-key@https://registry.npmjs.org/path-key/-/path-key-4.0.0.tgz. Extracting by manifest.
7155 silly tarball no local data for onetime@https://registry.npmjs.org/onetime/-/onetime-6.0.0.tgz. Extracting by manifest.
7156 silly tarball no local data for strip-final-newline@https://registry.npmjs.org/strip-final-newline/-/strip-final-newline-3.0.0.tgz. Extracting by manifest.
7157 silly tarball no local data for is-stream@https://registry.npmjs.org/is-stream/-/is-stream-3.0.0.tgz. Extracting by manifest.
7158 silly tarball no local data for npm-run-path@https://registry.npmjs.org/npm-run-path/-/npm-run-path-5.3.0.tgz. Extracting by manifest.
7159 silly tarball no local data for human-signals@https://registry.npmjs.org/human-signals/-/human-signals-5.0.0.tgz. Extracting by manifest.
7160 silly tarball no local data for get-stream@https://registry.npmjs.org/get-stream/-/get-stream-8.0.1.tgz. Extracting by manifest.
7161 silly tarball no local data for execa@https://registry.npmjs.org/execa/-/execa-8.0.1.tgz. Extracting by manifest.
7162 silly tarball no local data for path-key@https://registry.npmjs.org/path-key/-/path-key-4.0.0.tgz. Extracting by manifest.
7163 silly tarball no local data for strip-final-newline@https://registry.npmjs.org/strip-final-newline/-/strip-final-newline-3.0.0.tgz. Extracting by manifest.
7164 silly tarball no local data for onetime@https://registry.npmjs.org/onetime/-/onetime-6.0.0.tgz. Extracting by manifest.
7165 silly tarball no local data for human-signals@https://registry.npmjs.org/human-signals/-/human-signals-5.0.0.tgz. Extracting by manifest.
7166 silly tarball no local data for npm-run-path@https://registry.npmjs.org/npm-run-path/-/npm-run-path-5.3.0.tgz. Extracting by manifest.
7167 silly tarball no local data for execa@https://registry.npmjs.org/execa/-/execa-8.0.1.tgz. Extracting by manifest.
7168 silly tarball no local data for readdirp@https://registry.npmjs.org/readdirp/-/readdirp-4.1.2.tgz. Extracting by manifest.
7169 silly tarball no local data for is-stream@https://registry.npmjs.org/is-stream/-/is-stream-3.0.0.tgz. Extracting by manifest.
7170 silly tarball no local data for get-stream@https://registry.npmjs.org/get-stream/-/get-stream-8.0.1.tgz. Extracting by manifest.
7171 silly tarball no local data for locate-path@https://registry.npmjs.org/locate-path/-/locate-path-7.2.0.tgz. Extracting by manifest.
7172 silly tarball no local data for unicorn-magic@https://registry.npmjs.org/unicorn-magic/-/unicorn-magic-0.4.0.tgz. Extracting by manifest.
7173 silly tarball no local data for normalize-package-data@https://registry.npmjs.org/normalize-package-data/-/normalize-package-data-8.0.0.tgz. Extracting by manifest.
7174 silly tarball no local data for type-fest@https://registry.npmjs.org/type-fest/-/type-fest-5.8.0.tgz. Extracting by manifest.
7175 silly tarball no local data for hosted-git-info@https://registry.npmjs.org/hosted-git-info/-/hosted-git-info-9.0.3.tgz. Extracting by manifest.
7176 silly tarball no local data for read-pkg@https://registry.npmjs.org/read-pkg/-/read-pkg-10.1.0.tgz. Extracting by manifest.
7177 silly tarball no local data for string_decoder@https://registry.npmjs.org/string_decoder/-/string_decoder-1.1.1.tgz. Extracting by manifest.
7178 silly tarball no local data for statuses@https://registry.npmjs.org/statuses/-/statuses-2.0.1.tgz. Extracting by manifest.
7179 silly tarball no local data for isarray@https://registry.npmjs.org/isarray/-/isarray-1.0.0.tgz. Extracting by manifest.
7180 silly tarball no local data for readable-stream@https://registry.npmjs.org/readable-stream/-/readable-stream-2.3.8.tgz. Extracting by manifest.
7181 silly tarball no local data for http-errors@https://registry.npmjs.org/http-errors/-/http-errors-2.0.0.tgz. Extracting by manifest.
7182 silly tarball no local data for pump@https://registry.npmjs.org/pump/-/pump-1.0.3.tgz. Extracting by manifest.
7183 silly tarball no local data for string-width@https://registry.npmjs.org/string-width/-/string-width-8.2.2.tgz. Extracting by manifest.
7184 silly tarball no local data for safe-buffer@https://registry.npmjs.org/safe-buffer/-/safe-buffer-5.1.2.tgz. Extracting by manifest.
7185 silly tarball no local data for onetime@https://registry.npmjs.org/onetime/-/onetime-7.0.0.tgz. Extracting by manifest.
7186 silly tarball no local data for restore-cursor@https://registry.npmjs.org/restore-cursor/-/restore-cursor-5.1.0.tgz. Extracting by manifest.
7187 silly tarball no local data for dotenv@https://registry.npmjs.org/dotenv/-/dotenv-16.6.1.tgz. Extracting by manifest.
7188 silly tarball no local data for cli-cursor@https://registry.npmjs.org/cli-cursor/-/cli-cursor-5.0.0.tgz. Extracting by manifest.
7189 silly tarball no local data for commander@https://registry.npmjs.org/commander/-/commander-10.0.1.tgz. Extracting by manifest.
7190 silly tarball no local data for wrap-ansi@https://registry.npmjs.org/wrap-ansi/-/wrap-ansi-10.0.0.tgz. Extracting by manifest.
7191 silly tarball no local data for has-flag@https://registry.npmjs.org/has-flag/-/has-flag-4.0.0.tgz. Extracting by manifest.
7192 silly tarball no local data for tslib@https://registry.npmjs.org/tslib/-/tslib-1.14.1.tgz. Extracting by manifest.
7193 silly tarball no local data for type-fest@https://registry.npmjs.org/type-fest/-/type-fest-0.21.3.tgz. Extracting by manifest.
7194 silly tarball no local data for escape-string-regexp@https://registry.npmjs.org/escape-string-regexp/-/escape-string-regexp-1.0.5.tgz. Extracting by manifest.
7195 silly tarball no local data for rxjs@https://registry.npmjs.org/rxjs/-/rxjs-6.6.7.tgz. Extracting by manifest.
7196 silly tarball no local data for supports-color@https://registry.npmjs.org/supports-color/-/supports-color-7.2.0.tgz. Extracting by manifest.
7197 silly tarball no local data for chalk@https://registry.npmjs.org/chalk/-/chalk-4.1.2.tgz. Extracting by manifest.
7198 silly tarball no local data for figures@https://registry.npmjs.org/figures/-/figures-3.2.0.tgz. Extracting by manifest.
7199 silly tarball no local data for has-flag@https://registry.npmjs.org/has-flag/-/has-flag-4.0.0.tgz. Extracting by manifest.
7200 silly tarball no local data for escape-string-regexp@https://registry.npmjs.org/escape-string-regexp/-/escape-string-regexp-1.0.5.tgz. Extracting by manifest.
7201 silly tarball no local data for type-fest@https://registry.npmjs.org/type-fest/-/type-fest-0.21.3.tgz. Extracting by manifest.
7202 silly tarball no local data for supports-color@https://registry.npmjs.org/supports-color/-/supports-color-7.2.0.tgz. Extracting by manifest.
7203 silly tarball no local data for wrap-ansi@https://registry.npmjs.org/wrap-ansi/-/wrap-ansi-6.2.0.tgz. Extracting by manifest.
7204 silly tarball no local data for mime-db@https://registry.npmjs.org/mime-db/-/mime-db-1.54.0.tgz. Extracting by manifest.
7205 silly tarball no local data for ansi-escapes@https://registry.npmjs.org/ansi-escapes/-/ansi-escapes-4.3.2.tgz. Extracting by manifest.
7206 silly tarball no local data for ansi-escapes@https://registry.npmjs.org/ansi-escapes/-/ansi-escapes-4.3.2.tgz. Extracting by manifest.
7207 silly tarball no local data for figures@https://registry.npmjs.org/figures/-/figures-3.2.0.tgz. Extracting by manifest.
7208 silly tarball no local data for get-stream@https://registry.npmjs.org/get-stream/-/get-stream-6.0.1.tgz. Extracting by manifest.
7209 silly tarball no local data for chalk@https://registry.npmjs.org/chalk/-/chalk-4.1.2.tgz. Extracting by manifest.
7210 silly tarball no local data for mime-types@https://registry.npmjs.org/mime-types/-/mime-types-3.0.2.tgz. Extracting by manifest.
7211 silly tarball no local data for content-disposition@https://registry.npmjs.org/content-disposition/-/content-disposition-1.1.0.tgz. Extracting by manifest.
7212 silly tarball no local data for cookie@https://registry.npmjs.org/cookie/-/cookie-0.7.2.tgz. Extracting by manifest.
7213 silly tarball no local data for type-fest@https://registry.npmjs.org/type-fest/-/type-fest-5.8.0.tgz. Extracting by manifest.
7214 silly tarball no local data for readdirp@https://registry.npmjs.org/readdirp/-/readdirp-4.1.2.tgz. Extracting by manifest.
7215 silly tarball no local data for string-width@https://registry.npmjs.org/string-width/-/string-width-7.2.0.tgz. Extracting by manifest.
7216 silly tarball no local data for emoji-regex@https://registry.npmjs.org/emoji-regex/-/emoji-regex-10.6.0.tgz. Extracting by manifest.
7217 silly tarball no local data for wrap-ansi@https://registry.npmjs.org/wrap-ansi/-/wrap-ansi-9.0.2.tgz. Extracting by manifest.
7218 silly tarball no local data for unicorn-magic@https://registry.npmjs.org/unicorn-magic/-/unicorn-magic-0.1.0.tgz. Extracting by manifest.
7219 silly tarball no local data for path-key@https://registry.npmjs.org/path-key/-/path-key-4.0.0.tgz. Extracting by manifest.
7220 silly tarball no local data for strip-final-newline@https://registry.npmjs.org/strip-final-newline/-/strip-final-newline-3.0.0.tgz. Extracting by manifest.
7221 silly tarball no local data for onetime@https://registry.npmjs.org/onetime/-/onetime-6.0.0.tgz. Extracting by manifest.
7222 silly tarball no local data for npm-run-path@https://registry.npmjs.org/npm-run-path/-/npm-run-path-5.3.0.tgz. Extracting by manifest.
7223 silly tarball no local data for locate-path@https://registry.npmjs.org/locate-path/-/locate-path-7.2.0.tgz. Extracting by manifest.
7224 silly tarball no local data for is-stream@https://registry.npmjs.org/is-stream/-/is-stream-3.0.0.tgz. Extracting by manifest.
7225 silly tarball no local data for human-signals@https://registry.npmjs.org/human-signals/-/human-signals-5.0.0.tgz. Extracting by manifest.
7226 silly tarball no local data for find-up@https://registry.npmjs.org/find-up/-/find-up-7.0.0.tgz. Extracting by manifest.
7227 silly tarball no local data for path-key@https://registry.npmjs.org/path-key/-/path-key-4.0.0.tgz. Extracting by manifest.
7228 silly tarball no local data for unicorn-magic@https://registry.npmjs.org/unicorn-magic/-/unicorn-magic-0.1.0.tgz. Extracting by manifest.
7229 silly tarball no local data for get-stream@https://registry.npmjs.org/get-stream/-/get-stream-8.0.1.tgz. Extracting by manifest.
7230 silly tarball no local data for execa@https://registry.npmjs.org/execa/-/execa-8.0.1.tgz. Extracting by manifest.
7231 silly tarball no local data for locate-path@https://registry.npmjs.org/locate-path/-/locate-path-7.2.0.tgz. Extracting by manifest.
7232 silly tarball no local data for strip-final-newline@https://registry.npmjs.org/strip-final-newline/-/strip-final-newline-3.0.0.tgz. Extracting by manifest.
7233 silly tarball no local data for onetime@https://registry.npmjs.org/onetime/-/onetime-6.0.0.tgz. Extracting by manifest.
7234 silly tarball no local data for is-stream@https://registry.npmjs.org/is-stream/-/is-stream-3.0.0.tgz. Extracting by manifest.
7235 silly tarball no local data for npm-run-path@https://registry.npmjs.org/npm-run-path/-/npm-run-path-5.3.0.tgz. Extracting by manifest.
7236 silly tarball no local data for get-stream@https://registry.npmjs.org/get-stream/-/get-stream-8.0.1.tgz. Extracting by manifest.
7237 silly tarball no local data for human-signals@https://registry.npmjs.org/human-signals/-/human-signals-5.0.0.tgz. Extracting by manifest.
7238 silly tarball no local data for find-up@https://registry.npmjs.org/find-up/-/find-up-7.0.0.tgz. Extracting by manifest.
7239 silly tarball no local data for dot-prop@https://registry.npmjs.org/dot-prop/-/dot-prop-9.0.0.tgz. Extracting by manifest.
7240 silly tarball no local data for execa@https://registry.npmjs.org/execa/-/execa-8.0.1.tgz. Extracting by manifest.
7241 silly tarball no local data for @netlify/dev-utils@https://registry.npmjs.org/@netlify/dev-utils/-/dev-utils-5.0.0.tgz. Extracting by manifest.
7242 silly tarball no local data for path-key@https://registry.npmjs.org/path-key/-/path-key-4.0.0.tgz. Extracting by manifest.
7243 silly tarball no local data for env-paths@https://registry.npmjs.org/env-paths/-/env-paths-3.0.0.tgz. Extracting by manifest.
7244 silly tarball no local data for env-paths@https://registry.npmjs.org/env-paths/-/env-paths-3.0.0.tgz. Extracting by manifest.
7245 silly tarball no local data for dot-prop@https://registry.npmjs.org/dot-prop/-/dot-prop-9.0.0.tgz. Extracting by manifest.
7246 silly tarball no local data for unicorn-magic@https://registry.npmjs.org/unicorn-magic/-/unicorn-magic-0.1.0.tgz. Extracting by manifest.
7247 silly tarball no local data for locate-path@https://registry.npmjs.org/locate-path/-/locate-path-7.2.0.tgz. Extracting by manifest.
7248 silly tarball no local data for strip-final-newline@https://registry.npmjs.org/strip-final-newline/-/strip-final-newline-3.0.0.tgz. Extracting by manifest.
7249 silly tarball no local data for onetime@https://registry.npmjs.org/onetime/-/onetime-6.0.0.tgz. Extracting by manifest.
7250 silly tarball no local data for human-signals@https://registry.npmjs.org/human-signals/-/human-signals-5.0.0.tgz. Extracting by manifest.
7251 silly tarball no local data for npm-run-path@https://registry.npmjs.org/npm-run-path/-/npm-run-path-5.3.0.tgz. Extracting by manifest.
7252 silly tarball no local data for is-stream@https://registry.npmjs.org/is-stream/-/is-stream-3.0.0.tgz. Extracting by manifest.
7253 silly tarball no local data for read-package-up@https://registry.npmjs.org/read-package-up/-/read-package-up-11.0.0.tgz. Extracting by manifest.
7254 silly tarball no local data for find-up@https://registry.npmjs.org/find-up/-/find-up-7.0.0.tgz. Extracting by manifest.
7255 silly tarball no local data for get-stream@https://registry.npmjs.org/get-stream/-/get-stream-8.0.1.tgz. Extracting by manifest.
7256 silly tarball no local data for dot-prop@https://registry.npmjs.org/dot-prop/-/dot-prop-9.0.0.tgz. Extracting by manifest.
7257 silly tarball no local data for execa@https://registry.npmjs.org/execa/-/execa-8.0.1.tgz. Extracting by manifest.
7258 silly tarball no local data for unicorn-magic@https://registry.npmjs.org/unicorn-magic/-/unicorn-magic-0.1.0.tgz. Extracting by manifest.
7259 silly tarball no local data for find-up@https://registry.npmjs.org/find-up/-/find-up-7.0.0.tgz. Extracting by manifest.
7260 silly tarball no local data for locate-path@https://registry.npmjs.org/locate-path/-/locate-path-7.2.0.tgz. Extracting by manifest.
7261 silly tarball no local data for dot-prop@https://registry.npmjs.org/dot-prop/-/dot-prop-9.0.0.tgz. Extracting by manifest.
7262 silly tarball no local data for has-flag@https://registry.npmjs.org/has-flag/-/has-flag-4.0.0.tgz. Extracting by manifest.
7263 silly tarball no local data for supports-color@https://registry.npmjs.org/supports-color/-/supports-color-7.2.0.tgz. Extracting by manifest.
7264 silly tarball no local data for strip-final-newline@https://registry.npmjs.org/strip-final-newline/-/strip-final-newline-3.0.0.tgz. Extracting by manifest.
7265 silly tarball no local data for supports-hyperlinks@https://registry.npmjs.org/supports-hyperlinks/-/supports-hyperlinks-3.2.0.tgz. Extracting by manifest.
7266 silly tarball no local data for path-key@https://registry.npmjs.org/path-key/-/path-key-4.0.0.tgz. Extracting by manifest.
7267 silly tarball no local data for onetime@https://registry.npmjs.org/onetime/-/onetime-6.0.0.tgz. Extracting by manifest.
7268 silly tarball no local data for npm-run-path@https://registry.npmjs.org/npm-run-path/-/npm-run-path-5.3.0.tgz. Extracting by manifest.
7269 silly tarball no local data for is-stream@https://registry.npmjs.org/is-stream/-/is-stream-3.0.0.tgz. Extracting by manifest.
7270 silly tarball no local data for human-signals@https://registry.npmjs.org/human-signals/-/human-signals-5.0.0.tgz. Extracting by manifest.
7271 silly tarball no local data for ts-node@https://registry.npmjs.org/ts-node/-/ts-node-10.9.2.tgz. Extracting by manifest.
7272 silly tarball no local data for terminal-link@https://registry.npmjs.org/terminal-link/-/terminal-link-4.0.0.tgz. Extracting by manifest.
7273 silly tarball no local data for get-stream@https://registry.npmjs.org/get-stream/-/get-stream-8.0.1.tgz. Extracting by manifest.
7274 silly tarball no local data for readdirp@https://registry.npmjs.org/readdirp/-/readdirp-4.1.2.tgz. Extracting by manifest.
7275 silly tarball no local data for read-package-up@https://registry.npmjs.org/read-package-up/-/read-package-up-11.0.0.tgz. Extracting by manifest.
7276 silly tarball no local data for dot-prop@https://registry.npmjs.org/dot-prop/-/dot-prop-9.0.0.tgz. Extracting by manifest.
7277 silly tarball no local data for agent-base@https://registry.npmjs.org/agent-base/-/agent-base-8.0.0.tgz. Extracting by manifest.
7278 silly tarball no local data for execa@https://registry.npmjs.org/execa/-/execa-8.0.1.tgz. Extracting by manifest.
7279 silly tarball no local data for env-paths@https://registry.npmjs.org/env-paths/-/env-paths-3.0.0.tgz. Extracting by manifest.
7280 silly tarball no local data for @netlify/dev-utils@https://registry.npmjs.org/@netlify/dev-utils/-/dev-utils-5.0.0.tgz. Extracting by manifest.
7281 silly tarball no local data for p-wait-for@https://registry.npmjs.org/p-wait-for/-/p-wait-for-5.0.2.tgz. Extracting by manifest.
7282 silly tarball no local data for is-stream@https://registry.npmjs.org/is-stream/-/is-stream-4.0.1.tgz. Extracting by manifest.
7283 silly tarball no local data for https-proxy-agent@https://registry.npmjs.org/https-proxy-agent/-/https-proxy-agent-8.0.0.tgz. Extracting by manifest.
7284 http fetch POST 200 https://registry.npmjs.org/-/npm/v1/security/advisories/bulk 1696ms
7285 silly audit report {
7285 silly audit report   postcss: [
7285 silly audit report     {
7285 silly audit report       id: 1130709,
7285 silly audit report       url: 'https://github.com/advisories/GHSA-fxqj-rqcc-2cmp',
7285 silly audit report       title: 'PostCSS: incomplete fix of GHSA-6g55-p6wh-862q — attacker-controlled sourceMappingURL reads arbitrary .map files when `from` is unset',
7285 silly audit report       severity: 'moderate',
7285 silly audit report       vulnerable_versions: '<=8.5.22',
7285 silly audit report       cwe: [Array],
7285 silly audit report       cvss: [Object]
7285 silly audit report     },
7285 silly audit report     {
7285 silly audit report       id: 1117015,
7285 silly audit report       url: 'https://github.com/advisories/GHSA-qx2v-qp2m-jg93',
7285 silly audit report       title: 'PostCSS has XSS via Unescaped </style> in its CSS Stringify Output',
7285 silly audit report       severity: 'moderate',
7285 silly audit report       vulnerable_versions: '<8.5.10',
7285 silly audit report       cwe: [Array],
7285 silly audit report       cvss: [Object]
7285 silly audit report     },
7285 silly audit report     {
7285 silly audit report       id: 1124252,
7285 silly audit report       url: 'https://github.com/advisories/GHSA-6g55-p6wh-862q',
7285 silly audit report       title: 'PostCSS: Arbitrary file read and information disclosure via attacker-controlled sourceMappingURL in CSS comments',
7285 silly audit report       severity: 'high',
7285 silly audit report       vulnerable_versions: '<=8.5.11',
7285 silly audit report       cwe: [Array],
7285 silly audit report       cvss: [Object]
7285 silly audit report     },
7285 silly audit report     {
7285 silly audit report       id: 1139510,
7285 silly audit report       url: 'https://github.com/advisories/GHSA-r28c-9q8g-f849',
7285 silly audit report       title: 'PostCSS: Path Traversal in Previous Source Map Auto-Loading (sourceMappingURL) leads to Arbitrary .map File Disclosure',
7285 silly audit report       severity: 'high',
7285 silly audit report       vulnerable_versions: '<=8.5.17',
7285 silly audit report       cwe: [Array],
7285 silly audit report       cvss: [Object]
7285 silly audit report     }
7285 silly audit report   ],
7285 silly audit report   sharp: [
7285 silly audit report     {
7285 silly audit report       id: 1124066,
7285 silly audit report       url: 'https://github.com/advisories/GHSA-f88m-g3jw-g9cj',
7285 silly audit report       title: 'sharp inherited vulnerabilities in libvips: CVE-2026-33327, CVE-2026-33328, CVE-2026-35590, CVE-2026-35591',
7285 silly audit report       severity: 'high',
7285 silly audit report       vulnerable_versions: '<0.35.0',
7285 silly audit report       cwe: [Array],
7285 silly audit report       cvss: [Object]
7285 silly audit report     }
7285 silly audit report   ],
7285 silly audit report   uuid: [
7285 silly audit report     {
7285 silly audit report       id: 1119441,
7285 silly audit report       url: 'https://github.com/advisories/GHSA-w5hq-g745-h8pq',
7285 silly audit report       title: 'uuid: Missing buffer bounds check in v3/v5/v6 when buf is provided',
7285 silly audit report       severity: 'moderate',
7285 silly audit report       vulnerable_versions: '<11.1.1',
7285 silly audit report       cwe: [Array],
7285 silly audit report       cvss: [Object]
7285 silly audit report     }
7285 silly audit report   ],
7285 silly audit report   xlsx: [
7285 silly audit report     {
7285 silly audit report       id: 1108110,
7285 silly audit report       url: 'https://github.com/advisories/GHSA-4r6h-8v6p-xvw6',
7285 silly audit report       title: 'Prototype Pollution in sheetJS',
7285 silly audit report       severity: 'high',
7285 silly audit report       vulnerable_versions: '<0.19.3',
7285 silly audit report       cwe: [Array],
7285 silly audit report       cvss: [Object]
7285 silly audit report     },
7285 silly audit report     {
7285 silly audit report       id: 1108111,
7285 silly audit report       url: 'https://github.com/advisories/GHSA-5pgg-2g8v-p4x9',
7285 silly audit report       title: 'SheetJS Regular Expression Denial of Service (ReDoS)',
7285 silly audit report       severity: 'high',
7285 silly audit report       vulnerable_versions: '<0.20.2',
7285 silly audit report       cwe: [Array],
7285 silly audit report       cvss: [Object]
7285 silly audit report     }
7285 silly audit report   ],
7285 silly audit report   'image-size': [
7285 silly audit report     {
7285 silly audit report       id: 1138808,
7285 silly audit report       url: 'https://github.com/advisories/GHSA-w3rx-r6r6-pgpr',
7285 silly audit report       title: 'image-size: ICNS parser allows denial of service through an infinite loop',
7285 silly audit report       severity: 'high',
7285 silly audit report       vulnerable_versions: '<=2.0.2',
7285 silly audit report       cwe: [Array],
7285 silly audit report       cvss: [Object]
7285 silly audit report     },
7285 silly audit report     {
7285 silly audit report       id: 1138809,
7285 silly audit report       url: 'https://github.com/advisories/GHSA-5p2g-fcmc-qvqq',
7285 silly audit report       title: 'image-size: JXL and HEIF parsers allow denial of service through infinite loops',
7285 silly audit report       severity: 'high',
7285 silly audit report       vulnerable_versions: '<=2.0.2',
7285 silly audit report       cwe: [Array],
7285 silly audit report       cvss: [Object]
7285 silly audit report     }
7285 silly audit report   ],
7285 silly audit report   'extract-zip': [
7285 silly audit report     {
7285 silly audit report       id: 1139346,
7285 silly audit report       url: 'https://github.com/advisories/GHSA-jmr9-qjv8-65gv',
7285 silly audit report       title: 'extract-zip unvalidated symlink path traversal',
7285 silly audit report       severity: 'high',
7285 silly audit report       vulnerable_versions: '<=2.0.1',
7285 silly audit report       cwe: [Array],
7285 silly audit report       cvss: [Object]
7285 silly audit report     }
7285 silly audit report   ]
7285 silly audit report }
7286 silly packumentCache corgi:https://registry.npmjs.org/postcss cache-miss
7287 silly packumentCache corgi:https://registry.npmjs.org/sharp cache-miss
7288 silly packumentCache corgi:https://registry.npmjs.org/uuid cache-miss
7289 silly packumentCache corgi:https://registry.npmjs.org/xlsx cache-miss
7290 silly packumentCache corgi:https://registry.npmjs.org/image-size cache-miss
7291 silly packumentCache corgi:https://registry.npmjs.org/extract-zip cache-miss
7292 http fetch GET 200 https://registry.npmjs.org/remove-trailing-separator/-/remove-trailing-separator-1.1.0.tgz 1134ms (cache miss)
7293 http fetch GET 200 https://registry.npmjs.org/mimic-function/-/mimic-function-5.0.1.tgz 1135ms (cache miss)
7294 http fetch GET 200 https://registry.npmjs.org/is-url-superb/-/is-url-superb-4.0.0.tgz 1147ms (cache miss)
7295 http fetch GET 200 https://registry.npmjs.org/quote-unquote/-/quote-unquote-1.0.0.tgz 1153ms (cache miss)
7296 http fetch GET 200 https://registry.npmjs.org/postcss-values-parser/-/postcss-values-parser-6.0.2.tgz 1286ms (cache miss)
7297 warn deprecated glob@10.5.0: Old versions of glob are not supported, and contain widely publicized security vulnerabilities, which have been fixed in the current version. Please update. Support for old versions may be purchased (at exorbitant rates) by contacting i@izs.me
7298 http fetch GET 200 https://registry.npmjs.org/yn/-/yn-3.1.1.tgz 1876ms (cache miss)
7299 http fetch GET 200 https://registry.npmjs.org/arg/-/arg-4.1.3.tgz 1881ms (cache miss)
7300 http fetch GET 200 https://registry.npmjs.org/v8-compile-cache-lib/-/v8-compile-cache-lib-3.0.1.tgz 1881ms (cache miss)
7301 http fetch GET 200 https://registry.npmjs.org/create-require/-/create-require-1.1.1.tgz 1883ms (cache miss)
7302 http fetch GET 200 https://registry.npmjs.org/make-error/-/make-error-1.3.6.tgz 1886ms (cache miss)
7303 http fetch GET 200 https://registry.npmjs.org/acorn-walk/-/acorn-walk-8.3.5.tgz 1891ms (cache miss)
7304 http fetch GET 200 https://registry.npmjs.org/crc32-stream/-/crc32-stream-7.0.1.tgz 2069ms (cache miss)
7305 http fetch GET 200 https://registry.npmjs.org/@tsconfig/node14/-/node14-1.0.3.tgz 2078ms (cache miss)
7306 http fetch GET 200 https://registry.npmjs.org/@tsconfig/node16/-/node16-1.0.4.tgz 2079ms (cache miss)
7307 http fetch GET 200 https://registry.npmjs.org/@cspotcode/source-map-support/-/source-map-support-0.8.1.tgz 2085ms (cache miss)
7308 http fetch GET 200 https://registry.npmjs.org/pend/-/pend-1.2.0.tgz 2239ms (cache miss)
7309 http fetch GET 200 https://registry.npmjs.org/diff/-/diff-4.0.4.tgz 2246ms (cache miss)
7310 http fetch GET 200 https://registry.npmjs.org/@tsconfig/node10/-/node10-1.0.13.tgz 4045ms (cache miss)
7311 http fetch GET 200 https://registry.npmjs.org/fn.name/-/fn.name-1.1.0.tgz 4045ms (cache miss)
7312 http fetch GET 200 https://registry.npmjs.org/process-nextick-args/-/process-nextick-args-2.0.1.tgz 4058ms (cache miss)
7313 http fetch GET 200 https://registry.npmjs.org/cssfilter/-/cssfilter-0.0.10.tgz 4050ms (cache miss)
7314 http fetch GET 200 https://registry.npmjs.org/imurmurhash/-/imurmurhash-0.1.4.tgz 4062ms (cache miss)
7315 http fetch GET 200 https://registry.npmjs.org/@tsconfig/node12/-/node12-1.0.11.tgz 4080ms (cache miss)
7316 http fetch GET 200 https://registry.npmjs.org/compress-commons/-/compress-commons-7.0.1.tgz 4087ms (cache miss)
7317 http fetch GET 200 https://registry.npmjs.org/text-hex/-/text-hex-1.0.0.tgz 4128ms (cache miss)
7318 http fetch GET 200 https://registry.npmjs.org/tagged-tag/-/tagged-tag-1.0.0.tgz 4144ms (cache miss)
7319 http fetch GET 200 https://registry.npmjs.org/core-util-is/-/core-util-is-1.0.3.tgz 4145ms (cache miss)
7320 http fetch GET 200 https://registry.npmjs.org/process/-/process-0.11.10.tgz 4160ms (cache miss)
7321 http fetch GET 200 https://registry.npmjs.org/color-string/-/color-string-2.1.4.tgz 4150ms (cache miss)
7322 http fetch GET 200 https://registry.npmjs.org/get-east-asian-width/-/get-east-asian-width-1.6.0.tgz 4163ms (cache miss)
7323 http fetch GET 200 https://registry.npmjs.org/fd-slicer/-/fd-slicer-1.1.0.tgz 4168ms (cache miss)
7324 http fetch GET 200 https://registry.npmjs.org/@jridgewell/resolve-uri/-/resolve-uri-3.1.2.tgz 4175ms (cache miss)
7325 http fetch GET 200 https://registry.npmjs.org/color/-/color-5.0.3.tgz 4164ms (cache miss)
7326 http fetch GET 200 https://registry.npmjs.org/fecha/-/fecha-4.2.3.tgz 4173ms (cache miss)
7327 http fetch GET 200 https://registry.npmjs.org/@jridgewell/trace-mapping/-/trace-mapping-0.3.9.tgz 4191ms (cache miss)
7328 http fetch GET 200 https://registry.npmjs.org/events/-/events-3.3.0.tgz 4201ms (cache miss)
7329 http fetch GET 200 https://registry.npmjs.org/kuler/-/kuler-2.0.0.tgz 4251ms (cache miss)
7330 http fetch GET 200 https://registry.npmjs.org/stack-trace/-/stack-trace-0.0.10.tgz 4406ms (cache miss)
7331 http fetch GET 200 https://registry.npmjs.org/enabled/-/enabled-2.0.0.tgz 4440ms (cache miss)
7332 http fetch GET 200 https://registry.npmjs.org/@so-ric/colorspace/-/colorspace-1.1.6.tgz 4446ms (cache miss)
7333 http fetch GET 200 https://registry.npmjs.org/one-time/-/one-time-1.0.0.tgz 4451ms (cache miss)
7334 http fetch GET 200 https://registry.npmjs.org/triple-beam/-/triple-beam-1.4.1.tgz 4472ms (cache miss)
7335 http fetch GET 200 https://registry.npmjs.org/is-map/-/is-map-2.0.3.tgz 4474ms (cache miss)
7336 http fetch GET 200 https://registry.npmjs.org/@types/triple-beam/-/triple-beam-1.3.5.tgz 4483ms (cache miss)
7337 http fetch GET 200 https://registry.npmjs.org/is-weakset/-/is-weakset-2.0.4.tgz 4477ms (cache miss)
7338 http fetch GET 200 https://registry.npmjs.org/is-weakmap/-/is-weakmap-2.0.2.tgz 4480ms (cache miss)
7339 http fetch GET 200 https://registry.npmjs.org/winston-transport/-/winston-transport-4.9.0.tgz 4486ms (cache miss)
7340 http fetch GET 200 https://registry.npmjs.org/generator-function/-/generator-function-2.0.1.tgz 4483ms (cache miss)
7341 http fetch GET 200 https://registry.npmjs.org/async-function/-/async-function-1.0.0.tgz 4483ms (cache miss)
7342 http fetch GET 200 https://registry.npmjs.org/@dabh/diagnostics/-/diagnostics-2.0.8.tgz 4499ms (cache miss)
7343 http fetch GET 200 https://registry.npmjs.org/@colors/colors/-/colors-1.6.0.tgz 4502ms (cache miss)
7344 http fetch GET 200 https://registry.npmjs.org/logform/-/logform-2.7.0.tgz 4520ms (cache miss)
7345 http fetch GET 200 https://registry.npmjs.org/is-bigint/-/is-bigint-1.1.0.tgz 5036ms (cache miss)
7346 http fetch GET 200 https://registry.npmjs.org/strip-json-comments/-/strip-json-comments-2.0.1.tgz 5039ms (cache miss)
7347 http fetch GET 200 https://registry.npmjs.org/spdx-exceptions/-/spdx-exceptions-2.5.0.tgz 5043ms (cache miss)
7348 http fetch GET 200 https://registry.npmjs.org/defaults/-/defaults-1.0.4.tgz 5046ms (cache miss)
7349 http fetch GET 200 https://registry.npmjs.org/spdx-correct/-/spdx-correct-3.2.0.tgz 5045ms (cache miss)
7350 http fetch GET 200 https://registry.npmjs.org/spdx-license-ids/-/spdx-license-ids-3.0.23.tgz 5047ms (cache miss)
7351 http fetch GET 200 https://registry.npmjs.org/clone/-/clone-1.0.4.tgz 5056ms (cache miss)
7352 http fetch GET 200 https://registry.npmjs.org/deep-extend/-/deep-extend-0.6.0.tgz 5051ms (cache miss)
7353 http fetch GET 200 https://registry.npmjs.org/spdx-expression-parse/-/spdx-expression-parse-3.0.1.tgz 5055ms (cache miss)
7354 http fetch GET 200 https://registry.npmjs.org/which-collection/-/which-collection-1.0.2.tgz 5069ms (cache miss)
7355 http fetch GET 200 https://registry.npmjs.org/is-boolean-object/-/is-boolean-object-1.2.2.tgz 5068ms (cache miss)
7356 http fetch GET 200 https://registry.npmjs.org/is-finalizationregistry/-/is-finalizationregistry-1.1.1.tgz 5072ms (cache miss)
7357 http fetch GET 200 https://registry.npmjs.org/is-number-object/-/is-number-object-1.1.1.tgz 5070ms (cache miss)
7358 http fetch GET 200 https://registry.npmjs.org/is-async-function/-/is-async-function-2.1.1.tgz 5072ms (cache miss)
7359 http fetch GET 200 https://registry.npmjs.org/is-generator-function/-/is-generator-function-1.1.2.tgz 5075ms (cache miss)
7360 http fetch GET 200 https://registry.npmjs.org/rc/-/rc-1.2.8.tgz 5110ms (cache miss)
7361 http fetch GET 200 https://registry.npmjs.org/escape-goat/-/escape-goat-4.0.0.tgz 5109ms (cache miss)
7362 http fetch GET 200 https://registry.npmjs.org/proto-list/-/proto-list-1.2.4.tgz 5112ms (cache miss)
7363 http fetch GET 200 https://registry.npmjs.org/registry-url/-/registry-url-6.0.1.tgz 5111ms (cache miss)
7364 http fetch GET 200 https://registry.npmjs.org/config-chain/-/config-chain-1.1.13.tgz 5115ms (cache miss)
7365 http fetch GET 200 https://registry.npmjs.org/global-directory/-/global-directory-4.0.1.tgz 5241ms (cache miss)
7366 http fetch GET 200 https://registry.npmjs.org/package-json/-/package-json-10.0.1.tgz 5242ms (cache miss)
7367 http fetch GET 200 https://registry.npmjs.org/is-installed-globally/-/is-installed-globally-1.0.0.tgz 5242ms (cache miss)
7368 http fetch GET 200 https://registry.npmjs.org/xdg-basedir/-/xdg-basedir-5.1.0.tgz 5244ms (cache miss)
7369 http fetch GET 200 https://registry.npmjs.org/registry-auth-token/-/registry-auth-token-5.1.1.tgz 5248ms (cache miss)
7370 http fetch GET 200 https://registry.npmjs.org/latest-version/-/latest-version-9.0.0.tgz 5283ms (cache miss)
7371 http fetch GET 200 https://registry.npmjs.org/is-in-ci/-/is-in-ci-1.0.0.tgz 5284ms (cache miss)
7372 http fetch GET 200 https://registry.npmjs.org/pupa/-/pupa-3.3.0.tgz 5287ms (cache miss)
7373 http fetch GET 200 https://registry.npmjs.org/configstore/-/configstore-7.1.0.tgz 5286ms (cache miss)
7374 http fetch GET 200 https://registry.npmjs.org/is-npm/-/is-npm-6.1.0.tgz 5308ms (cache miss)
7375 http fetch GET 200 https://registry.npmjs.org/random-bytes/-/random-bytes-1.0.0.tgz 5310ms (cache miss)
7376 http fetch GET 200 https://registry.npmjs.org/anymatch/-/anymatch-3.1.3.tgz 5311ms (cache miss)
7377 http fetch GET 200 https://registry.npmjs.org/which-boxed-primitive/-/which-boxed-primitive-1.1.1.tgz 5317ms (cache miss)
7378 http fetch GET 200 https://registry.npmjs.org/has-bigints/-/has-bigints-1.1.0.tgz 5322ms (cache miss)
7379 http fetch GET 200 https://registry.npmjs.org/which-builtin-type/-/which-builtin-type-1.2.1.tgz 5323ms (cache miss)
7380 http fetch GET 200 https://registry.npmjs.org/tmp/-/tmp-0.2.7.tgz 5383ms (cache miss)
7381 http fetch GET 200 https://registry.npmjs.org/is-number/-/is-number-7.0.0.tgz 5385ms (cache miss)
7382 http fetch GET 200 https://registry.npmjs.org/has-flag/-/has-flag-5.0.1.tgz 5385ms (cache miss)
7383 http fetch GET 200 https://registry.npmjs.org/media-typer/-/media-typer-1.1.1.tgz 5388ms (cache miss)
7384 http fetch GET 200 https://registry.npmjs.org/teex/-/teex-1.0.1.tgz 5452ms (cache miss)
7385 http fetch GET 200 https://registry.npmjs.org/supports-hyperlinks/-/supports-hyperlinks-4.5.0.tgz 5452ms (cache miss)
7386 http fetch GET 200 https://registry.npmjs.org/text-decoder/-/text-decoder-1.2.7.tgz 5455ms (cache miss)
7387 http fetch GET 200 https://registry.npmjs.org/events-universal/-/events-universal-1.0.1.tgz 5457ms (cache miss)
7388 http fetch GET 200 https://registry.npmjs.org/for-each/-/for-each-0.3.5.tgz 5466ms (cache miss)
7389 http fetch GET 200 https://registry.npmjs.org/@pnpm/npm-conf/-/npm-conf-3.0.3.tgz 5479ms (cache miss)
7390 http fetch GET 200 https://registry.npmjs.org/reflect.getprototypeof/-/reflect.getprototypeof-1.0.10.tgz 5471ms (cache miss)
7391 http fetch GET 200 https://registry.npmjs.org/@pnpm/config.env-replace/-/config.env-replace-1.1.0.tgz 5494ms (cache miss)
7392 http fetch GET 200 https://registry.npmjs.org/@pnpm/network.ca-file/-/network.ca-file-1.0.2.tgz 5495ms (cache miss)
7393 http fetch GET 200 https://registry.npmjs.org/nan/-/nan-2.28.0.tgz 5511ms (cache miss)
7394 http fetch GET 200 https://registry.npmjs.org/ky/-/ky-1.14.3.tgz 5547ms (cache miss)
7395 http fetch GET 200 https://registry.npmjs.org/bare-stream/-/bare-stream-2.13.3.tgz 7736ms (cache miss)
7396 http fetch GET 200 https://registry.npmjs.org/fast-fifo/-/fast-fifo-1.3.2.tgz 7936ms (cache miss)
7397 http fetch GET 200 https://registry.npmjs.org/domelementtype/-/domelementtype-2.3.0.tgz 7949ms (cache miss)
7398 http fetch GET 200 https://registry.npmjs.org/dom-serializer/-/dom-serializer-2.0.0.tgz 7958ms (cache miss)
7399 http fetch GET 200 https://registry.npmjs.org/nth-check/-/nth-check-2.1.1.tgz 7996ms (cache miss)
7400 http fetch GET 200 https://registry.npmjs.org/domhandler/-/domhandler-5.0.3.tgz 8076ms (cache miss)
7401 http fetch GET 200 https://registry.npmjs.org/chownr/-/chownr-3.0.0.tgz 8092ms (cache miss)
7402 http fetch GET 200 https://registry.npmjs.org/bare-events/-/bare-events-2.9.1.tgz 8132ms (cache miss)
7403 http fetch GET 200 https://registry.npmjs.org/boolbase/-/boolbase-1.0.0.tgz 8139ms (cache miss)
7404 http fetch GET 200 https://registry.npmjs.org/b4a/-/b4a-1.8.1.tgz 8146ms (cache miss)
7405 http fetch GET 200 https://registry.npmjs.org/@isaacs/fs-minipass/-/fs-minipass-4.0.1.tgz 8153ms (cache miss)
7406 http fetch GET 200 https://registry.npmjs.org/sax/-/sax-1.6.1.tgz 8150ms (cache miss)
7407 http fetch GET 200 https://registry.npmjs.org/mdn-data/-/mdn-data-2.27.1.tgz 8166ms (cache miss)
7408 http fetch GET 200 https://registry.npmjs.org/streamx/-/streamx-2.28.0.tgz 8179ms (cache miss)
7409 http fetch GET 200 https://registry.npmjs.org/minizlib/-/minizlib-3.1.0.tgz 8180ms (cache miss)
7410 http fetch GET 200 https://registry.npmjs.org/side-channel-weakmap/-/side-channel-weakmap-1.0.2.tgz 8202ms (cache miss)
7411 http fetch GET 200 https://registry.npmjs.org/side-channel-list/-/side-channel-list-1.0.1.tgz 8202ms (cache miss)
7412 http fetch GET 200 https://registry.npmjs.org/stubborn-utils/-/stubborn-utils-1.0.2.tgz 8217ms (cache miss)
7413 http fetch GET 200 https://registry.npmjs.org/css-what/-/css-what-6.2.2.tgz 8223ms (cache miss)
7414 http fetch GET 200 https://registry.npmjs.org/buffer-from/-/buffer-from-1.1.2.tgz 8262ms (cache miss)
7415 http fetch GET 200 https://registry.npmjs.org/isarray/-/isarray-2.0.5.tgz 8262ms (cache miss)
7416 http fetch GET 200 https://registry.npmjs.org/queue-microtask/-/queue-microtask-1.2.3.tgz 8264ms (cache miss)
7417 http fetch GET 200 https://registry.npmjs.org/is-promise/-/is-promise-4.0.0.tgz 8265ms (cache miss)
7418 http fetch GET 200 https://registry.npmjs.org/side-channel-map/-/side-channel-map-1.0.1.tgz 8276ms (cache miss)
7419 http fetch GET 200 https://registry.npmjs.org/domutils/-/domutils-3.2.2.tgz 8289ms (cache miss)
7420 http fetch GET 200 https://registry.npmjs.org/csso/-/csso-5.0.5.tgz 8345ms (cache miss)
7421 http fetch GET 200 https://registry.npmjs.org/ret/-/ret-0.5.0.tgz 8374ms (cache miss)
7422 http fetch GET 200 https://registry.npmjs.org/path-to-regexp/-/path-to-regexp-8.4.2.tgz 8397ms (cache miss)
7423 http fetch GET 200 https://registry.npmjs.org/is-document.all/-/is-document.all-1.0.0.tgz 8401ms (cache miss)
7424 http fetch GET 200 https://registry.npmjs.org/set-function-name/-/set-function-name-2.0.2.tgz 8401ms (cache miss)
7425 http fetch GET 200 https://registry.npmjs.org/css-select/-/css-select-5.2.2.tgz 8415ms (cache miss)
7426 http fetch GET 200 https://registry.npmjs.org/bare-path/-/bare-path-3.1.1.tgz 8459ms (cache miss)
7427 http fetch GET 200 https://registry.npmjs.org/functions-have-names/-/functions-have-names-1.2.3.tgz 8470ms (cache miss)
7428 http fetch GET 200 https://registry.npmjs.org/typed-array-length/-/typed-array-length-1.0.8.tgz 8469ms (cache miss)
7429 http fetch GET 200 https://registry.npmjs.org/which-typed-array/-/which-typed-array-1.1.22.tgz 8470ms (cache miss)
7430 http fetch GET 200 https://registry.npmjs.org/possible-typed-array-names/-/possible-typed-array-names-1.1.0.tgz 8479ms (cache miss)
7431 http fetch GET 200 https://registry.npmjs.org/unbox-primitive/-/unbox-primitive-1.1.0.tgz 8481ms (cache miss)
7432 http fetch GET 200 https://registry.npmjs.org/is-date-object/-/is-date-object-1.1.0.tgz 8485ms (cache miss)
7433 http fetch GET 200 https://registry.npmjs.org/is-symbol/-/is-symbol-1.1.1.tgz 8486ms (cache miss)
7434 http fetch GET 200 https://registry.npmjs.org/es-abstract-get/-/es-abstract-get-1.0.0.tgz 8499ms (cache miss)
7435 http fetch GET 200 https://registry.npmjs.org/typed-array-buffer/-/typed-array-buffer-1.0.3.tgz 8503ms (cache miss)
7436 http fetch GET 200 https://registry.npmjs.org/typed-array-byte-offset/-/typed-array-byte-offset-1.0.4.tgz 8504ms (cache miss)
7437 http fetch GET 200 https://registry.npmjs.org/typed-array-byte-length/-/typed-array-byte-length-1.0.3.tgz 8508ms (cache miss)
7438 http fetch GET 200 https://registry.npmjs.org/string.prototype.trimstart/-/string.prototype.trimstart-1.0.8.tgz 8542ms (cache miss)
7439 http fetch GET 200 https://registry.npmjs.org/css-tree/-/css-tree-3.2.1.tgz 8738ms (cache miss)
7440 http fetch GET 200 https://registry.npmjs.org/string.prototype.trimend/-/string.prototype.trimend-1.0.10.tgz 8991ms (cache miss)
7441 http fetch GET 200 https://registry.npmjs.org/safe-regex-test/-/safe-regex-test-1.1.0.tgz 9024ms (cache miss)
7442 http fetch GET 200 https://registry.npmjs.org/stop-iteration-iterator/-/stop-iteration-iterator-1.1.0.tgz 9025ms (cache miss)
7443 http fetch GET 200 https://registry.npmjs.org/safe-push-apply/-/safe-push-apply-1.0.0.tgz 9026ms (cache miss)
7444 http fetch GET 200 https://registry.npmjs.org/set-proto/-/set-proto-1.0.0.tgz 9030ms (cache miss)
7445 http fetch GET 200 https://registry.npmjs.org/safe-array-concat/-/safe-array-concat-1.1.4.tgz 9168ms (cache miss)
7446 http fetch GET 200 https://registry.npmjs.org/string.prototype.trim/-/string.prototype.trim-1.2.11.tgz 9180ms (cache miss)
7447 http fetch GET 200 https://registry.npmjs.org/is-weakref/-/is-weakref-1.1.1.tgz 9177ms (cache miss)
7448 http fetch GET 200 https://registry.npmjs.org/is-typed-array/-/is-typed-array-1.1.15.tgz 9177ms (cache miss)
7449 http fetch GET 200 https://registry.npmjs.org/own-keys/-/own-keys-1.0.2.tgz 9179ms (cache miss)
7450 http fetch GET 200 https://registry.npmjs.org/is-shared-array-buffer/-/is-shared-array-buffer-1.0.4.tgz 9209ms (cache miss)
7451 http fetch GET 200 https://registry.npmjs.org/regexp.prototype.flags/-/regexp.prototype.flags-1.5.4.tgz 9225ms (cache miss)
7452 http fetch GET 200 https://registry.npmjs.org/is-string/-/is-string-1.1.1.tgz 9301ms (cache miss)
7453 http fetch GET 200 https://registry.npmjs.org/is-set/-/is-set-2.0.3.tgz 9302ms (cache miss)
7454 http fetch GET 200 https://registry.npmjs.org/object.assign/-/object.assign-4.1.7.tgz 9311ms (cache miss)
7455 http fetch GET 200 https://registry.npmjs.org/is-regex/-/is-regex-1.2.1.tgz 9345ms (cache miss)
7456 http fetch GET 200 https://registry.npmjs.org/object-inspect/-/object-inspect-1.13.4.tgz 9348ms (cache miss)
7457 http fetch GET 200 https://registry.npmjs.org/is-negative-zero/-/is-negative-zero-2.0.3.tgz 9347ms (cache miss)
7458 http fetch GET 200 https://registry.npmjs.org/is-data-view/-/is-data-view-1.0.2.tgz 9957ms (cache miss)
7459 http fetch GET 200 https://registry.npmjs.org/internal-slot/-/internal-slot-1.1.0.tgz 10055ms (cache miss)
7460 http fetch GET 200 https://registry.npmjs.org/data-view-byte-offset/-/data-view-byte-offset-1.0.1.tgz 10074ms (cache miss)
7461 http fetch GET 200 https://registry.npmjs.org/is-array-buffer/-/is-array-buffer-3.0.5.tgz 10088ms (cache miss)
7462 http fetch GET 200 https://registry.npmjs.org/is-callable/-/is-callable-1.2.7.tgz 10089ms (cache miss)
7463 http fetch GET 200 https://registry.npmjs.org/get-symbol-description/-/get-symbol-description-1.1.0.tgz 10092ms (cache miss)
7464 http fetch GET 200 https://registry.npmjs.org/data-view-byte-length/-/data-view-byte-length-1.0.2.tgz 10099ms (cache miss)
7465 http fetch GET 200 https://registry.npmjs.org/arraybuffer.prototype.slice/-/arraybuffer.prototype.slice-1.0.4.tgz 10104ms (cache miss)
7466 http fetch GET 200 https://registry.npmjs.org/data-view-buffer/-/data-view-buffer-1.0.2.tgz 10106ms (cache miss)
7467 http fetch GET 200 https://registry.npmjs.org/call-bound/-/call-bound-1.0.4.tgz 10106ms (cache miss)
7468 http fetch GET 200 https://registry.npmjs.org/globalthis/-/globalthis-1.0.4.tgz 10116ms (cache miss)
7469 http fetch GET 200 https://registry.npmjs.org/has-proto/-/has-proto-1.2.0.tgz 10119ms (cache miss)
7470 http fetch GET 200 https://registry.npmjs.org/has-property-descriptors/-/has-property-descriptors-1.0.2.tgz 10129ms (cache miss)
7471 http fetch GET 200 https://registry.npmjs.org/array-buffer-byte-length/-/array-buffer-byte-length-1.0.2.tgz 10131ms (cache miss)
7472 http fetch GET 200 https://registry.npmjs.org/bare-fs/-/bare-fs-4.8.0.tgz 10199ms (cache miss)
7473 http fetch GET 200 https://registry.npmjs.org/function.prototype.name/-/function.prototype.name-1.2.0.tgz 10158ms (cache miss)
7474 http fetch GET 200 https://registry.npmjs.org/es-to-primitive/-/es-to-primitive-1.3.4.tgz 10158ms (cache miss)
7475 http fetch GET 200 https://registry.npmjs.org/available-typed-arrays/-/available-typed-arrays-1.0.7.tgz 10157ms (cache miss)
7476 http fetch GET 200 https://registry.npmjs.org/path-parse/-/path-parse-1.0.7.tgz 10241ms (cache miss)
7477 http fetch GET 200 https://registry.npmjs.org/supports-preserve-symlinks-flag/-/supports-preserve-symlinks-flag-1.0.0.tgz 10255ms (cache miss)
7478 http fetch GET 200 https://registry.npmjs.org/call-bind/-/call-bind-1.0.9.tgz 10262ms (cache miss)
7479 http fetch GET 200 https://registry.npmjs.org/define-properties/-/define-properties-1.2.1.tgz 10262ms (cache miss)
7480 http fetch GET 200 https://registry.npmjs.org/es-shim-unscopables/-/es-shim-unscopables-1.1.0.tgz 10263ms (cache miss)
7481 http fetch GET 200 https://registry.npmjs.org/define-data-property/-/define-data-property-1.1.4.tgz 10263ms (cache miss)
7482 http fetch GET 200 https://registry.npmjs.org/set-function-length/-/set-function-length-1.2.2.tgz 10269ms (cache miss)
7483 http fetch GET 200 https://registry.npmjs.org/array.prototype.flatmap/-/array.prototype.flatmap-1.3.3.tgz 10276ms (cache miss)
7484 http fetch GET 200 https://registry.npmjs.org/object-keys/-/object-keys-1.1.1.tgz 10448ms (cache miss)
7485 http fetch GET 200 https://registry.npmjs.org/is-core-module/-/is-core-module-2.16.2.tgz 10667ms (cache miss)
7486 http fetch GET 200 https://registry.npmjs.org/index-to-position/-/index-to-position-1.2.0.tgz 10666ms (cache miss)
7487 http fetch GET 200 https://registry.npmjs.org/parse-json/-/parse-json-8.3.0.tgz 10743ms (cache miss)
7488 http fetch GET 200 https://registry.npmjs.org/object.entries/-/object.entries-1.1.9.tgz 10746ms (cache miss)
7489 http fetch GET 200 https://registry.npmjs.org/@types/normalize-package-data/-/normalize-package-data-2.4.4.tgz 10749ms (cache miss)
7490 http fetch GET 200 https://registry.npmjs.org/side-channel/-/side-channel-1.1.1.tgz 10767ms (cache miss)
7491 http fetch GET 200 https://registry.npmjs.org/parse-ms/-/parse-ms-4.0.0.tgz 10767ms (cache miss)
7492 http fetch GET 200 https://registry.npmjs.org/forwarded/-/forwarded-0.2.0.tgz 10769ms (cache miss)
7493 http fetch GET 200 https://registry.npmjs.org/node-exports-info/-/node-exports-info-1.6.2.tgz 10782ms (cache miss)
7494 http fetch GET 200 https://registry.npmjs.org/colors/-/colors-1.4.0.tgz 11194ms (cache miss)
7495 http fetch GET 200 https://registry.npmjs.org/@jridgewell/sourcemap-codec/-/sourcemap-codec-1.5.5.tgz 11217ms (cache miss)
7496 http fetch GET 200 https://registry.npmjs.org/estraverse/-/estraverse-5.3.0.tgz 11694ms (cache miss)
7497 http fetch GET 200 https://registry.npmjs.org/eslint-visitor-keys/-/eslint-visitor-keys-5.0.1.tgz 12187ms (cache miss)
7498 http fetch GET 200 https://registry.npmjs.org/tinyglobby/-/tinyglobby-0.2.17.tgz 12202ms (cache miss)
7499 http fetch GET 200 https://registry.npmjs.org/@typescript-eslint/visitor-keys/-/visitor-keys-8.67.0.tgz 12208ms (cache miss)
7500 http fetch GET 200 https://registry.npmjs.org/ts-api-utils/-/ts-api-utils-2.5.0.tgz 12231ms (cache miss)
7501 http fetch GET 200 https://registry.npmjs.org/@typescript-eslint/types/-/types-8.67.0.tgz 12248ms (cache miss)
7502 http fetch GET 200 https://registry.npmjs.org/@vue/compiler-core/-/compiler-core-3.5.41.tgz 12458ms (cache miss)
7503 http fetch GET 200 https://registry.npmjs.org/@vue/shared/-/shared-3.5.41.tgz 12500ms (cache miss)
7504 http fetch GET 200 https://registry.npmjs.org/@vue/compiler-ssr/-/compiler-ssr-3.5.41.tgz 12505ms (cache miss)
7505 http fetch GET 200 https://registry.npmjs.org/@typescript-eslint/tsconfig-utils/-/tsconfig-utils-8.67.0.tgz 12516ms (cache miss)
7506 http fetch GET 200 https://registry.npmjs.org/source-map/-/source-map-0.6.1.tgz 12536ms (cache miss)
7507 http fetch GET 200 https://registry.npmjs.org/@typescript-eslint/project-service/-/project-service-8.67.0.tgz 12531ms (cache miss)
7508 http fetch GET 200 https://registry.npmjs.org/ast-module-types/-/ast-module-types-6.0.2.tgz 12532ms (cache miss)
7509 http fetch GET 200 https://registry.npmjs.org/magic-string/-/magic-string-0.30.21.tgz 12541ms (cache miss)
7510 http fetch GET 200 https://registry.npmjs.org/get-amd-module-type/-/get-amd-module-type-6.0.2.tgz 12541ms (cache miss)
7511 http fetch GET 200 https://registry.npmjs.org/es-abstract/-/es-abstract-1.24.2.tgz 13045ms (cache miss)
7512 http fetch GET 200 https://registry.npmjs.org/bare-url/-/bare-url-2.5.2.tgz 14499ms (cache miss)
7513 http fetch GET 200 https://registry.npmjs.org/detective-sass/-/detective-sass-6.0.2.tgz 14449ms (cache miss)
7514 http fetch GET 200 https://registry.npmjs.org/detective-es6/-/detective-es6-5.0.2.tgz 14507ms (cache miss)
7515 http fetch GET 200 https://registry.npmjs.org/module-definition/-/module-definition-6.0.2.tgz 14511ms (cache miss)
7516 http fetch GET 200 https://registry.npmjs.org/detective-scss/-/detective-scss-5.0.2.tgz 14509ms (cache miss)
7517 http fetch GET 200 https://registry.npmjs.org/node-source-walk/-/node-source-walk-7.0.2.tgz 14514ms (cache miss)
7518 http fetch GET 200 https://registry.npmjs.org/detective-vue2/-/detective-vue2-2.3.0.tgz 14513ms (cache miss)
7519 http fetch GET 200 https://registry.npmjs.org/escodegen/-/escodegen-2.1.0.tgz 14518ms (cache miss)
7520 http fetch GET 200 https://registry.npmjs.org/detective-amd/-/detective-amd-6.1.0.tgz 14562ms (cache miss)
7521 http fetch GET 200 https://registry.npmjs.org/detective-cjs/-/detective-cjs-6.1.1.tgz 14736ms (cache miss)
7522 http fetch GET 200 https://registry.npmjs.org/real-require/-/real-require-0.2.0.tgz 14735ms (cache miss)
7523 http fetch GET 200 https://registry.npmjs.org/unpipe/-/unpipe-1.0.0.tgz 14738ms (cache miss)
7524 http fetch GET 200 https://registry.npmjs.org/gonzales-pe/-/gonzales-pe-4.3.0.tgz 14750ms (cache miss)
7525 http fetch GET 200 https://registry.npmjs.org/safe-stable-stringify/-/safe-stable-stringify-2.5.0.tgz 14744ms (cache miss)
7526 http fetch GET 200 https://registry.npmjs.org/sonic-boom/-/sonic-boom-4.2.1.tgz 14762ms (cache miss)
7527 http fetch GET 200 https://registry.npmjs.org/thread-stream/-/thread-stream-4.2.0.tgz 14807ms (cache miss)
7528 http fetch GET 200 https://registry.npmjs.org/@dependents/detective-less/-/detective-less-5.0.3.tgz 15028ms (cache miss)
7529 http fetch GET 200 https://registry.npmjs.org/postgres-bytea/-/postgres-bytea-1.0.1.tgz 15188ms (cache miss)
7530 http fetch GET 200 https://registry.npmjs.org/pino-abstract-transport/-/pino-abstract-transport-3.0.0.tgz 15352ms (cache miss)
7531 http fetch GET 200 https://registry.npmjs.org/on-exit-leak-free/-/on-exit-leak-free-2.1.2.tgz 15596ms (cache miss)
7532 http fetch GET 200 https://registry.npmjs.org/pino-std-serializers/-/pino-std-serializers-7.1.0.tgz 15598ms (cache miss)
7533 http fetch GET 200 https://registry.npmjs.org/postgres-interval/-/postgres-interval-1.2.0.tgz 15788ms (cache miss)
7534 http fetch GET 200 https://registry.npmjs.org/pg-int8/-/pg-int8-1.0.1.tgz 15785ms (cache miss)
7535 http fetch GET 200 https://registry.npmjs.org/pgpass/-/pgpass-1.0.5.tgz 15787ms (cache miss)
7536 http fetch GET 200 https://registry.npmjs.org/quick-format-unescaped/-/quick-format-unescaped-4.0.4.tgz 15800ms (cache miss)
7537 http fetch GET 200 https://registry.npmjs.org/postgres-date/-/postgres-date-1.0.7.tgz 15796ms (cache miss)
7538 http fetch GET 200 https://registry.npmjs.org/postgres-array/-/postgres-array-2.0.0.tgz 16141ms (cache miss)
7539 http fetch GET 200 https://registry.npmjs.org/atomic-sleep/-/atomic-sleep-1.0.0.tgz 16477ms (cache miss)
7540 http fetch GET 200 https://registry.npmjs.org/pg-connection-string/-/pg-connection-string-2.14.0.tgz 17167ms (cache miss)
7541 http fetch GET 200 https://registry.npmjs.org/pg-cloudflare/-/pg-cloudflare-1.4.0.tgz 17171ms (cache miss)
7542 http fetch GET 200 https://registry.npmjs.org/find-up-simple/-/find-up-simple-1.0.1.tgz 17168ms (cache miss)
7543 http fetch GET 200 https://registry.npmjs.org/@types/retry/-/retry-0.12.2.tgz 17173ms (cache miss)
7544 http fetch GET 200 https://registry.npmjs.org/cyclist/-/cyclist-1.0.2.tgz 17244ms (cache miss)
7545 http fetch GET 200 https://registry.npmjs.org/slashes/-/slashes-3.0.12.tgz 17559ms (cache miss)
7546 http fetch GET 200 https://registry.npmjs.org/is-network-error/-/is-network-error-1.3.2.tgz 17669ms (cache miss)
7547 http fetch GET 200 https://registry.npmjs.org/macos-release/-/macos-release-3.5.1.tgz 17667ms (cache miss)
7548 http fetch GET 200 https://registry.npmjs.org/p-timeout/-/p-timeout-6.1.4.tgz 17683ms (cache miss)
7549 http fetch GET 200 https://registry.npmjs.org/windows-release/-/windows-release-6.1.0.tgz 17683ms (cache miss)
7550 http fetch GET 200 https://registry.npmjs.org/ieee754/-/ieee754-1.2.1.tgz 17694ms (cache miss)
7551 http fetch GET 200 https://registry.npmjs.org/is-interactive/-/is-interactive-1.0.0.tgz 17738ms (cache miss)
7552 http fetch GET 200 https://registry.npmjs.org/cli-spinners/-/cli-spinners-2.9.2.tgz 17737ms (cache miss)
7553 http fetch GET 200 https://registry.npmjs.org/run-applescript/-/run-applescript-7.1.0.tgz 17946ms (cache miss)
7554 http fetch GET 200 https://registry.npmjs.org/default-browser-id/-/default-browser-id-5.0.1.tgz 17950ms (cache miss)
7555 http fetch GET 200 https://registry.npmjs.org/bl/-/bl-4.1.0.tgz 17955ms (cache miss)
7556 http fetch GET 200 https://registry.npmjs.org/bundle-name/-/bundle-name-4.1.0.tgz 17953ms (cache miss)
7557 http fetch GET 200 https://registry.npmjs.org/log-symbols/-/log-symbols-4.1.0.tgz 17954ms (cache miss)
7558 http fetch GET 200 https://registry.npmjs.org/is-in-ssh/-/is-in-ssh-1.0.0.tgz 17953ms (cache miss)
7559 http fetch GET 200 https://registry.npmjs.org/wcwidth/-/wcwidth-1.0.1.tgz 17958ms (cache miss)
7560 http fetch GET 200 https://registry.npmjs.org/wsl-utils/-/wsl-utils-1.0.0.tgz 17965ms (cache miss)
7561 http fetch GET 200 https://registry.npmjs.org/define-lazy-prop/-/define-lazy-prop-3.0.0.tgz 17962ms (cache miss)
7562 http fetch GET 200 https://registry.npmjs.org/abbrev/-/abbrev-3.0.1.tgz 17976ms (cache miss)
7563 http fetch GET 200 https://registry.npmjs.org/ee-first/-/ee-first-1.1.1.tgz 17980ms (cache miss)
7564 http fetch GET 200 https://registry.npmjs.org/uid-safe/-/uid-safe-2.1.5.tgz 17976ms (cache miss)
7565 http fetch GET 200 https://registry.npmjs.org/powershell-utils/-/powershell-utils-0.2.0.tgz 17983ms (cache miss)
7566 http fetch GET 200 https://registry.npmjs.org/balanced-match/-/balanced-match-4.0.4.tgz 17976ms (cache miss)
7567 http fetch GET 200 https://registry.npmjs.org/default-browser/-/default-browser-5.5.0.tgz 17981ms (cache miss)
7568 http fetch GET 200 https://registry.npmjs.org/fill-range/-/fill-range-7.1.1.tgz 17976ms (cache miss)
7569 http fetch GET 200 https://registry.npmjs.org/hosted-git-info/-/hosted-git-info-8.1.0.tgz 17980ms (cache miss)
7570 http fetch GET 200 https://registry.npmjs.org/xtend/-/xtend-4.0.2.tgz 18023ms (cache miss)
7571 http fetch GET 200 https://registry.npmjs.org/to-regex-range/-/to-regex-range-5.0.1.tgz 17987ms (cache miss)
7572 http fetch GET 200 https://registry.npmjs.org/pg-pool/-/pg-pool-3.14.0.tgz 18021ms (cache miss)
7573 http fetch GET 200 https://registry.npmjs.org/validate-npm-package-license/-/validate-npm-package-license-3.0.4.tgz 17994ms (cache miss)
7574 http fetch GET 200 https://registry.npmjs.org/brace-expansion/-/brace-expansion-5.0.9.tgz 17994ms (cache miss)
7575 http fetch GET 200 https://registry.npmjs.org/is-error-instance/-/is-error-instance-2.0.0.tgz 17986ms (cache miss)
7576 http fetch GET 200 https://registry.npmjs.org/through2/-/through2-2.0.5.tgz 17992ms (cache miss)
7577 http fetch GET 200 https://registry.npmjs.org/fast-stringify/-/fast-stringify-4.0.1.tgz 17994ms (cache miss)
7578 http fetch GET 200 https://registry.npmjs.org/mimic-fn/-/mimic-fn-4.0.0.tgz 17981ms (cache miss)
7579 http fetch GET 200 https://registry.npmjs.org/slice-ansi/-/slice-ansi-8.0.0.tgz 17993ms (cache miss)
7580 http fetch GET 200 https://registry.npmjs.org/std-env/-/std-env-4.2.0.tgz 17985ms (cache miss)
7581 http fetch GET 200 https://registry.npmjs.org/tinyclip/-/tinyclip-0.1.15.tgz 17987ms (cache miss)
7582 http fetch GET 200 https://registry.npmjs.org/set-cookie-parser/-/set-cookie-parser-2.7.2.tgz 17990ms (cache miss)
7583 http fetch GET 200 https://registry.npmjs.org/split2/-/split2-1.1.1.tgz 18003ms (cache miss)
7584 http fetch GET 200 https://registry.npmjs.org/http-shutdown/-/http-shutdown-1.2.2.tgz 17996ms (cache miss)
7585 http fetch GET 200 https://registry.npmjs.org/get-port-please/-/get-port-please-3.2.0.tgz 18136ms (cache miss)
7586 http fetch GET 200 https://registry.npmjs.org/uncrypto/-/uncrypto-0.1.3.tgz 18133ms (cache miss)
7587 http fetch GET 200 https://registry.npmjs.org/is-inside-container/-/is-inside-container-1.0.0.tgz 18133ms (cache miss)
7588 http fetch GET 200 https://registry.npmjs.org/is-extglob/-/is-extglob-2.1.1.tgz 18136ms (cache miss)
7589 http fetch GET 200 https://registry.npmjs.org/iron-webcrypto/-/iron-webcrypto-1.2.1.tgz 18130ms (cache miss)
7590 http fetch GET 200 https://registry.npmjs.org/radix3/-/radix3-1.1.2.tgz 18131ms (cache miss)
7591 http fetch GET 200 https://registry.npmjs.org/cookie-es/-/cookie-es-1.2.3.tgz 18131ms (cache miss)
7592 http fetch GET 200 https://registry.npmjs.org/restore-cursor/-/restore-cursor-3.1.0.tgz 18132ms (cache miss)
7593 http fetch GET 200 https://registry.npmjs.org/image-meta/-/image-meta-0.2.2.tgz 18138ms (cache miss)
7594 http fetch GET 200 https://registry.npmjs.org/defu/-/defu-6.1.7.tgz 18135ms (cache miss)
7595 http fetch GET 200 https://registry.npmjs.org/destr/-/destr-2.0.5.tgz 18138ms (cache miss)
7596 http fetch GET 200 https://registry.npmjs.org/pathe/-/pathe-2.0.3.tgz 18153ms (cache miss)
7597 http fetch GET 200 https://registry.npmjs.org/ora/-/ora-5.4.1.tgz 18135ms (cache miss)
7598 http fetch GET 200 https://registry.npmjs.org/cli-width/-/cli-width-3.0.0.tgz 18135ms (cache miss)
7599 http fetch GET 200 https://registry.npmjs.org/@inquirer/external-editor/-/external-editor-1.0.3.tgz 18135ms (cache miss)
7600 http fetch GET 200 https://registry.npmjs.org/cli-cursor/-/cli-cursor-3.1.0.tgz 18134ms (cache miss)
7601 http fetch GET 200 https://registry.npmjs.org/run-async/-/run-async-2.4.1.tgz 18132ms (cache miss)
7602 http fetch GET 200 https://registry.npmjs.org/module-details-from-path/-/module-details-from-path-1.0.4.tgz 18134ms (cache miss)
7603 http fetch GET 200 https://registry.npmjs.org/is-plain-object/-/is-plain-object-5.0.0.tgz 18130ms (cache miss)
7604 http fetch GET 200 https://registry.npmjs.org/requires-port/-/requires-port-1.0.0.tgz 18129ms (cache miss)
7605 http fetch GET 200 https://registry.npmjs.org/toidentifier/-/toidentifier-1.0.1.tgz 18130ms (cache miss)
7606 http fetch GET 200 https://registry.npmjs.org/follow-redirects/-/follow-redirects-1.16.0.tgz 18129ms (cache miss)
7607 http fetch GET 200 https://registry.npmjs.org/@types/http-proxy/-/http-proxy-1.17.17.tgz 18133ms (cache miss)
7608 http fetch GET 200 https://registry.npmjs.org/setprototypeof/-/setprototypeof-1.2.0.tgz 18127ms (cache miss)
7609 http fetch GET 200 https://registry.npmjs.org/slash/-/slash-5.1.0.tgz 18129ms (cache miss)
7610 http fetch GET 200 https://registry.npmjs.org/from2/-/from2-2.3.0.tgz 18120ms (cache miss)
7611 http fetch GET 200 https://registry.npmjs.org/is-glob/-/is-glob-4.0.3.tgz 18126ms (cache miss)
7612 http fetch GET 200 https://registry.npmjs.org/unix-dgram/-/unix-dgram-2.0.7.tgz 18124ms (cache miss)
7613 http fetch GET 200 https://registry.npmjs.org/mute-stream/-/mute-stream-0.0.8.tgz 18149ms (cache miss)
7614 http fetch GET 200 https://registry.npmjs.org/detective-typescript/-/detective-typescript-14.1.2.tgz 18259ms (cache miss)
7615 http fetch GET 200 https://registry.npmjs.org/is-unicode-supported/-/is-unicode-supported-2.1.0.tgz 18132ms (cache miss)
7616 http fetch GET 200 https://registry.npmjs.org/unicorn-magic/-/unicorn-magic-0.3.0.tgz 18134ms (cache miss)
7617 http fetch GET 200 https://registry.npmjs.org/ini/-/ini-1.3.8.tgz 18134ms (cache miss)
7618 http fetch GET 200 https://registry.npmjs.org/eventemitter3/-/eventemitter3-4.0.7.tgz 18141ms (cache miss)
7619 http fetch GET 200 https://registry.npmjs.org/buffer/-/buffer-5.7.1.tgz 18232ms (cache miss)
7620 http fetch GET 200 https://registry.npmjs.org/reusify/-/reusify-1.1.0.tgz 18134ms (cache miss)
7621 http fetch GET 200 https://registry.npmjs.org/dequal/-/dequal-2.0.3.tgz 18132ms (cache miss)
7622 http fetch GET 200 https://registry.npmjs.org/toad-cache/-/toad-cache-3.7.4.tgz 18130ms (cache miss)
7623 http fetch GET 200 https://registry.npmjs.org/@sec-ant/readable-stream/-/readable-stream-0.4.1.tgz 18142ms (cache miss)
7624 http fetch GET 200 https://registry.npmjs.org/secure-json-parse/-/secure-json-parse-4.1.0.tgz 18129ms (cache miss)
7625 http fetch GET 200 https://registry.npmjs.org/ipaddr.js/-/ipaddr.js-2.5.0.tgz 18133ms (cache miss)
7626 http fetch GET 200 https://registry.npmjs.org/process-warning/-/process-warning-5.1.0.tgz 18128ms (cache miss)
7627 http fetch GET 200 https://registry.npmjs.org/@sindresorhus/merge-streams/-/merge-streams-2.3.0.tgz 18160ms (cache miss)
7628 http fetch GET 200 https://registry.npmjs.org/@fastify/forwarded/-/forwarded-3.0.2.tgz 18146ms (cache miss)
7629 http fetch GET 200 https://registry.npmjs.org/abstract-logging/-/abstract-logging-2.0.1.tgz 18134ms (cache miss)
7630 http fetch GET 200 https://registry.npmjs.org/@vue/compiler-dom/-/compiler-dom-3.5.41.tgz 18318ms (cache miss)
7631 http fetch GET 200 https://registry.npmjs.org/esutils/-/esutils-2.0.3.tgz 18353ms (cache miss)
7632 http fetch GET 200 https://registry.npmjs.org/@nodelib/fs.stat/-/fs.stat-2.0.5.tgz 18197ms (cache miss)
7633 http fetch GET 200 https://registry.npmjs.org/fast-string-truncated-width/-/fast-string-truncated-width-3.0.3.tgz 18196ms (cache miss)
7634 http fetch GET 200 https://registry.npmjs.org/@nodelib/fs.walk/-/fs.walk-1.2.8.tgz 18200ms (cache miss)
7635 http fetch GET 200 https://registry.npmjs.org/safer-buffer/-/safer-buffer-2.1.2.tgz 18234ms (cache miss)
7636 http fetch GET 200 https://registry.npmjs.org/run-parallel/-/run-parallel-1.2.0.tgz 18200ms (cache miss)
7637 http fetch GET 200 https://registry.npmjs.org/@nodelib/fs.scandir/-/fs.scandir-2.1.5.tgz 18214ms (cache miss)
7638 http fetch GET 200 https://registry.npmjs.org/@types/yauzl/-/yauzl-2.10.3.tgz 18211ms (cache miss)
7639 http fetch GET 200 https://registry.npmjs.org/glob-parent/-/glob-parent-5.1.2.tgz 18211ms (cache miss)
7640 http fetch GET 200 https://registry.npmjs.org/merge2/-/merge2-1.4.1.tgz 18213ms (cache miss)
7641 http fetch GET 200 https://registry.npmjs.org/uqr/-/uqr-0.1.3.tgz 18319ms (cache miss)
7642 http fetch GET 200 https://registry.npmjs.org/citty/-/citty-0.1.6.tgz 18298ms (cache miss)
7643 http fetch GET 200 https://registry.npmjs.org/jpeg-js/-/jpeg-js-0.4.4.tgz 18332ms (cache miss)
7644 http fetch GET 200 https://registry.npmjs.org/set-error-message/-/set-error-message-2.0.1.tgz 18350ms (cache miss)
7645 http fetch GET 200 https://registry.npmjs.org/cjs-module-lexer/-/cjs-module-lexer-2.2.1.tgz 18310ms (cache miss)
7646 http fetch GET 200 https://registry.npmjs.org/ufo/-/ufo-1.6.4.tgz 18341ms (cache miss)
7647 http fetch GET 200 https://registry.npmjs.org/untun/-/untun-0.2.2.tgz 18364ms (cache miss)
7648 http fetch GET 200 https://registry.npmjs.org/pg-types/-/pg-types-2.2.0.tgz 18423ms (cache miss)
7649 http fetch GET 200 https://registry.npmjs.org/braces/-/braces-3.0.3.tgz 18398ms (cache miss)
7650 http fetch GET 200 https://registry.npmjs.org/through/-/through-2.3.8.tgz 18356ms (cache miss)
7651 http fetch GET 200 https://registry.npmjs.org/@fastify/fast-json-stringify-compiler/-/fast-json-stringify-compiler-5.1.0.tgz 18323ms (cache miss)
7652 http fetch GET 200 https://registry.npmjs.org/on-headers/-/on-headers-1.1.0.tgz 18318ms (cache miss)
7653 http fetch GET 200 https://registry.npmjs.org/statuses/-/statuses-2.0.2.tgz 18317ms (cache miss)
7654 http fetch GET 200 https://registry.npmjs.org/bytes/-/bytes-3.1.2.tgz 18322ms (cache miss)
7655 http fetch GET 200 https://registry.npmjs.org/negotiator/-/negotiator-1.0.0.tgz 18323ms (cache miss)
7656 http fetch GET 200 https://registry.npmjs.org/type-is/-/type-is-2.1.0.tgz 18321ms (cache miss)
7657 http fetch GET 200 https://registry.npmjs.org/serve-static/-/serve-static-2.2.1.tgz 18319ms (cache miss)
7658 http fetch GET 200 https://registry.npmjs.org/@fastify/ajv-compiler/-/ajv-compiler-4.0.6.tgz 18333ms (cache miss)
7659 http fetch GET 200 https://registry.npmjs.org/vary/-/vary-1.1.2.tgz 18326ms (cache miss)
7660 http fetch GET 200 https://registry.npmjs.org/fast-querystring/-/fast-querystring-1.1.2.tgz 18345ms (cache miss)
7661 http fetch GET 200 https://registry.npmjs.org/parseurl/-/parseurl-1.3.3.tgz 18351ms (cache miss)
7662 http fetch GET 200 https://registry.npmjs.org/safe-regex2/-/safe-regex2-5.1.1.tgz 18406ms (cache miss)
7663 http fetch GET 200 https://registry.npmjs.org/router/-/router-2.2.0.tgz 18386ms (cache miss)
7664 http fetch GET 200 https://registry.npmjs.org/fresh/-/fresh-2.0.0.tgz 18382ms (cache miss)
7665 http fetch GET 200 https://registry.npmjs.org/on-finished/-/on-finished-2.4.1.tgz 18385ms (cache miss)
7666 http fetch GET 200 https://registry.npmjs.org/range-parser/-/range-parser-1.3.0.tgz 18391ms (cache miss)
7667 http fetch GET 200 https://registry.npmjs.org/h3/-/h3-1.15.11.tgz 18461ms (cache miss)
7668 http fetch GET 200 https://registry.npmjs.org/encodeurl/-/encodeurl-2.0.0.tgz 18392ms (cache miss)
7669 http fetch GET 200 https://registry.npmjs.org/proxy-addr/-/proxy-addr-2.0.7.tgz 18398ms (cache miss)
7670 http fetch GET 200 https://registry.npmjs.org/@pinojs/redact/-/redact-0.4.0.tgz 18567ms (cache miss)
7671 http fetch GET 200 https://registry.npmjs.org/xss/-/xss-1.0.15.tgz 18500ms (cache miss)
7672 http fetch GET 200 https://registry.npmjs.org/ajv-formats/-/ajv-formats-3.0.1.tgz 18463ms (cache miss)
7673 http fetch GET 200 https://registry.npmjs.org/merge-descriptors/-/merge-descriptors-2.0.0.tgz 18437ms (cache miss)
7674 http fetch GET 200 https://registry.npmjs.org/depd/-/depd-2.0.0.tgz 18437ms (cache miss)
7675 http fetch GET 200 https://registry.npmjs.org/finalhandler/-/finalhandler-2.1.1.tgz 18440ms (cache miss)
7676 http fetch GET 200 https://registry.npmjs.org/cookie-signature/-/cookie-signature-1.2.2.tgz 18444ms (cache miss)
7677 http fetch GET 200 https://registry.npmjs.org/fast-equals/-/fast-equals-5.4.1.tgz 18558ms (cache miss)
7678 http fetch GET 200 https://registry.npmjs.org/strip-final-newline/-/strip-final-newline-2.0.0.tgz 18441ms (cache miss)
7679 http fetch GET 200 https://registry.npmjs.org/body-parser/-/body-parser-2.3.0.tgz 18458ms (cache miss)
7680 http fetch GET 200 https://registry.npmjs.org/onetime/-/onetime-5.1.2.tgz 18463ms (cache miss)
7681 http fetch GET 200 https://registry.npmjs.org/signal-exit/-/signal-exit-3.0.7.tgz 18464ms (cache miss)
7682 http fetch GET 200 https://registry.npmjs.org/@fastify/proxy-addr/-/proxy-addr-5.1.0.tgz 18492ms (cache miss)
7683 http fetch GET 200 https://registry.npmjs.org/json-schema-ref-resolver/-/json-schema-ref-resolver-3.0.0.tgz 18506ms (cache miss)
7684 http fetch GET 200 https://registry.npmjs.org/normalize-exception/-/normalize-exception-3.0.0.tgz 18617ms (cache miss)
7685 http fetch GET 200 https://registry.npmjs.org/npm-run-path/-/npm-run-path-4.0.1.tgz 18511ms (cache miss)
7686 http fetch GET 200 https://registry.npmjs.org/merge-stream/-/merge-stream-2.0.0.tgz 18512ms (cache miss)
7687 http fetch GET 200 https://registry.npmjs.org/human-signals/-/human-signals-2.1.0.tgz 18608ms (cache miss)
7688 http fetch GET 200 https://registry.npmjs.org/stackframe/-/stackframe-1.3.4.tgz 18751ms (cache miss)
7689 http fetch GET 200 https://registry.npmjs.org/is-safe-filename/-/is-safe-filename-0.1.1.tgz 18756ms (cache miss)
7690 http fetch GET 200 https://registry.npmjs.org/callsite/-/callsite-1.0.0.tgz 18761ms (cache miss)
7691 http fetch GET 200 https://registry.npmjs.org/accepts/-/accepts-2.0.0.tgz 18778ms (cache miss)
7692 http fetch GET 200 https://registry.npmjs.org/ofetch/-/ofetch-1.5.1.tgz 18878ms (cache miss)
7693 http fetch GET 200 https://registry.npmjs.org/array-timsort/-/array-timsort-1.0.3.tgz 18798ms (cache miss)
7694 http fetch GET 200 https://registry.npmjs.org/camelcase/-/camelcase-8.0.0.tgz 18800ms (cache miss)
7695 http fetch GET 200 https://registry.npmjs.org/lodash.isempty/-/lodash.isempty-4.4.0.tgz 18802ms (cache miss)
7696 http fetch GET 200 https://registry.npmjs.org/ansi-align/-/ansi-align-3.0.1.tgz 18800ms (cache miss)
7697 http fetch GET 200 https://registry.npmjs.org/globby/-/globby-14.1.0.tgz 18806ms (cache miss)
7698 http fetch GET 200 https://registry.npmjs.org/file-uri-to-path/-/file-uri-to-path-1.0.0.tgz 18815ms (cache miss)
7699 http fetch GET 200 https://registry.npmjs.org/js-tokens/-/js-tokens-4.0.0.tgz 18814ms (cache miss)
7700 http fetch GET 200 https://registry.npmjs.org/jsonpointer/-/jsonpointer-5.0.1.tgz 18815ms (cache miss)
7701 http fetch GET 200 https://registry.npmjs.org/lodash.transform/-/lodash.transform-4.6.0.tgz 18824ms (cache miss)
7702 http fetch GET 200 https://registry.npmjs.org/when-exit/-/when-exit-2.1.5.tgz 18817ms (cache miss)
7703 http fetch GET 200 https://registry.npmjs.org/leven/-/leven-3.1.0.tgz 18819ms (cache miss)
7704 http fetch GET 200 https://registry.npmjs.org/precond/-/precond-0.2.3.tgz 18818ms (cache miss)
7705 http fetch GET 200 https://registry.npmjs.org/stubborn-fs/-/stubborn-fs-2.0.0.tgz 18818ms (cache miss)
7706 http fetch GET 200 https://registry.npmjs.org/cli-boxes/-/cli-boxes-3.0.0.tgz 18818ms (cache miss)
7707 http fetch GET 200 https://registry.npmjs.org/widest-line/-/widest-line-5.0.0.tgz 18835ms (cache miss)
7708 http fetch GET 200 https://registry.npmjs.org/send/-/send-1.2.1.tgz 18858ms (cache miss)
7709 http fetch GET 200 https://registry.npmjs.org/buffer-crc32/-/buffer-crc32-1.0.0.tgz 18827ms (cache miss)
7710 http fetch GET 200 https://registry.npmjs.org/environment/-/environment-1.1.0.tgz 18827ms (cache miss)
7711 http fetch GET 200 https://registry.npmjs.org/zip-stream/-/zip-stream-7.0.5.tgz 18844ms (cache miss)
7712 http fetch GET 200 https://registry.npmjs.org/path-scurry/-/path-scurry-2.0.2.tgz 18910ms (cache miss)
7713 http fetch GET 200 https://registry.npmjs.org/ansi-colors/-/ansi-colors-4.1.3.tgz 18862ms (cache miss)
7714 http fetch GET 200 https://registry.npmjs.org/@babel/code-frame/-/code-frame-7.29.7.tgz 18854ms (cache miss)
7715 http fetch GET 200 https://registry.npmjs.org/json-schema-traverse/-/json-schema-traverse-1.0.0.tgz 18855ms (cache miss)
7716 http fetch GET 200 https://registry.npmjs.org/require-from-string/-/require-from-string-2.0.2.tgz 18870ms (cache miss)
7717 http fetch GET 200 https://registry.npmjs.org/readdir-glob/-/readdir-glob-3.0.0.tgz 18875ms (cache miss)
7718 http fetch GET 200 https://registry.npmjs.org/lazystream/-/lazystream-1.0.1.tgz 18870ms (cache miss)
7719 http fetch GET 200 https://registry.npmjs.org/tar-stream/-/tar-stream-3.2.0.tgz 18882ms (cache miss)
7720 http fetch GET 200 https://registry.npmjs.org/@types/estree/-/estree-1.0.9.tgz 18881ms (cache miss)
7721 http fetch GET 200 https://registry.npmjs.org/listhen/-/listhen-1.10.1.tgz 18995ms (cache miss)
7722 http fetch GET 200 https://registry.npmjs.org/light-my-request/-/light-my-request-6.6.0.tgz 18940ms (cache miss)
7723 http fetch GET 200 https://registry.npmjs.org/esprima/-/esprima-4.0.1.tgz 18928ms (cache miss)
7724 http fetch GET 200 https://registry.npmjs.org/qs/-/qs-6.15.3.tgz 19014ms (cache miss)
7725 http fetch GET 200 https://registry.npmjs.org/jiti/-/jiti-2.7.0.tgz 19126ms (cache miss)
7726 http fetch GET 200 https://registry.npmjs.org/node-gyp-build/-/node-gyp-build-4.8.4.tgz 19003ms (cache miss)
7727 http fetch GET 200 https://registry.npmjs.org/nopt/-/nopt-8.1.0.tgz 19008ms (cache miss)
7728 http fetch GET 200 https://registry.npmjs.org/resolve-from/-/resolve-from-5.0.0.tgz 19033ms (cache miss)
7729 http fetch GET 200 https://registry.npmjs.org/node-fetch-native/-/node-fetch-native-1.6.7.tgz 19194ms (cache miss)
7730 http fetch GET 200 https://registry.npmjs.org/iconv-lite/-/iconv-lite-0.7.3.tgz 19102ms (cache miss)
7731 http fetch GET 200 https://registry.npmjs.org/node-mock-http/-/node-mock-http-1.0.5.tgz 19186ms (cache miss)
7732 http fetch GET 200 https://registry.npmjs.org/pg-protocol/-/pg-protocol-1.16.0.tgz 19245ms (cache miss)
7733 http fetch GET 200 https://registry.npmjs.org/entities/-/entities-2.2.0.tgz 19079ms (cache miss)
7734 http fetch GET 200 https://registry.npmjs.org/picomatch/-/picomatch-4.0.5.tgz 19089ms (cache miss)
7735 http fetch GET 200 https://registry.npmjs.org/chardet/-/chardet-2.2.0.tgz 19231ms (cache miss)
7736 http fetch GET 200 https://registry.npmjs.org/@fastify/merge-json-schemas/-/merge-json-schemas-0.2.1.tgz 19236ms (cache miss)
7737 http fetch GET 200 https://registry.npmjs.org/winston/-/winston-3.19.0.tgz 19309ms (cache miss)
7738 http fetch GET 200 https://registry.npmjs.org/crossws/-/crossws-0.3.5.tgz 19340ms (cache miss)
7739 http fetch GET 200 https://registry.npmjs.org/graceful-fs/-/graceful-fs-4.2.11.tgz 19229ms (cache miss)
7740 http fetch GET 200 https://registry.npmjs.org/bindings/-/bindings-1.5.0.tgz 19251ms (cache miss)
7741 http fetch GET 200 https://registry.npmjs.org/consola/-/consola-3.4.2.tgz 19257ms (cache miss)
7742 http fetch GET 200 https://registry.npmjs.org/@whatwg-node/promise-helpers/-/promise-helpers-1.3.2.tgz 19266ms (cache miss)
7743 http fetch GET 200 https://registry.npmjs.org/avvio/-/avvio-9.3.0.tgz 19356ms (cache miss)
7744 http fetch GET 200 https://registry.npmjs.org/@typescript-eslint/typescript-estree/-/typescript-estree-8.67.0.tgz 19527ms (cache miss)
7745 http fetch GET 200 https://registry.npmjs.org/node-forge/-/node-forge-1.4.0.tgz 19459ms (cache miss)
7746 http fetch GET 200 https://registry.npmjs.org/estree-walker/-/estree-walker-2.0.2.tgz 19324ms (cache miss)
7747 http fetch GET 200 https://registry.npmjs.org/acorn-import-attributes/-/acorn-import-attributes-1.9.5.tgz 19346ms (cache miss)
7748 http fetch GET 200 https://registry.npmjs.org/fast-json-stringify/-/fast-json-stringify-7.0.1.tgz 19421ms (cache miss)
7749 http fetch GET 200 https://registry.npmjs.org/@envelop/instrumentation/-/instrumentation-1.0.0.tgz 19405ms (cache miss)
7750 http fetch GET 200 https://registry.npmjs.org/async-sema/-/async-sema-3.1.1.tgz 19400ms (cache miss)
7751 http fetch GET 200 https://registry.npmjs.org/@rollup/pluginutils/-/pluginutils-5.4.0.tgz 19402ms (cache miss)
7752 http fetch GET 200 https://registry.npmjs.org/find-my-way/-/find-my-way-9.8.0.tgz 19483ms (cache miss)
7753 http fetch GET 200 https://registry.npmjs.org/luxon/-/luxon-3.7.2.tgz 19508ms (cache miss)
7754 http fetch GET 200 https://registry.npmjs.org/@whatwg-node/fetch/-/fetch-0.10.13.tgz 19510ms (cache miss)
7755 http fetch GET 200 https://registry.npmjs.org/untildify/-/untildify-4.0.0.tgz 19505ms (cache miss)
7756 http fetch GET 200 https://registry.npmjs.org/async/-/async-3.2.6.tgz 19537ms (cache miss)
7757 http fetch GET 200 https://registry.npmjs.org/minimist/-/minimist-1.2.8.tgz 19585ms (cache miss)
7758 http fetch GET 200 https://registry.npmjs.org/type-fest/-/type-fest-4.41.0.tgz 19662ms (cache miss)
7759 http fetch GET 200 https://registry.npmjs.org/require-in-the-middle/-/require-in-the-middle-8.0.1.tgz 19638ms (cache miss)
7760 http fetch GET 200 https://registry.npmjs.org/@humanwhocodes/momoa/-/momoa-2.0.4.tgz 19661ms (cache miss)
7761 http fetch GET 200 https://registry.npmjs.org/unstorage/-/unstorage-1.17.5.tgz 19771ms (cache miss)
7762 http fetch GET 200 https://registry.npmjs.org/detective-stylus/-/detective-stylus-5.0.1.tgz 19932ms (cache miss)
7763 http fetch GET 200 https://registry.npmjs.org/pino/-/pino-10.3.1.tgz 19795ms (cache miss)
7764 http fetch GET 200 https://registry.npmjs.org/fast-uri/-/fast-uri-3.1.5.tgz 19745ms (cache miss)
7765 http fetch GET 200 https://registry.npmjs.org/import-in-the-middle/-/import-in-the-middle-3.3.3.tgz 19759ms (cache miss)
7766 http fetch GET 200 https://registry.npmjs.org/enquirer/-/enquirer-2.4.1.tgz 19764ms (cache miss)
7767 http fetch GET 200 https://registry.npmjs.org/@sindresorhus/transliterate/-/transliterate-1.6.0.tgz 19770ms (cache miss)
7768 http fetch GET 200 https://registry.npmjs.org/@whatwg-node/disposablestack/-/disposablestack-0.0.6.tgz 19777ms (cache miss)
7769 http fetch GET 200 https://registry.npmjs.org/universal-user-agent/-/universal-user-agent-7.0.3.tgz 19762ms (cache miss)
7770 http fetch GET 200 https://registry.npmjs.org/@mapbox/node-pre-gyp/-/node-pre-gyp-2.0.3.tgz 19797ms (cache miss)
7771 http fetch GET 200 https://registry.npmjs.org/json-with-bigint/-/json-with-bigint-3.5.11.tgz 19791ms (cache miss)
7772 http fetch GET 200 https://registry.npmjs.org/@opentelemetry/context-async-hooks/-/context-async-hooks-2.9.0.tgz 19810ms (cache miss)
7773 http fetch GET 200 https://registry.npmjs.org/before-after-hook/-/before-after-hook-4.0.0.tgz 19834ms (cache miss)
7774 http fetch GET 200 https://registry.npmjs.org/@vue/compiler-sfc/-/compiler-sfc-3.5.41.tgz 20233ms (cache miss)
7775 http fetch GET 200 https://registry.npmjs.org/@octokit/request-error/-/request-error-7.1.1.tgz 20206ms (cache miss)
7776 http fetch GET 200 https://registry.npmjs.org/@babel/helper-validator-identifier/-/helper-validator-identifier-7.29.7.tgz 20261ms (cache miss)
7777 http fetch GET 200 https://registry.npmjs.org/@octokit/auth-token/-/auth-token-6.0.0.tgz 20323ms (cache miss)
7778 http fetch GET 200 https://registry.npmjs.org/@whatwg-node/node-fetch/-/node-fetch-0.8.6.tgz 20344ms (cache miss)
7779 http fetch GET 200 https://registry.npmjs.org/unixify/-/unixify-1.0.0.tgz 20321ms (cache miss)
7780 http fetch GET 200 https://registry.npmjs.org/@octokit/plugin-request-log/-/plugin-request-log-6.0.0.tgz 20327ms (cache miss)
7781 http fetch GET 200 https://registry.npmjs.org/precinct/-/precinct-12.3.2.tgz 20339ms (cache miss)
7782 http fetch GET 200 https://registry.npmjs.org/@octokit/request/-/request-10.0.13.tgz 20351ms (cache miss)
7783 http fetch GET 200 https://registry.npmjs.org/require-package-name/-/require-package-name-2.0.1.tgz 20372ms (cache miss)
7784 http fetch GET 200 https://registry.npmjs.org/merge-options/-/merge-options-3.0.4.tgz 20393ms (cache miss)
7785 http fetch GET 200 https://registry.npmjs.org/@babel/helper-string-parser/-/helper-string-parser-7.29.7.tgz 20400ms (cache miss)
7786 http fetch GET 200 https://registry.npmjs.org/normalize-path/-/normalize-path-3.0.0.tgz 20407ms (cache miss)
7787 http fetch GET 200 https://registry.npmjs.org/is-path-inside/-/is-path-inside-4.0.0.tgz 20428ms (cache miss)
7788 http fetch GET 200 https://registry.npmjs.org/copy-file/-/copy-file-11.1.0.tgz 20498ms (cache miss)
7789 http fetch GET 200 https://registry.npmjs.org/es-module-lexer/-/es-module-lexer-1.7.0.tgz 20519ms (cache miss)
7790 http fetch GET 200 https://registry.npmjs.org/@octokit/graphql/-/graphql-9.0.4.tgz 20570ms (cache miss)
7791 http fetch GET 200 https://registry.npmjs.org/@octokit/plugin-paginate-rest/-/plugin-paginate-rest-14.0.0.tgz 20596ms (cache miss)
7792 http fetch GET 200 https://registry.npmjs.org/@octokit/types/-/types-17.0.0.tgz 20600ms (cache miss)
7793 http fetch GET 200 https://registry.npmjs.org/escape-string-regexp/-/escape-string-regexp-5.0.0.tgz 20592ms (cache miss)
7794 http fetch GET 200 https://registry.npmjs.org/archiver/-/archiver-8.0.0.tgz 20619ms (cache miss)
7795 http fetch GET 200 https://registry.npmjs.org/@octokit/endpoint/-/endpoint-11.0.4.tgz 20669ms (cache miss)
7796 http fetch GET 200 https://registry.npmjs.org/@octokit/openapi-types/-/openapi-types-28.0.0.tgz 20698ms (cache miss)
7797 http fetch GET 200 https://registry.npmjs.org/@octokit/core/-/core-7.0.7.tgz 20719ms (cache miss)
7798 http fetch GET 200 https://registry.npmjs.org/@opentelemetry/sdk-trace-node/-/sdk-trace-node-2.9.0.tgz 20731ms (cache miss)
7799 http fetch GET 200 https://registry.npmjs.org/svgo/-/svgo-4.0.2.tgz 20885ms (cache miss)
7800 http fetch GET 200 https://registry.npmjs.org/@opentelemetry/sdk-trace-base/-/sdk-trace-base-2.9.0.tgz 20777ms (cache miss)
7801 http fetch GET 200 https://registry.npmjs.org/micromatch/-/micromatch-4.0.8.tgz 20755ms (cache miss)
7802 http fetch GET 200 https://registry.npmjs.org/fast-glob/-/fast-glob-3.3.3.tgz 20774ms (cache miss)
7803 http fetch GET 200 https://registry.npmjs.org/ipx/-/ipx-3.1.1.tgz 20899ms (cache miss)
7804 http fetch GET 200 https://registry.npmjs.org/cpy/-/cpy-11.1.0.tgz 20932ms (cache miss)
7805 http fetch GET 200 https://registry.npmjs.org/micro-memoize/-/micro-memoize-5.1.2.tgz 20951ms (cache miss)
7806 http fetch GET 200 https://registry.npmjs.org/extract-zip/-/extract-zip-2.0.1.tgz 20955ms (cache miss)
7807 http fetch GET 200 https://registry.npmjs.org/parse-imports/-/parse-imports-2.2.1.tgz 21014ms (cache miss)
7808 http fetch GET 200 https://registry.npmjs.org/urlpattern-polyfill/-/urlpattern-polyfill-8.0.2.tgz 21079ms (cache miss)
7809 http fetch GET 200 https://registry.npmjs.org/p-retry/-/p-retry-6.2.1.tgz 21080ms (cache miss)
7810 http fetch GET 200 https://registry.npmjs.org/node-stream-zip/-/node-stream-zip-1.16.0.tgz 21087ms (cache miss)
7811 http fetch GET 200 https://registry.npmjs.org/@netlify/cache/-/cache-3.4.10.tgz 21097ms (cache miss)
7812 http fetch GET 200 https://registry.npmjs.org/ajv-errors/-/ajv-errors-3.0.0.tgz 21834ms (cache miss)
7813 http fetch GET 200 https://registry.npmjs.org/common-path-prefix/-/common-path-prefix-3.0.0.tgz 21853ms (cache miss)
7814 http fetch GET 200 https://registry.npmjs.org/js-image-generator/-/js-image-generator-1.0.4.tgz 21851ms (cache miss)
7815 http fetch GET 200 https://registry.npmjs.org/parse-gitignore/-/parse-gitignore-2.0.0.tgz 21853ms (cache miss)
7816 http fetch GET 200 https://registry.npmjs.org/empathic/-/empathic-2.0.1.tgz 21851ms (cache miss)
7817 http fetch GET 200 https://registry.npmjs.org/tmp-promise/-/tmp-promise-3.0.3.tgz 21854ms (cache miss)
7818 http fetch GET 200 https://registry.npmjs.org/dettle/-/dettle-1.0.5.tgz 21851ms (cache miss)
7819 http fetch GET 200 https://registry.npmjs.org/@opentelemetry/api-logs/-/api-logs-0.220.0.tgz 21893ms (cache miss)
7820 http fetch GET 200 https://registry.npmjs.org/atomically/-/atomically-2.1.1.tgz 21864ms (cache miss)
7821 http fetch GET 200 https://registry.npmjs.org/@netlify/types/-/types-2.8.0.tgz 21874ms (cache miss)
7822 http fetch GET 200 https://registry.npmjs.org/path-type/-/path-type-6.0.0.tgz 21873ms (cache miss)
7823 http fetch GET 200 https://registry.npmjs.org/validate-npm-package-name/-/validate-npm-package-name-5.0.1.tgz 21885ms (cache miss)
7824 http fetch GET 200 https://registry.npmjs.org/map-obj/-/map-obj-5.0.2.tgz 21885ms (cache miss)
7825 http fetch GET 200 https://registry.npmjs.org/deepmerge/-/deepmerge-4.3.1.tgz 21887ms (cache miss)
7826 http fetch GET 200 https://registry.npmjs.org/esbuild/-/esbuild-0.28.1.tgz 21929ms (cache miss)
7827 http fetch GET 200 https://registry.npmjs.org/@sveltejs/acorn-typescript/-/acorn-typescript-1.0.13.tgz 21929ms (cache miss)
7828 http fetch GET 200 https://registry.npmjs.org/@netlify/binary-info/-/binary-info-1.0.0.tgz 21959ms (cache miss)
7829 http fetch GET 200 https://registry.npmjs.org/move-file/-/move-file-3.1.0.tgz 21935ms (cache miss)
7830 http fetch GET 200 https://registry.npmjs.org/fast-safe-stringify/-/fast-safe-stringify-2.1.1.tgz 21942ms (cache miss)
7831 http fetch GET 200 https://registry.npmjs.org/@netlify/functions/-/functions-5.3.0.tgz 22017ms (cache miss)
7832 http fetch GET 200 https://registry.npmjs.org/@netlify/static/-/static-3.1.12.tgz 22045ms (cache miss)
7833 http fetch GET 200 https://registry.npmjs.org/get-stream/-/get-stream-9.0.1.tgz 22078ms (cache miss)
7834 http fetch GET 200 https://registry.npmjs.org/acorn/-/acorn-8.18.0.tgz 22265ms (cache miss)
7835 http fetch GET 200 https://registry.npmjs.org/@netlify/runtime/-/runtime-4.1.29.tgz 22475ms (cache miss)
7836 http fetch GET 200 https://registry.npmjs.org/lockparse/-/lockparse-0.5.2.tgz 22471ms (cache miss)
7837 http fetch GET 200 https://registry.npmjs.org/read-pkg/-/read-pkg-9.0.1.tgz 22496ms (cache miss)
7838 http fetch GET 200 https://registry.npmjs.org/pump/-/pump-3.0.4.tgz 22495ms (cache miss)
7839 http fetch GET 200 https://registry.npmjs.org/@netlify/redirects/-/redirects-3.1.15.tgz 22516ms (cache miss)
7840 http fetch GET 200 https://registry.npmjs.org/@netlify/functions-dev/-/functions-dev-1.3.5.tgz 22529ms (cache miss)
7841 http fetch GET 200 https://registry.npmjs.org/iserror/-/iserror-0.0.2.tgz 22526ms (cache miss)
7842 http fetch GET 200 https://registry.npmjs.org/@netlify/database-dev/-/database-dev-0.10.1.tgz 22610ms (cache miss)
7843 http fetch GET 200 https://registry.npmjs.org/stack-generator/-/stack-generator-2.0.10.tgz 22617ms (cache miss)
7844 http fetch GET 200 https://registry.npmjs.org/@babel/parser/-/parser-7.29.8.tgz 22706ms (cache miss)
7845 http fetch GET 200 https://registry.npmjs.org/@netlify/headers/-/headers-2.1.13.tgz 22684ms (cache miss)
7846 http fetch GET 200 https://registry.npmjs.org/@octokit/plugin-rest-endpoint-methods/-/plugin-rest-endpoint-methods-17.0.0.tgz 22718ms (cache miss)
7847 http fetch GET 200 https://registry.npmjs.org/byline/-/byline-5.0.0.tgz 22684ms (cache miss)
7848 http fetch GET 200 https://registry.npmjs.org/junk/-/junk-4.0.1.tgz 22855ms (cache miss)
7849 http fetch GET 200 https://registry.npmjs.org/@import-maps/resolve/-/resolve-2.0.0.tgz 22889ms (cache miss)
7850 http fetch GET 200 https://registry.npmjs.org/error-stack-parser/-/error-stack-parser-2.1.4.tgz 22899ms (cache miss)
7851 http fetch GET 200 https://registry.npmjs.org/safe-json-stringify/-/safe-json-stringify-1.2.0.tgz 23307ms (cache miss)
7852 http fetch GET 200 https://registry.npmjs.org/rfdc/-/rfdc-1.4.1.tgz 23553ms (cache miss)
7853 http fetch GET 200 https://registry.npmjs.org/@netlify/edge-functions-dev/-/edge-functions-dev-1.0.24.tgz 23707ms (cache miss)
7854 http fetch GET 200 https://registry.npmjs.org/supports-color/-/supports-color-10.2.2.tgz 23734ms (cache miss)
7855 http fetch GET 200 https://registry.npmjs.org/pretty-ms/-/pretty-ms-9.3.0.tgz 23734ms (cache miss)
7856 http fetch GET 200 https://registry.npmjs.org/@vercel/nft/-/nft-0.29.4.tgz 23813ms (cache miss)
7857 http fetch GET 200 https://registry.npmjs.org/@bugsnag/safe-json-stringify/-/safe-json-stringify-6.1.0.tgz 23818ms (cache miss)
7858 http fetch GET 200 https://registry.npmjs.org/path-exists/-/path-exists-5.0.0.tgz 23826ms (cache miss)
7859 http fetch GET 200 https://registry.npmjs.org/p-locate/-/p-locate-6.0.0.tgz 24116ms (cache miss)
7860 http fetch GET 200 https://registry.npmjs.org/smol-toml/-/smol-toml-1.8.0.tgz 24146ms (cache miss)
7861 http fetch GET 200 https://registry.npmjs.org/package-directory/-/package-directory-8.2.0.tgz 24156ms (cache miss)
7862 http fetch GET 200 https://registry.npmjs.org/p-reduce/-/p-reduce-3.0.0.tgz 24156ms (cache miss)
7863 http fetch GET 200 https://registry.npmjs.org/keep-func-props/-/keep-func-props-6.0.0.tgz 24155ms (cache miss)
7864 http fetch GET 200 https://registry.npmjs.org/p-event/-/p-event-6.0.1.tgz 24174ms (cache miss)
7865 http fetch GET 200 https://registry.npmjs.org/memoize-one/-/memoize-one-6.0.0.tgz 24200ms (cache miss)
7866 http fetch GET 200 https://registry.npmjs.org/os-name/-/os-name-6.1.0.tgz 24218ms (cache miss)
7867 http fetch GET 200 https://registry.npmjs.org/indent-string/-/indent-string-5.0.0.tgz 24251ms (cache miss)
7868 http fetch GET 200 https://registry.npmjs.org/filter-obj/-/filter-obj-6.1.0.tgz 24250ms (cache miss)
7869 http fetch GET 200 https://registry.npmjs.org/is-plain-obj/-/is-plain-obj-4.1.0.tgz 24253ms (cache miss)
7870 http fetch GET 200 https://registry.npmjs.org/fast-string-width/-/fast-string-width-3.0.2.tgz 24270ms (cache miss)
7871 http fetch GET 200 https://registry.npmjs.org/figures/-/figures-6.1.0.tgz 24286ms (cache miss)
7872 http fetch GET 200 https://registry.npmjs.org/fdir/-/fdir-6.5.0.tgz 24347ms (cache miss)
7873 http fetch GET 200 https://registry.npmjs.org/ansis/-/ansis-4.3.1.tgz 24346ms (cache miss)
7874 http fetch GET 200 https://registry.npmjs.org/picoquery/-/picoquery-2.5.0.tgz 24387ms (cache miss)
7875 http fetch GET 200 https://registry.npmjs.org/ignore/-/ignore-7.0.6.tgz 24470ms (cache miss)
7876 http fetch GET 200 https://registry.npmjs.org/clean-stack/-/clean-stack-5.3.0.tgz 24541ms (cache miss)
7877 http fetch GET 200 https://registry.npmjs.org/@bugsnag/node/-/node-8.10.0.tgz 24628ms (cache miss)
7878 http fetch GET 200 https://registry.npmjs.org/@netlify/serverless-functions-api/-/serverless-functions-api-2.18.0.tgz 25000ms (cache miss)
7879 http fetch GET 200 https://registry.npmjs.org/log-process-errors/-/log-process-errors-11.0.1.tgz 24981ms (cache miss)
7880 http fetch GET 200 https://registry.npmjs.org/@bugsnag/browser/-/browser-8.10.0.tgz 25003ms (cache miss)
7881 http fetch GET 200 https://registry.npmjs.org/hot-shots/-/hot-shots-11.4.0.tgz 25017ms (cache miss)
7882 http fetch GET 200 https://registry.npmjs.org/@bugsnag/cuid/-/cuid-3.2.2.tgz 25098ms (cache miss)
7883 http fetch GET 200 https://registry.npmjs.org/@netlify/run-utils/-/run-utils-7.1.0.tgz 25197ms (cache miss)
7884 http fetch GET 200 https://registry.npmjs.org/@sindresorhus/slugify/-/slugify-2.2.1.tgz 25366ms (cache miss)
7885 http fetch GET 200 https://registry.npmjs.org/@netlify/functions-utils/-/functions-utils-7.1.4.tgz 25413ms (cache miss)
7886 http fetch GET 200 https://registry.npmjs.org/@netlify/git-utils/-/git-utils-7.1.0.tgz 25419ms (cache miss)
7887 http fetch GET 200 https://registry.npmjs.org/@bugsnag/js/-/js-8.10.0.tgz 25432ms (cache miss)
7888 http fetch GET 200 https://registry.npmjs.org/@netlify/opentelemetry-utils/-/opentelemetry-utils-3.1.0.tgz 25645ms (cache miss)
7889 http fetch GET 200 https://registry.npmjs.org/@netlify/cache-utils/-/cache-utils-7.1.1.tgz 25656ms (cache miss)
7890 http fetch GET 200 https://registry.npmjs.org/@netlify/runtime-utils/-/runtime-utils-2.3.0.tgz 25674ms (cache miss)
7891 http fetch GET 200 https://registry.npmjs.org/@netlify/plugins-list/-/plugins-list-6.81.9.tgz 25694ms (cache miss)
7892 http fetch GET 200 https://registry.npmjs.org/@whatwg-node/server/-/server-0.11.0.tgz 25736ms (cache miss)
7893 http fetch GET 200 https://registry.npmjs.org/pg-gateway/-/pg-gateway-0.3.0-beta.4.tgz 25756ms (cache miss)
7894 http fetch GET 200 https://registry.npmjs.org/fast-decode-uri-component/-/fast-decode-uri-component-1.0.1.tgz 25744ms (cache miss)
7895 http fetch GET 200 https://registry.npmjs.org/escape-html/-/escape-html-1.0.3.tgz 25744ms (cache miss)
7896 http fetch GET 200 https://registry.npmjs.org/@lukeed/ms/-/ms-2.0.2.tgz 25747ms (cache miss)
7897 http fetch GET 200 https://registry.npmjs.org/http-errors/-/http-errors-2.0.1.tgz 25771ms (cache miss)
7898 http fetch GET 200 https://registry.npmjs.org/fastq/-/fastq-1.20.1.tgz 25775ms (cache miss)
7899 http fetch GET 200 https://registry.npmjs.org/fastify-plugin/-/fastify-plugin-6.0.0.tgz 25781ms (cache miss)
7900 http fetch GET 200 https://registry.npmjs.org/update-notifier/-/update-notifier-7.3.1.tgz 26032ms (cache miss)
7901 http fetch GET 200 https://registry.npmjs.org/tomlify-j0.4/-/tomlify-j0.4-3.0.0.tgz 26035ms (cache miss)
7902 http fetch GET 200 https://registry.npmjs.org/ulid/-/ulid-3.0.2.tgz 26109ms (cache miss)
7903 http fetch GET 200 https://registry.npmjs.org/terminal-link/-/terminal-link-5.0.0.tgz 26478ms (cache miss)
7904 http fetch GET 200 https://registry.npmjs.org/write-file-atomic/-/write-file-atomic-5.0.1.tgz 26480ms (cache miss)
7905 http fetch GET 200 https://registry.npmjs.org/@fastify/accept-negotiator/-/accept-negotiator-2.1.0.tgz 26498ms (cache miss)
7906 http fetch GET 200 https://registry.npmjs.org/content-disposition/-/content-disposition-2.0.1.tgz 26505ms (cache miss)
7907 http fetch GET 200 https://registry.npmjs.org/raw-body/-/raw-body-3.0.2.tgz 26499ms (cache miss)
7908 http fetch GET 200 https://registry.npmjs.org/read-package-up/-/read-package-up-12.0.0.tgz 26499ms (cache miss)
7909 http fetch GET 200 https://registry.npmjs.org/parse-duration/-/parse-duration-2.1.8.tgz 26503ms (cache miss)
7910 http fetch GET 200 https://registry.npmjs.org/readdirp/-/readdirp-5.1.1.tgz 26507ms (cache miss)
7911 http fetch GET 200 https://registry.npmjs.org/prettyjson/-/prettyjson-1.2.5.tgz 26509ms (cache miss)
7912 http fetch GET 200 https://registry.npmjs.org/parallel-transform/-/parallel-transform-1.2.0.tgz 26524ms (cache miss)
7913 http fetch GET 200 https://registry.npmjs.org/p-map/-/p-map-7.0.6.tgz 26526ms (cache miss)
7914 http fetch GET 200 https://registry.npmjs.org/p-wait-for/-/p-wait-for-6.0.0.tgz 26527ms (cache miss)
7915 http fetch GET 200 https://registry.npmjs.org/source-map-support/-/source-map-support-0.5.21.tgz 26549ms (cache miss)
7916 http fetch GET 200 https://registry.npmjs.org/yauzl/-/yauzl-3.4.0.tgz 26552ms (cache miss)
7917 http fetch GET 200 https://registry.npmjs.org/@netlify/open-api/-/open-api-2.57.0.tgz 26565ms (cache miss)
7918 http fetch GET 200 https://registry.npmjs.org/parse-github-url/-/parse-github-url-1.0.4.tgz 26689ms (cache miss)
7919 http fetch GET 200 https://registry.npmjs.org/p-filter/-/p-filter-4.1.0.tgz 26832ms (cache miss)
7920 http fetch GET 200 https://registry.npmjs.org/normalize-package-data/-/normalize-package-data-7.0.1.tgz 26863ms (cache miss)
7921 http fetch GET 200 https://registry.npmjs.org/multiparty/-/multiparty-4.3.0.tgz 26872ms (cache miss)
7922 http fetch GET 200 https://registry.npmjs.org/@fastify/error/-/error-4.2.0.tgz 26886ms (cache miss)
7923 http fetch GET 200 https://registry.npmjs.org/nanospinner/-/nanospinner-1.2.2.tgz 26874ms (cache miss)
7924 http fetch GET 200 https://registry.npmjs.org/maxstache-stream/-/maxstache-stream-1.0.4.tgz 26876ms (cache miss)
7925 http fetch GET 200 https://registry.npmjs.org/maxstache/-/maxstache-1.0.7.tgz 26890ms (cache miss)
7926 http fetch GET 200 https://registry.npmjs.org/ps-list/-/ps-list-8.1.1.tgz 26935ms (cache miss)
7927 http fetch GET 200 https://registry.npmjs.org/open/-/open-11.0.1.tgz 26904ms (cache miss)
7928 http fetch GET 200 https://registry.npmjs.org/locate-path/-/locate-path-8.0.0.tgz 26903ms (cache miss)
7929 http fetch GET 200 https://registry.npmjs.org/log-update/-/log-update-7.2.0.tgz 26904ms (cache miss)
7930 http fetch GET 200 https://registry.npmjs.org/jwt-decode/-/jwt-decode-4.0.0.tgz 26906ms (cache miss)
7931 http fetch GET 200 https://registry.npmjs.org/is-wsl/-/is-wsl-3.1.1.tgz 26912ms (cache miss)
7932 http fetch GET 200 https://registry.npmjs.org/is-docker/-/is-docker-4.0.0.tgz 26912ms (cache miss)
7933 http fetch GET 200 https://registry.npmjs.org/isexe/-/isexe-4.0.0.tgz 26938ms (cache miss)
7934 http fetch GET 200 https://registry.npmjs.org/ws/-/ws-8.21.3.tgz 26974ms (cache miss)
7935 http fetch GET 200 https://registry.npmjs.org/modern-tar/-/modern-tar-0.8.4.tgz 26964ms (cache miss)
7936 http fetch GET 200 https://registry.npmjs.org/toml/-/toml-3.0.0.tgz 27002ms (cache miss)
7937 http fetch GET 200 https://registry.npmjs.org/inquirer-autocomplete-prompt/-/inquirer-autocomplete-prompt-1.4.0.tgz 26980ms (cache miss)
7938 http fetch GET 200 https://registry.npmjs.org/pg/-/pg-8.23.0.tgz 27025ms (cache miss)
7939 http fetch GET 200 https://registry.npmjs.org/@netlify/otel/-/otel-6.0.6.tgz 27117ms (cache miss)
7940 http fetch GET 200 https://registry.npmjs.org/git-repo-info/-/git-repo-info-2.1.1.tgz 27099ms (cache miss)
7941 http fetch GET 200 https://registry.npmjs.org/gitconfiglocal/-/gitconfiglocal-2.1.0.tgz 27101ms (cache miss)
7942 http fetch GET 200 https://registry.npmjs.org/fuzzy/-/fuzzy-0.1.3.tgz 27101ms (cache miss)
7943 http fetch GET 200 https://registry.npmjs.org/@bugsnag/core/-/core-8.9.0.tgz 27192ms (cache miss)
7944 http fetch GET 200 https://registry.npmjs.org/find-up/-/find-up-8.0.0.tgz 27139ms (cache miss)
7945 http fetch GET 200 https://registry.npmjs.org/better-ajv-errors/-/better-ajv-errors-1.2.0.tgz 27238ms (cache miss)
7946 http fetch GET 200 https://registry.npmjs.org/minimatch/-/minimatch-10.2.6.tgz 27291ms (cache miss)
7947 http fetch GET 200 https://registry.npmjs.org/http-proxy/-/http-proxy-1.18.1.tgz 27262ms (cache miss)
7948 http fetch GET 200 https://registry.npmjs.org/lambda-local/-/lambda-local-2.2.0.tgz 27323ms (cache miss)
7949 http fetch GET 200 https://registry.npmjs.org/@opentelemetry/semantic-conventions/-/semantic-conventions-1.43.0.tgz 27452ms (cache miss)
7950 http fetch GET 200 https://registry.npmjs.org/inquirer/-/inquirer-8.2.7.tgz 27362ms (cache miss)
7951 http fetch GET 200 https://registry.npmjs.org/@fastify/send/-/send-4.1.1.tgz 27431ms (cache miss)
7952 http fetch GET 200 https://registry.npmjs.org/get-port/-/get-port-5.1.1.tgz 27521ms (cache miss)
7953 http fetch GET 200 https://registry.npmjs.org/image-size/-/image-size-2.0.2.tgz 27605ms (cache miss)
7954 http fetch GET 200 https://registry.npmjs.org/resolve/-/resolve-2.0.0-next.7.tgz 27762ms (cache miss)
7955 http fetch GET 200 https://registry.npmjs.org/express-logging/-/express-logging-1.1.1.tgz 27790ms (cache miss)
7956 http fetch GET 200 https://registry.npmjs.org/@babel/types/-/types-7.29.8.tgz 27923ms (cache miss)
7957 http fetch GET 200 https://registry.npmjs.org/@opentelemetry/instrumentation/-/instrumentation-0.220.0.tgz 28010ms (cache miss)
7958 http fetch GET 200 https://registry.npmjs.org/http-proxy-middleware/-/http-proxy-middleware-3.0.7.tgz 27952ms (cache miss)
7959 http fetch GET 200 https://registry.npmjs.org/@opentelemetry/sdk-trace/-/sdk-trace-2.9.0.tgz 28135ms (cache miss)
7960 http fetch GET 200 https://registry.npmjs.org/tar/-/tar-7.5.22.tgz 28166ms (cache miss)
7961 http fetch GET 200 https://registry.npmjs.org/yaml/-/yaml-2.9.0.tgz 28155ms (cache miss)
7962 http fetch GET 200 https://registry.npmjs.org/@opentelemetry/resources/-/resources-2.9.0.tgz 28245ms (cache miss)
7963 http fetch GET 200 https://registry.npmjs.org/lodash/-/lodash-4.18.1.tgz 28406ms (cache miss)
7964 http fetch GET 200 https://registry.npmjs.org/@opentelemetry/core/-/core-2.8.0.tgz 28336ms (cache miss)
7965 http fetch GET 200 https://registry.npmjs.org/envinfo/-/envinfo-7.21.0.tgz 28278ms (cache miss)
7966 http fetch GET 200 https://registry.npmjs.org/execa/-/execa-5.1.1.tgz 28461ms (cache miss)
7967 http fetch GET 200 https://registry.npmjs.org/ajv/-/ajv-8.20.0.tgz 28609ms (cache miss)
7968 http fetch GET 200 https://registry.npmjs.org/dotenv/-/dotenv-17.4.2.tgz 28650ms (cache miss)
7969 http fetch GET 200 https://registry.npmjs.org/env-paths/-/env-paths-4.0.0.tgz 28672ms (cache miss)
7970 http fetch GET 200 https://registry.npmjs.org/@electric-sql/pglite/-/pglite-0.3.16.tgz 28804ms (cache miss)
7971 http fetch GET 200 https://registry.npmjs.org/cron-parser/-/cron-parser-4.9.0.tgz 28724ms (cache miss)
7972 http fetch GET 200 https://registry.npmjs.org/folder-walker/-/folder-walker-3.2.0.tgz 28734ms (cache miss)
7973 warn deprecated cron-parser@4.9.0: v4 is no longer maintained, upgrade to v5
7974 http fetch GET 200 https://registry.npmjs.org/decache/-/decache-4.6.2.tgz 28754ms (cache miss)
7975 http fetch GET 200 https://registry.npmjs.org/dot-prop/-/dot-prop-10.2.0.tgz 28754ms (cache miss)
7976 http fetch GET 200 https://registry.npmjs.org/comment-json/-/comment-json-4.6.2.tgz 28798ms (cache miss)
7977 http fetch GET 200 https://registry.npmjs.org/express/-/express-5.2.1.tgz 28813ms (cache miss)
7978 http fetch GET 200 https://registry.npmjs.org/cookie/-/cookie-1.1.1.tgz 28815ms (cache miss)
7979 http fetch GET 200 https://registry.npmjs.org/ci-info/-/ci-info-4.4.0.tgz 28848ms (cache miss)
7980 http fetch GET 200 https://registry.npmjs.org/chalk/-/chalk-5.6.2.tgz 28866ms (cache miss)
7981 http fetch GET 200 https://registry.npmjs.org/boxen/-/boxen-8.0.1.tgz 28881ms (cache miss)
7982 http fetch GET 200 https://registry.npmjs.org/backoff/-/backoff-2.5.0.tgz 28920ms (cache miss)
7983 http fetch GET 200 https://registry.npmjs.org/ascii-table/-/ascii-table-0.0.9.tgz 28933ms (cache miss)
7984 http fetch GET 200 https://registry.npmjs.org/clean-deep/-/clean-deep-3.4.0.tgz 28973ms (cache miss)
7985 http fetch GET 200 https://registry.npmjs.org/zod/-/zod-4.4.3.tgz 29086ms (cache miss)
7986 http fetch GET 200 https://registry.npmjs.org/ansi-to-html/-/ansi-to-html-0.7.2.tgz 29018ms (cache miss)
7987 http fetch GET 200 https://registry.npmjs.org/chokidar/-/chokidar-4.0.3.tgz 29024ms (cache miss)
7988 http fetch GET 200 https://registry.npmjs.org/ansi-escapes/-/ansi-escapes-7.3.0.tgz 29071ms (cache miss)
7989 http fetch GET 200 https://registry.npmjs.org/fastify/-/fastify-5.12.0.tgz 29298ms (cache miss)
7990 http fetch GET 200 https://registry.npmjs.org/typescript/-/typescript-5.9.3.tgz 29393ms (cache miss)
7991 http fetch GET 200 https://registry.npmjs.org/etag/-/etag-1.8.1.tgz 29414ms (cache miss)
7992 http fetch GET 200 https://registry.npmjs.org/@octokit/rest/-/rest-22.0.1.tgz 29578ms (cache miss)
7993 http fetch GET 200 https://registry.npmjs.org/@netlify/redirect-parser/-/redirect-parser-16.1.0.tgz 29691ms (cache miss)
7994 http fetch GET 200 https://registry.npmjs.org/@netlify/edge-functions-bootstrap/-/edge-functions-bootstrap-2.17.1.tgz 29841ms (cache miss)
7995 http fetch GET 200 https://registry.npmjs.org/@netlify/zip-it-and-ship-it/-/zip-it-and-ship-it-15.3.4.tgz 29895ms (cache miss)
7996 http fetch GET 200 https://registry.npmjs.org/@netlify/headers-parser/-/headers-parser-10.1.1.tgz 29895ms (cache miss)
7997 http fetch GET 200 https://registry.npmjs.org/@netlify/local-functions-proxy/-/local-functions-proxy-2.0.3.tgz 29929ms (cache miss)
7998 http fetch GET 200 https://registry.npmjs.org/content-type/-/content-type-1.0.5.tgz 30167ms (cache miss)
7999 http fetch GET 200 https://registry.npmjs.org/@netlify/dev-utils/-/dev-utils-4.4.7.tgz 30162ms (cache miss)
8000 http fetch GET 200 https://registry.npmjs.org/commander/-/commander-12.1.0.tgz 30229ms (cache miss)
8001 http fetch GET 200 https://registry.npmjs.org/@pnpm/tabtab/-/tabtab-0.5.4.tgz 30311ms (cache miss)
8002 http fetch GET 200 https://registry.npmjs.org/glob/-/glob-13.0.6.tgz 30373ms (cache miss)
8003 http fetch GET 200 https://registry.npmjs.org/@netlify/config/-/config-25.2.2.tgz 30612ms (cache miss)
8004 http fetch GET 200 https://registry.npmjs.org/@netlify/images/-/images-1.3.12.tgz 30875ms (cache miss)
8005 http fetch GET 200 https://registry.npmjs.org/netlify-redirector/-/netlify-redirector-0.5.0.tgz 30917ms (cache miss)
8006 http fetch GET 200 https://registry.npmjs.org/@netlify/edge-functions/-/edge-functions-3.0.8.tgz 30887ms (cache miss)
8007 http fetch GET 200 https://registry.npmjs.org/@netlify/ai/-/ai-0.4.4.tgz 30942ms (cache miss)
8008 http fetch GET 200 https://registry.npmjs.org/@netlify/blobs/-/blobs-10.7.13.tgz 30946ms (cache miss)
8009 http fetch GET 200 https://registry.npmjs.org/is-stream/-/is-stream-4.0.1.tgz 31334ms (cache miss)
8010 http fetch GET 200 https://registry.npmjs.org/rxjs/-/rxjs-7.8.2.tgz 31595ms (cache miss)
8011 http fetch GET 200 https://registry.npmjs.org/buffer/-/buffer-6.0.3.tgz 31366ms (cache miss)
8012 http fetch GET 200 https://registry.npmjs.org/buffer/-/buffer-6.0.3.tgz 31384ms (cache miss)
8013 http fetch GET 200 https://registry.npmjs.org/color-name/-/color-name-2.1.1.tgz 31432ms (cache miss)
8014 http fetch GET 200 https://registry.npmjs.org/@netlify/build/-/build-36.3.5.tgz 31462ms (cache miss)
8015 http fetch GET 200 https://registry.npmjs.org/fastest-levenshtein/-/fastest-levenshtein-1.0.16.tgz 31482ms (cache miss)
8016 http fetch GET 200 https://registry.npmjs.org/@netlify/build-info/-/build-info-11.3.0.tgz 31573ms (cache miss)
8017 http fetch GET 200 https://registry.npmjs.org/dot-prop/-/dot-prop-9.0.0.tgz 31655ms (cache miss)
8018 http fetch GET 200 https://registry.npmjs.org/graceful-fs/-/graceful-fs-4.2.10.tgz 32114ms (cache miss)
8019 http fetch GET 200 https://registry.npmjs.org/color-name/-/color-name-2.1.1.tgz 32120ms (cache miss)
8020 http fetch GET 200 https://registry.npmjs.org/netlify-cli/-/netlify-cli-27.1.1.tgz 32179ms (cache miss)
8021 http fetch GET 200 https://registry.npmjs.org/readable-stream/-/readable-stream-4.7.0.tgz 32204ms (cache miss)
8022 http fetch GET 200 https://registry.npmjs.org/ini/-/ini-4.1.1.tgz 32219ms (cache miss)
8023 http fetch GET 200 https://registry.npmjs.org/@netlify/dev/-/dev-4.18.13.tgz 32237ms (cache miss)
8024 http fetch GET 200 https://registry.npmjs.org/picomatch/-/picomatch-2.3.2.tgz 32292ms (cache miss)
8025 http fetch GET 200 https://registry.npmjs.org/entities/-/entities-4.5.0.tgz 32344ms (cache miss)
8026 http fetch GET 200 https://registry.npmjs.org/@opentelemetry/api/-/api-1.8.0.tgz 32363ms (cache miss)
8027 http fetch GET 200 https://registry.npmjs.org/mdn-data/-/mdn-data-2.0.28.tgz 32435ms (cache miss)
8028 http fetch GET 200 https://registry.npmjs.org/@netlify/api/-/api-15.1.1.tgz 32466ms (cache miss)
8029 http fetch GET 200 https://registry.npmjs.org/@netlify/edge-bundler/-/edge-bundler-16.0.3.tgz 32485ms (cache miss)
8030 http fetch GET 200 https://registry.npmjs.org/semver/-/semver-6.3.1.tgz 32482ms (cache miss)
8031 http fetch GET 200 https://registry.npmjs.org/postcss/-/postcss-8.5.26.tgz 32546ms (cache miss)
8032 http fetch GET 200 https://registry.npmjs.org/path-key/-/path-key-4.0.0.tgz 32594ms (cache miss)
8033 http fetch GET 200 https://registry.npmjs.org/strip-final-newline/-/strip-final-newline-3.0.0.tgz 32594ms (cache miss)
8034 http fetch GET 200 https://registry.npmjs.org/split2/-/split2-4.2.0.tgz 32608ms (cache miss)
8035 http fetch GET 200 https://registry.npmjs.org/real-require/-/real-require-1.0.0.tgz 32613ms (cache miss)
8036 http fetch GET 200 https://registry.npmjs.org/npm-run-path/-/npm-run-path-5.3.0.tgz 32627ms (cache miss)
8037 http fetch GET 200 https://registry.npmjs.org/onetime/-/onetime-6.0.0.tgz 32632ms (cache miss)
8038 http fetch GET 200 https://registry.npmjs.org/@fastify/static/-/static-10.1.3.tgz 32654ms (cache miss)
8039 http fetch GET 200 https://registry.npmjs.org/is-stream/-/is-stream-3.0.0.tgz 32639ms (cache miss)
8040 http fetch GET 200 https://registry.npmjs.org/human-signals/-/human-signals-5.0.0.tgz 32672ms (cache miss)
8041 http fetch GET 200 https://registry.npmjs.org/has-flag/-/has-flag-4.0.0.tgz 32710ms (cache miss)
8042 http fetch GET 200 https://registry.npmjs.org/supports-color/-/supports-color-7.2.0.tgz 32710ms (cache miss)
8043 http fetch GET 200 https://registry.npmjs.org/powershell-utils/-/powershell-utils-0.1.0.tgz 32711ms (cache miss)
8044 http fetch GET 200 https://registry.npmjs.org/execa/-/execa-8.0.1.tgz 32720ms (cache miss)
8045 http fetch GET 200 https://registry.npmjs.org/is-unicode-supported/-/is-unicode-supported-0.1.0.tgz 32740ms (cache miss)
8046 http fetch GET 200 https://registry.npmjs.org/string_decoder/-/string_decoder-1.1.1.tgz 32755ms (cache miss)
8047 http fetch GET 200 https://registry.npmjs.org/entities/-/entities-7.0.1.tgz 32780ms (cache miss)
8048 http fetch GET 200 https://registry.npmjs.org/is-fullwidth-code-point/-/is-fullwidth-code-point-5.1.0.tgz 32771ms (cache miss)
8049 http fetch GET 200 https://registry.npmjs.org/chalk/-/chalk-4.1.2.tgz 32831ms (cache miss)
8050 http fetch GET 200 https://registry.npmjs.org/isarray/-/isarray-1.0.0.tgz 32832ms (cache miss)
8051 http fetch GET 200 https://registry.npmjs.org/safe-buffer/-/safe-buffer-5.1.2.tgz 32834ms (cache miss)
8052 http fetch GET 200 https://registry.npmjs.org/is-docker/-/is-docker-3.0.0.tgz 32837ms (cache miss)
8053 http fetch GET 200 https://registry.npmjs.org/get-stream/-/get-stream-8.0.1.tgz 32847ms (cache miss)
8054 http fetch GET 200 https://registry.npmjs.org/commander/-/commander-11.1.0.tgz 32870ms (cache miss)
8055 http fetch GET 200 https://registry.npmjs.org/split2/-/split2-4.2.0.tgz 32892ms (cache miss)
8056 http fetch GET 200 https://registry.npmjs.org/supports-color/-/supports-color-7.2.0.tgz 32887ms (cache miss)
8057 http fetch GET 200 https://registry.npmjs.org/citty/-/citty-0.2.2.tgz 32890ms (cache miss)
8058 http fetch GET 200 https://registry.npmjs.org/chokidar/-/chokidar-5.0.0.tgz 32896ms (cache miss)
8059 http fetch GET 200 https://registry.npmjs.org/has-flag/-/has-flag-4.0.0.tgz 32900ms (cache miss)
8060 http fetch GET 200 https://registry.npmjs.org/readable-stream/-/readable-stream-2.3.8.tgz 32917ms (cache miss)
8061 http fetch GET 200 https://registry.npmjs.org/is-unicode-supported/-/is-unicode-supported-0.1.0.tgz 32952ms (cache miss)
8062 http fetch GET 200 https://registry.npmjs.org/string_decoder/-/string_decoder-1.1.1.tgz 32953ms (cache miss)
8063 http fetch GET 200 https://registry.npmjs.org/safe-buffer/-/safe-buffer-5.1.2.tgz 32954ms (cache miss)
8064 http fetch GET 200 https://registry.npmjs.org/isarray/-/isarray-1.0.0.tgz 32956ms (cache miss)
8065 http fetch GET 200 https://registry.npmjs.org/crossws/-/crossws-0.4.10.tgz 32974ms (cache miss)
8066 http fetch GET 200 https://registry.npmjs.org/commander/-/commander-2.20.3.tgz 32976ms (cache miss)
8067 http fetch GET 200 https://registry.npmjs.org/@netlify/local-functions-proxy-win32-x64/-/local-functions-proxy-win32-x64-1.1.1.tgz 33140ms (cache miss)
8068 http fetch GET 200 https://registry.npmjs.org/fast-uri/-/fast-uri-4.1.2.tgz 33002ms (cache miss)
8069 http fetch GET 200 https://registry.npmjs.org/fast-uri/-/fast-uri-4.1.2.tgz 33002ms (cache miss)
8070 http fetch GET 200 https://registry.npmjs.org/mime-types/-/mime-types-3.0.2.tgz 33035ms (cache miss)
8071 http fetch GET 200 https://registry.npmjs.org/mime-types/-/mime-types-3.0.2.tgz 33047ms (cache miss)
8072 http fetch GET 200 https://registry.npmjs.org/content-type/-/content-type-2.1.0.tgz 33070ms (cache miss)
8073 http fetch GET 200 https://registry.npmjs.org/content-type/-/content-type-2.1.0.tgz 33073ms (cache miss)
8074 http fetch GET 200 https://registry.npmjs.org/mime-db/-/mime-db-1.54.0.tgz 33076ms (cache miss)
8075 http fetch GET 200 https://registry.npmjs.org/ipaddr.js/-/ipaddr.js-1.9.1.tgz 33077ms (cache miss)
8076 http fetch GET 200 https://registry.npmjs.org/mime-db/-/mime-db-1.54.0.tgz 33081ms (cache miss)
8077 http fetch GET 200 https://registry.npmjs.org/mime-types/-/mime-types-3.0.2.tgz 33095ms (cache miss)
8078 http fetch GET 200 https://registry.npmjs.org/readable-stream/-/readable-stream-2.3.8.tgz 33102ms (cache miss)
8079 http fetch GET 200 https://registry.npmjs.org/mimic-fn/-/mimic-fn-2.1.0.tgz 33105ms (cache miss)
8080 http fetch GET 200 https://registry.npmjs.org/mime-db/-/mime-db-1.54.0.tgz 33110ms (cache miss)
8081 http fetch GET 200 https://registry.npmjs.org/string-width/-/string-width-7.2.0.tgz 33134ms (cache miss)
8082 http fetch GET 200 https://registry.npmjs.org/buffer/-/buffer-6.0.3.tgz 33142ms (cache miss)
8083 http fetch GET 200 https://registry.npmjs.org/emoji-regex/-/emoji-regex-10.6.0.tgz 33146ms (cache miss)
8084 http fetch GET 200 https://registry.npmjs.org/string_decoder/-/string_decoder-1.1.1.tgz 33156ms (cache miss)
8085 http fetch GET 200 https://registry.npmjs.org/isarray/-/isarray-1.0.0.tgz 33169ms (cache miss)
8086 http fetch GET 200 https://registry.npmjs.org/safe-buffer/-/safe-buffer-5.1.2.tgz 33174ms (cache miss)
8087 http fetch GET 200 https://registry.npmjs.org/chalk/-/chalk-4.1.2.tgz 33187ms (cache miss)
8088 http fetch GET 200 https://registry.npmjs.org/urlpattern-polyfill/-/urlpattern-polyfill-10.1.0.tgz 33199ms (cache miss)
8089 http fetch GET 200 https://registry.npmjs.org/readable-stream/-/readable-stream-2.3.8.tgz 33209ms (cache miss)
8090 http fetch GET 200 https://registry.npmjs.org/content-type/-/content-type-2.1.0.tgz 33227ms (cache miss)
8091 http fetch GET 200 https://registry.npmjs.org/normalize-path/-/normalize-path-2.1.1.tgz 33229ms (cache miss)
8092 http fetch GET 200 https://registry.npmjs.org/es-module-lexer/-/es-module-lexer-2.3.1.tgz 33232ms (cache miss)
8093 http fetch GET 200 https://registry.npmjs.org/is-plain-obj/-/is-plain-obj-2.1.0.tgz 33291ms (cache miss)
8094 http fetch GET 200 https://registry.npmjs.org/detective-postcss/-/detective-postcss-8.0.4.tgz 33299ms (cache miss)
8095 http fetch GET 200 https://registry.npmjs.org/process-warning/-/process-warning-4.0.1.tgz 33360ms (cache miss)
8096 http fetch GET 200 https://registry.npmjs.org/readable-stream/-/readable-stream-4.7.0.tgz 33353ms (cache miss)
8097 http fetch GET 200 https://registry.npmjs.org/buffer/-/buffer-6.0.3.tgz 33370ms (cache miss)
8098 http fetch GET 200 https://registry.npmjs.org/css-tree/-/css-tree-2.2.1.tgz 33450ms (cache miss)
8099 http fetch GET 200 https://registry.npmjs.org/buffer-crc32/-/buffer-crc32-0.2.13.tgz 33668ms (cache miss)
8100 http fetch GET 200 https://registry.npmjs.org/is-stream/-/is-stream-4.0.1.tgz 33673ms (cache miss)
8101 http fetch GET 200 https://registry.npmjs.org/postcss/-/postcss-8.5.26.tgz 33692ms (cache miss)
8102 http fetch GET 200 https://registry.npmjs.org/picomatch/-/picomatch-2.3.2.tgz 33697ms (cache miss)
8103 http fetch GET 200 https://registry.npmjs.org/readable-stream/-/readable-stream-4.7.0.tgz 33709ms (cache miss)
8104 http fetch GET 200 https://registry.npmjs.org/get-stream/-/get-stream-5.2.0.tgz 33804ms (cache miss)
8105 http fetch GET 200 https://registry.npmjs.org/yauzl/-/yauzl-2.10.0.tgz 33813ms (cache miss)
8106 http fetch GET 200 https://registry.npmjs.org/yallist/-/yallist-5.0.0.tgz 33884ms (cache miss)
8107 http fetch GET 200 https://registry.npmjs.org/has-flag/-/has-flag-4.0.0.tgz 33903ms (cache miss)
8108 http fetch GET 200 https://registry.npmjs.org/chalk/-/chalk-4.1.2.tgz 33910ms (cache miss)
8109 http fetch GET 200 https://registry.npmjs.org/@opentelemetry/core/-/core-2.9.0.tgz 33937ms (cache miss)
8110 http fetch GET 200 https://registry.npmjs.org/@opentelemetry/core/-/core-2.9.0.tgz 33977ms (cache miss)
8111 http fetch GET 200 https://registry.npmjs.org/env-paths/-/env-paths-3.0.0.tgz 34142ms (cache miss)
8112 http fetch GET 200 https://registry.npmjs.org/mime-types/-/mime-types-3.0.2.tgz 34152ms (cache miss)
8113 http fetch GET 200 https://registry.npmjs.org/supports-color/-/supports-color-7.2.0.tgz 34156ms (cache miss)
8114 http fetch GET 200 https://registry.npmjs.org/mime-db/-/mime-db-1.54.0.tgz 34173ms (cache miss)
8115 http fetch GET 200 https://registry.npmjs.org/@octokit/types/-/types-16.0.0.tgz 34194ms (cache miss)
8116 http fetch GET 200 https://registry.npmjs.org/env-paths/-/env-paths-3.0.0.tgz 34206ms (cache miss)
8117 http fetch GET 200 https://registry.npmjs.org/@octokit/types/-/types-16.0.0.tgz 34219ms (cache miss)
8118 http fetch GET 200 https://registry.npmjs.org/dot-prop/-/dot-prop-9.0.0.tgz 34247ms (cache miss)
8119 http fetch GET 200 https://registry.npmjs.org/is-stream/-/is-stream-4.0.1.tgz 34253ms (cache miss)
8120 http fetch GET 200 https://registry.npmjs.org/readable-stream/-/readable-stream-4.7.0.tgz 34316ms (cache miss)
8121 http fetch GET 200 https://registry.npmjs.org/dot-prop/-/dot-prop-9.0.0.tgz 34261ms (cache miss)
8122 http fetch GET 200 https://registry.npmjs.org/read-package-up/-/read-package-up-11.0.0.tgz 34263ms (cache miss)
8123 http fetch GET 200 https://registry.npmjs.org/unicorn-magic/-/unicorn-magic-0.1.0.tgz 34263ms (cache miss)
8124 http fetch GET 200 https://registry.npmjs.org/@octokit/openapi-types/-/openapi-types-27.0.0.tgz 34276ms (cache miss)
8125 http fetch GET 200 https://registry.npmjs.org/@opentelemetry/core/-/core-2.9.0.tgz 34291ms (cache miss)
8126 http fetch GET 200 https://registry.npmjs.org/strip-final-newline/-/strip-final-newline-3.0.0.tgz 34283ms (cache miss)
8127 http fetch GET 200 https://registry.npmjs.org/locate-path/-/locate-path-7.2.0.tgz 34283ms (cache miss)
8128 http fetch GET 200 https://registry.npmjs.org/npm-run-path/-/npm-run-path-5.3.0.tgz 34354ms (cache miss)
8129 http fetch GET 200 https://registry.npmjs.org/path-key/-/path-key-4.0.0.tgz 34354ms (cache miss)
8130 http fetch GET 200 https://registry.npmjs.org/get-stream/-/get-stream-8.0.1.tgz 34375ms (cache miss)
8131 http fetch GET 200 https://registry.npmjs.org/is-stream/-/is-stream-3.0.0.tgz 34385ms (cache miss)
8132 http fetch GET 200 https://registry.npmjs.org/dot-prop/-/dot-prop-9.0.0.tgz 34395ms (cache miss)
8133 http fetch GET 200 https://registry.npmjs.org/find-up/-/find-up-7.0.0.tgz 34402ms (cache miss)
8134 http fetch GET 200 https://registry.npmjs.org/env-paths/-/env-paths-3.0.0.tgz 34410ms (cache miss)
8135 http fetch GET 200 https://registry.npmjs.org/onetime/-/onetime-6.0.0.tgz 34415ms (cache miss)
8136 http fetch GET 200 https://registry.npmjs.org/execa/-/execa-8.0.1.tgz 34445ms (cache miss)
8137 http fetch GET 200 https://registry.npmjs.org/@netlify/dev-utils/-/dev-utils-5.0.0.tgz 34453ms (cache miss)
8138 http fetch GET 200 https://registry.npmjs.org/get-port/-/get-port-7.2.0.tgz 34453ms (cache miss)
8139 http fetch GET 200 https://registry.npmjs.org/@netlify/dev-utils/-/dev-utils-5.0.0.tgz 34470ms (cache miss)
8140 http fetch GET 200 https://registry.npmjs.org/@netlify/dev-utils/-/dev-utils-5.0.0.tgz 34466ms (cache miss)
8141 http fetch GET 200 https://registry.npmjs.org/is-stream/-/is-stream-4.0.1.tgz 34466ms (cache miss)
8142 http fetch GET 200 https://registry.npmjs.org/p-wait-for/-/p-wait-for-5.0.2.tgz 34466ms (cache miss)
8143 http fetch GET 200 https://registry.npmjs.org/hosted-git-info/-/hosted-git-info-7.0.2.tgz 34486ms (cache miss)
8144 http fetch GET 200 https://registry.npmjs.org/p-limit/-/p-limit-4.0.0.tgz 34514ms (cache miss)
8145 http fetch GET 200 https://registry.npmjs.org/unicorn-magic/-/unicorn-magic-0.1.0.tgz 34516ms (cache miss)
8146 http fetch GET 200 https://registry.npmjs.org/onetime/-/onetime-6.0.0.tgz 34527ms (cache miss)
8147 http fetch GET 200 https://registry.npmjs.org/strip-final-newline/-/strip-final-newline-3.0.0.tgz 34526ms (cache miss)
8148 http fetch GET 200 https://registry.npmjs.org/is-stream/-/is-stream-3.0.0.tgz 34527ms (cache miss)
8149 http fetch GET 200 https://registry.npmjs.org/path-key/-/path-key-4.0.0.tgz 34528ms (cache miss)
8150 http fetch GET 200 https://registry.npmjs.org/normalize-package-data/-/normalize-package-data-6.0.2.tgz 34530ms (cache miss)
8151 http fetch GET 200 https://registry.npmjs.org/npm-run-path/-/npm-run-path-5.3.0.tgz 34544ms (cache miss)
8152 http fetch GET 200 https://registry.npmjs.org/yocto-queue/-/yocto-queue-1.2.2.tgz 34549ms (cache miss)
8153 http fetch GET 200 https://registry.npmjs.org/human-signals/-/human-signals-5.0.0.tgz 34622ms (cache miss)
8154 http fetch GET 200 https://registry.npmjs.org/@opentelemetry/core/-/core-2.9.0.tgz 34661ms (cache miss)
8155 http fetch GET 200 https://registry.npmjs.org/path-key/-/path-key-4.0.0.tgz 34650ms (cache miss)
8156 http fetch GET 200 https://registry.npmjs.org/onetime/-/onetime-6.0.0.tgz 34674ms (cache miss)
8157 http fetch GET 200 https://registry.npmjs.org/strip-final-newline/-/strip-final-newline-3.0.0.tgz 34683ms (cache miss)
8158 http fetch GET 200 https://registry.npmjs.org/get-stream/-/get-stream-8.0.1.tgz 34685ms (cache miss)
8159 http fetch GET 200 https://registry.npmjs.org/execa/-/execa-8.0.1.tgz 34693ms (cache miss)
8160 http fetch GET 200 https://registry.npmjs.org/human-signals/-/human-signals-5.0.0.tgz 34709ms (cache miss)
8161 http fetch GET 200 https://registry.npmjs.org/npm-run-path/-/npm-run-path-5.3.0.tgz 34715ms (cache miss)
8162 http fetch GET 200 https://registry.npmjs.org/color-convert/-/color-convert-3.1.3.tgz 34810ms (cache miss)
8163 http fetch GET 200 https://registry.npmjs.org/@netlify/edge-functions-bootstrap/-/edge-functions-bootstrap-2.16.0.tgz 34755ms (cache miss)
8164 http fetch GET 200 https://registry.npmjs.org/readdirp/-/readdirp-4.1.2.tgz 34770ms (cache miss)
8165 http fetch GET 200 https://registry.npmjs.org/is-stream/-/is-stream-3.0.0.tgz 34782ms (cache miss)
8166 http fetch GET 200 https://registry.npmjs.org/human-signals/-/human-signals-5.0.0.tgz 34807ms (cache miss)
8167 http fetch GET 200 https://registry.npmjs.org/get-stream/-/get-stream-8.0.1.tgz 34791ms (cache miss)
8168 http fetch GET 200 https://registry.npmjs.org/locate-path/-/locate-path-7.2.0.tgz 34791ms (cache miss)
8169 http fetch GET 200 https://registry.npmjs.org/normalize-package-data/-/normalize-package-data-8.0.0.tgz 34792ms (cache miss)
8170 http fetch GET 200 https://registry.npmjs.org/unicorn-magic/-/unicorn-magic-0.4.0.tgz 34793ms (cache miss)
8171 http fetch GET 200 https://registry.npmjs.org/hosted-git-info/-/hosted-git-info-9.0.3.tgz 34802ms (cache miss)
8172 http fetch GET 200 https://registry.npmjs.org/string_decoder/-/string_decoder-1.1.1.tgz 34809ms (cache miss)
8173 http fetch GET 200 https://registry.npmjs.org/statuses/-/statuses-2.0.1.tgz 34848ms (cache miss)
8174 http fetch GET 200 https://registry.npmjs.org/pump/-/pump-1.0.3.tgz 34861ms (cache miss)
8175 http fetch GET 200 https://registry.npmjs.org/string-width/-/string-width-8.2.2.tgz 34866ms (cache miss)
8176 http fetch GET 200 https://registry.npmjs.org/http-errors/-/http-errors-2.0.0.tgz 34878ms (cache miss)
8177 http fetch GET 200 https://registry.npmjs.org/onetime/-/onetime-7.0.0.tgz 34877ms (cache miss)
8178 http fetch GET 200 https://registry.npmjs.org/restore-cursor/-/restore-cursor-5.1.0.tgz 34876ms (cache miss)
8179 http fetch GET 200 https://registry.npmjs.org/safe-buffer/-/safe-buffer-5.1.2.tgz 34882ms (cache miss)
8180 http fetch GET 200 https://registry.npmjs.org/readable-stream/-/readable-stream-2.3.8.tgz 34900ms (cache miss)
8181 http fetch GET 200 https://registry.npmjs.org/dotenv/-/dotenv-16.6.1.tgz 34911ms (cache miss)
8182 http fetch GET 200 https://registry.npmjs.org/isarray/-/isarray-1.0.0.tgz 34972ms (cache miss)
8183 http fetch GET 200 https://registry.npmjs.org/cli-cursor/-/cli-cursor-5.0.0.tgz 34969ms (cache miss)
8184 http fetch GET 200 https://registry.npmjs.org/has-flag/-/has-flag-4.0.0.tgz 34988ms (cache miss)
8185 http fetch GET 200 https://registry.npmjs.org/escape-string-regexp/-/escape-string-regexp-1.0.5.tgz 34988ms (cache miss)
8186 http fetch GET 200 https://registry.npmjs.org/tslib/-/tslib-1.14.1.tgz 34991ms (cache miss)
8187 http fetch GET 200 https://registry.npmjs.org/wrap-ansi/-/wrap-ansi-10.0.0.tgz 34993ms (cache miss)
8188 http fetch GET 200 https://registry.npmjs.org/commander/-/commander-10.0.1.tgz 35003ms (cache miss)
8189 http fetch GET 200 https://registry.npmjs.org/execa/-/execa-8.0.1.tgz 35023ms (cache miss)
8190 http fetch GET 200 https://registry.npmjs.org/type-fest/-/type-fest-0.21.3.tgz 35077ms (cache miss)
8191 http fetch GET 200 https://registry.npmjs.org/chalk/-/chalk-4.1.2.tgz 35164ms (cache miss)
8192 http fetch GET 200 https://registry.npmjs.org/supports-color/-/supports-color-7.2.0.tgz 35176ms (cache miss)
8193 http fetch GET 200 https://registry.npmjs.org/has-flag/-/has-flag-4.0.0.tgz 35179ms (cache miss)
8194 http fetch GET 200 https://registry.npmjs.org/figures/-/figures-3.2.0.tgz 35180ms (cache miss)
8195 http fetch GET 200 https://registry.npmjs.org/escape-string-regexp/-/escape-string-regexp-1.0.5.tgz 35180ms (cache miss)
8196 http fetch GET 200 https://registry.npmjs.org/supports-color/-/supports-color-7.2.0.tgz 35233ms (cache miss)
8197 http fetch GET 200 https://registry.npmjs.org/wrap-ansi/-/wrap-ansi-6.2.0.tgz 35249ms (cache miss)
8198 http fetch GET 200 https://registry.npmjs.org/read-pkg/-/read-pkg-10.1.0.tgz 35295ms (cache miss)
8199 http fetch GET 200 https://registry.npmjs.org/mime-db/-/mime-db-1.54.0.tgz 35287ms (cache miss)
8200 http fetch GET 200 https://registry.npmjs.org/type-fest/-/type-fest-0.21.3.tgz 35288ms (cache miss)
8201 http fetch GET 200 https://registry.npmjs.org/type-fest/-/type-fest-5.8.0.tgz 35421ms (cache miss)
8202 http fetch GET 200 https://registry.npmjs.org/ansi-escapes/-/ansi-escapes-4.3.2.tgz 35408ms (cache miss)
8203 http fetch GET 200 https://registry.npmjs.org/figures/-/figures-3.2.0.tgz 35410ms (cache miss)
8204 http fetch GET 200 https://registry.npmjs.org/get-stream/-/get-stream-6.0.1.tgz 35419ms (cache miss)
8205 http fetch GET 200 https://registry.npmjs.org/ansi-escapes/-/ansi-escapes-4.3.2.tgz 35428ms (cache miss)
8206 http fetch GET 200 https://registry.npmjs.org/chalk/-/chalk-4.1.2.tgz 35428ms (cache miss)
8207 http fetch GET 200 https://registry.npmjs.org/mime-types/-/mime-types-3.0.2.tgz 35450ms (cache miss)
8208 http fetch GET 200 https://registry.npmjs.org/cookie/-/cookie-0.7.2.tgz 35498ms (cache miss)
8209 http fetch GET 200 https://registry.npmjs.org/content-disposition/-/content-disposition-1.1.0.tgz 35498ms (cache miss)
8210 http fetch GET 200 https://registry.npmjs.org/string-width/-/string-width-7.2.0.tgz 35552ms (cache miss)
8211 http fetch GET 200 https://registry.npmjs.org/emoji-regex/-/emoji-regex-10.6.0.tgz 35552ms (cache miss)
8212 http fetch GET 200 https://registry.npmjs.org/strip-final-newline/-/strip-final-newline-3.0.0.tgz 35565ms (cache miss)
8213 http fetch GET 200 https://registry.npmjs.org/path-key/-/path-key-4.0.0.tgz 35565ms (cache miss)
8214 http fetch GET 200 https://registry.npmjs.org/unicorn-magic/-/unicorn-magic-0.1.0.tgz 35566ms (cache miss)
8215 http fetch GET 200 https://registry.npmjs.org/wrap-ansi/-/wrap-ansi-9.0.2.tgz 35568ms (cache miss)
8216 http fetch GET 200 https://registry.npmjs.org/onetime/-/onetime-6.0.0.tgz 35571ms (cache miss)
8217 http fetch GET 200 https://registry.npmjs.org/npm-run-path/-/npm-run-path-5.3.0.tgz 35573ms (cache miss)
8218 http fetch GET 200 https://registry.npmjs.org/@esbuild/win32-x64/-/win32-x64-0.28.1.tgz 35855ms (cache miss)
8219 http fetch GET 200 https://registry.npmjs.org/is-stream/-/is-stream-3.0.0.tgz 35616ms (cache miss)
8220 http fetch GET 200 https://registry.npmjs.org/find-up/-/find-up-7.0.0.tgz 35616ms (cache miss)
8221 http fetch GET 200 https://registry.npmjs.org/locate-path/-/locate-path-7.2.0.tgz 35618ms (cache miss)
8222 http fetch GET 200 https://registry.npmjs.org/human-signals/-/human-signals-5.0.0.tgz 35627ms (cache miss)
8223 http fetch GET 200 https://registry.npmjs.org/unicorn-magic/-/unicorn-magic-0.1.0.tgz 35655ms (cache miss)
8224 http fetch GET 200 https://registry.npmjs.org/path-key/-/path-key-4.0.0.tgz 35655ms (cache miss)
8225 http fetch GET 200 https://registry.npmjs.org/locate-path/-/locate-path-7.2.0.tgz 35654ms (cache miss)
8226 http fetch GET 200 https://registry.npmjs.org/strip-final-newline/-/strip-final-newline-3.0.0.tgz 35654ms (cache miss)
8227 http fetch GET 200 https://registry.npmjs.org/onetime/-/onetime-6.0.0.tgz 35653ms (cache miss)
8228 http fetch GET 200 https://registry.npmjs.org/get-stream/-/get-stream-8.0.1.tgz 35657ms (cache miss)
8229 http fetch GET 200 https://registry.npmjs.org/is-stream/-/is-stream-3.0.0.tgz 35656ms (cache miss)
8230 http fetch GET 200 https://registry.npmjs.org/get-stream/-/get-stream-8.0.1.tgz 35665ms (cache miss)
8231 http fetch GET 200 https://registry.npmjs.org/find-up/-/find-up-7.0.0.tgz 35672ms (cache miss)
8232 http fetch GET 200 https://registry.npmjs.org/npm-run-path/-/npm-run-path-5.3.0.tgz 35699ms (cache miss)
8233 http fetch GET 200 https://registry.npmjs.org/path-key/-/path-key-4.0.0.tgz 35708ms (cache miss)
8234 http fetch GET 200 https://registry.npmjs.org/env-paths/-/env-paths-3.0.0.tgz 35712ms (cache miss)
8235 http fetch GET 200 https://registry.npmjs.org/env-paths/-/env-paths-3.0.0.tgz 35714ms (cache miss)
8236 http fetch GET 200 https://registry.npmjs.org/dot-prop/-/dot-prop-9.0.0.tgz 35715ms (cache miss)
8237 http fetch GET 200 https://registry.npmjs.org/dot-prop/-/dot-prop-9.0.0.tgz 35718ms (cache miss)
8238 http fetch GET 200 https://registry.npmjs.org/execa/-/execa-8.0.1.tgz 35725ms (cache miss)
8239 http fetch GET 200 https://registry.npmjs.org/unicorn-magic/-/unicorn-magic-0.1.0.tgz 35720ms (cache miss)
8240 http fetch GET 200 https://registry.npmjs.org/locate-path/-/locate-path-7.2.0.tgz 35726ms (cache miss)
8241 http fetch GET 200 https://registry.npmjs.org/execa/-/execa-8.0.1.tgz 35731ms (cache miss)
8242 http fetch GET 200 https://registry.npmjs.org/type-fest/-/type-fest-5.8.0.tgz 35749ms (cache miss)
8243 http fetch GET 200 https://registry.npmjs.org/onetime/-/onetime-6.0.0.tgz 35774ms (cache miss)
8244 http fetch GET 200 https://registry.npmjs.org/npm-run-path/-/npm-run-path-5.3.0.tgz 35779ms (cache miss)
8245 http fetch GET 200 https://registry.npmjs.org/strip-final-newline/-/strip-final-newline-3.0.0.tgz 35785ms (cache miss)
8246 http fetch GET 200 https://registry.npmjs.org/find-up/-/find-up-7.0.0.tgz 35782ms (cache miss)
8247 http fetch GET 200 https://registry.npmjs.org/dot-prop/-/dot-prop-9.0.0.tgz 35781ms (cache miss)
8248 http fetch GET 200 https://registry.npmjs.org/is-stream/-/is-stream-3.0.0.tgz 35784ms (cache miss)
8249 http fetch GET 200 https://registry.npmjs.org/get-stream/-/get-stream-8.0.1.tgz 35782ms (cache miss)
8250 http fetch GET 200 https://registry.npmjs.org/read-package-up/-/read-package-up-11.0.0.tgz 35785ms (cache miss)
8251 http fetch GET 200 https://registry.npmjs.org/human-signals/-/human-signals-5.0.0.tgz 35808ms (cache miss)
8252 http fetch GET 200 https://registry.npmjs.org/execa/-/execa-8.0.1.tgz 35822ms (cache miss)
8253 http fetch GET 200 https://registry.npmjs.org/readdirp/-/readdirp-4.1.2.tgz 35849ms (cache miss)
8254 http fetch GET 200 https://registry.npmjs.org/dot-prop/-/dot-prop-9.0.0.tgz 35830ms (cache miss)
8255 http fetch GET 200 https://registry.npmjs.org/unicorn-magic/-/unicorn-magic-0.1.0.tgz 35832ms (cache miss)
8256 http fetch GET 200 https://registry.npmjs.org/find-up/-/find-up-7.0.0.tgz 35840ms (cache miss)
8257 http fetch GET 200 https://registry.npmjs.org/strip-final-newline/-/strip-final-newline-3.0.0.tgz 35837ms (cache miss)
8258 http fetch GET 200 https://registry.npmjs.org/has-flag/-/has-flag-4.0.0.tgz 35839ms (cache miss)
8259 http fetch GET 200 https://registry.npmjs.org/human-signals/-/human-signals-5.0.0.tgz 35855ms (cache miss)
8260 http fetch GET 200 https://registry.npmjs.org/supports-color/-/supports-color-7.2.0.tgz 35839ms (cache miss)
8261 http fetch GET 200 https://registry.npmjs.org/supports-hyperlinks/-/supports-hyperlinks-3.2.0.tgz 35840ms (cache miss)
8262 http fetch GET 200 https://registry.npmjs.org/path-key/-/path-key-4.0.0.tgz 35851ms (cache miss)
8263 http fetch GET 200 https://registry.npmjs.org/locate-path/-/locate-path-7.2.0.tgz 35865ms (cache miss)
8264 http fetch GET 200 https://registry.npmjs.org/onetime/-/onetime-6.0.0.tgz 35866ms (cache miss)
8265 http fetch GET 200 https://registry.npmjs.org/is-stream/-/is-stream-3.0.0.tgz 35886ms (cache miss)
8266 http fetch GET 200 https://registry.npmjs.org/get-stream/-/get-stream-8.0.1.tgz 35890ms (cache miss)
8267 http fetch GET 200 https://registry.npmjs.org/human-signals/-/human-signals-5.0.0.tgz 35892ms (cache miss)
8268 http fetch GET 200 https://registry.npmjs.org/terminal-link/-/terminal-link-4.0.0.tgz 35893ms (cache miss)
8269 http fetch GET 200 https://registry.npmjs.org/read-package-up/-/read-package-up-11.0.0.tgz 35893ms (cache miss)
8270 http fetch GET 200 https://registry.npmjs.org/dot-prop/-/dot-prop-9.0.0.tgz 35905ms (cache miss)
8271 http fetch GET 200 https://registry.npmjs.org/env-paths/-/env-paths-3.0.0.tgz 35911ms (cache miss)
8272 http fetch GET 200 https://registry.npmjs.org/agent-base/-/agent-base-8.0.0.tgz 35929ms (cache miss)
8273 http fetch GET 200 https://registry.npmjs.org/p-wait-for/-/p-wait-for-5.0.2.tgz 35941ms (cache miss)
8274 http fetch GET 200 https://registry.npmjs.org/is-stream/-/is-stream-4.0.1.tgz 35929ms (cache miss)
8275 http fetch GET 200 https://registry.npmjs.org/postcss 35489ms (cache revalidated)
8276 silly packumentCache corgi:https://registry.npmjs.org/postcss set size:355680 disposed:false
8277 http fetch GET 200 https://registry.npmjs.org/@netlify/dev-utils/-/dev-utils-5.0.0.tgz 35961ms (cache miss)
8278 http fetch GET 200 https://registry.npmjs.org/https-proxy-agent/-/https-proxy-agent-8.0.0.tgz 35940ms (cache miss)
8279 http fetch GET 200 https://registry.npmjs.org/sharp 35512ms (cache revalidated)
8280 silly packumentCache corgi:https://registry.npmjs.org/sharp set size:291503 disposed:false
8281 http fetch GET 200 https://registry.npmjs.org/uuid 35527ms (cache revalidated)
8282 silly packumentCache corgi:https://registry.npmjs.org/uuid set size:82973 disposed:false
8283 http fetch GET 200 https://registry.npmjs.org/extract-zip 35536ms (cache miss)
8284 silly packumentCache corgi:https://registry.npmjs.org/extract-zip set size:undefined disposed:false
8285 http fetch GET 200 https://registry.npmjs.org/npm-run-path/-/npm-run-path-5.3.0.tgz 36010ms (cache miss)
8286 http fetch GET 200 https://registry.npmjs.org/xlsx 35554ms (cache revalidated)
8287 silly packumentCache corgi:https://registry.npmjs.org/xlsx set size:134408 disposed:false
8288 http fetch GET 200 https://registry.npmjs.org/readdirp/-/readdirp-4.1.2.tgz 36028ms (cache miss)
8289 http fetch GET 200 https://registry.npmjs.org/@netlify/dev-utils/-/dev-utils-5.0.0.tgz 36093ms (cache miss)
8290 http fetch GET 200 https://registry.npmjs.org/image-size 35617ms (cache miss)
8291 silly packumentCache corgi:https://registry.npmjs.org/image-size set size:undefined disposed:false
8292 silly packumentCache corgi:https://registry.npmjs.org/next cache-miss
8293 silly packumentCache corgi:https://registry.npmjs.org/postcss-values-parser cache-miss
8294 http fetch GET 200 https://registry.npmjs.org/next 120ms (cache revalidated)
8295 silly packumentCache corgi:https://registry.npmjs.org/next set size:25459826 disposed:false
8296 http fetch GET 200 https://registry.npmjs.org/postcss-values-parser 361ms (cache miss)
8297 silly packumentCache corgi:https://registry.npmjs.org/postcss-values-parser set size:undefined disposed:false
8298 silly packumentCache corgi:https://registry.npmjs.org/ipx cache-miss
8299 http fetch GET 200 https://registry.npmjs.org/execa/-/execa-8.0.1.tgz 36493ms (cache miss)
8300 http fetch GET 200 https://registry.npmjs.org/ts-node/-/ts-node-10.9.2.tgz 36560ms (cache miss)
8301 http fetch GET 200 https://registry.npmjs.org/ipx 185ms (cache miss)
8302 silly packumentCache corgi:https://registry.npmjs.org/ipx set size:undefined disposed:false
8303 silly packumentCache corgi:https://registry.npmjs.org/gaxios cache-miss
8304 silly packumentCache corgi:https://registry.npmjs.org/google-gax cache-miss
8305 silly packumentCache corgi:https://registry.npmjs.org/teeny-request cache-miss
8306 http fetch GET 200 https://registry.npmjs.org/teeny-request 63ms (cache revalidated)
8307 silly packumentCache corgi:https://registry.npmjs.org/teeny-request set size:102216 disposed:false
8308 http fetch GET 200 https://registry.npmjs.org/gaxios 75ms (cache revalidated)
8309 silly packumentCache corgi:https://registry.npmjs.org/gaxios set size:204522 disposed:false
8310 http fetch GET 200 https://registry.npmjs.org/google-gax 77ms (cache revalidated)
8311 silly packumentCache corgi:https://registry.npmjs.org/google-gax set size:1006046 disposed:false
8312 silly packumentCache corgi:https://registry.npmjs.org/@netlify%2fdev-utils cache-miss
8313 http fetch GET 200 https://registry.npmjs.org/@netlify%2fdev-utils 894ms (cache miss)
8314 silly packumentCache corgi:https://registry.npmjs.org/@netlify%2fdev-utils set size:undefined disposed:false
8315 silly packumentCache corgi:https://registry.npmjs.org/@netlify%2ffunctions-dev cache-miss
8316 http fetch GET 200 https://registry.npmjs.org/@netlify/edge-bundler/-/edge-bundler-15.1.1.tgz 37805ms (cache miss)
8317 http fetch GET 200 https://registry.npmjs.org/@octokit/openapi-types/-/openapi-types-27.0.0.tgz 38441ms (cache miss)
8318 http fetch GET 200 https://registry.npmjs.org/@netlify%2ffunctions-dev 796ms (cache miss)
8319 silly packumentCache corgi:https://registry.npmjs.org/@netlify%2ffunctions-dev set size:undefined disposed:false
8320 silly packumentCache corgi:https://registry.npmjs.org/@netlify%2fimages cache-miss
8321 http fetch GET 200 https://registry.npmjs.org/@netlify%2fimages 653ms (cache miss)
8322 silly packumentCache corgi:https://registry.npmjs.org/@netlify%2fimages set size:undefined disposed:false
8323 silly packumentCache corgi:https://registry.npmjs.org/@google-cloud%2fstorage cache-miss
8324 silly packumentCache corgi:https://registry.npmjs.org/retry-request cache-miss
8325 http fetch GET 200 https://registry.npmjs.org/retry-request 68ms (cache revalidated)
8326 silly packumentCache corgi:https://registry.npmjs.org/retry-request set size:44428 disposed:false
8327 http fetch GET 200 https://registry.npmjs.org/@google-cloud%2fstorage 87ms (cache revalidated)
8328 silly packumentCache corgi:https://registry.npmjs.org/@google-cloud%2fstorage set size:483877 disposed:false
8329 silly packumentCache corgi:https://registry.npmjs.org/gcp-metadata cache-miss
8330 silly packumentCache corgi:https://registry.npmjs.org/google-auth-library cache-miss
8331 silly packumentCache corgi:https://registry.npmjs.org/gtoken cache-miss
8332 http fetch GET 200 https://registry.npmjs.org/rxjs/-/rxjs-6.6.7.tgz 39324ms (cache miss)
8333 http fetch GET 200 https://registry.npmjs.org/gcp-metadata 100ms (cache revalidated)
8334 silly packumentCache corgi:https://registry.npmjs.org/gcp-metadata set size:94422 disposed:false
8335 http fetch GET 200 https://registry.npmjs.org/gtoken 104ms (cache revalidated)
8336 silly packumentCache corgi:https://registry.npmjs.org/gtoken set size:74319 disposed:false
8337 http fetch GET 200 https://registry.npmjs.org/google-auth-library 106ms (cache revalidated)
8338 silly packumentCache corgi:https://registry.npmjs.org/google-auth-library set size:376934 disposed:false
8339 silly packumentCache corgi:https://registry.npmjs.org/@google-cloud%2ffirestore cache-miss
8340 info run unix-dgram@2.0.7 install node_modules/unix-dgram node-gyp rebuild
8341 http fetch GET 200 https://registry.npmjs.org/@google-cloud%2ffirestore 137ms (cache revalidated)
8342 silly packumentCache corgi:https://registry.npmjs.org/@google-cloud%2ffirestore set size:336153 disposed:false
8343 silly packumentCache corgi:https://registry.npmjs.org/netlify-cli cache-miss
8344 http cache https://registry.npmjs.org/netlify-cli 20ms (cache hit)
8345 silly packumentCache corgi:https://registry.npmjs.org/netlify-cli set size:5663683 disposed:false
8346 silly packumentCache corgi:https://registry.npmjs.org/@netlify%2fdev cache-miss
8347 info run unix-dgram@2.0.7 install { code: 1, signal: null }
8348 verbose reify failed optional dependency D:\A production\Apti_Test_App-main\node_modules\unix-dgram
8349 silly reify mark deleted [ 'D:\\A production\\Apti_Test_App-main\\node_modules\\unix-dgram' ]
8350 verbose reify failed optional dependency D:\A production\Apti_Test_App-main\node_modules\nan
8351 silly reify mark deleted [ 'D:\\A production\\Apti_Test_App-main\\node_modules\\nan' ]
8352 info run esbuild@0.28.1 postinstall node_modules/esbuild node install.js
8353 info run netlify-cli@27.1.1 postinstall node_modules/netlify-cli node ./scripts/postinstall.js
8354 http fetch GET 200 https://registry.npmjs.org/@netlify%2fdev 1148ms (cache miss)
8355 silly packumentCache corgi:https://registry.npmjs.org/@netlify%2fdev set size:undefined disposed:false
8356 silly packumentCache corgi:https://registry.npmjs.org/firebase-admin cache-miss
8357 http fetch GET 200 https://registry.npmjs.org/firebase-admin 78ms (cache revalidated)
8358 silly packumentCache corgi:https://registry.npmjs.org/firebase-admin set size:349635 disposed:false
8359 info run netlify-cli@27.1.1 postinstall { code: 0, signal: null }
8360 info run esbuild@0.28.1 postinstall { code: 0, signal: null }
8361 silly ADD node_modules/remove-trailing-separator
8362 silly ADD node_modules/quote-unquote
8363 silly ADD node_modules/postcss-values-parser
8364 silly ADD node_modules/is-url-superb
8365 silly ADD node_modules/mimic-function
8366 silly ADD node_modules/process-nextick-args
8367 silly ADD node_modules/core-util-is
8368 silly ADD node_modules/fd-slicer
8369 silly ADD node_modules/tagged-tag
8370 silly ADD node_modules/get-east-asian-width
8371 silly ADD node_modules/process
8372 silly ADD node_modules/events
8373 silly ADD node_modules/eastasianwidth
8374 silly ADD node_modules/wrap-ansi-cjs
8375 silly ADD node_modules/strip-ansi-cjs
8376 silly ADD node_modules/string-width-cjs
8377 silly ADD node_modules/@pkgjs/parseargs
8378 silly ADD node_modules/@isaacs/cliui
8379 silly ADD node_modules/@isaacs/cliui/node_modules/ansi-styles
8380 silly ADD node_modules/@isaacs/cliui/node_modules/ansi-regex
8381 silly ADD node_modules/@isaacs/cliui/node_modules/emoji-regex
8382 silly ADD node_modules/@isaacs/cliui/node_modules/wrap-ansi
8383 silly ADD node_modules/@isaacs/cliui/node_modules/strip-ansi
8384 silly ADD node_modules/@isaacs/cliui/node_modules/string-width
8385 silly ADD node_modules/package-json-from-dist
8386 silly ADD node_modules/jackspeak
8387 silly ADD node_modules/foreground-child
8388 silly ADD node_modules/foreground-child/node_modules/signal-exit
8389 silly ADD node_modules/@jridgewell/resolve-uri
8390 silly ADD node_modules/@jridgewell/trace-mapping
8391 silly ADD node_modules/yn
8392 silly ADD node_modules/v8-compile-cache-lib
8393 silly ADD node_modules/make-error
8394 silly ADD node_modules/diff
8395 silly ADD node_modules/create-require
8396 silly ADD node_modules/arg
8397 silly ADD node_modules/acorn-walk
8398 silly ADD node_modules/@tsconfig/node16
8399 silly ADD node_modules/@tsconfig/node14
8400 silly ADD node_modules/@tsconfig/node12
8401 silly ADD node_modules/@tsconfig/node10
8402 silly ADD node_modules/@cspotcode/source-map-support
8403 silly ADD node_modules/crc32-stream
8404 silly ADD node_modules/crc32-stream/node_modules/buffer
8405 silly ADD node_modules/crc32-stream/node_modules/readable-stream
8406 silly ADD node_modules/compress-commons
8407 silly ADD node_modules/compress-commons/node_modules/buffer
8408 silly ADD node_modules/compress-commons/node_modules/readable-stream
8409 silly ADD node_modules/compress-commons/node_modules/is-stream
8410 silly ADD node_modules/pend
8411 silly ADD node_modules/cssfilter
8412 silly ADD node_modules/imurmurhash
8413 silly ADD node_modules/fn.name
8414 silly ADD node_modules/fecha
8415 silly ADD node_modules/@types/triple-beam
8416 silly ADD node_modules/color-string
8417 silly ADD node_modules/color-string/node_modules/color-name
8418 silly ADD node_modules/text-hex
8419 silly ADD node_modules/color
8420 silly ADD node_modules/color/node_modules/color-name
8421 silly ADD node_modules/color/node_modules/color-convert
8422 silly ADD node_modules/kuler
8423 silly ADD node_modules/enabled
8424 silly ADD node_modules/@so-ric/colorspace
8425 silly ADD node_modules/winston-transport
8426 silly ADD node_modules/triple-beam
8427 silly ADD node_modules/stack-trace
8428 silly ADD node_modules/one-time
8429 silly ADD node_modules/logform
8430 silly ADD node_modules/@dabh/diagnostics
8431 silly ADD node_modules/@colors/colors
8432 silly ADD node_modules/is-weakset
8433 silly ADD node_modules/is-weakmap
8434 silly ADD node_modules/is-map
8435 silly ADD node_modules/generator-function
8436 silly ADD node_modules/async-function
8437 silly ADD node_modules/which-collection
8438 silly ADD node_modules/is-generator-function
8439 silly ADD node_modules/is-finalizationregistry
8440 silly ADD node_modules/is-async-function
8441 silly ADD node_modules/is-number-object
8442 silly ADD node_modules/is-boolean-object
8443 silly ADD node_modules/is-bigint
8444 silly ADD node_modules/clone
8445 silly ADD node_modules/defaults
8446 silly ADD node_modules/spdx-exceptions
8447 silly ADD node_modules/spdx-license-ids
8448 silly ADD node_modules/spdx-expression-parse
8449 silly ADD node_modules/spdx-correct
8450 silly ADD node_modules/strip-json-comments
8451 silly ADD node_modules/deep-extend
8452 silly ADD node_modules/rc
8453 silly ADD node_modules/proto-list
8454 silly ADD node_modules/config-chain
8455 silly ADD node_modules/@pnpm/network.ca-file
8456 silly ADD node_modules/@pnpm/network.ca-file/node_modules/graceful-fs
8457 silly ADD node_modules/@pnpm/config.env-replace
8458 silly ADD node_modules/@pnpm/npm-conf
8459 silly ADD node_modules/escape-goat
8460 silly ADD node_modules/registry-url
8461 silly ADD node_modules/registry-auth-token
8462 silly ADD node_modules/ky
8463 silly ADD node_modules/package-json
8464 silly ADD node_modules/global-directory
8465 silly ADD node_modules/global-directory/node_modules/ini
8466 silly ADD node_modules/xdg-basedir
8467 silly ADD node_modules/pupa
8468 silly ADD node_modules/latest-version
8469 silly ADD node_modules/is-npm
8470 silly ADD node_modules/is-installed-globally
8471 silly ADD node_modules/is-in-ci
8472 silly ADD node_modules/configstore
8473 silly ADD node_modules/configstore/node_modules/dot-prop
8474 silly ADD node_modules/anymatch
8475 silly ADD node_modules/anymatch/node_modules/picomatch
8476 silly ADD
8477 silly ADD node_modules/which-boxed-primitive
8478 silly ADD node_modules/has-bigints
8479 silly ADD node_modules/random-bytes
8480 silly ADD node_modules/which-builtin-type
8481 silly ADD node_modules/reflect.getprototypeof
8482 silly ADD node_modules/for-each
8483 silly ADD node_modules/media-typer
8484 silly ADD node_modules/is-number
8485 silly ADD node_modules/tmp
8486 silly ADD node_modules/has-flag
8487 silly ADD node_modules/supports-hyperlinks
8488 silly ADD node_modules/text-decoder
8489 silly ADD node_modules/events-universal
8490 silly ADD node_modules/teex
8491 silly ADD node_modules/bare-url
8492 silly ADD node_modules/bare-stream
8493 silly ADD node_modules/bare-path
8494 silly ADD node_modules/bare-events
8495 silly ADD node_modules/streamx
8496 silly ADD node_modules/fast-fifo
8497 silly ADD node_modules/bare-fs
8498 silly ADD node_modules/b4a
8499 silly ADD node_modules/minizlib
8500 silly ADD node_modules/chownr
8501 silly ADD node_modules/@isaacs/fs-minipass
8502 silly ADD node_modules/dom-serializer
8503 silly ADD node_modules/dom-serializer/node_modules/entities
8504 silly ADD node_modules/domelementtype
8505 silly ADD node_modules/mdn-data
8506 silly ADD node_modules/nth-check
8507 silly ADD node_modules/domutils
8508 silly ADD node_modules/domhandler
8509 silly ADD node_modules/boolbase
8510 silly ADD node_modules/sax
8511 silly ADD node_modules/csso
8512 silly ADD node_modules/csso/node_modules/mdn-data
8513 silly ADD node_modules/csso/node_modules/css-tree
8514 silly ADD node_modules/css-what
8515 silly ADD node_modules/css-tree
8516 silly ADD node_modules/css-select
8517 silly ADD node_modules/stubborn-utils
8518 silly ADD node_modules/buffer-from
8519 silly ADD node_modules/side-channel-weakmap
8520 silly ADD node_modules/side-channel-map
8521 silly ADD node_modules/side-channel-list
8522 silly ADD node_modules/shebang-regex
8523 silly ADD node_modules/ret
8524 silly ADD node_modules/isarray
8525 silly ADD node_modules/queue-microtask
8526 silly ADD node_modules/path-to-regexp
8527 silly ADD node_modules/is-promise
8528 silly ADD node_modules/set-function-name
8529 silly ADD node_modules/is-document.all
8530 silly ADD node_modules/functions-have-names
8531 silly ADD node_modules/is-symbol
8532 silly ADD node_modules/is-date-object
8533 silly ADD node_modules/es-abstract-get
8534 silly ADD node_modules/possible-typed-array-names
8535 silly ADD node_modules/which-typed-array
8536 silly ADD node_modules/unbox-primitive
8537 silly ADD node_modules/typed-array-length
8538 silly ADD node_modules/typed-array-byte-offset
8539 silly ADD node_modules/typed-array-byte-length
8540 silly ADD node_modules/typed-array-buffer
8541 silly ADD node_modules/string.prototype.trimstart
8542 silly ADD node_modules/string.prototype.trimend
8543 silly ADD node_modules/string.prototype.trim
8544 silly ADD node_modules/stop-iteration-iterator
8545 silly ADD node_modules/set-proto
8546 silly ADD node_modules/safe-regex-test
8547 silly ADD node_modules/safe-push-apply
8548 silly ADD node_modules/safe-array-concat
8549 silly ADD node_modules/regexp.prototype.flags
8550 silly ADD node_modules/own-keys
8551 silly ADD node_modules/object.assign
8552 silly ADD node_modules/object-inspect
8553 silly ADD node_modules/is-weakref
8554 silly ADD node_modules/is-typed-array
8555 silly ADD node_modules/is-string
8556 silly ADD node_modules/is-shared-array-buffer
8557 silly ADD node_modules/is-set
8558 silly ADD node_modules/is-regex
8559 silly ADD node_modules/is-negative-zero
8560 silly ADD node_modules/is-data-view
8561 silly ADD node_modules/is-callable
8562 silly ADD node_modules/is-array-buffer
8563 silly ADD node_modules/internal-slot
8564 silly ADD node_modules/has-proto
8565 silly ADD node_modules/globalthis
8566 silly ADD node_modules/get-symbol-description
8567 silly ADD node_modules/function.prototype.name
8568 silly ADD node_modules/es-to-primitive
8569 silly ADD node_modules/data-view-byte-offset
8570 silly ADD node_modules/data-view-byte-length
8571 silly ADD node_modules/data-view-buffer
8572 silly ADD node_modules/call-bound
8573 silly ADD node_modules/available-typed-arrays
8574 silly ADD node_modules/arraybuffer.prototype.slice
8575 silly ADD node_modules/array-buffer-byte-length
8576 silly ADD node_modules/has-property-descriptors
8577 silly ADD node_modules/define-data-property
8578 silly ADD node_modules/set-function-length
8579 silly ADD node_modules/es-shim-unscopables
8580 silly ADD node_modules/es-abstract
8581 silly ADD node_modules/define-properties
8582 silly ADD node_modules/call-bind
8583 silly ADD node_modules/object.entries
8584 silly ADD node_modules/array.prototype.flatmap
8585 silly ADD node_modules/supports-preserve-symlinks-flag
8586 silly ADD node_modules/path-parse
8587 silly ADD node_modules/object-keys
8588 silly ADD node_modules/node-exports-info
8589 silly ADD node_modules/node-exports-info/node_modules/semver
8590 silly ADD node_modules/is-core-module
8591 silly ADD node_modules/index-to-position
8592 silly ADD node_modules/parse-json
8593 silly ADD node_modules/@types/normalize-package-data
8594 silly ADD node_modules/unpipe
8595 silly ADD node_modules/side-channel
8596 silly ADD node_modules/forwarded
8597 silly ADD node_modules/colors
8598 silly ADD node_modules/parse-ms
8599 silly ADD node_modules/@jridgewell/sourcemap-codec
8600 silly ADD node_modules/source-map
8601 silly ADD node_modules/esutils
8602 silly ADD node_modules/estraverse
8603 silly ADD node_modules/magic-string
8604 silly ADD node_modules/@vue/shared
8605 silly ADD node_modules/@vue/compiler-ssr
8606 silly ADD node_modules/@vue/compiler-dom
8607 silly ADD node_modules/@vue/compiler-core
8608 silly ADD node_modules/@vue/compiler-core/node_modules/entities
8609 silly ADD node_modules/@vue/compiler-sfc
8610 silly ADD node_modules/@vue/compiler-sfc/node_modules/postcss
8611 silly ADD node_modules/eslint-visitor-keys
8612 silly ADD node_modules/ts-api-utils
8613 silly ADD node_modules/tinyglobby
8614 silly ADD node_modules/@typescript-eslint/visitor-keys
8615 silly ADD node_modules/@typescript-eslint/types
8616 silly ADD node_modules/@typescript-eslint/tsconfig-utils
8617 silly ADD node_modules/@typescript-eslint/project-service
8618 silly ADD node_modules/@typescript-eslint/typescript-estree
8619 silly ADD node_modules/get-amd-module-type
8620 silly ADD node_modules/escodegen
8621 silly ADD node_modules/ast-module-types
8622 silly ADD node_modules/gonzales-pe
8623 silly ADD node_modules/node-source-walk
8624 silly ADD node_modules/module-definition
8625 silly ADD node_modules/detective-vue2
8626 silly ADD node_modules/detective-typescript
8627 silly ADD node_modules/detective-stylus
8628 silly ADD node_modules/detective-scss
8629 silly ADD node_modules/detective-sass
8630 silly ADD node_modules/detective-es6
8631 silly ADD node_modules/detective-cjs
8632 silly ADD node_modules/detective-amd
8633 silly ADD node_modules/@dependents/detective-less
8634 silly ADD node_modules/xtend
8635 silly ADD node_modules/thread-stream
8636 silly ADD node_modules/thread-stream/node_modules/real-require
8637 silly ADD node_modules/sonic-boom
8638 silly ADD node_modules/safe-stable-stringify
8639 silly ADD node_modules/real-require
8640 silly ADD node_modules/quick-format-unescaped
8641 silly ADD node_modules/pino-std-serializers
8642 silly ADD node_modules/pino-abstract-transport
8643 silly ADD node_modules/pino-abstract-transport/node_modules/split2
8644 silly ADD node_modules/on-exit-leak-free
8645 silly ADD node_modules/atomic-sleep
8646 silly ADD node_modules/@pinojs/redact
8647 silly ADD node_modules/postgres-interval
8648 silly ADD node_modules/postgres-date
8649 silly ADD node_modules/postgres-bytea
8650 silly ADD node_modules/postgres-array
8651 silly ADD node_modules/pg-int8
8652 silly ADD node_modules/pgpass
8653 silly ADD node_modules/pgpass/node_modules/split2
8654 silly ADD node_modules/pg-types
8655 silly ADD node_modules/pg-protocol
8656 silly ADD node_modules/pg-pool
8657 silly ADD node_modules/pg-connection-string
8658 silly ADD node_modules/pg-cloudflare
8659 silly ADD node_modules/slashes
8660 silly ADD node_modules/cyclist
8661 silly ADD node_modules/find-up-simple
8662 silly ADD node_modules/is-network-error
8663 silly ADD node_modules/@types/retry
8664 silly ADD node_modules/p-timeout
8665 silly ADD node_modules/windows-release
8666 silly ADD node_modules/windows-release/node_modules/path-key
8667 silly ADD node_modules/windows-release/node_modules/strip-final-newline
8668 silly ADD node_modules/windows-release/node_modules/signal-exit
8669 silly ADD node_modules/windows-release/node_modules/onetime
8670 silly ADD node_modules/windows-release/node_modules/npm-run-path
8671 silly ADD node_modules/windows-release/node_modules/is-stream
8672 silly ADD node_modules/windows-release/node_modules/human-signals
8673 silly ADD node_modules/windows-release/node_modules/get-stream
8674 silly ADD node_modules/windows-release/node_modules/execa
8675 silly ADD node_modules/macos-release
8676 silly ADD node_modules/ieee754
8677 silly ADD node_modules/buffer
8678 silly ADD node_modules/wcwidth
8679 silly ADD node_modules/log-symbols
8680 silly ADD node_modules/log-symbols/node_modules/has-flag
8681 silly ADD node_modules/log-symbols/node_modules/supports-color
8682 silly ADD node_modules/log-symbols/node_modules/is-unicode-supported
8683 silly ADD node_modules/log-symbols/node_modules/chalk
8684 silly ADD node_modules/is-interactive
8685 silly ADD node_modules/cli-spinners
8686 silly ADD node_modules/bl
8687 silly ADD node_modules/run-applescript
8688 silly ADD node_modules/default-browser-id
8689 silly ADD node_modules/bundle-name
8690 silly ADD node_modules/wsl-utils
8691 silly ADD node_modules/wsl-utils/node_modules/powershell-utils
8692 silly ADD node_modules/powershell-utils
8693 silly ADD node_modules/is-in-ssh
8694 silly ADD node_modules/define-lazy-prop
8695 silly ADD node_modules/default-browser
8696 silly ADD node_modules/ee-first
8697 silly ADD node_modules/node-fetch-native
8698 silly ADD node_modules/validate-npm-package-license
8699 silly ADD node_modules/hosted-git-info
8700 silly ADD node_modules/hosted-git-info/node_modules/lru-cache
8701 silly ADD node_modules/abbrev
8702 silly ADD node_modules/uid-safe
8703 silly ADD node_modules/balanced-match
8704 silly ADD node_modules/brace-expansion
8705 silly ADD node_modules/to-regex-range
8706 silly ADD node_modules/fill-range
8707 silly ADD node_modules/braces
8708 silly ADD node_modules/fast-stringify
8709 silly ADD node_modules/fast-equals
8710 silly ADD node_modules/through2
8711 silly ADD node_modules/through2/node_modules/string_decoder
8712 silly ADD node_modules/through2/node_modules/safe-buffer
8713 silly ADD node_modules/through2/node_modules/isarray
8714 silly ADD node_modules/through2/node_modules/readable-stream
8715 silly ADD node_modules/split2
8716 silly ADD node_modules/slice-ansi
8717 silly ADD node_modules/slice-ansi/node_modules/is-fullwidth-code-point
8718 silly ADD node_modules/slice-ansi/node_modules/ansi-styles
8719 silly ADD node_modules/set-error-message
8720 silly ADD node_modules/normalize-exception
8721 silly ADD node_modules/is-error-instance
8722 silly ADD node_modules/uqr
8723 silly ADD node_modules/untun
8724 silly ADD node_modules/tinyclip
8725 silly ADD node_modules/std-env
8726 silly ADD node_modules/node-forge
8727 silly ADD node_modules/jiti
8728 silly ADD node_modules/http-shutdown
8729 silly ADD node_modules/get-port-please
8730 silly ADD node_modules/@parcel/watcher-wasm
8731 silly ADD node_modules/set-cookie-parser
8732 silly ADD node_modules/winston
8733 silly ADD node_modules/mimic-fn
8734 silly ADD node_modules/jpeg-js
8735 silly ADD node_modules/is-inside-container
8736 silly ADD node_modules/is-inside-container/node_modules/is-docker
8737 silly ADD node_modules/is-extglob
8738 silly ADD node_modules/uncrypto
8739 silly ADD node_modules/radix3
8740 silly ADD node_modules/node-mock-http
8741 silly ADD node_modules/iron-webcrypto
8742 silly ADD node_modules/crossws
8743 silly ADD node_modules/cookie-es
8744 silly ADD node_modules/xss
8745 silly ADD node_modules/xss/node_modules/commander
8746 silly ADD node_modules/unstorage
8747 silly ADD node_modules/unstorage/node_modules/lru-cache
8748 silly ADD node_modules/unstorage/node_modules/chokidar
8749 silly ADD node_modules/ufo
8750 silly ADD node_modules/svgo
8751 silly ADD node_modules/svgo/node_modules/commander
8752 silly ADD node_modules/pathe
8753 silly ADD node_modules/ofetch
8754 silly ADD node_modules/listhen
8755 silly ADD node_modules/listhen/node_modules/crossws
8756 silly ADD node_modules/listhen/node_modules/citty
8757 silly ADD node_modules/image-meta
8758 silly ADD node_modules/h3
8759 silly ADD node_modules/destr
8760 silly ADD node_modules/defu
8761 silly ADD node_modules/citty
8762 silly ADD node_modules/restore-cursor
8763 silly ADD node_modules/chardet
8764 silly ADD node_modules/through
8765 silly ADD node_modules/rxjs
8766 silly ADD node_modules/run-async
8767 silly ADD node_modules/ora
8768 silly ADD node_modules/ora/node_modules/has-flag
8769 silly ADD node_modules/ora/node_modules/supports-color
8770 silly ADD node_modules/ora/node_modules/is-unicode-supported
8771 silly ADD node_modules/ora/node_modules/chalk
8772 silly ADD node_modules/mute-stream
8773 silly ADD node_modules/lodash
8774 silly ADD node_modules/cli-width
8775 silly ADD node_modules/cli-cursor
8776 silly ADD node_modules/@inquirer/external-editor
8777 silly ADD node_modules/module-details-from-path
8778 silly ADD node_modules/cjs-module-lexer
8779 silly ADD node_modules/safer-buffer
8780 silly ADD node_modules/is-plain-object
8781 silly ADD node_modules/@types/http-proxy
8782 silly ADD node_modules/requires-port
8783 silly ADD node_modules/follow-redirects
8784 silly ADD node_modules/eventemitter3
8785 silly ADD node_modules/toidentifier
8786 silly ADD node_modules/setprototypeof
8787 silly ADD
8788 silly ADD node_modules/slash
8789 silly ADD node_modules/@sindresorhus/merge-streams
8790 silly ADD node_modules/is-glob
8791 silly ADD node_modules/path-scurry
8792 silly ADD node_modules/path-scurry/node_modules/lru-cache
8793 silly ADD node_modules/minipass
8794 silly ADD node_modules/ini
8795 silly ADD node_modules/@sec-ant/readable-stream
8796 silly ADD node_modules/from2
8797 silly ADD node_modules/from2/node_modules/string_decoder
8798 silly ADD node_modules/from2/node_modules/safe-buffer
8799 silly ADD node_modules/from2/node_modules/isarray
8800 silly ADD node_modules/from2/node_modules/readable-stream
8801 silly ADD node_modules/unicorn-magic
8802 silly ADD node_modules/safe-regex2
8803 silly ADD node_modules/fast-querystring
8804 silly ADD node_modules/is-unicode-supported
8805 silly ADD node_modules/reusify
8806 silly ADD node_modules/dequal
8807 silly ADD node_modules/json-schema-ref-resolver
8808 silly ADD node_modules/@fastify/merge-json-schemas
8809 silly ADD node_modules/ipaddr.js
8810 silly ADD node_modules/@fastify/forwarded
8811 silly ADD node_modules/ajv-formats
8812 silly ADD node_modules/toad-cache
8813 silly ADD node_modules/secure-json-parse
8814 silly ADD node_modules/process-warning
8815 silly ADD node_modules/pino
8816 silly ADD node_modules/light-my-request
8817 silly ADD node_modules/light-my-request/node_modules/process-warning
8818 silly ADD node_modules/find-my-way
8819 silly ADD node_modules/fast-json-stringify
8820 silly ADD node_modules/fast-json-stringify/node_modules/fast-uri
8821 silly ADD node_modules/avvio
8822 silly ADD node_modules/abstract-logging
8823 silly ADD node_modules/@fastify/proxy-addr
8824 silly ADD node_modules/@fastify/fast-json-stringify-compiler
8825 silly ADD node_modules/@fastify/ajv-compiler
8826 silly ADD node_modules/@fastify/ajv-compiler/node_modules/fast-uri
8827 silly ADD node_modules/fast-string-truncated-width
8828 silly ADD node_modules/run-parallel
8829 silly ADD node_modules/@nodelib/fs.scandir
8830 silly ADD node_modules/merge2
8831 silly ADD node_modules/glob-parent
8832 silly ADD node_modules/@nodelib/fs.walk
8833 silly ADD node_modules/@nodelib/fs.stat
8834 silly ADD node_modules/@types/yauzl
8835 silly ADD node_modules/on-headers
8836 silly ADD node_modules/iconv-lite
8837 silly ADD node_modules/bytes
8838 silly ADD node_modules/negotiator
8839 silly ADD node_modules/vary
8840 silly ADD node_modules/type-is
8841 silly ADD node_modules/type-is/node_modules/mime-db
8842 silly ADD node_modules/type-is/node_modules/mime-types
8843 silly ADD node_modules/type-is/node_modules/content-type
8844 silly ADD node_modules/statuses
8845 silly ADD node_modules/serve-static
8846 silly ADD node_modules/send
8847 silly ADD node_modules/send/node_modules/mime-db
8848 silly ADD node_modules/send/node_modules/mime-types
8849 silly ADD node_modules/router
8850 silly ADD node_modules/range-parser
8851 silly ADD node_modules/qs
8852 silly ADD node_modules/proxy-addr
8853 silly ADD node_modules/proxy-addr/node_modules/ipaddr.js
8854 silly ADD node_modules/parseurl
8855 silly ADD node_modules/on-finished
8856 silly ADD node_modules/merge-descriptors
8857 silly ADD node_modules/fresh
8858 silly ADD node_modules/finalhandler
8859 silly ADD node_modules/encodeurl
8860 silly ADD node_modules/depd
8861 silly ADD node_modules/cookie-signature
8862 silly ADD node_modules/body-parser
8863 silly ADD node_modules/body-parser/node_modules/content-type
8864 silly ADD node_modules/accepts
8865 silly ADD node_modules/accepts/node_modules/mime-db
8866 silly ADD node_modules/accepts/node_modules/mime-types
8867 silly ADD node_modules/which
8868 silly ADD node_modules/which/node_modules/isexe
8869 silly ADD node_modules/shebang-command
8870 silly ADD node_modules/path-key
8871 silly ADD node_modules/strip-final-newline
8872 silly ADD node_modules/signal-exit
8873 silly ADD node_modules/onetime
8874 silly ADD node_modules/onetime/node_modules/mimic-fn
8875 silly ADD node_modules/npm-run-path
8876 silly ADD node_modules/merge-stream
8877 silly ADD node_modules/human-signals
8878 silly ADD node_modules/cross-spawn
8879 silly ADD node_modules/@esbuild/win32-x64
8880 silly ADD node_modules/stackframe
8881 silly ADD node_modules/is-safe-filename
8882 silly ADD node_modules/ansi-colors
8883 silly ADD node_modules/callsite
8884 silly ADD node_modules/luxon
8885 silly ADD node_modules/globby
8886 silly ADD node_modules/esprima
8887 silly ADD node_modules/array-timsort
8888 silly ADD node_modules/lodash.transform
8889 silly ADD node_modules/lodash.isempty
8890 silly ADD node_modules/widest-line
8891 silly ADD node_modules/widest-line/node_modules/ansi-regex
8892 silly ADD node_modules/widest-line/node_modules/strip-ansi
8893 silly ADD node_modules/widest-line/node_modules/emoji-regex
8894 silly ADD node_modules/widest-line/node_modules/string-width
8895 silly ADD node_modules/type-fest
8896 silly ADD node_modules/cli-boxes
8897 silly ADD node_modules/camelcase
8898 silly ADD node_modules/ansi-align
8899 silly ADD node_modules/file-uri-to-path
8900 silly ADD node_modules/js-tokens
8901 silly ADD node_modules/leven
8902 silly ADD node_modules/jsonpointer
8903 silly ADD node_modules/@humanwhocodes/momoa
8904 silly ADD node_modules/@babel/code-frame
8905 silly ADD node_modules/precond
8906 silly ADD node_modules/when-exit
8907 silly ADD node_modules/stubborn-fs
8908 silly ADD node_modules/zip-stream
8909 silly ADD node_modules/zip-stream/node_modules/buffer
8910 silly ADD node_modules/zip-stream/node_modules/readable-stream
8911 silly ADD node_modules/tar-stream
8912 silly ADD node_modules/readdir-glob
8913 silly ADD node_modules/lazystream
8914 silly ADD node_modules/lazystream/node_modules/string_decoder
8915 silly ADD node_modules/lazystream/node_modules/safe-buffer
8916 silly ADD node_modules/lazystream/node_modules/isarray
8917 silly ADD node_modules/lazystream/node_modules/readable-stream
8918 silly ADD node_modules/buffer-crc32
8919 silly ADD node_modules/async
8920 silly ADD node_modules/entities
8921 silly ADD node_modules/environment
8922 silly ADD node_modules/require-from-string
8923 silly ADD node_modules/json-schema-traverse
8924 silly ADD node_modules/fast-uri
8925 silly ADD node_modules/@whatwg-node/node-fetch
8926 silly ADD node_modules/@whatwg-node/promise-helpers
8927 silly ADD node_modules/@whatwg-node/fetch
8928 silly ADD node_modules/@whatwg-node/fetch/node_modules/urlpattern-polyfill
8929 silly ADD node_modules/@whatwg-node/disposablestack
8930 silly ADD node_modules/@envelop/instrumentation
8931 silly ADD node_modules/@types/estree
8932 silly ADD node_modules/nopt
8933 silly ADD node_modules/consola
8934 silly ADD node_modules/resolve-from
8935 silly ADD node_modules/picomatch
8936 silly ADD node_modules/node-gyp-build
8937 silly ADD node_modules/graceful-fs
8938 silly ADD node_modules/estree-walker
8939 silly ADD node_modules/bindings
8940 silly ADD node_modules/async-sema
8941 silly ADD node_modules/acorn-import-attributes
8942 silly ADD node_modules/@rollup/pluginutils
8943 silly ADD node_modules/@mapbox/node-pre-gyp
8944 silly ADD node_modules/@sindresorhus/transliterate
8945 silly ADD node_modules/untildify
8946 silly ADD node_modules/minimist
8947 silly ADD node_modules/enquirer
8948 silly ADD node_modules/@opentelemetry/sdk-trace
8949 silly ADD node_modules/@opentelemetry/sdk-trace/node_modules/@opentelemetry/core
8950 silly ADD node_modules/@opentelemetry/sdk-trace-base
8951 silly ADD node_modules/@opentelemetry/sdk-trace-base/node_modules/@opentelemetry/core
8952 silly ADD node_modules/@opentelemetry/context-async-hooks
8953 silly ADD node_modules/require-in-the-middle
8954 silly ADD node_modules/import-in-the-middle
8955 silly ADD node_modules/import-in-the-middle/node_modules/es-module-lexer
8956 silly ADD node_modules/@opentelemetry/api-logs
8957 silly ADD node_modules/@opentelemetry/semantic-conventions
8958 silly ADD node_modules/@octokit/openapi-types
8959 silly ADD node_modules/json-with-bigint
8960 silly ADD node_modules/@octokit/endpoint
8961 silly ADD node_modules/universal-user-agent
8962 silly ADD node_modules/before-after-hook
8963 silly ADD node_modules/@octokit/types
8964 silly ADD node_modules/@octokit/request-error
8965 silly ADD node_modules/@octokit/request
8966 silly ADD node_modules/@octokit/request/node_modules/content-type
8967 silly ADD node_modules/@octokit/graphql
8968 silly ADD node_modules/@octokit/auth-token
8969 silly ADD node_modules/@octokit/plugin-rest-endpoint-methods
8970 silly ADD node_modules/@octokit/plugin-rest-endpoint-methods/node_modules/@octokit/openapi-types
8971 silly ADD node_modules/@octokit/plugin-rest-endpoint-methods/node_modules/@octokit/types
8972 silly ADD node_modules/@octokit/plugin-request-log
8973 silly ADD node_modules/@octokit/plugin-paginate-rest
8974 silly ADD node_modules/@octokit/plugin-paginate-rest/node_modules/@octokit/openapi-types
8975 silly ADD node_modules/@octokit/plugin-paginate-rest/node_modules/@octokit/types
8976 silly ADD node_modules/@octokit/core
8977 silly ADD node_modules/@babel/helper-validator-identifier
8978 silly ADD node_modules/@babel/helper-string-parser
8979 silly ADD node_modules/unixify
8980 silly ADD node_modules/unixify/node_modules/normalize-path
8981 silly ADD node_modules/require-package-name
8982 silly ADD node_modules/precinct
8983 silly ADD node_modules/precinct/node_modules/postcss
8984 silly ADD node_modules/precinct/node_modules/detective-postcss
8985 silly ADD node_modules/normalize-path
8986 silly ADD node_modules/merge-options
8987 silly ADD node_modules/merge-options/node_modules/is-plain-obj
8988 silly ADD node_modules/is-path-inside
8989 silly ADD node_modules/fast-glob
8990 silly ADD node_modules/es-module-lexer
8991 silly ADD node_modules/copy-file
8992 silly ADD node_modules/archiver
8993 silly ADD node_modules/archiver/node_modules/buffer
8994 silly ADD node_modules/archiver/node_modules/readable-stream
8995 silly ADD node_modules/archiver/node_modules/is-stream
8996 silly ADD node_modules/@vercel/nft
8997 silly ADD node_modules/@vercel/nft/node_modules/lru-cache
8998 silly ADD node_modules/@vercel/nft/node_modules/balanced-match
8999 silly ADD node_modules/@vercel/nft/node_modules/brace-expansion
9000 silly ADD node_modules/@vercel/nft/node_modules/path-scurry
9001 silly ADD node_modules/@vercel/nft/node_modules/minimatch
9002 silly ADD node_modules/@vercel/nft/node_modules/glob
9003 silly ADD node_modules/@netlify/serverless-functions-api
9004 silly ADD node_modules/@netlify/binary-info
9005 silly ADD node_modules/@babel/types
9006 silly ADD node_modules/@babel/parser
9007 silly ADD node_modules/@netlify/cache
9008 silly ADD node_modules/@opentelemetry/sdk-trace-node
9009 silly ADD node_modules/@opentelemetry/sdk-trace-node/node_modules/@opentelemetry/core
9010 silly ADD node_modules/@opentelemetry/resources
9011 silly ADD node_modules/@opentelemetry/resources/node_modules/@opentelemetry/core
9012 silly ADD node_modules/@opentelemetry/instrumentation
9013 silly ADD node_modules/@opentelemetry/core
9014 silly ADD node_modules/@netlify/local-functions-proxy-win32-x64
9015 silly ADD node_modules/ipx
9016 silly ADD node_modules/escape-string-regexp
9017 silly ADD node_modules/micromatch
9018 silly ADD node_modules/micromatch/node_modules/picomatch
9019 silly ADD node_modules/micro-memoize
9020 silly ADD node_modules/cpy
9021 silly ADD node_modules/extract-zip
9022 silly ADD node_modules/extract-zip/node_modules/buffer-crc32
9023 silly ADD node_modules/extract-zip/node_modules/yauzl
9024 silly ADD node_modules/extract-zip/node_modules/get-stream
9025 silly ADD node_modules/@netlify/functions
9026 silly ADD node_modules/@netlify/types
9027 silly ADD node_modules/urlpattern-polyfill
9028 silly ADD node_modules/tar
9029 silly ADD node_modules/tar/node_modules/yallist
9030 silly ADD node_modules/parse-imports
9031 silly ADD node_modules/p-retry
9032 silly ADD node_modules/node-stream-zip
9033 silly ADD node_modules/esbuild
9034 silly ADD node_modules/common-path-prefix
9035 silly ADD node_modules/better-ajv-errors
9036 silly ADD node_modules/better-ajv-errors/node_modules/has-flag
9037 silly ADD node_modules/better-ajv-errors/node_modules/supports-color
9038 silly ADD node_modules/better-ajv-errors/node_modules/chalk
9039 silly ADD node_modules/ajv-errors
9040 silly ADD node_modules/ajv
9041 silly ADD node_modules/acorn
9042 silly ADD node_modules/@sveltejs/acorn-typescript
9043 silly ADD node_modules/@import-maps/resolve
9044 silly ADD node_modules/tmp-promise
9045 silly ADD node_modules/parse-gitignore
9046 silly ADD node_modules/js-image-generator
9047 silly ADD node_modules/image-size
9048 silly ADD node_modules/empathic
9049 silly ADD node_modules/dettle
9050 silly ADD node_modules/atomically
9051 silly ADD node_modules/@whatwg-node/server
9052 silly ADD node_modules/pg-gateway
9053 silly ADD node_modules/@electric-sql/pglite
9054 silly ADD node_modules/@netlify/static
9055 silly ADD node_modules/@netlify/static/node_modules/mime-db
9056 silly ADD node_modules/@netlify/static/node_modules/mime-types
9057 silly ADD node_modules/@netlify/runtime
9058 silly ADD node_modules/@netlify/redirects
9059 silly ADD node_modules/@netlify/redirects/node_modules/env-paths
9060 silly ADD node_modules/@netlify/redirects/node_modules/dot-prop
9061 silly ADD node_modules/@netlify/redirects/node_modules/@netlify/dev-utils
9062 silly ADD node_modules/@netlify/headers
9063 silly ADD node_modules/@netlify/functions-dev
9064 silly ADD node_modules/@netlify/functions-dev/node_modules/env-paths
9065 silly ADD node_modules/@netlify/functions-dev/node_modules/dot-prop
9066 silly ADD node_modules/@netlify/functions-dev/node_modules/read-package-up
9067 silly ADD node_modules/@netlify/functions-dev/node_modules/is-stream
9068 silly ADD node_modules/@netlify/functions-dev/node_modules/@netlify/dev-utils
9069 silly ADD node_modules/@netlify/edge-functions-dev
9070 silly ADD node_modules/@netlify/edge-functions-dev/node_modules/unicorn-magic
9071 silly ADD node_modules/@netlify/edge-functions-dev/node_modules/locate-path
9072 silly ADD node_modules/@netlify/edge-functions-dev/node_modules/strip-final-newline
9073 silly ADD node_modules/@netlify/edge-functions-dev/node_modules/signal-exit
9074 silly ADD node_modules/@netlify/edge-functions-dev/node_modules/onetime
9075 silly ADD node_modules/@netlify/edge-functions-dev/node_modules/npm-run-path
9076 silly ADD node_modules/@netlify/edge-functions-dev/node_modules/is-stream
9077 silly ADD node_modules/@netlify/edge-functions-dev/node_modules/human-signals
9078 silly ADD node_modules/@netlify/edge-functions-dev/node_modules/get-stream
9079 silly ADD node_modules/@netlify/edge-functions-dev/node_modules/path-key
9080 silly ADD node_modules/@netlify/edge-functions-dev/node_modules/p-wait-for
9081 silly ADD node_modules/@netlify/edge-functions-dev/node_modules/find-up
9082 silly ADD node_modules/@netlify/edge-functions-dev/node_modules/execa
9083 silly ADD node_modules/@netlify/edge-functions-dev/node_modules/env-paths
9084 silly ADD node_modules/@netlify/edge-functions-dev/node_modules/dot-prop
9085 silly ADD node_modules/@netlify/edge-functions-dev/node_modules/get-port
9086 silly ADD node_modules/@netlify/edge-functions-dev/node_modules/@netlify/edge-functions-bootstrap
9087 silly ADD node_modules/@netlify/edge-functions-dev/node_modules/@netlify/edge-bundler
9088 silly ADD node_modules/@netlify/edge-functions-dev/node_modules/@netlify/dev-utils
9089 silly ADD node_modules/@netlify/database-dev
9090 silly ADD node_modules/validate-npm-package-name
9091 silly ADD node_modules/path-type
9092 silly ADD node_modules/map-obj
9093 silly ADD node_modules/fast-safe-stringify
9094 silly ADD node_modules/deepmerge
9095 silly ADD node_modules/move-file
9096 silly ADD node_modules/junk
9097 silly ADD node_modules/get-stream
9098 silly ADD node_modules/get-stream/node_modules/is-stream
9099 silly ADD node_modules/smol-toml
9100 silly ADD node_modules/read-pkg
9101 silly ADD node_modules/read-pkg/node_modules/lru-cache
9102 silly ADD node_modules/read-pkg/node_modules/hosted-git-info
9103 silly ADD node_modules/read-pkg/node_modules/unicorn-magic
9104 silly ADD node_modules/read-pkg/node_modules/normalize-package-data
9105 silly ADD node_modules/lockparse
9106 silly ADD node_modules/pump
9107 silly ADD node_modules/byline
9108 silly ADD node_modules/stack-generator
9109 silly ADD node_modules/iserror
9110 silly ADD node_modules/error-stack-parser
9111 silly ADD node_modules/@bugsnag/safe-json-stringify
9112 silly ADD node_modules/@bugsnag/cuid
9113 silly ADD node_modules/@bugsnag/core
9114 silly ADD node_modules/@bugsnag/node
9115 silly ADD node_modules/@bugsnag/browser
9116 silly ADD node_modules/zod
9117 silly ADD node_modules/yaml
9118 silly ADD node_modules/typescript
9119 silly ADD node_modules/supports-color
9120 silly ADD node_modules/safe-json-stringify
9121 silly ADD node_modules/rfdc
9122 silly ADD node_modules/resolve
9123 silly ADD node_modules/ps-list
9124 silly ADD node_modules/pretty-ms
9125 silly ADD node_modules/path-exists
9126 silly ADD node_modules/package-directory
9127 silly ADD node_modules/p-reduce
9128 silly ADD node_modules/p-locate
9129 silly ADD node_modules/p-locate/node_modules/yocto-queue
9130 silly ADD node_modules/p-locate/node_modules/p-limit
9131 silly ADD node_modules/p-event
9132 silly ADD node_modules/os-name
9133 silly ADD node_modules/minimatch
9134 silly ADD node_modules/memoize-one
9135 silly ADD node_modules/log-process-errors
9136 silly ADD node_modules/keep-func-props
9137 silly ADD node_modules/is-plain-obj
9138 silly ADD node_modules/indent-string
9139 silly ADD node_modules/ignore
9140 silly ADD node_modules/hot-shots
9141 silly ADD node_modules/filter-obj
9142 silly ADD node_modules/figures
9143 silly ADD node_modules/fdir
9144 silly ADD node_modules/fast-string-width
9145 silly ADD node_modules/clean-stack
9146 silly ADD node_modules/ansis
9147 silly ADD node_modules/@sindresorhus/slugify
9148 silly ADD node_modules/@netlify/run-utils
9149 silly ADD node_modules/@netlify/run-utils/node_modules/path-key
9150 silly ADD node_modules/@netlify/run-utils/node_modules/strip-final-newline
9151 silly ADD node_modules/@netlify/run-utils/node_modules/signal-exit
9152 silly ADD node_modules/@netlify/run-utils/node_modules/onetime
9153 silly ADD node_modules/@netlify/run-utils/node_modules/npm-run-path
9154 silly ADD node_modules/@netlify/run-utils/node_modules/is-stream
9155 silly ADD node_modules/@netlify/run-utils/node_modules/human-signals
9156 silly ADD node_modules/@netlify/run-utils/node_modules/get-stream
9157 silly ADD node_modules/@netlify/run-utils/node_modules/execa
9158 silly ADD node_modules/@netlify/plugins-list
9159 silly ADD node_modules/@netlify/opentelemetry-utils
9160 silly ADD node_modules/@netlify/git-utils
9161 silly ADD node_modules/@netlify/git-utils/node_modules/path-key
9162 silly ADD node_modules/@netlify/git-utils/node_modules/strip-final-newline
9163 silly ADD node_modules/@netlify/git-utils/node_modules/signal-exit
9164 silly ADD node_modules/@netlify/git-utils/node_modules/onetime
9165 silly ADD node_modules/@netlify/git-utils/node_modules/npm-run-path
9166 silly ADD node_modules/@netlify/git-utils/node_modules/is-stream
9167 silly ADD node_modules/@netlify/git-utils/node_modules/human-signals
9168 silly ADD node_modules/@netlify/git-utils/node_modules/get-stream
9169 silly ADD node_modules/@netlify/git-utils/node_modules/execa
9170 silly ADD node_modules/@netlify/functions-utils
9171 silly ADD node_modules/@netlify/cache-utils
9172 silly ADD node_modules/@netlify/cache-utils/node_modules/readdirp
9173 silly ADD node_modules/@netlify/cache-utils/node_modules/locate-path
9174 silly ADD node_modules/@bugsnag/js
9175 silly ADD node_modules/@netlify/runtime-utils
9176 silly ADD node_modules/@netlify/otel
9177 silly ADD node_modules/@netlify/otel/node_modules/@opentelemetry/api
9178 silly ADD node_modules/picoquery
9179 silly ADD node_modules/@netlify/open-api
9180 silly ADD node_modules/http-errors
9181 silly ADD node_modules/fast-decode-uri-component
9182 silly ADD node_modules/escape-html
9183 silly ADD node_modules/@lukeed/ms
9184 silly ADD node_modules/glob
9185 silly ADD node_modules/fastq
9186 silly ADD node_modules/fastify-plugin
9187 silly ADD node_modules/content-disposition
9188 silly ADD node_modules/@fastify/send
9189 silly ADD node_modules/@fastify/error
9190 silly ADD node_modules/@fastify/accept-negotiator
9191 silly ADD node_modules/yauzl
9192 silly ADD node_modules/ws
9193 silly ADD node_modules/write-file-atomic
9194 silly ADD node_modules/write-file-atomic/node_modules/signal-exit
9195 silly ADD node_modules/update-notifier
9196 silly ADD node_modules/ulid
9197 silly ADD node_modules/tomlify-j0.4
9198 silly ADD node_modules/toml
9199 silly ADD node_modules/terminal-link
9200 silly ADD node_modules/source-map-support
9201 silly ADD node_modules/readdirp
9202 silly ADD node_modules/read-package-up
9203 silly ADD node_modules/read-package-up/node_modules/lru-cache
9204 silly ADD node_modules/read-package-up/node_modules/hosted-git-info
9205 silly ADD node_modules/read-package-up/node_modules/unicorn-magic
9206 silly ADD node_modules/read-package-up/node_modules/normalize-package-data
9207 silly ADD node_modules/read-package-up/node_modules/type-fest
9208 silly ADD node_modules/read-package-up/node_modules/read-pkg
9209 silly ADD node_modules/raw-body
9210 silly ADD node_modules/prettyjson
9211 silly ADD node_modules/pg
9212 silly ADD node_modules/parse-github-url
9213 silly ADD node_modules/parse-duration
9214 silly ADD node_modules/parallel-transform
9215 silly ADD node_modules/parallel-transform/node_modules/string_decoder
9216 silly ADD node_modules/parallel-transform/node_modules/safe-buffer
9217 silly ADD node_modules/parallel-transform/node_modules/isarray
9218 silly ADD node_modules/parallel-transform/node_modules/readable-stream
9219 silly ADD node_modules/p-wait-for
9220 silly ADD node_modules/p-map
9221 silly ADD node_modules/p-filter
9222 silly ADD node_modules/open
9223 silly ADD node_modules/normalize-package-data
9224 silly ADD node_modules/netlify-redirector
9225 silly ADD node_modules/nanospinner
9226 silly ADD node_modules/multiparty
9227 silly ADD node_modules/multiparty/node_modules/statuses
9228 silly ADD node_modules/multiparty/node_modules/http-errors
9229 silly ADD node_modules/modern-tar
9230 silly ADD node_modules/maxstache-stream
9231 silly ADD node_modules/maxstache-stream/node_modules/pump
9232 silly ADD node_modules/maxstache
9233 silly ADD node_modules/log-update
9234 silly ADD node_modules/log-update/node_modules/string-width
9235 silly ADD node_modules/log-update/node_modules/ansi-styles
9236 silly ADD node_modules/log-update/node_modules/ansi-regex
9237 silly ADD node_modules/log-update/node_modules/signal-exit
9238 silly ADD node_modules/log-update/node_modules/onetime
9239 silly ADD node_modules/log-update/node_modules/restore-cursor
9240 silly ADD node_modules/log-update/node_modules/wrap-ansi
9241 silly ADD node_modules/log-update/node_modules/strip-ansi
9242 silly ADD node_modules/log-update/node_modules/cli-cursor
9243 silly ADD node_modules/locate-path
9244 silly ADD node_modules/lambda-local
9245 silly ADD node_modules/lambda-local/node_modules/dotenv
9246 silly ADD node_modules/lambda-local/node_modules/commander
9247 silly ADD node_modules/jwt-decode
9248 silly ADD node_modules/isexe
9249 silly ADD node_modules/is-wsl
9250 silly ADD node_modules/is-docker
9251 silly ADD node_modules/inquirer-autocomplete-prompt
9252 silly ADD node_modules/inquirer-autocomplete-prompt/node_modules/has-flag
9253 silly ADD node_modules/inquirer-autocomplete-prompt/node_modules/tslib
9254 silly ADD node_modules/inquirer-autocomplete-prompt/node_modules/escape-string-regexp
9255 silly ADD node_modules/inquirer-autocomplete-prompt/node_modules/supports-color
9256 silly ADD node_modules/inquirer-autocomplete-prompt/node_modules/type-fest
9257 silly ADD node_modules/inquirer-autocomplete-prompt/node_modules/rxjs
9258 silly ADD node_modules/inquirer-autocomplete-prompt/node_modules/figures
9259 silly ADD node_modules/inquirer-autocomplete-prompt/node_modules/chalk
9260 silly ADD node_modules/inquirer-autocomplete-prompt/node_modules/ansi-escapes
9261 silly ADD node_modules/inquirer
9262 silly ADD node_modules/inquirer/node_modules/has-flag
9263 silly ADD node_modules/inquirer/node_modules/escape-string-regexp
9264 silly ADD node_modules/inquirer/node_modules/supports-color
9265 silly ADD node_modules/inquirer/node_modules/type-fest
9266 silly ADD node_modules/inquirer/node_modules/wrap-ansi
9267 silly ADD node_modules/inquirer/node_modules/figures
9268 silly ADD node_modules/inquirer/node_modules/chalk
9269 silly ADD node_modules/inquirer/node_modules/ansi-escapes
9270 silly ADD node_modules/http-proxy-middleware
9271 silly ADD node_modules/http-proxy
9272 silly ADD node_modules/gitconfiglocal
9273 silly ADD node_modules/git-repo-info
9274 silly ADD node_modules/get-port
9275 silly ADD node_modules/fuzzy
9276 silly ADD node_modules/folder-walker
9277 silly ADD node_modules/find-up
9278 silly ADD node_modules/fastify
9279 silly ADD node_modules/fastest-levenshtein
9280 silly ADD node_modules/express-logging
9281 silly ADD node_modules/express
9282 silly ADD node_modules/express/node_modules/mime-db
9283 silly ADD node_modules/express/node_modules/mime-types
9284 silly ADD node_modules/express/node_modules/cookie
9285 silly ADD node_modules/express/node_modules/content-disposition
9286 silly ADD node_modules/execa
9287 silly ADD node_modules/execa/node_modules/get-stream
9288 silly ADD node_modules/etag
9289 silly ADD node_modules/envinfo
9290 silly ADD node_modules/env-paths
9291 silly ADD node_modules/dotenv
9292 silly ADD node_modules/dot-prop
9293 silly ADD node_modules/dot-prop/node_modules/type-fest
9294 silly ADD node_modules/decache
9295 silly ADD node_modules/cron-parser
9296 silly ADD node_modules/cookie
9297 silly ADD node_modules/content-type
9298 silly ADD node_modules/comment-json
9299 silly ADD node_modules/commander
9300 silly ADD node_modules/clean-deep
9301 silly ADD node_modules/ci-info
9302 silly ADD node_modules/chokidar
9303 silly ADD node_modules/chokidar/node_modules/readdirp
9304 silly ADD node_modules/chalk
9305 silly ADD node_modules/boxen
9306 silly ADD node_modules/boxen/node_modules/ansi-styles
9307 silly ADD node_modules/boxen/node_modules/ansi-regex
9308 silly ADD node_modules/boxen/node_modules/strip-ansi
9309 silly ADD node_modules/boxen/node_modules/emoji-regex
9310 silly ADD node_modules/boxen/node_modules/wrap-ansi
9311 silly ADD node_modules/boxen/node_modules/string-width
9312 silly ADD node_modules/backoff
9313 silly ADD node_modules/ascii-table
9314 silly ADD node_modules/ansi-to-html
9315 silly ADD node_modules/ansi-escapes
9316 silly ADD node_modules/@pnpm/tabtab
9317 silly ADD node_modules/@octokit/rest
9318 silly ADD node_modules/@netlify/zip-it-and-ship-it
9319 silly ADD node_modules/@netlify/zip-it-and-ship-it/node_modules/path-key
9320 silly ADD node_modules/@netlify/zip-it-and-ship-it/node_modules/unicorn-magic
9321 silly ADD node_modules/@netlify/zip-it-and-ship-it/node_modules/strip-final-newline
9322 silly ADD node_modules/@netlify/zip-it-and-ship-it/node_modules/signal-exit
9323 silly ADD node_modules/@netlify/zip-it-and-ship-it/node_modules/onetime
9324 silly ADD node_modules/@netlify/zip-it-and-ship-it/node_modules/npm-run-path
9325 silly ADD node_modules/@netlify/zip-it-and-ship-it/node_modules/is-stream
9326 silly ADD node_modules/@netlify/zip-it-and-ship-it/node_modules/human-signals
9327 silly ADD node_modules/@netlify/zip-it-and-ship-it/node_modules/get-stream
9328 silly ADD node_modules/@netlify/zip-it-and-ship-it/node_modules/locate-path
9329 silly ADD node_modules/@netlify/zip-it-and-ship-it/node_modules/find-up
9330 silly ADD node_modules/@netlify/zip-it-and-ship-it/node_modules/execa
9331 silly ADD node_modules/@netlify/redirect-parser
9332 silly ADD node_modules/@netlify/local-functions-proxy
9333 silly ADD node_modules/@netlify/images
9334 silly ADD node_modules/@netlify/headers-parser
9335 silly ADD node_modules/@netlify/edge-functions-bootstrap
9336 silly ADD node_modules/@netlify/edge-functions
9337 silly ADD node_modules/@netlify/edge-bundler
9338 silly ADD node_modules/@netlify/edge-bundler/node_modules/path-key
9339 silly ADD node_modules/@netlify/edge-bundler/node_modules/unicorn-magic
9340 silly ADD node_modules/@netlify/edge-bundler/node_modules/locate-path
9341 silly ADD node_modules/@netlify/edge-bundler/node_modules/strip-final-newline
9342 silly ADD node_modules/@netlify/edge-bundler/node_modules/signal-exit
9343 silly ADD node_modules/@netlify/edge-bundler/node_modules/onetime
9344 silly ADD node_modules/@netlify/edge-bundler/node_modules/npm-run-path
9345 silly ADD node_modules/@netlify/edge-bundler/node_modules/is-stream
9346 silly ADD node_modules/@netlify/edge-bundler/node_modules/human-signals
9347 silly ADD node_modules/@netlify/edge-bundler/node_modules/get-stream
9348 silly ADD node_modules/@netlify/edge-bundler/node_modules/find-up
9349 silly ADD node_modules/@netlify/edge-bundler/node_modules/execa
9350 silly ADD node_modules/@netlify/dev-utils
9351 silly ADD node_modules/@netlify/dev-utils/node_modules/env-paths
9352 silly ADD node_modules/@netlify/dev-utils/node_modules/dot-prop
9353 silly ADD node_modules/@netlify/dev
9354 silly ADD node_modules/@netlify/dev/node_modules/env-paths
9355 silly ADD node_modules/@netlify/dev/node_modules/dot-prop
9356 silly ADD node_modules/@netlify/dev/node_modules/@netlify/dev-utils
9357 silly ADD node_modules/@netlify/config
9358 silly ADD node_modules/@netlify/config/node_modules/path-key
9359 silly ADD node_modules/@netlify/config/node_modules/unicorn-magic
9360 silly ADD node_modules/@netlify/config/node_modules/locate-path
9361 silly ADD node_modules/@netlify/config/node_modules/strip-final-newline
9362 silly ADD node_modules/@netlify/config/node_modules/signal-exit
9363 silly ADD node_modules/@netlify/config/node_modules/onetime
9364 silly ADD node_modules/@netlify/config/node_modules/npm-run-path
9365 silly ADD node_modules/@netlify/config/node_modules/is-stream
9366 silly ADD node_modules/@netlify/config/node_modules/human-signals
9367 silly ADD node_modules/@netlify/config/node_modules/get-stream
9368 silly ADD node_modules/@netlify/config/node_modules/read-package-up
9369 silly ADD node_modules/@netlify/config/node_modules/find-up
9370 silly ADD node_modules/@netlify/config/node_modules/execa
9371 silly ADD node_modules/@netlify/config/node_modules/dot-prop
9372 silly ADD node_modules/@netlify/build-info
9373 silly ADD node_modules/@netlify/build-info/node_modules/unicorn-magic
9374 silly ADD node_modules/@netlify/build-info/node_modules/locate-path
9375 silly ADD node_modules/@netlify/build-info/node_modules/find-up
9376 silly ADD node_modules/@netlify/build-info/node_modules/dot-prop
9377 silly ADD node_modules/@netlify/build
9378 silly ADD node_modules/@netlify/build/node_modules/has-flag
9379 silly ADD node_modules/@netlify/build/node_modules/supports-hyperlinks
9380 silly ADD node_modules/@netlify/build/node_modules/supports-hyperlinks/node_modules/supports-color
9381 silly ADD node_modules/@netlify/build/node_modules/path-key
9382 silly ADD node_modules/@netlify/build/node_modules/strip-final-newline
9383 silly ADD node_modules/@netlify/build/node_modules/signal-exit
9384 silly ADD node_modules/@netlify/build/node_modules/onetime
9385 silly ADD node_modules/@netlify/build/node_modules/npm-run-path
9386 silly ADD node_modules/@netlify/build/node_modules/is-stream
9387 silly ADD node_modules/@netlify/build/node_modules/human-signals
9388 silly ADD node_modules/@netlify/build/node_modules/get-stream
9389 silly ADD node_modules/@netlify/build/node_modules/ts-node
9390 silly ADD node_modules/@netlify/build/node_modules/terminal-link
9391 silly ADD node_modules/@netlify/build/node_modules/readdirp
9392 silly ADD node_modules/@netlify/build/node_modules/read-package-up
9393 silly ADD node_modules/@netlify/build/node_modules/execa
9394 silly ADD node_modules/@netlify/blobs
9395 silly ADD node_modules/@netlify/blobs/node_modules/env-paths
9396 silly ADD node_modules/@netlify/blobs/node_modules/dot-prop
9397 silly ADD node_modules/@netlify/blobs/node_modules/@netlify/dev-utils
9398 silly ADD node_modules/@netlify/api
9399 silly ADD node_modules/@netlify/api/node_modules/p-wait-for
9400 silly ADD node_modules/@netlify/api/node_modules/node-fetch
9401 silly ADD node_modules/@netlify/ai
9402 silly ADD node_modules/@fastify/static
9403 silly ADD node_modules/netlify-cli
9404 silly ADD node_modules/netlify-cli/node_modules/agent-base
9405 silly ADD node_modules/netlify-cli/node_modules/node-fetch
9406 silly ADD node_modules/netlify-cli/node_modules/is-stream
9407 silly ADD node_modules/netlify-cli/node_modules/https-proxy-agent
9408 silly CHANGE node_modules/@opentelemetry/api
9409 warn allow-scripts 5 packages have install scripts not yet covered by allowScripts:
9409 warn allow-scripts   @firebase/util@1.15.2 (install: (install scripts present))
9409 warn allow-scripts   protobufjs@7.6.5 (install: (install scripts present))
9409 warn allow-scripts   sharp@0.34.5 (install: (install scripts present))
9409 warn allow-scripts   netlify-cli@27.1.1 (postinstall: node ./scripts/postinstall.js)
9409 warn allow-scripts   esbuild@0.28.1 (postinstall: node install.js)
9409 warn allow-scripts
9409 warn allow-scripts Run `npm approve-scripts --allow-scripts-pending` to review, or `npm approve-scripts <pkg>` to allow.
9410 verbose cwd D:\A production\Apti_Test_App-main
9411 verbose os Windows_NT 10.0.26200
9412 verbose node v24.18.1
9413 verbose npm  v11.16.0
9414 verbose exit 0
9415 info ok
