0 verbose cli C:\Program Files\nodejs\node.exe C:\Program Files\nodejs\node_modules\npm\bin\npm-cli.js
1 info using npm@11.16.0
2 info using node@v24.18.1
3 silly config load:file:C:\Program Files\nodejs\node_modules\npm\npmrc
4 silly config load:file:D:\A production\Apti_Test_App-main\.npmrc
5 silly config load:file:C:\Users\VIVEK\.npmrc
6 silly config load:file:C:\Users\VIVEK\AppData\Roaming\npm\etc\npmrc
7 verbose title npm exec netlify-cli@latest --version
8 verbose argv "exec" "--yes" "--cache" ".npm-cache" "--" "netlify-cli@latest" "--version"
9 verbose logfile logs-max:10 dir:D:\A production\Apti_Test_App-main\.npm-cache\_logs\2026-08-15T13_56_14_060Z-
10 verbose logfile D:\A production\Apti_Test_App-main\.npm-cache\_logs\2026-08-15T13_56_14_060Z-debug-0.log
11 silly logfile start cleaning logs, removing 1 files
12 silly logfile done cleaning log files
13 silly packumentCache heap:4496293888 maxSize:1124073472 maxEntrySize:562036736
14 http fetch GET 200 https://registry.npmjs.org/netlify-cli 910ms (cache miss)
15 silly packumentCache heap:4496293888 maxSize:1124073472 maxEntrySize:562036736
16 verbose Could not read global path C:\Users\VIVEK\AppData\Roaming\npm, ignoring
17 silly packumentCache heap:4496293888 maxSize:1124073472 maxEntrySize:562036736
18 silly idealTree buildDeps
19 silly fetch manifest netlify-cli@27.1.1
20 silly packumentCache full:https://registry.npmjs.org/netlify-cli cache-miss
21 http fetch GET 200 https://registry.npmjs.org/netlify-cli 1060ms (cache miss)
22 silly packumentCache full:https://registry.npmjs.org/netlify-cli set size:undefined disposed:false
23 silly placeDep ROOT netlify-cli@27.1.1 OK for:  want: 27.1.1
24 silly fetch manifest @fastify/static@^10.0.0
25 silly packumentCache full:https://registry.npmjs.org/@fastify%2fstatic cache-miss
26 silly fetch manifest @netlify/ai@^0.4.3
27 silly packumentCache full:https://registry.npmjs.org/@netlify%2fai cache-miss
28 silly fetch manifest @netlify/api@^15.1.1
29 silly packumentCache full:https://registry.npmjs.org/@netlify%2fapi cache-miss
30 silly fetch manifest @netlify/blobs@^10.7.10
31 silly packumentCache full:https://registry.npmjs.org/@netlify%2fblobs cache-miss
32 silly fetch manifest @netlify/build@^36.3.2
33 silly packumentCache full:https://registry.npmjs.org/@netlify%2fbuild cache-miss
34 silly fetch manifest @netlify/build-info@^11.3.0
35 silly packumentCache full:https://registry.npmjs.org/@netlify%2fbuild-info cache-miss
36 silly fetch manifest @netlify/config@^25.2.1
37 silly packumentCache full:https://registry.npmjs.org/@netlify%2fconfig cache-miss
38 silly fetch manifest @netlify/dev@^4.18.10
39 silly packumentCache full:https://registry.npmjs.org/@netlify%2fdev cache-miss
40 silly fetch manifest @netlify/dev-utils@^4.4.7
41 silly packumentCache full:https://registry.npmjs.org/@netlify%2fdev-utils cache-miss
42 silly fetch manifest @netlify/edge-bundler@^16.0.1
43 silly packumentCache full:https://registry.npmjs.org/@netlify%2fedge-bundler cache-miss
44 silly fetch manifest @netlify/edge-functions@^3.0.8
45 silly packumentCache full:https://registry.npmjs.org/@netlify%2fedge-functions cache-miss
46 silly fetch manifest @netlify/edge-functions-bootstrap@^2.17.1
47 silly packumentCache full:https://registry.npmjs.org/@netlify%2fedge-functions-bootstrap cache-miss
48 silly fetch manifest @netlify/headers-parser@^10.1.0
49 silly packumentCache full:https://registry.npmjs.org/@netlify%2fheaders-parser cache-miss
50 silly fetch manifest @netlify/images@^1.3.11
51 silly packumentCache full:https://registry.npmjs.org/@netlify%2fimages cache-miss
52 silly fetch manifest @netlify/local-functions-proxy@^2.0.3
53 silly packumentCache full:https://registry.npmjs.org/@netlify%2flocal-functions-proxy cache-miss
54 http fetch GET 200 https://registry.npmjs.org/@fastify%2fstatic 840ms (cache miss)
55 silly packumentCache full:https://registry.npmjs.org/@fastify%2fstatic set size:undefined disposed:false
56 silly fetch manifest @netlify/redirect-parser@^16.1.0
57 silly packumentCache full:https://registry.npmjs.org/@netlify%2fredirect-parser cache-miss
58 http fetch GET 200 https://registry.npmjs.org/@netlify%2fblobs 922ms (cache miss)
59 silly packumentCache full:https://registry.npmjs.org/@netlify%2fblobs set size:undefined disposed:false
60 silly fetch manifest @netlify/zip-it-and-ship-it@^15.3.2
61 silly packumentCache full:https://registry.npmjs.org/@netlify%2fzip-it-and-ship-it cache-miss
62 http fetch GET 200 https://registry.npmjs.org/@netlify%2fai 1054ms (cache miss)
63 silly packumentCache full:https://registry.npmjs.org/@netlify%2fai set size:undefined disposed:false
64 silly fetch manifest @octokit/rest@^22.0.0
65 silly packumentCache full:https://registry.npmjs.org/@octokit%2frest cache-miss
66 http fetch GET 200 https://registry.npmjs.org/@netlify%2fimages 1052ms (cache miss)
67 silly packumentCache full:https://registry.npmjs.org/@netlify%2fimages set size:undefined disposed:false
68 silly fetch manifest @opentelemetry/api@^1.8.0
69 silly packumentCache full:https://registry.npmjs.org/@opentelemetry%2fapi cache-miss
70 http fetch GET 200 https://registry.npmjs.org/@netlify%2fedge-functions-bootstrap 1066ms (cache miss)
71 silly packumentCache full:https://registry.npmjs.org/@netlify%2fedge-functions-bootstrap set size:undefined disposed:false
72 silly fetch manifest @pnpm/tabtab@^0.5.4
73 silly packumentCache full:https://registry.npmjs.org/@pnpm%2ftabtab cache-miss
74 http fetch GET 200 https://registry.npmjs.org/@netlify%2fapi 1092ms (cache miss)
75 silly packumentCache full:https://registry.npmjs.org/@netlify%2fapi set size:undefined disposed:false
76 silly fetch manifest ansi-escapes@^7.3.0
77 silly packumentCache full:https://registry.npmjs.org/ansi-escapes cache-miss
78 http fetch GET 200 https://registry.npmjs.org/@netlify%2fheaders-parser 1103ms (cache miss)
79 silly packumentCache full:https://registry.npmjs.org/@netlify%2fheaders-parser set size:undefined disposed:false
80 silly fetch manifest ansi-to-html@^0.7.2
81 silly packumentCache full:https://registry.npmjs.org/ansi-to-html cache-miss
82 http fetch GET 200 https://registry.npmjs.org/@netlify%2fdev 1109ms (cache miss)
83 silly packumentCache full:https://registry.npmjs.org/@netlify%2fdev set size:undefined disposed:false
84 silly fetch manifest ascii-table@^0.0.9
85 silly packumentCache full:https://registry.npmjs.org/ascii-table cache-miss
86 http fetch GET 200 https://registry.npmjs.org/@netlify%2flocal-functions-proxy 1120ms (cache miss)
87 silly packumentCache full:https://registry.npmjs.org/@netlify%2flocal-functions-proxy set size:undefined disposed:false
88 silly fetch manifest backoff@^2.5.0
89 silly packumentCache full:https://registry.npmjs.org/backoff cache-miss
90 http fetch GET 200 https://registry.npmjs.org/@netlify%2fbuild-info 1153ms (cache miss)
91 silly packumentCache full:https://registry.npmjs.org/@netlify%2fbuild-info set size:undefined disposed:false
92 silly fetch manifest boxen@^8.0.1
93 silly packumentCache full:https://registry.npmjs.org/boxen cache-miss
94 http fetch GET 200 https://registry.npmjs.org/@opentelemetry%2fapi 109ms (cache revalidated)
95 silly packumentCache full:https://registry.npmjs.org/@opentelemetry%2fapi set size:272967 disposed:false
96 silly fetch manifest chalk@^5.6.2
97 silly packumentCache full:https://registry.npmjs.org/chalk cache-miss
98 http fetch GET 200 https://registry.npmjs.org/@netlify%2fdev-utils 1191ms (cache miss)
99 silly packumentCache full:https://registry.npmjs.org/@netlify%2fdev-utils set size:undefined disposed:false
100 silly fetch manifest chokidar@^4.0.3
101 silly packumentCache full:https://registry.npmjs.org/chokidar cache-miss
102 http fetch GET 200 https://registry.npmjs.org/ansi-escapes 128ms (cache miss)
103 silly packumentCache full:https://registry.npmjs.org/ansi-escapes set size:undefined disposed:false
104 silly fetch manifest ci-info@^4.4.0
105 silly packumentCache full:https://registry.npmjs.org/ci-info cache-miss
106 http fetch GET 200 https://registry.npmjs.org/ansi-to-html 120ms (cache miss)
107 silly packumentCache full:https://registry.npmjs.org/ansi-to-html set size:undefined disposed:false
108 silly fetch manifest clean-deep@^3.4.0
109 silly packumentCache full:https://registry.npmjs.org/clean-deep cache-miss
110 http fetch GET 200 https://registry.npmjs.org/boxen 120ms (cache miss)
111 silly packumentCache full:https://registry.npmjs.org/boxen set size:undefined disposed:false
112 silly fetch manifest commander@^12.1.0
113 silly packumentCache full:https://registry.npmjs.org/commander cache-miss
114 http fetch GET 200 https://registry.npmjs.org/@netlify%2fedge-functions 1297ms (cache miss)
115 silly packumentCache full:https://registry.npmjs.org/@netlify%2fedge-functions set size:undefined disposed:false
116 silly fetch manifest comment-json@^4.6.2
117 silly packumentCache full:https://registry.npmjs.org/comment-json cache-miss
118 http fetch GET 200 https://registry.npmjs.org/chalk 141ms (cache miss)
119 silly packumentCache full:https://registry.npmjs.org/chalk set size:undefined disposed:false
120 silly fetch manifest content-type@^1.0.5
121 silly packumentCache full:https://registry.npmjs.org/content-type cache-miss
122 http fetch GET 200 https://registry.npmjs.org/ci-info 166ms (cache miss)
123 silly packumentCache full:https://registry.npmjs.org/ci-info set size:undefined disposed:false
124 silly fetch manifest cookie@^1.1.1
125 silly packumentCache full:https://registry.npmjs.org/cookie cache-miss
126 http fetch GET 200 https://registry.npmjs.org/chokidar 209ms (cache miss)
127 silly packumentCache full:https://registry.npmjs.org/chokidar set size:undefined disposed:false
128 silly fetch manifest cron-parser@^4.9.0
129 silly packumentCache full:https://registry.npmjs.org/cron-parser cache-miss
130 http fetch GET 200 https://registry.npmjs.org/@netlify%2fconfig 1415ms (cache miss)
131 silly packumentCache full:https://registry.npmjs.org/@netlify%2fconfig set size:undefined disposed:false
132 silly fetch manifest debug@^4.4.3
133 silly packumentCache full:https://registry.npmjs.org/debug cache-miss
134 http fetch GET 200 https://registry.npmjs.org/content-type 129ms (cache miss)
135 silly packumentCache full:https://registry.npmjs.org/content-type set size:undefined disposed:false
136 silly fetch manifest decache@^4.6.2
137 silly packumentCache full:https://registry.npmjs.org/decache cache-miss
138 http fetch GET 200 https://registry.npmjs.org/backoff 320ms (cache miss)
139 silly packumentCache full:https://registry.npmjs.org/backoff set size:undefined disposed:false
140 silly fetch manifest dot-prop@^10.1.0
141 silly packumentCache full:https://registry.npmjs.org/dot-prop cache-miss
142 http fetch GET 200 https://registry.npmjs.org/commander 174ms (cache miss)
143 silly packumentCache full:https://registry.npmjs.org/commander set size:undefined disposed:false
144 silly fetch manifest dotenv@^17.3.1
145 silly packumentCache full:https://registry.npmjs.org/dotenv cache-miss
146 http fetch GET 200 https://registry.npmjs.org/cookie 73ms (cache miss)
147 silly packumentCache full:https://registry.npmjs.org/cookie set size:undefined disposed:false
148 silly fetch manifest env-paths@^4.0.0
149 silly packumentCache full:https://registry.npmjs.org/env-paths cache-miss
150 http fetch GET 200 https://registry.npmjs.org/debug 71ms (cache revalidated)
151 silly packumentCache full:https://registry.npmjs.org/debug set size:195840 disposed:false
152 silly fetch manifest envinfo@^7.21.0
153 silly packumentCache full:https://registry.npmjs.org/envinfo cache-miss
154 http fetch GET 200 https://registry.npmjs.org/cron-parser 110ms (cache miss)
155 silly packumentCache full:https://registry.npmjs.org/cron-parser set size:undefined disposed:false
156 silly fetch manifest etag@^1.8.1
157 silly packumentCache full:https://registry.npmjs.org/etag cache-miss
158 http fetch GET 200 https://registry.npmjs.org/dot-prop 92ms (cache miss)
159 silly packumentCache full:https://registry.npmjs.org/dot-prop set size:undefined disposed:false
160 silly fetch manifest execa@^5.1.1
161 silly packumentCache full:https://registry.npmjs.org/execa cache-miss
162 http fetch GET 200 https://registry.npmjs.org/decache 98ms (cache miss)
163 silly packumentCache full:https://registry.npmjs.org/decache set size:undefined disposed:false
164 silly fetch manifest express@^5.2.1
165 silly packumentCache full:https://registry.npmjs.org/express cache-miss
166 http fetch GET 200 https://registry.npmjs.org/dotenv 128ms (cache miss)
167 silly packumentCache full:https://registry.npmjs.org/dotenv set size:undefined disposed:false
168 silly fetch manifest express-logging@^1.1.1
169 silly packumentCache full:https://registry.npmjs.org/express-logging cache-miss
170 http fetch GET 200 https://registry.npmjs.org/clean-deep 373ms (cache miss)
171 silly packumentCache full:https://registry.npmjs.org/clean-deep set size:undefined disposed:false
172 silly fetch manifest fastest-levenshtein@^1.0.16
173 silly packumentCache full:https://registry.npmjs.org/fastest-levenshtein cache-miss
174 http fetch GET 200 https://registry.npmjs.org/etag 93ms (cache miss)
175 silly packumentCache full:https://registry.npmjs.org/etag set size:undefined disposed:false
176 silly fetch manifest fastify@^5.8.5
177 silly packumentCache full:https://registry.npmjs.org/fastify cache-miss
178 http fetch GET 200 https://registry.npmjs.org/@netlify%2fbuild 1643ms (cache miss)
179 silly packumentCache full:https://registry.npmjs.org/@netlify%2fbuild set size:undefined disposed:false
180 silly fetch manifest find-up@^8.0.0
181 silly packumentCache full:https://registry.npmjs.org/find-up cache-miss
182 http fetch GET 200 https://registry.npmjs.org/@netlify%2fredirect-parser 870ms (cache miss)
183 silly packumentCache full:https://registry.npmjs.org/@netlify%2fredirect-parser set size:undefined disposed:false
184 silly fetch manifest folder-walker@^3.2.0
185 silly packumentCache full:https://registry.npmjs.org/folder-walker cache-miss
186 http fetch GET 200 https://registry.npmjs.org/fastest-levenshtein 125ms (cache miss)
187 silly packumentCache full:https://registry.npmjs.org/fastest-levenshtein set size:undefined disposed:false
188 silly fetch manifest fuzzy@^0.1.3
189 silly packumentCache full:https://registry.npmjs.org/fuzzy cache-miss
190 http fetch GET 200 https://registry.npmjs.org/express 198ms (cache miss)
191 silly packumentCache full:https://registry.npmjs.org/express set size:undefined disposed:false
192 silly fetch manifest get-port@^5.1.1
193 silly packumentCache full:https://registry.npmjs.org/get-port cache-miss
194 http fetch GET 200 https://registry.npmjs.org/@pnpm%2ftabtab 708ms (cache miss)
195 silly packumentCache full:https://registry.npmjs.org/@pnpm%2ftabtab set size:undefined disposed:false
196 silly fetch manifest git-repo-info@^2.1.1
197 silly packumentCache full:https://registry.npmjs.org/git-repo-info cache-miss
198 http fetch GET 200 https://registry.npmjs.org/env-paths 328ms (cache miss)
199 silly packumentCache full:https://registry.npmjs.org/env-paths set size:undefined disposed:false
200 silly fetch manifest gitconfiglocal@^2.1.0
201 silly packumentCache full:https://registry.npmjs.org/gitconfiglocal cache-miss
202 http fetch GET 200 https://registry.npmjs.org/find-up 100ms (cache miss)
203 silly packumentCache full:https://registry.npmjs.org/find-up set size:undefined disposed:false
204 silly fetch manifest http-proxy@^1.18.1
205 silly packumentCache full:https://registry.npmjs.org/http-proxy cache-miss
206 http fetch GET 200 https://registry.npmjs.org/fastify 210ms (cache miss)
207 silly packumentCache full:https://registry.npmjs.org/fastify set size:undefined disposed:false
208 silly fetch manifest http-proxy-middleware@^3.0.5
209 silly packumentCache full:https://registry.npmjs.org/http-proxy-middleware cache-miss
210 http fetch GET 200 https://registry.npmjs.org/ascii-table 746ms (cache miss)
211 silly packumentCache full:https://registry.npmjs.org/ascii-table set size:undefined disposed:false
212 silly fetch manifest https-proxy-agent@^8.0.0
213 silly packumentCache full:https://registry.npmjs.org/https-proxy-agent cache-miss
214 http fetch GET 200 https://registry.npmjs.org/execa 325ms (cache miss)
215 silly packumentCache full:https://registry.npmjs.org/execa set size:undefined disposed:false
216 silly fetch manifest inquirer@^8.2.7
217 silly packumentCache full:https://registry.npmjs.org/inquirer cache-miss
218 http fetch GET 200 https://registry.npmjs.org/express-logging 297ms (cache miss)
219 silly packumentCache full:https://registry.npmjs.org/express-logging set size:undefined disposed:false
220 silly fetch manifest inquirer-autocomplete-prompt@^1.4.0
221 silly packumentCache full:https://registry.npmjs.org/inquirer-autocomplete-prompt cache-miss
222 http fetch GET 200 https://registry.npmjs.org/http-proxy 86ms (cache miss)
223 silly packumentCache full:https://registry.npmjs.org/http-proxy set size:undefined disposed:false
224 silly fetch manifest is-docker@^4.0.0
225 silly packumentCache full:https://registry.npmjs.org/is-docker cache-miss
226 http fetch GET 200 https://registry.npmjs.org/@netlify%2fedge-bundler 1916ms (cache miss)
227 silly packumentCache full:https://registry.npmjs.org/@netlify%2fedge-bundler set size:undefined disposed:false
228 silly fetch manifest is-stream@^4.0.1
229 silly packumentCache full:https://registry.npmjs.org/is-stream cache-miss
230 http fetch GET 200 https://registry.npmjs.org/http-proxy-middleware 87ms (cache miss)
231 silly packumentCache full:https://registry.npmjs.org/http-proxy-middleware set size:undefined disposed:false
232 silly fetch manifest is-wsl@^3.1.0
233 silly packumentCache full:https://registry.npmjs.org/is-wsl cache-miss
234 http fetch GET 200 https://registry.npmjs.org/https-proxy-agent 88ms (cache revalidated)
235 silly packumentCache full:https://registry.npmjs.org/https-proxy-agent set size:83792 disposed:false
236 silly fetch manifest isexe@^4.0.0
237 silly packumentCache full:https://registry.npmjs.org/isexe cache-miss
238 http fetch GET 200 https://registry.npmjs.org/comment-json 684ms (cache miss)
239 silly packumentCache full:https://registry.npmjs.org/comment-json set size:undefined disposed:false
240 silly fetch manifest jsonwebtoken@^9.0.3
241 silly packumentCache full:https://registry.npmjs.org/jsonwebtoken cache-miss
242 http fetch GET 200 https://registry.npmjs.org/is-docker 100ms (cache miss)
243 silly packumentCache full:https://registry.npmjs.org/is-docker set size:undefined disposed:false
244 silly fetch manifest jwt-decode@^4.0.0
245 silly packumentCache full:https://registry.npmjs.org/jwt-decode cache-miss
246 http fetch GET 200 https://registry.npmjs.org/is-stream 77ms (cache revalidated)
247 silly packumentCache full:https://registry.npmjs.org/is-stream set size:18582 disposed:false
248 silly fetch manifest lambda-local@^2.2.0
249 silly packumentCache full:https://registry.npmjs.org/lambda-local cache-miss
250 http fetch GET 200 https://registry.npmjs.org/is-wsl 72ms (cache miss)
251 silly packumentCache full:https://registry.npmjs.org/is-wsl set size:undefined disposed:false
252 silly fetch manifest locate-path@^8.0.0
253 silly packumentCache full:https://registry.npmjs.org/locate-path cache-miss
254 http fetch GET 200 https://registry.npmjs.org/@octokit%2frest 964ms (cache miss)
255 silly packumentCache full:https://registry.npmjs.org/@octokit%2frest set size:undefined disposed:false
256 silly fetch manifest log-update@^7.2.0
257 silly packumentCache full:https://registry.npmjs.org/log-update cache-miss
258 http fetch GET 200 https://registry.npmjs.org/isexe 84ms (cache revalidated)
259 silly packumentCache full:https://registry.npmjs.org/isexe set size:31756 disposed:false
260 silly fetch manifest maxstache@^1.0.7
261 silly packumentCache full:https://registry.npmjs.org/maxstache cache-miss
262 http fetch GET 200 https://registry.npmjs.org/folder-walker 328ms (cache miss)
263 silly packumentCache full:https://registry.npmjs.org/folder-walker set size:undefined disposed:false
264 silly fetch manifest maxstache-stream@^1.0.4
265 silly packumentCache full:https://registry.npmjs.org/maxstache-stream cache-miss
266 http fetch GET 200 https://registry.npmjs.org/fuzzy 340ms (cache miss)
267 silly packumentCache full:https://registry.npmjs.org/fuzzy set size:undefined disposed:false
268 silly fetch manifest modern-tar@^0.8.0
269 silly packumentCache full:https://registry.npmjs.org/modern-tar cache-miss
270 http fetch GET 200 https://registry.npmjs.org/get-port 324ms (cache miss)
271 silly packumentCache full:https://registry.npmjs.org/get-port set size:undefined disposed:false
272 silly fetch manifest multiparty@^4.2.3
273 silly packumentCache full:https://registry.npmjs.org/multiparty cache-miss
274 http fetch GET 200 https://registry.npmjs.org/jsonwebtoken 95ms (cache revalidated)
275 silly packumentCache full:https://registry.npmjs.org/jsonwebtoken set size:183413 disposed:false
276 silly fetch manifest nanospinner@^1.2.2
277 silly packumentCache full:https://registry.npmjs.org/nanospinner cache-miss
278 http fetch GET 200 https://registry.npmjs.org/locate-path 104ms (cache miss)
279 silly packumentCache full:https://registry.npmjs.org/locate-path set size:undefined disposed:false
280 silly fetch manifest netlify-redirector@^0.5.0
281 silly packumentCache full:https://registry.npmjs.org/netlify-redirector cache-miss
282 http fetch GET 200 https://registry.npmjs.org/gitconfiglocal 354ms (cache miss)
283 silly packumentCache full:https://registry.npmjs.org/gitconfiglocal set size:undefined disposed:false
284 silly fetch manifest node-fetch@^3.3.2
285 silly packumentCache full:https://registry.npmjs.org/node-fetch cache-miss
286 http fetch GET 200 https://registry.npmjs.org/git-repo-info 377ms (cache miss)
287 silly packumentCache full:https://registry.npmjs.org/git-repo-info set size:undefined disposed:false
288 silly fetch manifest normalize-package-data@^7.0.1
289 silly packumentCache full:https://registry.npmjs.org/normalize-package-data cache-miss
290 http fetch GET 200 https://registry.npmjs.org/@netlify%2fzip-it-and-ship-it 1234ms (cache miss)
291 silly packumentCache full:https://registry.npmjs.org/@netlify%2fzip-it-and-ship-it set size:undefined disposed:false
292 silly fetch manifest open@^11.0.0
293 silly packumentCache full:https://registry.npmjs.org/open cache-miss
294 http fetch GET 200 https://registry.npmjs.org/nanospinner 93ms (cache miss)
295 silly packumentCache full:https://registry.npmjs.org/nanospinner set size:undefined disposed:false
296 silly fetch manifest p-filter@^4.1.0
297 silly packumentCache full:https://registry.npmjs.org/p-filter cache-miss
298 http fetch GET 200 https://registry.npmjs.org/inquirer-autocomplete-prompt 307ms (cache miss)
299 silly packumentCache full:https://registry.npmjs.org/inquirer-autocomplete-prompt set size:undefined disposed:false
300 silly fetch manifest p-map@^7.0.3
301 silly packumentCache full:https://registry.npmjs.org/p-map cache-miss
302 http fetch GET 200 https://registry.npmjs.org/normalize-package-data 87ms (cache miss)
303 silly packumentCache full:https://registry.npmjs.org/normalize-package-data set size:undefined disposed:false
304 silly fetch manifest p-wait-for@^6.0.0
305 silly packumentCache full:https://registry.npmjs.org/p-wait-for cache-miss
306 http fetch GET 200 https://registry.npmjs.org/node-fetch 103ms (cache revalidated)
307 silly packumentCache full:https://registry.npmjs.org/node-fetch set size:896010 disposed:false
308 silly fetch manifest parallel-transform@^1.2.0
309 silly packumentCache full:https://registry.npmjs.org/parallel-transform cache-miss
310 http fetch GET 200 https://registry.npmjs.org/p-filter 89ms (cache miss)
311 silly packumentCache full:https://registry.npmjs.org/p-filter set size:undefined disposed:false
312 silly fetch manifest parse-duration@^2.1.6
313 silly packumentCache full:https://registry.npmjs.org/parse-duration cache-miss
314 http fetch GET 200 https://registry.npmjs.org/open 105ms (cache miss)
315 silly packumentCache full:https://registry.npmjs.org/open set size:undefined disposed:false
316 silly fetch manifest parse-github-url@^1.0.3
317 silly packumentCache full:https://registry.npmjs.org/parse-github-url cache-miss
318 http fetch GET 200 https://registry.npmjs.org/lambda-local 303ms (cache miss)
319 silly packumentCache full:https://registry.npmjs.org/lambda-local set size:undefined disposed:false
320 silly fetch manifest pg@^8.20.0
321 silly packumentCache full:https://registry.npmjs.org/pg cache-miss
322 http fetch GET 200 https://registry.npmjs.org/jwt-decode 317ms (cache miss)
323 silly packumentCache full:https://registry.npmjs.org/jwt-decode set size:undefined disposed:false
324 silly fetch manifest prettyjson@^1.2.5
325 silly packumentCache full:https://registry.npmjs.org/prettyjson cache-miss
326 http fetch GET 200 https://registry.npmjs.org/maxstache-stream 289ms (cache miss)
327 silly packumentCache full:https://registry.npmjs.org/maxstache-stream set size:undefined disposed:false
328 silly fetch manifest raw-body@^3.0.1
329 silly packumentCache full:https://registry.npmjs.org/raw-body cache-miss
330 http fetch GET 200 https://registry.npmjs.org/envinfo 861ms (cache miss)
331 silly packumentCache full:https://registry.npmjs.org/envinfo set size:undefined disposed:false
332 silly fetch manifest read-package-up@^12.0.0
333 silly packumentCache full:https://registry.npmjs.org/read-package-up cache-miss
334 http fetch GET 200 https://registry.npmjs.org/multiparty 323ms (cache miss)
335 silly packumentCache full:https://registry.npmjs.org/multiparty set size:undefined disposed:false
336 silly fetch manifest readdirp@^5.0.0
337 silly packumentCache full:https://registry.npmjs.org/readdirp cache-miss
338 http fetch GET 200 https://registry.npmjs.org/modern-tar 333ms (cache miss)
339 silly packumentCache full:https://registry.npmjs.org/modern-tar set size:undefined disposed:false
340 silly fetch manifest semver@^7.7.2
341 silly packumentCache full:https://registry.npmjs.org/semver cache-miss
342 http fetch GET 200 https://registry.npmjs.org/pg 107ms (cache miss)
343 silly packumentCache full:https://registry.npmjs.org/pg set size:undefined disposed:false
344 silly fetch manifest source-map-support@^0.5.21
345 silly packumentCache full:https://registry.npmjs.org/source-map-support cache-miss
346 http fetch GET 200 https://registry.npmjs.org/netlify-redirector 309ms (cache miss)
347 silly packumentCache full:https://registry.npmjs.org/netlify-redirector set size:undefined disposed:false
348 silly fetch manifest terminal-link@^5.0.0
349 silly packumentCache full:https://registry.npmjs.org/terminal-link cache-miss
350 http fetch GET 200 https://registry.npmjs.org/raw-body 95ms (cache miss)
351 silly packumentCache full:https://registry.npmjs.org/raw-body set size:undefined disposed:false
352 silly fetch manifest toml@^3.0.0
353 silly packumentCache full:https://registry.npmjs.org/toml cache-miss
354 http fetch GET 200 https://registry.npmjs.org/readdirp 74ms (cache miss)
355 silly packumentCache full:https://registry.npmjs.org/readdirp set size:undefined disposed:false
356 silly fetch manifest tomlify-j0.4@^3.0.0
357 silly packumentCache full:https://registry.npmjs.org/tomlify-j0.4 cache-miss
358 http fetch GET 200 https://registry.npmjs.org/semver 91ms (cache revalidated)
359 silly packumentCache full:https://registry.npmjs.org/semver set size:246069 disposed:false
360 silly fetch manifest ulid@^3.0.1
361 silly packumentCache full:https://registry.npmjs.org/ulid cache-miss
362 http fetch GET 200 https://registry.npmjs.org/source-map-support 98ms (cache miss)
363 silly packumentCache full:https://registry.npmjs.org/source-map-support set size:undefined disposed:false
364 silly fetch manifest update-notifier@^7.3.1
365 silly packumentCache full:https://registry.npmjs.org/update-notifier cache-miss
366 http fetch GET 200 https://registry.npmjs.org/p-map 326ms (cache miss)
367 silly packumentCache full:https://registry.npmjs.org/p-map set size:undefined disposed:false
368 silly fetch manifest write-file-atomic@^5.0.1
369 silly packumentCache full:https://registry.npmjs.org/write-file-atomic cache-miss
370 http fetch GET 200 https://registry.npmjs.org/parallel-transform 291ms (cache miss)
371 silly packumentCache full:https://registry.npmjs.org/parallel-transform set size:undefined disposed:false
372 silly fetch manifest ws@^8.19.0
373 silly packumentCache full:https://registry.npmjs.org/ws cache-miss
374 http fetch GET 200 https://registry.npmjs.org/p-wait-for 310ms (cache miss)
375 silly packumentCache full:https://registry.npmjs.org/p-wait-for set size:undefined disposed:false
376 silly fetch manifest yauzl@^3.3.1
377 silly packumentCache full:https://registry.npmjs.org/yauzl cache-miss
378 http fetch GET 200 https://registry.npmjs.org/parse-github-url 311ms (cache miss)
379 silly packumentCache full:https://registry.npmjs.org/parse-github-url set size:undefined disposed:false
380 http fetch GET 200 https://registry.npmjs.org/write-file-atomic 74ms (cache miss)
381 silly packumentCache full:https://registry.npmjs.org/write-file-atomic set size:undefined disposed:false
382 http fetch GET 200 https://registry.npmjs.org/maxstache 598ms (cache miss)
383 silly packumentCache full:https://registry.npmjs.org/maxstache set size:undefined disposed:false
384 http fetch GET 200 https://registry.npmjs.org/update-notifier 117ms (cache miss)
385 silly packumentCache full:https://registry.npmjs.org/update-notifier set size:undefined disposed:false
386 http fetch GET 200 https://registry.npmjs.org/prettyjson 375ms (cache miss)
387 silly packumentCache full:https://registry.npmjs.org/prettyjson set size:undefined disposed:false
388 http fetch GET 200 https://registry.npmjs.org/ws 142ms (cache miss)
389 silly packumentCache full:https://registry.npmjs.org/ws set size:undefined disposed:false
390 http fetch GET 200 https://registry.npmjs.org/read-package-up 334ms (cache miss)
391 silly packumentCache full:https://registry.npmjs.org/read-package-up set size:undefined disposed:false
392 http fetch GET 200 https://registry.npmjs.org/yauzl 146ms (cache miss)
393 silly packumentCache full:https://registry.npmjs.org/yauzl set size:undefined disposed:false
394 http fetch GET 200 https://registry.npmjs.org/inquirer 841ms (cache miss)
395 silly packumentCache full:https://registry.npmjs.org/inquirer set size:undefined disposed:false
396 http fetch GET 200 https://registry.npmjs.org/toml 289ms (cache miss)
397 silly packumentCache full:https://registry.npmjs.org/toml set size:undefined disposed:false
398 http fetch GET 200 https://registry.npmjs.org/log-update 707ms (cache miss)
399 silly packumentCache full:https://registry.npmjs.org/log-update set size:undefined disposed:false
400 http fetch GET 200 https://registry.npmjs.org/tomlify-j0.4 282ms (cache miss)
401 silly packumentCache full:https://registry.npmjs.org/tomlify-j0.4 set size:undefined disposed:false
402 http fetch GET 200 https://registry.npmjs.org/ulid 297ms (cache miss)
403 silly packumentCache full:https://registry.npmjs.org/ulid set size:undefined disposed:false
404 http fetch GET 200 https://registry.npmjs.org/parse-duration 609ms (cache miss)
405 silly packumentCache full:https://registry.npmjs.org/parse-duration set size:undefined disposed:false
406 http fetch GET 200 https://registry.npmjs.org/terminal-link 630ms (cache miss)
407 silly packumentCache full:https://registry.npmjs.org/terminal-link set size:undefined disposed:false
408 silly fetch manifest @netlify/opentelemetry-sdk-setup@^2.0.0 || ^3.0.0
409 silly packumentCache full:https://registry.npmjs.org/@netlify%2fopentelemetry-sdk-setup cache-miss
410 http fetch GET 200 https://registry.npmjs.org/@netlify%2fopentelemetry-sdk-setup 683ms (cache miss)
411 silly packumentCache full:https://registry.npmjs.org/@netlify%2fopentelemetry-sdk-setup set size:undefined disposed:false
412 silly fetch manifest @opentelemetry/api@~1.8.0
413 silly packumentCache full:https://registry.npmjs.org/@opentelemetry%2fapi cache-hit
414 silly fetch manifest pg-native@>=3.0.1
415 silly packumentCache full:https://registry.npmjs.org/pg-native cache-miss
416 http fetch GET 200 https://registry.npmjs.org/pg-native 63ms (cache miss)
417 silly packumentCache full:https://registry.npmjs.org/pg-native set size:undefined disposed:false
418 silly fetch manifest bufferutil@^4.0.1
419 silly packumentCache full:https://registry.npmjs.org/bufferutil cache-miss
420 http fetch GET 200 https://registry.npmjs.org/bufferutil 69ms (cache miss)
421 silly packumentCache full:https://registry.npmjs.org/bufferutil set size:undefined disposed:false
422 silly fetch manifest utf-8-validate@>=5.0.2
423 silly packumentCache full:https://registry.npmjs.org/utf-8-validate cache-miss
424 http fetch GET 200 https://registry.npmjs.org/utf-8-validate 79ms (cache miss)
425 silly packumentCache full:https://registry.npmjs.org/utf-8-validate set size:undefined disposed:false
426 silly placeDep ROOT @fastify/static@10.1.3 OK for: netlify-cli@27.1.1 want: ^10.0.0
427 silly placeDep ROOT @netlify/ai@0.4.4 OK for: netlify-cli@27.1.1 want: ^0.4.3
428 silly placeDep ROOT @netlify/api@15.1.1 OK for: netlify-cli@27.1.1 want: ^15.1.1
429 silly placeDep ROOT @netlify/blobs@10.7.13 OK for: netlify-cli@27.1.1 want: ^10.7.10
430 silly placeDep ROOT @netlify/build@36.3.5 OK for: netlify-cli@27.1.1 want: ^36.3.2
431 silly placeDep ROOT @opentelemetry/api@1.8.0 OK for: @netlify/build@36.3.5 want: ~1.8.0
432 silly placeDep ROOT @netlify/build-info@11.3.0 OK for: netlify-cli@27.1.1 want: ^11.3.0
433 silly placeDep ROOT @netlify/config@25.2.2 OK for: netlify-cli@27.1.1 want: ^25.2.1
434 silly placeDep ROOT @netlify/dev@4.18.13 OK for: netlify-cli@27.1.1 want: ^4.18.10
435 silly placeDep ROOT @netlify/dev-utils@4.4.7 OK for: netlify-cli@27.1.1 want: ^4.4.7
436 silly placeDep ROOT @netlify/edge-bundler@16.0.3 OK for: netlify-cli@27.1.1 want: ^16.0.1
437 silly placeDep ROOT @netlify/edge-functions@3.0.8 OK for: netlify-cli@27.1.1 want: ^3.0.8
438 silly placeDep ROOT @netlify/edge-functions-bootstrap@2.17.1 OK for: netlify-cli@27.1.1 want: ^2.17.1
439 silly placeDep ROOT @netlify/headers-parser@10.1.1 OK for: netlify-cli@27.1.1 want: ^10.1.0
440 silly placeDep ROOT @netlify/images@1.3.12 OK for: netlify-cli@27.1.1 want: ^1.3.11
441 silly placeDep ROOT @netlify/local-functions-proxy@2.0.3 OK for: netlify-cli@27.1.1 want: ^2.0.3
442 silly placeDep ROOT @netlify/redirect-parser@16.1.0 OK for: netlify-cli@27.1.1 want: ^16.1.0
443 silly placeDep ROOT @netlify/zip-it-and-ship-it@15.3.4 OK for: netlify-cli@27.1.1 want: ^15.3.2
444 silly placeDep ROOT @octokit/rest@22.0.1 OK for: netlify-cli@27.1.1 want: ^22.0.0
445 silly placeDep ROOT @pnpm/tabtab@0.5.4 OK for: netlify-cli@27.1.1 want: ^0.5.4
446 silly placeDep ROOT ansi-escapes@7.3.0 OK for: netlify-cli@27.1.1 want: ^7.3.0
447 silly placeDep ROOT ansi-to-html@0.7.2 OK for: netlify-cli@27.1.1 want: ^0.7.2
448 silly placeDep ROOT ascii-table@0.0.9 OK for: netlify-cli@27.1.1 want: ^0.0.9
449 silly placeDep ROOT backoff@2.5.0 OK for: netlify-cli@27.1.1 want: ^2.5.0
450 silly placeDep ROOT boxen@8.0.1 OK for: netlify-cli@27.1.1 want: ^8.0.1
451 silly placeDep ROOT chalk@5.6.2 OK for: netlify-cli@27.1.1 want: ^5.6.2
452 silly placeDep ROOT chokidar@4.0.3 OK for: netlify-cli@27.1.1 want: ^4.0.3
453 silly placeDep ROOT ci-info@4.4.0 OK for: netlify-cli@27.1.1 want: ^4.4.0
454 silly placeDep ROOT clean-deep@3.4.0 OK for: netlify-cli@27.1.1 want: ^3.4.0
455 silly placeDep ROOT commander@12.1.0 OK for: netlify-cli@27.1.1 want: ^12.1.0
456 silly placeDep ROOT comment-json@4.6.2 OK for: netlify-cli@27.1.1 want: ^4.6.2
457 silly placeDep ROOT content-type@1.0.5 OK for: netlify-cli@27.1.1 want: ^1.0.5
458 silly placeDep ROOT cookie@1.1.1 OK for: netlify-cli@27.1.1 want: ^1.1.1
459 silly placeDep ROOT cron-parser@4.9.0 OK for: netlify-cli@27.1.1 want: ^4.9.0
460 silly placeDep ROOT debug@4.4.3 OK for: netlify-cli@27.1.1 want: ^4.4.3
461 silly placeDep ROOT decache@4.6.2 OK for: netlify-cli@27.1.1 want: ^4.6.2
462 silly placeDep ROOT dot-prop@10.2.0 OK for: netlify-cli@27.1.1 want: ^10.1.0
463 silly placeDep ROOT dotenv@17.4.2 OK for: netlify-cli@27.1.1 want: ^17.3.1
464 silly placeDep ROOT env-paths@4.0.0 OK for: netlify-cli@27.1.1 want: ^4.0.0
465 silly placeDep ROOT envinfo@7.21.0 OK for: netlify-cli@27.1.1 want: ^7.21.0
466 silly placeDep ROOT etag@1.8.1 OK for: netlify-cli@27.1.1 want: ^1.8.1
467 silly placeDep ROOT execa@5.1.1 OK for: netlify-cli@27.1.1 want: ^5.1.1
468 silly placeDep ROOT express@5.2.1 OK for: netlify-cli@27.1.1 want: ^5.2.1
469 silly placeDep ROOT express-logging@1.1.1 OK for: netlify-cli@27.1.1 want: ^1.1.1
470 silly placeDep ROOT fastest-levenshtein@1.0.16 OK for: netlify-cli@27.1.1 want: ^1.0.16
471 silly placeDep ROOT fastify@5.12.0 OK for: netlify-cli@27.1.1 want: ^5.8.5
472 silly placeDep ROOT find-up@8.0.0 OK for: netlify-cli@27.1.1 want: ^8.0.0
473 silly placeDep ROOT folder-walker@3.2.0 OK for: netlify-cli@27.1.1 want: ^3.2.0
474 silly placeDep ROOT fuzzy@0.1.3 OK for: netlify-cli@27.1.1 want: ^0.1.3
475 silly placeDep ROOT get-port@5.1.1 OK for: netlify-cli@27.1.1 want: ^5.1.1
476 silly placeDep ROOT git-repo-info@2.1.1 OK for: netlify-cli@27.1.1 want: ^2.1.1
477 silly placeDep ROOT gitconfiglocal@2.1.0 OK for: netlify-cli@27.1.1 want: ^2.1.0
478 silly placeDep ROOT http-proxy@1.18.1 OK for: netlify-cli@27.1.1 want: ^1.18.1
479 silly placeDep ROOT http-proxy-middleware@3.0.7 OK for: netlify-cli@27.1.1 want: ^3.0.5
480 silly placeDep ROOT https-proxy-agent@8.0.0 OK for: netlify-cli@27.1.1 want: ^8.0.0
481 silly placeDep ROOT inquirer@8.2.7 OK for: netlify-cli@27.1.1 want: ^8.2.7
482 silly placeDep ROOT inquirer-autocomplete-prompt@1.4.0 OK for: netlify-cli@27.1.1 want: ^1.4.0
483 silly placeDep ROOT is-docker@4.0.0 OK for: netlify-cli@27.1.1 want: ^4.0.0
484 silly placeDep ROOT is-stream@4.0.1 OK for: netlify-cli@27.1.1 want: ^4.0.1
485 silly placeDep ROOT is-wsl@3.1.1 OK for: netlify-cli@27.1.1 want: ^3.1.0
486 silly placeDep ROOT isexe@4.0.0 OK for: netlify-cli@27.1.1 want: ^4.0.0
487 silly placeDep ROOT jsonwebtoken@9.0.3 OK for: netlify-cli@27.1.1 want: ^9.0.3
488 silly placeDep ROOT jwt-decode@4.0.0 OK for: netlify-cli@27.1.1 want: ^4.0.0
489 silly placeDep ROOT lambda-local@2.2.0 OK for: netlify-cli@27.1.1 want: ^2.2.0
490 silly placeDep ROOT locate-path@8.0.0 OK for: netlify-cli@27.1.1 want: ^8.0.0
491 silly placeDep ROOT log-update@7.2.0 OK for: netlify-cli@27.1.1 want: ^7.2.0
492 silly placeDep ROOT maxstache@1.0.7 OK for: netlify-cli@27.1.1 want: ^1.0.7
493 silly placeDep ROOT maxstache-stream@1.0.4 OK for: netlify-cli@27.1.1 want: ^1.0.4
494 silly placeDep ROOT modern-tar@0.8.4 OK for: netlify-cli@27.1.1 want: ^0.8.0
495 silly placeDep ROOT multiparty@4.3.0 OK for: netlify-cli@27.1.1 want: ^4.2.3
496 silly placeDep ROOT nanospinner@1.2.2 OK for: netlify-cli@27.1.1 want: ^1.2.2
497 silly placeDep ROOT netlify-redirector@0.5.0 OK for: netlify-cli@27.1.1 want: ^0.5.0
498 silly placeDep ROOT node-fetch@3.3.2 OK for: netlify-cli@27.1.1 want: ^3.3.2
499 silly placeDep ROOT normalize-package-data@7.0.1 OK for: netlify-cli@27.1.1 want: ^7.0.1
500 silly placeDep ROOT open@11.0.1 OK for: netlify-cli@27.1.1 want: ^11.0.0
501 silly placeDep ROOT p-filter@4.1.0 OK for: netlify-cli@27.1.1 want: ^4.1.0
502 silly placeDep ROOT p-map@7.0.6 OK for: netlify-cli@27.1.1 want: ^7.0.3
503 silly placeDep ROOT p-wait-for@6.0.0 OK for: netlify-cli@27.1.1 want: ^6.0.0
504 silly placeDep ROOT parallel-transform@1.2.0 OK for: netlify-cli@27.1.1 want: ^1.2.0
505 silly placeDep ROOT parse-duration@2.1.8 OK for: netlify-cli@27.1.1 want: ^2.1.6
506 silly placeDep ROOT parse-github-url@1.0.4 OK for: netlify-cli@27.1.1 want: ^1.0.3
507 silly placeDep ROOT pg@8.23.0 OK for: netlify-cli@27.1.1 want: ^8.20.0
508 silly placeDep ROOT prettyjson@1.2.5 OK for: netlify-cli@27.1.1 want: ^1.2.5
509 silly placeDep ROOT raw-body@3.0.2 OK for: netlify-cli@27.1.1 want: ^3.0.1
510 silly placeDep ROOT read-package-up@12.0.0 OK for: netlify-cli@27.1.1 want: ^12.0.0
511 silly placeDep ROOT readdirp@5.1.1 OK for: netlify-cli@27.1.1 want: ^5.0.0
512 silly placeDep ROOT semver@7.8.5 OK for: netlify-cli@27.1.1 want: ^7.7.2
513 silly placeDep ROOT source-map-support@0.5.21 OK for: netlify-cli@27.1.1 want: ^0.5.21
514 silly placeDep ROOT terminal-link@5.0.0 OK for: netlify-cli@27.1.1 want: ^5.0.0
515 silly placeDep ROOT toml@3.0.0 OK for: netlify-cli@27.1.1 want: ^3.0.0
516 silly placeDep ROOT tomlify-j0.4@3.0.0 OK for: netlify-cli@27.1.1 want: ^3.0.0
517 silly placeDep ROOT ulid@3.0.2 OK for: netlify-cli@27.1.1 want: ^3.0.1
518 silly placeDep ROOT update-notifier@7.3.1 OK for: netlify-cli@27.1.1 want: ^7.3.1
519 silly placeDep ROOT write-file-atomic@5.0.1 OK for: netlify-cli@27.1.1 want: ^5.0.1
520 silly placeDep ROOT ws@8.21.3 OK for: netlify-cli@27.1.1 want: ^8.19.0
521 silly placeDep ROOT yauzl@3.4.0 OK for: netlify-cli@27.1.1 want: ^3.3.1
522 silly fetch manifest glob@^13.0.0
523 silly packumentCache full:https://registry.npmjs.org/glob cache-miss
524 silly fetch manifest fastq@^1.17.1
525 silly packumentCache full:https://registry.npmjs.org/fastq cache-miss
526 silly fetch manifest @fastify/send@^4.0.0
527 silly packumentCache full:https://registry.npmjs.org/@fastify%2fsend cache-miss
528 silly fetch manifest @fastify/error@^4.0.0
529 silly packumentCache full:https://registry.npmjs.org/@fastify%2ferror cache-miss
530 silly fetch manifest fastify-plugin@^6.0.0
531 silly packumentCache full:https://registry.npmjs.org/fastify-plugin cache-miss
532 silly fetch manifest content-disposition@^2.0.1
533 silly packumentCache full:https://registry.npmjs.org/content-disposition cache-miss
534 silly fetch manifest @fastify/accept-negotiator@^2.0.0
535 silly packumentCache full:https://registry.npmjs.org/@fastify%2faccept-negotiator cache-miss
536 silly fetch manifest @netlify/api@^15.1.0
537 silly packumentCache full:https://registry.npmjs.org/@netlify%2fapi cache-miss
538 silly fetch manifest @netlify/open-api@^2.57.0
539 silly packumentCache full:https://registry.npmjs.org/@netlify%2fopen-api cache-miss
540 silly fetch manifest node-fetch@^3.0.0
541 silly packumentCache full:https://registry.npmjs.org/node-fetch cache-hit
542 silly fetch manifest p-wait-for@^5.0.0
543 silly packumentCache full:https://registry.npmjs.org/p-wait-for cache-miss
544 silly fetch manifest picoquery@^2.5.0
545 silly packumentCache full:https://registry.npmjs.org/picoquery cache-miss
546 silly fetch manifest @netlify/otel@^6.0.6
547 silly packumentCache full:https://registry.npmjs.org/@netlify%2fotel cache-miss
548 silly fetch manifest @netlify/dev-utils@5.0.0
549 silly packumentCache full:https://registry.npmjs.org/@netlify%2fdev-utils cache-miss
550 silly fetch manifest @netlify/runtime-utils@2.3.0
551 silly packumentCache full:https://registry.npmjs.org/@netlify%2fruntime-utils cache-miss
552 silly fetch manifest @bugsnag/js@^8.0.0
553 silly packumentCache full:https://registry.npmjs.org/@bugsnag%2fjs cache-miss
554 http cache https://registry.npmjs.org/@netlify%2fdev-utils 24ms (cache hit)
555 silly packumentCache full:https://registry.npmjs.org/@netlify%2fdev-utils set size:105464 disposed:false
556 silly fetch manifest @netlify/cache-utils@^7.1.1
557 silly packumentCache full:https://registry.npmjs.org/@netlify%2fcache-utils cache-miss
558 http cache https://registry.npmjs.org/@netlify%2fapi 28ms (cache hit)
559 silly packumentCache full:https://registry.npmjs.org/@netlify%2fapi set size:89436 disposed:false
560 silly fetch manifest @netlify/config@^25.2.2
561 silly packumentCache full:https://registry.npmjs.org/@netlify%2fconfig cache-miss
562 http cache https://registry.npmjs.org/p-wait-for 29ms (cache hit)
563 silly packumentCache full:https://registry.npmjs.org/p-wait-for set size:34379 disposed:false
564 silly fetch manifest @netlify/edge-bundler@16.0.3
565 silly packumentCache full:https://registry.npmjs.org/@netlify%2fedge-bundler cache-miss
566 http cache https://registry.npmjs.org/@netlify%2fconfig 9ms (cache hit)
567 silly packumentCache full:https://registry.npmjs.org/@netlify%2fconfig set size:1915385 disposed:false
568 silly fetch manifest @netlify/functions-utils@^7.1.4
569 silly packumentCache full:https://registry.npmjs.org/@netlify%2ffunctions-utils cache-miss
570 http cache https://registry.npmjs.org/@netlify%2fedge-bundler 19ms (cache hit)
571 silly packumentCache full:https://registry.npmjs.org/@netlify%2fedge-bundler set size:1022116 disposed:false
572 silly fetch manifest @netlify/git-utils@^7.1.0
573 silly packumentCache full:https://registry.npmjs.org/@netlify%2fgit-utils cache-miss
574 http fetch GET 200 https://registry.npmjs.org/content-disposition 141ms (cache miss)
575 silly packumentCache full:https://registry.npmjs.org/content-disposition set size:undefined disposed:false
576 silly fetch manifest @netlify/opentelemetry-utils@^3.1.0
577 silly packumentCache full:https://registry.npmjs.org/@netlify%2fopentelemetry-utils cache-miss
578 http fetch GET 200 https://registry.npmjs.org/fastq 143ms (cache miss)
579 silly packumentCache full:https://registry.npmjs.org/fastq set size:undefined disposed:false
580 silly fetch manifest @netlify/plugins-list@^6.81.6
581 silly packumentCache full:https://registry.npmjs.org/@netlify%2fplugins-list cache-miss
582 http fetch GET 200 https://registry.npmjs.org/glob 160ms (cache revalidated)
583 silly packumentCache full:https://registry.npmjs.org/glob set size:469465 disposed:false
584 silly fetch manifest @netlify/run-utils@^7.1.0
585 silly packumentCache full:https://registry.npmjs.org/@netlify%2frun-utils cache-miss
586 http fetch GET 200 https://registry.npmjs.org/fastify-plugin 392ms (cache miss)
587 silly packumentCache full:https://registry.npmjs.org/fastify-plugin set size:undefined disposed:false
588 silly fetch manifest @netlify/zip-it-and-ship-it@15.3.4
589 silly packumentCache full:https://registry.npmjs.org/@netlify%2fzip-it-and-ship-it cache-miss
590 http cache https://registry.npmjs.org/@netlify%2fzip-it-and-ship-it 9ms (cache hit)
591 silly packumentCache full:https://registry.npmjs.org/@netlify%2fzip-it-and-ship-it set size:2039174 disposed:false
592 silly fetch manifest @sindresorhus/slugify@^2.0.0
593 silly packumentCache full:https://registry.npmjs.org/@sindresorhus%2fslugify cache-miss
594 http fetch GET 200 https://registry.npmjs.org/@bugsnag%2fjs 419ms (cache miss)
595 silly packumentCache full:https://registry.npmjs.org/@bugsnag%2fjs set size:undefined disposed:false
596 silly fetch manifest ansi-escapes@^7.0.0
597 silly packumentCache full:https://registry.npmjs.org/ansi-escapes cache-miss
598 http cache https://registry.npmjs.org/ansi-escapes 4ms (cache hit)
599 silly packumentCache full:https://registry.npmjs.org/ansi-escapes set size:70915 disposed:false
600 silly fetch manifest ansis@^4.1.0
601 silly packumentCache full:https://registry.npmjs.org/ansis cache-miss
602 http fetch GET 200 https://registry.npmjs.org/ansis 87ms (cache miss)
603 silly packumentCache full:https://registry.npmjs.org/ansis set size:undefined disposed:false
604 silly fetch manifest clean-stack@^5.0.0
605 silly packumentCache full:https://registry.npmjs.org/clean-stack cache-miss
606 http fetch GET 200 https://registry.npmjs.org/clean-stack 90ms (cache miss)
607 silly packumentCache full:https://registry.npmjs.org/clean-stack set size:undefined disposed:false
608 silly fetch manifest execa@^8.0.0
609 silly packumentCache full:https://registry.npmjs.org/execa cache-miss
610 http cache https://registry.npmjs.org/execa 4ms (cache hit)
611 silly packumentCache full:https://registry.npmjs.org/execa set size:188760 disposed:false
612 silly fetch manifest fast-string-width@^3.0.2
613 silly packumentCache full:https://registry.npmjs.org/fast-string-width cache-miss
614 http fetch GET 200 https://registry.npmjs.org/@netlify%2fruntime-utils 718ms (cache miss)
615 silly packumentCache full:https://registry.npmjs.org/@netlify%2fruntime-utils set size:undefined disposed:false
616 silly fetch manifest fdir@^6.0.1
617 silly packumentCache full:https://registry.npmjs.org/fdir cache-miss
618 http fetch GET 200 https://registry.npmjs.org/@netlify%2fotel 722ms (cache miss)
619 silly packumentCache full:https://registry.npmjs.org/@netlify%2fotel set size:undefined disposed:false
620 silly fetch manifest figures@^6.0.0
621 silly packumentCache full:https://registry.npmjs.org/figures cache-miss
622 http fetch GET 200 https://registry.npmjs.org/fast-string-width 109ms (cache miss)
623 silly packumentCache full:https://registry.npmjs.org/fast-string-width set size:undefined disposed:false
624 silly fetch manifest filter-obj@^6.0.0
625 silly packumentCache full:https://registry.npmjs.org/filter-obj cache-miss
626 http fetch GET 200 https://registry.npmjs.org/@fastify%2faccept-negotiator 788ms (cache miss)
627 silly packumentCache full:https://registry.npmjs.org/@fastify%2faccept-negotiator set size:undefined disposed:false
628 silly fetch manifest hot-shots@11.4.0
629 silly packumentCache full:https://registry.npmjs.org/hot-shots cache-miss
630 http fetch GET 200 https://registry.npmjs.org/@fastify%2ferror 796ms (cache miss)
631 silly packumentCache full:https://registry.npmjs.org/@fastify%2ferror set size:undefined disposed:false
632 silly fetch manifest ignore@^7.0.0
633 silly packumentCache full:https://registry.npmjs.org/ignore cache-miss
634 http fetch GET 200 https://registry.npmjs.org/@fastify%2fsend 819ms (cache miss)
635 silly packumentCache full:https://registry.npmjs.org/@fastify%2fsend set size:undefined disposed:false
636 silly fetch manifest indent-string@^5.0.0
637 silly packumentCache full:https://registry.npmjs.org/indent-string cache-miss
638 http fetch GET 200 https://registry.npmjs.org/fdir 113ms (cache miss)
639 silly packumentCache full:https://registry.npmjs.org/fdir set size:undefined disposed:false
640 silly fetch manifest is-plain-obj@^4.0.0
641 silly packumentCache full:https://registry.npmjs.org/is-plain-obj cache-miss
642 http fetch GET 200 https://registry.npmjs.org/figures 115ms (cache miss)
643 silly packumentCache full:https://registry.npmjs.org/figures set size:undefined disposed:false
644 silly fetch manifest keep-func-props@^6.0.0
645 silly packumentCache full:https://registry.npmjs.org/keep-func-props cache-miss
646 http fetch GET 200 https://registry.npmjs.org/filter-obj 112ms (cache miss)
647 silly packumentCache full:https://registry.npmjs.org/filter-obj set size:undefined disposed:false
648 silly fetch manifest log-process-errors@^11.0.0
649 silly packumentCache full:https://registry.npmjs.org/log-process-errors cache-miss
650 http fetch GET 200 https://registry.npmjs.org/@netlify%2fopen-api 879ms (cache miss)
651 silly packumentCache full:https://registry.npmjs.org/@netlify%2fopen-api set size:undefined disposed:false
652 silly fetch manifest memoize-one@^6.0.0
653 silly packumentCache full:https://registry.npmjs.org/memoize-one cache-miss
654 http fetch GET 200 https://registry.npmjs.org/@netlify%2fcache-utils 905ms (cache miss)
655 silly packumentCache full:https://registry.npmjs.org/@netlify%2fcache-utils set size:undefined disposed:false
656 silly fetch manifest minimatch@^10.2.4
657 silly packumentCache full:https://registry.npmjs.org/minimatch cache-miss
658 http fetch GET 200 https://registry.npmjs.org/@netlify%2fgit-utils 899ms (cache miss)
659 silly packumentCache full:https://registry.npmjs.org/@netlify%2fgit-utils set size:undefined disposed:false
660 silly fetch manifest os-name@^6.0.0
661 silly packumentCache full:https://registry.npmjs.org/os-name cache-miss
662 http fetch GET 200 https://registry.npmjs.org/ignore 202ms (cache miss)
663 silly packumentCache full:https://registry.npmjs.org/ignore set size:undefined disposed:false
664 silly fetch manifest p-event@^6.0.0
665 silly packumentCache full:https://registry.npmjs.org/p-event cache-miss
666 http fetch GET 200 https://registry.npmjs.org/is-plain-obj 222ms (cache miss)
667 silly packumentCache full:https://registry.npmjs.org/is-plain-obj set size:undefined disposed:false
668 silly fetch manifest p-filter@^4.0.0
669 silly packumentCache full:https://registry.npmjs.org/p-filter cache-miss
670 http cache https://registry.npmjs.org/p-filter 3ms (cache hit)
671 silly packumentCache full:https://registry.npmjs.org/p-filter set size:17447 disposed:false
672 silly fetch manifest p-locate@^6.0.0
673 silly packumentCache full:https://registry.npmjs.org/p-locate cache-miss
674 http fetch GET 200 https://registry.npmjs.org/@netlify%2ffunctions-utils 1074ms (cache miss)
675 silly packumentCache full:https://registry.npmjs.org/@netlify%2ffunctions-utils set size:undefined disposed:false
676 silly fetch manifest p-map@^7.0.0
677 silly packumentCache full:https://registry.npmjs.org/p-map cache-miss
678 http cache https://registry.npmjs.org/p-map 5ms (cache hit)
679 silly packumentCache full:https://registry.npmjs.org/p-map set size:56706 disposed:false
680 silly fetch manifest p-reduce@^3.0.0
681 silly packumentCache full:https://registry.npmjs.org/p-reduce cache-miss
682 http fetch GET 200 https://registry.npmjs.org/memoize-one 335ms (cache miss)
683 silly packumentCache full:https://registry.npmjs.org/memoize-one set size:undefined disposed:false
684 silly fetch manifest package-directory@^8.0.0
685 silly packumentCache full:https://registry.npmjs.org/package-directory cache-miss
686 http fetch GET 200 https://registry.npmjs.org/@netlify%2frun-utils 1189ms (cache miss)
687 silly packumentCache full:https://registry.npmjs.org/@netlify%2frun-utils set size:undefined disposed:false
688 silly fetch manifest path-exists@^5.0.0
689 silly packumentCache full:https://registry.npmjs.org/path-exists cache-miss
690 http fetch GET 200 https://registry.npmjs.org/minimatch 510ms (cache revalidated)
691 silly packumentCache full:https://registry.npmjs.org/minimatch set size:377924 disposed:false
692 silly fetch manifest pretty-ms@^9.0.0
693 silly packumentCache full:https://registry.npmjs.org/pretty-ms cache-miss
694 http fetch GET 200 https://registry.npmjs.org/hot-shots 702ms (cache miss)
695 silly packumentCache full:https://registry.npmjs.org/hot-shots set size:undefined disposed:false
696 silly fetch manifest ps-list@^8.0.0
697 silly packumentCache full:https://registry.npmjs.org/ps-list cache-miss
698 http fetch GET 200 https://registry.npmjs.org/p-locate 459ms (cache miss)
699 silly packumentCache full:https://registry.npmjs.org/p-locate set size:undefined disposed:false
700 silly fetch manifest read-package-up@^11.0.0
701 silly packumentCache full:https://registry.npmjs.org/read-package-up cache-miss
702 http fetch GET 200 https://registry.npmjs.org/indent-string 705ms (cache miss)
703 silly packumentCache full:https://registry.npmjs.org/indent-string set size:undefined disposed:false
704 silly fetch manifest readdirp@^4.0.0
705 silly packumentCache full:https://registry.npmjs.org/readdirp cache-miss
706 http fetch GET 200 https://registry.npmjs.org/keep-func-props 688ms (cache miss)
707 silly packumentCache full:https://registry.npmjs.org/keep-func-props set size:undefined disposed:false
708 silly fetch manifest resolve@^2.0.0-next.5
709 silly packumentCache full:https://registry.npmjs.org/resolve cache-miss
710 http fetch GET 200 https://registry.npmjs.org/picoquery 1541ms (cache miss)
711 silly packumentCache full:https://registry.npmjs.org/picoquery set size:undefined disposed:false
712 silly fetch manifest rfdc@^1.3.0
713 silly packumentCache full:https://registry.npmjs.org/rfdc cache-miss
714 http cache https://registry.npmjs.org/read-package-up 20ms (cache hit)
715 silly packumentCache full:https://registry.npmjs.org/read-package-up set size:6671 disposed:false
716 silly fetch manifest safe-json-stringify@^1.2.0
717 silly packumentCache full:https://registry.npmjs.org/safe-json-stringify cache-miss
718 http cache https://registry.npmjs.org/readdirp 21ms (cache hit)
719 silly packumentCache full:https://registry.npmjs.org/readdirp set size:110119 disposed:false
720 silly fetch manifest semver@^7.3.8
721 silly packumentCache full:https://registry.npmjs.org/semver cache-hit
722 silly fetch manifest supports-color@^10.0.0
723 silly packumentCache full:https://registry.npmjs.org/supports-color cache-miss
724 http fetch GET 200 https://registry.npmjs.org/@netlify%2fopentelemetry-utils 1409ms (cache miss)
725 silly packumentCache full:https://registry.npmjs.org/@netlify%2fopentelemetry-utils set size:undefined disposed:false
726 silly fetch manifest terminal-link@^4.0.0
727 silly packumentCache full:https://registry.npmjs.org/terminal-link cache-miss
728 http fetch GET 200 https://registry.npmjs.org/os-name 597ms (cache miss)
729 silly packumentCache full:https://registry.npmjs.org/os-name set size:undefined disposed:false
730 silly fetch manifest ts-node@^10.9.1
731 silly packumentCache full:https://registry.npmjs.org/ts-node cache-miss
732 http fetch GET 200 https://registry.npmjs.org/p-reduce 417ms (cache miss)
733 silly packumentCache full:https://registry.npmjs.org/p-reduce set size:undefined disposed:false
734 silly fetch manifest typescript@^5.0.0
735 silly packumentCache full:https://registry.npmjs.org/typescript cache-miss
736 http fetch GET 200 https://registry.npmjs.org/path-exists 203ms (cache miss)
737 silly packumentCache full:https://registry.npmjs.org/path-exists set size:undefined disposed:false
738 silly fetch manifest yaml@^2.8.0
739 silly packumentCache full:https://registry.npmjs.org/yaml cache-miss
740 http fetch GET 200 https://registry.npmjs.org/p-event 559ms (cache miss)
741 silly packumentCache full:https://registry.npmjs.org/p-event set size:undefined disposed:false
742 silly fetch manifest yargs@^17.6.0
743 silly packumentCache full:https://registry.npmjs.org/yargs cache-miss
744 http fetch GET 200 https://registry.npmjs.org/package-directory 344ms (cache miss)
745 silly packumentCache full:https://registry.npmjs.org/package-directory set size:undefined disposed:false
746 silly fetch manifest zod@^4.0.5
747 silly packumentCache full:https://registry.npmjs.org/zod cache-miss
748 http fetch GET 200 https://registry.npmjs.org/log-process-errors 724ms (cache miss)
749 silly packumentCache full:https://registry.npmjs.org/log-process-errors set size:undefined disposed:false
750 silly fetch manifest dot-prop@^9.0.0
751 silly packumentCache full:https://registry.npmjs.org/dot-prop cache-miss
752 http cache https://registry.npmjs.org/terminal-link 21ms (cache hit)
753 silly packumentCache full:https://registry.npmjs.org/terminal-link set size:26728 disposed:false
754 silly fetch manifest find-up@^7.0.0
755 silly packumentCache full:https://registry.npmjs.org/find-up cache-miss
756 http fetch GET 200 https://registry.npmjs.org/@netlify%2fplugins-list 1433ms (cache miss)
757 silly packumentCache full:https://registry.npmjs.org/@netlify%2fplugins-list set size:undefined disposed:false
758 silly fetch manifest lockparse@^0.5.2
759 silly packumentCache full:https://registry.npmjs.org/lockparse cache-miss
760 http cache https://registry.npmjs.org/dot-prop 12ms (cache hit)
761 silly packumentCache full:https://registry.npmjs.org/dot-prop set size:77505 disposed:false
762 silly fetch manifest read-pkg@^9.0.0
763 silly packumentCache full:https://registry.npmjs.org/read-pkg cache-miss
764 http cache https://registry.npmjs.org/find-up 14ms (cache hit)
765 silly packumentCache full:https://registry.npmjs.org/find-up set size:42620 disposed:false
766 silly fetch manifest smol-toml@^1.5.2
767 silly packumentCache full:https://registry.npmjs.org/smol-toml cache-miss
768 http fetch GET 200 https://registry.npmjs.org/@sindresorhus%2fslugify 1173ms (cache miss)
769 silly packumentCache full:https://registry.npmjs.org/@sindresorhus%2fslugify set size:undefined disposed:false
770 silly fetch manifest yaml@^2.8.0
771 silly packumentCache full:https://registry.npmjs.org/yaml cache-miss
772 http fetch GET 200 https://registry.npmjs.org/resolve 107ms (cache miss)
773 silly packumentCache full:https://registry.npmjs.org/resolve set size:undefined disposed:false
774 silly fetch manifest yargs@^17.6.0
775 silly packumentCache full:https://registry.npmjs.org/yargs cache-miss
776 http fetch GET 200 https://registry.npmjs.org/supports-color 96ms (cache miss)
777 silly packumentCache full:https://registry.npmjs.org/supports-color set size:undefined disposed:false
778 silly fetch manifest @netlify/headers-parser@^10.1.1
779 silly packumentCache full:https://registry.npmjs.org/@netlify%2fheaders-parser cache-miss
780 http cache https://registry.npmjs.org/@netlify%2fheaders-parser 5ms (cache hit)
781 silly packumentCache full:https://registry.npmjs.org/@netlify%2fheaders-parser set size:28882 disposed:false
782 silly fetch manifest chalk@^5.0.0
783 silly packumentCache full:https://registry.npmjs.org/chalk cache-miss
784 http cache https://registry.npmjs.org/chalk 3ms (cache hit)
785 silly packumentCache full:https://registry.npmjs.org/chalk set size:134775 disposed:false
786 silly fetch manifest cron-parser@^4.1.0
787 silly packumentCache full:https://registry.npmjs.org/cron-parser cache-miss
788 http cache https://registry.npmjs.org/cron-parser 5ms (cache hit)
789 silly packumentCache full:https://registry.npmjs.org/cron-parser set size:368796 disposed:false
790 silly fetch manifest deepmerge@^4.2.2
791 silly packumentCache full:https://registry.npmjs.org/deepmerge cache-miss
792 http fetch GET 200 https://registry.npmjs.org/yaml 162ms (cache miss)
793 silly packumentCache full:https://registry.npmjs.org/yaml set size:undefined disposed:false
794 silly fetch manifest fast-safe-stringify@^2.0.7
795 silly packumentCache full:https://registry.npmjs.org/fast-safe-stringify cache-miss
796 http fetch GET 200 https://registry.npmjs.org/ts-node 268ms (cache miss)
797 silly packumentCache full:https://registry.npmjs.org/ts-node set size:undefined disposed:false
798 silly fetch manifest map-obj@^5.0.0
799 silly packumentCache full:https://registry.npmjs.org/map-obj cache-miss
800 http fetch GET 200 https://registry.npmjs.org/smol-toml 285ms (cache miss)
801 silly packumentCache full:https://registry.npmjs.org/smol-toml set size:undefined disposed:false
802 silly fetch manifest path-type@^6.0.0
803 silly packumentCache full:https://registry.npmjs.org/path-type cache-miss
804 http fetch GET 200 https://registry.npmjs.org/pretty-ms 575ms (cache miss)
805 silly packumentCache full:https://registry.npmjs.org/pretty-ms set size:undefined disposed:false
806 silly fetch manifest validate-npm-package-name@^5.0.0
807 silly packumentCache full:https://registry.npmjs.org/validate-npm-package-name cache-miss
808 http fetch GET 200 https://registry.npmjs.org/yargs 410ms (cache miss)
809 silly packumentCache full:https://registry.npmjs.org/yargs set size:undefined disposed:false
810 silly fetch manifest zod@^4.0.5
811 silly packumentCache full:https://registry.npmjs.org/zod cache-miss
812 http fetch GET 200 https://registry.npmjs.org/deepmerge 397ms (cache miss)
813 silly packumentCache full:https://registry.npmjs.org/deepmerge set size:undefined disposed:false
814 silly fetch manifest @netlify/database-dev@0.10.1
815 silly packumentCache full:https://registry.npmjs.org/@netlify%2fdatabase-dev cache-miss
816 http fetch GET 200 https://registry.npmjs.org/fast-safe-stringify 346ms (cache miss)
817 silly packumentCache full:https://registry.npmjs.org/fast-safe-stringify set size:undefined disposed:false
818 silly fetch manifest @netlify/edge-functions-dev@1.0.24
819 silly packumentCache full:https://registry.npmjs.org/@netlify%2fedge-functions-dev cache-miss
820 http fetch GET 200 https://registry.npmjs.org/ps-list 604ms (cache miss)
821 silly packumentCache full:https://registry.npmjs.org/ps-list set size:undefined disposed:false
822 silly fetch manifest @netlify/functions-dev@1.3.5
823 silly packumentCache full:https://registry.npmjs.org/@netlify%2ffunctions-dev cache-miss
824 http fetch GET 200 https://registry.npmjs.org/safe-json-stringify 569ms (cache miss)
825 silly packumentCache full:https://registry.npmjs.org/safe-json-stringify set size:undefined disposed:false
826 silly fetch manifest @netlify/headers@2.1.13
827 silly packumentCache full:https://registry.npmjs.org/@netlify%2fheaders cache-miss
828 http fetch GET 200 https://registry.npmjs.org/lockparse 553ms (cache miss)
829 silly packumentCache full:https://registry.npmjs.org/lockparse set size:undefined disposed:false
830 silly fetch manifest @netlify/images@1.3.12
831 silly packumentCache full:https://registry.npmjs.org/@netlify%2fimages cache-miss
832 http fetch GET 200 https://registry.npmjs.org/yargs 574ms (cache miss)
833 silly packumentCache full:https://registry.npmjs.org/yargs set size:undefined disposed:false
834 silly fetch manifest @netlify/redirects@3.1.15
835 silly packumentCache full:https://registry.npmjs.org/@netlify%2fredirects cache-miss
836 http fetch GET 200 https://registry.npmjs.org/read-pkg 560ms (cache miss)
837 silly packumentCache full:https://registry.npmjs.org/read-pkg set size:undefined disposed:false
838 silly fetch manifest @netlify/runtime@4.1.29
839 silly packumentCache full:https://registry.npmjs.org/@netlify%2fruntime cache-miss
840 http fetch GET 200 https://registry.npmjs.org/map-obj 320ms (cache miss)
841 silly packumentCache full:https://registry.npmjs.org/map-obj set size:undefined disposed:false
842 silly fetch manifest @netlify/static@3.1.12
843 silly packumentCache full:https://registry.npmjs.org/@netlify%2fstatic cache-miss
844 http fetch GET 200 https://registry.npmjs.org/yaml 561ms (cache miss)
845 silly packumentCache full:https://registry.npmjs.org/yaml set size:undefined disposed:false
846 silly fetch manifest ulid@^3.0.0
847 silly packumentCache full:https://registry.npmjs.org/ulid cache-miss
848 http cache https://registry.npmjs.org/@netlify%2fimages 23ms (cache hit)
849 silly packumentCache full:https://registry.npmjs.org/@netlify%2fimages set size:73394 disposed:false
850 silly fetch manifest dettle@^1.0.5
851 silly packumentCache full:https://registry.npmjs.org/dettle cache-miss
852 http cache https://registry.npmjs.org/ulid 8ms (cache hit)
853 silly packumentCache full:https://registry.npmjs.org/ulid set size:40033 disposed:false
854 silly fetch manifest chokidar@^4.0.1
855 silly packumentCache full:https://registry.npmjs.org/chokidar cache-miss
856 http fetch GET 200 https://registry.npmjs.org/rfdc 626ms (cache miss)
857 silly packumentCache full:https://registry.npmjs.org/rfdc set size:undefined disposed:false
858 silly fetch manifest dot-prop@9.0.0
859 silly packumentCache full:https://registry.npmjs.org/dot-prop cache-hit
860 silly fetch manifest empathic@^2.0.0
861 silly packumentCache full:https://registry.npmjs.org/empathic cache-miss
862 http cache https://registry.npmjs.org/chokidar 8ms (cache hit)
863 silly packumentCache full:https://registry.npmjs.org/chokidar set size:255902 disposed:false
864 silly fetch manifest env-paths@^3.0.0
865 silly packumentCache full:https://registry.npmjs.org/env-paths cache-miss
866 http fetch GET 200 https://registry.npmjs.org/path-type 307ms (cache miss)
867 silly packumentCache full:https://registry.npmjs.org/path-type set size:undefined disposed:false
868 silly fetch manifest atomically@^2.0.3
869 silly packumentCache full:https://registry.npmjs.org/atomically cache-miss
870 http cache https://registry.npmjs.org/env-paths 5ms (cache hit)
871 silly packumentCache full:https://registry.npmjs.org/env-paths set size:26913 disposed:false
872 silly fetch manifest image-size@^2.0.2
873 silly packumentCache full:https://registry.npmjs.org/image-size cache-miss
874 http fetch GET 200 https://registry.npmjs.org/validate-npm-package-name 347ms (cache miss)
875 silly packumentCache full:https://registry.npmjs.org/validate-npm-package-name set size:undefined disposed:false
876 silly fetch manifest tmp-promise@^3.0.3
877 silly packumentCache full:https://registry.npmjs.org/tmp-promise cache-miss
878 http fetch GET 200 https://registry.npmjs.org/zod 490ms (cache miss)
879 silly packumentCache full:https://registry.npmjs.org/zod set size:undefined disposed:false
880 silly fetch manifest parse-gitignore@^2.0.0
881 silly packumentCache full:https://registry.npmjs.org/parse-gitignore cache-miss
882 http fetch GET 200 https://registry.npmjs.org/empathic 430ms (cache miss)
883 silly packumentCache full:https://registry.npmjs.org/empathic set size:undefined disposed:false
884 silly fetch manifest js-image-generator@^1.0.4
885 silly packumentCache full:https://registry.npmjs.org/js-image-generator cache-miss
886 http fetch GET 200 https://registry.npmjs.org/dettle 451ms (cache miss)
887 silly packumentCache full:https://registry.npmjs.org/dettle set size:undefined disposed:false
888 silly fetch manifest @whatwg-node/server@^0.11.0
889 silly packumentCache full:https://registry.npmjs.org/@whatwg-node%2fserver cache-miss
890 http fetch GET 200 https://registry.npmjs.org/atomically 453ms (cache miss)
891 silly packumentCache full:https://registry.npmjs.org/atomically set size:undefined disposed:false
892 silly fetch manifest @import-maps/resolve@^2.0.0
893 silly packumentCache full:https://registry.npmjs.org/@import-maps%2fresolve cache-miss
894 http fetch GET 200 https://registry.npmjs.org/image-size 461ms (cache miss)
895 silly packumentCache full:https://registry.npmjs.org/image-size set size:undefined disposed:false
896 silly fetch manifest @sveltejs/acorn-typescript@^1.0.11
897 silly packumentCache full:https://registry.npmjs.org/@sveltejs%2facorn-typescript cache-miss
898 http fetch GET 200 https://registry.npmjs.org/zod 1110ms (cache miss)
899 silly packumentCache full:https://registry.npmjs.org/zod set size:undefined disposed:false
900 silly fetch manifest acorn@^8.15.0
901 silly packumentCache full:https://registry.npmjs.org/acorn cache-miss
902 http fetch GET 200 https://registry.npmjs.org/acorn 120ms (cache miss)
903 silly packumentCache full:https://registry.npmjs.org/acorn set size:undefined disposed:false
904 silly fetch manifest ajv@^8.11.2
905 silly packumentCache full:https://registry.npmjs.org/ajv cache-miss
906 http fetch GET 200 https://registry.npmjs.org/@netlify%2fedge-functions-dev 815ms (cache miss)
907 silly packumentCache full:https://registry.npmjs.org/@netlify%2fedge-functions-dev set size:undefined disposed:false
908 silly fetch manifest ajv-errors@^3.0.0
909 silly packumentCache full:https://registry.npmjs.org/ajv-errors cache-miss
910 http fetch GET 200 https://registry.npmjs.org/@netlify%2fdatabase-dev 848ms (cache miss)
911 silly packumentCache full:https://registry.npmjs.org/@netlify%2fdatabase-dev set size:undefined disposed:false
912 silly fetch manifest better-ajv-errors@^1.2.0
913 silly packumentCache full:https://registry.npmjs.org/better-ajv-errors cache-miss
914 http fetch GET 200 https://registry.npmjs.org/parse-gitignore 427ms (cache miss)
915 silly packumentCache full:https://registry.npmjs.org/parse-gitignore set size:undefined disposed:false
916 silly fetch manifest common-path-prefix@^3.0.0
917 silly packumentCache full:https://registry.npmjs.org/common-path-prefix cache-miss
918 http fetch GET 200 https://registry.npmjs.org/js-image-generator 435ms (cache miss)
919 silly packumentCache full:https://registry.npmjs.org/js-image-generator set size:undefined disposed:false
920 silly fetch manifest esbuild@0.28.1
921 silly packumentCache full:https://registry.npmjs.org/esbuild cache-miss
922 http fetch GET 200 https://registry.npmjs.org/@netlify%2fstatic 1219ms (cache miss)
923 silly packumentCache full:https://registry.npmjs.org/@netlify%2fstatic set size:undefined disposed:false
924 silly fetch manifest node-stream-zip@^1.15.0
925 silly packumentCache full:https://registry.npmjs.org/node-stream-zip cache-miss
926 http fetch GET 200 https://registry.npmjs.org/@netlify%2fredirects 1237ms (cache miss)
927 silly packumentCache full:https://registry.npmjs.org/@netlify%2fredirects set size:undefined disposed:false
928 silly fetch manifest p-retry@^6.0.0
929 silly packumentCache full:https://registry.npmjs.org/p-retry cache-miss
930 http fetch GET 200 https://registry.npmjs.org/ajv-errors 661ms (cache miss)
931 silly packumentCache full:https://registry.npmjs.org/ajv-errors set size:undefined disposed:false
932 silly fetch manifest parse-imports@^2.2.1
933 silly packumentCache full:https://registry.npmjs.org/parse-imports cache-miss
934 http fetch GET 200 https://registry.npmjs.org/@netlify%2fruntime 1552ms (cache miss)
935 silly packumentCache full:https://registry.npmjs.org/@netlify%2fruntime set size:undefined disposed:false
936 silly fetch manifest tar@^7.5.12
937 silly packumentCache full:https://registry.npmjs.org/tar cache-miss
938 http fetch GET 200 https://registry.npmjs.org/better-ajv-errors 806ms (cache miss)
939 silly packumentCache full:https://registry.npmjs.org/better-ajv-errors set size:undefined disposed:false
940 silly fetch manifest tmp-promise@^3.0.3
941 silly packumentCache full:https://registry.npmjs.org/tmp-promise cache-miss
942 http fetch GET 200 https://registry.npmjs.org/common-path-prefix 730ms (cache miss)
943 silly packumentCache full:https://registry.npmjs.org/common-path-prefix set size:undefined disposed:false
944 silly fetch manifest urlpattern-polyfill@8.0.2
945 silly packumentCache full:https://registry.npmjs.org/urlpattern-polyfill cache-miss
946 http fetch GET 200 https://registry.npmjs.org/@netlify%2ffunctions-dev 1638ms (cache miss)
947 silly packumentCache full:https://registry.npmjs.org/@netlify%2ffunctions-dev set size:undefined disposed:false
948 silly fetch manifest @netlify/types@2.8.0
949 silly packumentCache full:https://registry.npmjs.org/@netlify%2ftypes cache-miss
950 http fetch GET 200 https://registry.npmjs.org/ajv 926ms (cache miss)
951 silly packumentCache full:https://registry.npmjs.org/ajv set size:undefined disposed:false
952 silly fetch manifest escape-string-regexp@^5.0.0
953 silly packumentCache full:https://registry.npmjs.org/escape-string-regexp cache-miss
954 http fetch GET 200 https://registry.npmjs.org/p-retry 411ms (cache miss)
955 silly packumentCache full:https://registry.npmjs.org/p-retry set size:undefined disposed:false
956 silly fetch manifest ipx@^3.1.1
957 silly packumentCache full:https://registry.npmjs.org/ipx cache-miss
958 http fetch GET 200 https://registry.npmjs.org/node-stream-zip 428ms (cache miss)
959 silly packumentCache full:https://registry.npmjs.org/node-stream-zip set size:undefined disposed:false
960 silly fetch manifest @netlify/local-functions-proxy-linux-arm@1.1.1
961 silly packumentCache full:https://registry.npmjs.org/@netlify%2flocal-functions-proxy-linux-arm cache-miss
962 http fetch GET 200 https://registry.npmjs.org/@netlify%2fheaders 1690ms (cache miss)
963 silly packumentCache full:https://registry.npmjs.org/@netlify%2fheaders set size:undefined disposed:false
964 silly fetch manifest @netlify/local-functions-proxy-linux-x64@1.1.1
965 silly packumentCache full:https://registry.npmjs.org/@netlify%2flocal-functions-proxy-linux-x64 cache-miss
966 http fetch GET 200 https://registry.npmjs.org/tmp-promise 1463ms (cache miss)
967 silly packumentCache full:https://registry.npmjs.org/tmp-promise set size:undefined disposed:false
968 silly fetch manifest @netlify/local-functions-proxy-win32-x64@1.1.1
969 silly packumentCache full:https://registry.npmjs.org/@netlify%2flocal-functions-proxy-win32-x64 cache-miss
970 http fetch GET 200 https://registry.npmjs.org/@import-maps%2fresolve 1285ms (cache miss)
971 silly packumentCache full:https://registry.npmjs.org/@import-maps%2fresolve set size:undefined disposed:false
972 silly fetch manifest @netlify/local-functions-proxy-darwin-x64@1.1.1
973 silly packumentCache full:https://registry.npmjs.org/@netlify%2flocal-functions-proxy-darwin-x64 cache-miss
974 http fetch GET 200 https://registry.npmjs.org/tar 337ms (cache miss)
975 silly packumentCache full:https://registry.npmjs.org/tar set size:undefined disposed:false
976 silly fetch manifest @netlify/local-functions-proxy-linux-ia32@1.1.1
977 silly packumentCache full:https://registry.npmjs.org/@netlify%2flocal-functions-proxy-linux-ia32 cache-miss
978 http fetch GET 200 https://registry.npmjs.org/@sveltejs%2facorn-typescript 1420ms (cache miss)
979 silly packumentCache full:https://registry.npmjs.org/@sveltejs%2facorn-typescript set size:undefined disposed:false
980 silly fetch manifest @netlify/local-functions-proxy-win32-ia32@1.1.1
981 silly packumentCache full:https://registry.npmjs.org/@netlify%2flocal-functions-proxy-win32-ia32 cache-miss
982 http fetch GET 200 https://registry.npmjs.org/escape-string-regexp 324ms (cache miss)
983 silly packumentCache full:https://registry.npmjs.org/escape-string-regexp set size:undefined disposed:false
984 silly fetch manifest @netlify/local-functions-proxy-freebsd-x64@1.1.1
985 silly packumentCache full:https://registry.npmjs.org/@netlify%2flocal-functions-proxy-freebsd-x64 cache-miss
986 http fetch GET 200 https://registry.npmjs.org/parse-imports 578ms (cache miss)
987 silly packumentCache full:https://registry.npmjs.org/parse-imports set size:undefined disposed:false
988 silly fetch manifest @netlify/local-functions-proxy-linux-arm64@1.1.1
989 silly packumentCache full:https://registry.npmjs.org/@netlify%2flocal-functions-proxy-linux-arm64 cache-miss
990 http fetch GET 200 https://registry.npmjs.org/urlpattern-polyfill 453ms (cache miss)
991 silly packumentCache full:https://registry.npmjs.org/urlpattern-polyfill set size:undefined disposed:false
992 silly fetch manifest @netlify/local-functions-proxy-linux-ppc64@1.1.1
993 silly packumentCache full:https://registry.npmjs.org/@netlify%2flocal-functions-proxy-linux-ppc64 cache-miss
994 http fetch GET 200 https://registry.npmjs.org/tmp-promise 464ms (cache miss)
995 silly packumentCache full:https://registry.npmjs.org/tmp-promise set size:undefined disposed:false
996 silly fetch manifest @netlify/local-functions-proxy-openbsd-x64@1.1.1
997 silly packumentCache full:https://registry.npmjs.org/@netlify%2flocal-functions-proxy-openbsd-x64 cache-miss
998 http fetch GET 200 https://registry.npmjs.org/esbuild 1158ms (cache miss)
999 silly packumentCache full:https://registry.npmjs.org/esbuild set size:undefined disposed:false
1000 silly fetch manifest @netlify/local-functions-proxy-darwin-arm64@1.1.1
1001 silly packumentCache full:https://registry.npmjs.org/@netlify%2flocal-functions-proxy-darwin-arm64 cache-miss
1002 http fetch GET 200 https://registry.npmjs.org/ipx 414ms (cache miss)
1003 silly packumentCache full:https://registry.npmjs.org/ipx set size:undefined disposed:false
1004 silly fetch manifest @netlify/local-functions-proxy-freebsd-arm64@1.1.1
1005 silly packumentCache full:https://registry.npmjs.org/@netlify%2flocal-functions-proxy-freebsd-arm64 cache-miss
1006 http fetch GET 200 https://registry.npmjs.org/@netlify%2flocal-functions-proxy-darwin-x64 581ms (cache miss)
1007 silly packumentCache full:https://registry.npmjs.org/@netlify%2flocal-functions-proxy-darwin-x64 set size:undefined disposed:false
1008 silly fetch manifest fast-safe-stringify@^2.1.1
1009 silly packumentCache full:https://registry.npmjs.org/fast-safe-stringify cache-miss
1010 http fetch GET 200 https://registry.npmjs.org/@whatwg-node%2fserver 1896ms (cache miss)
1011 silly packumentCache full:https://registry.npmjs.org/@whatwg-node%2fserver set size:undefined disposed:false
1012 silly fetch manifest @babel/parser@^7.22.5
1013 silly packumentCache full:https://registry.npmjs.org/@babel%2fparser cache-miss
1014 http cache https://registry.npmjs.org/fast-safe-stringify 27ms (cache hit)
1015 silly packumentCache full:https://registry.npmjs.org/fast-safe-stringify set size:76810 disposed:false
1016 silly fetch manifest @babel/types@^7.28.5
1017 silly packumentCache full:https://registry.npmjs.org/@babel%2ftypes cache-miss
1018 http fetch GET 200 https://registry.npmjs.org/typescript 2978ms (cache miss)
1019 silly packumentCache full:https://registry.npmjs.org/typescript set size:undefined disposed:false
1020 silly fetch manifest @netlify/binary-info@^1.0.0
1021 silly packumentCache full:https://registry.npmjs.org/@netlify%2fbinary-info cache-miss
1022 http fetch GET 200 https://registry.npmjs.org/@netlify%2flocal-functions-proxy-linux-x64 921ms (cache miss)
1023 silly packumentCache full:https://registry.npmjs.org/@netlify%2flocal-functions-proxy-linux-x64 set size:undefined disposed:false
1024 silly fetch manifest @netlify/serverless-functions-api@2.18.0
1025 silly packumentCache full:https://registry.npmjs.org/@netlify%2fserverless-functions-api cache-miss
1026 http fetch GET 200 https://registry.npmjs.org/@netlify%2flocal-functions-proxy-win32-x64 889ms (cache miss)
1027 silly packumentCache full:https://registry.npmjs.org/@netlify%2flocal-functions-proxy-win32-x64 set size:undefined disposed:false
1028 silly fetch manifest @vercel/nft@0.29.4
1029 silly packumentCache full:https://registry.npmjs.org/@vercel%2fnft cache-miss
1030 http fetch GET 200 https://registry.npmjs.org/@netlify%2ftypes 1011ms (cache miss)
1031 silly packumentCache full:https://registry.npmjs.org/@netlify%2ftypes set size:undefined disposed:false
1032 silly fetch manifest archiver@^8.0.0
1033 silly packumentCache full:https://registry.npmjs.org/archiver cache-miss
1034 http fetch GET 200 https://registry.npmjs.org/@babel%2fparser 233ms (cache miss)
1035 silly packumentCache full:https://registry.npmjs.org/@babel%2fparser set size:undefined disposed:false
1036 silly fetch manifest copy-file@^11.0.0
1037 silly packumentCache full:https://registry.npmjs.org/copy-file cache-miss
1038 http fetch GET 200 https://registry.npmjs.org/@babel%2ftypes 252ms (cache miss)
1039 silly packumentCache full:https://registry.npmjs.org/@babel%2ftypes set size:undefined disposed:false
1040 silly fetch manifest es-module-lexer@^1.0.0
1041 silly packumentCache full:https://registry.npmjs.org/es-module-lexer cache-miss
1042 http fetch GET 200 https://registry.npmjs.org/@netlify%2flocal-functions-proxy-win32-ia32 802ms (cache miss)
1043 silly packumentCache full:https://registry.npmjs.org/@netlify%2flocal-functions-proxy-win32-ia32 set size:undefined disposed:false
1044 silly fetch manifest fast-glob@^3.3.3
1045 silly packumentCache full:https://registry.npmjs.org/fast-glob cache-miss
1046 http fetch GET 200 https://registry.npmjs.org/es-module-lexer 130ms (cache miss)
1047 silly packumentCache full:https://registry.npmjs.org/es-module-lexer set size:undefined disposed:false
1048 silly fetch manifest is-path-inside@^4.0.0
1049 silly packumentCache full:https://registry.npmjs.org/is-path-inside cache-miss
1050 http fetch GET 200 https://registry.npmjs.org/fast-glob 88ms (cache miss)
1051 silly packumentCache full:https://registry.npmjs.org/fast-glob set size:undefined disposed:false
1052 silly fetch manifest junk@^4.0.0
1053 silly packumentCache full:https://registry.npmjs.org/junk cache-miss
1054 http fetch GET 200 https://registry.npmjs.org/is-path-inside 67ms (cache miss)
1055 silly packumentCache full:https://registry.npmjs.org/is-path-inside set size:undefined disposed:false
1056 silly fetch manifest locate-path@^7.0.0
1057 silly packumentCache full:https://registry.npmjs.org/locate-path cache-miss
1058 http fetch GET 200 https://registry.npmjs.org/@netlify%2flocal-functions-proxy-openbsd-x64 801ms (cache miss)
1059 silly packumentCache full:https://registry.npmjs.org/@netlify%2flocal-functions-proxy-openbsd-x64 set size:undefined disposed:false
1060 silly fetch manifest merge-options@^3.0.4
1061 silly packumentCache full:https://registry.npmjs.org/merge-options cache-miss
1062 http cache https://registry.npmjs.org/locate-path 7ms (cache hit)
1063 silly packumentCache full:https://registry.npmjs.org/locate-path set size:31329 disposed:false
1064 silly fetch manifest normalize-path@^3.0.0
1065 silly packumentCache full:https://registry.npmjs.org/normalize-path cache-miss
1066 http fetch GET 200 https://registry.npmjs.org/@netlify%2flocal-functions-proxy-linux-arm 1200ms (cache miss)
1067 silly packumentCache full:https://registry.npmjs.org/@netlify%2flocal-functions-proxy-linux-arm set size:undefined disposed:false
1068 silly fetch manifest precinct@^12.0.0
1069 silly packumentCache full:https://registry.npmjs.org/precinct cache-miss
1070 http fetch GET 200 https://registry.npmjs.org/@netlify%2flocal-functions-proxy-darwin-arm64 805ms (cache miss)
1071 silly packumentCache full:https://registry.npmjs.org/@netlify%2flocal-functions-proxy-darwin-arm64 set size:undefined disposed:false
1072 silly fetch manifest require-package-name@^2.0.1
1073 silly packumentCache full:https://registry.npmjs.org/require-package-name cache-miss
1074 http fetch GET 200 https://registry.npmjs.org/@netlify%2flocal-functions-proxy-freebsd-arm64 807ms (cache miss)
1075 silly packumentCache full:https://registry.npmjs.org/@netlify%2flocal-functions-proxy-freebsd-arm64 set size:undefined disposed:false
1076 silly fetch manifest resolve@^2.0.0-next.1
1077 silly packumentCache full:https://registry.npmjs.org/resolve cache-miss
1078 http cache https://registry.npmjs.org/resolve 3ms (cache hit)
1079 silly packumentCache full:https://registry.npmjs.org/resolve set size:244568 disposed:false
1080 silly fetch manifest tmp-promise@^3.0.2
1081 silly packumentCache full:https://registry.npmjs.org/tmp-promise cache-miss
1082 http cache https://registry.npmjs.org/tmp-promise 4ms (cache hit)
1083 silly packumentCache full:https://registry.npmjs.org/tmp-promise set size:41540 disposed:false
1084 silly fetch manifest unixify@^1.0.0
1085 silly packumentCache full:https://registry.npmjs.org/unixify cache-miss
1086 http fetch GET 200 https://registry.npmjs.org/junk 77ms (cache miss)
1087 silly packumentCache full:https://registry.npmjs.org/junk set size:undefined disposed:false
1088 silly fetch manifest yargs@^17.0.0
1089 silly packumentCache full:https://registry.npmjs.org/yargs cache-miss
1090 http cache https://registry.npmjs.org/yargs 5ms (cache hit)
1091 silly packumentCache full:https://registry.npmjs.org/yargs set size:759965 disposed:false
1092 silly fetch manifest @octokit/core@^7.0.6
1093 silly packumentCache full:https://registry.npmjs.org/@octokit%2fcore cache-miss
1094 http fetch GET 200 https://registry.npmjs.org/normalize-path 88ms (cache miss)
1095 silly packumentCache full:https://registry.npmjs.org/normalize-path set size:undefined disposed:false
1096 silly fetch manifest @octokit/plugin-request-log@^6.0.0
1097 silly packumentCache full:https://registry.npmjs.org/@octokit%2fplugin-request-log cache-miss
1098 http fetch GET 200 https://registry.npmjs.org/merge-options 96ms (cache miss)
1099 silly packumentCache full:https://registry.npmjs.org/merge-options set size:undefined disposed:false
1100 silly fetch manifest @octokit/plugin-paginate-rest@^14.0.0
1101 silly packumentCache full:https://registry.npmjs.org/@octokit%2fplugin-paginate-rest cache-miss
1102 http fetch GET 200 https://registry.npmjs.org/copy-file 319ms (cache miss)
1103 silly packumentCache full:https://registry.npmjs.org/copy-file set size:undefined disposed:false
1104 silly fetch manifest @octokit/plugin-rest-endpoint-methods@^17.0.0
1105 silly packumentCache full:https://registry.npmjs.org/@octokit%2fplugin-rest-endpoint-methods cache-miss
1106 http fetch GET 200 https://registry.npmjs.org/archiver 344ms (cache miss)
1107 silly packumentCache full:https://registry.npmjs.org/archiver set size:undefined disposed:false
1108 silly fetch manifest debug@^4.3.1
1109 silly packumentCache full:https://registry.npmjs.org/debug cache-hit
1110 silly fetch manifest enquirer@^2.3.6
1111 silly packumentCache full:https://registry.npmjs.org/enquirer cache-miss
1112 http fetch GET 200 https://registry.npmjs.org/@netlify%2flocal-functions-proxy-freebsd-x64 1154ms (cache miss)
1113 silly packumentCache full:https://registry.npmjs.org/@netlify%2flocal-functions-proxy-freebsd-x64 set size:undefined disposed:false
1114 silly fetch manifest minimist@^1.2.5
1115 silly packumentCache full:https://registry.npmjs.org/minimist cache-miss
1116 http fetch GET 200 https://registry.npmjs.org/@netlify%2fserverless-functions-api 769ms (cache miss)
1117 silly packumentCache full:https://registry.npmjs.org/@netlify%2fserverless-functions-api set size:undefined disposed:false
1118 silly fetch manifest untildify@^4.0.0
1119 silly packumentCache full:https://registry.npmjs.org/untildify cache-miss
1120 http fetch GET 200 https://registry.npmjs.org/require-package-name 496ms (cache miss)
1121 silly packumentCache full:https://registry.npmjs.org/require-package-name set size:undefined disposed:false
1122 silly fetch manifest environment@^1.0.0
1123 silly packumentCache full:https://registry.npmjs.org/environment cache-miss
1124 http fetch GET 200 https://registry.npmjs.org/@netlify%2flocal-functions-proxy-linux-ppc64 1341ms (cache miss)
1125 silly packumentCache full:https://registry.npmjs.org/@netlify%2flocal-functions-proxy-linux-ppc64 set size:undefined disposed:false
1126 silly fetch manifest entities@^2.2.0
1127 silly packumentCache full:https://registry.npmjs.org/entities cache-miss
1128 http fetch GET 200 https://registry.npmjs.org/precinct 530ms (cache miss)
1129 silly packumentCache full:https://registry.npmjs.org/precinct set size:undefined disposed:false
1130 silly fetch manifest precond@0.2
1131 silly packumentCache full:https://registry.npmjs.org/precond cache-miss
1132 http fetch GET 200 https://registry.npmjs.org/@netlify%2flocal-functions-proxy-linux-arm64 1405ms (cache miss)
1133 silly packumentCache full:https://registry.npmjs.org/@netlify%2flocal-functions-proxy-linux-arm64 set size:undefined disposed:false
1134 silly fetch manifest ansi-align@^3.0.1
1135 silly packumentCache full:https://registry.npmjs.org/ansi-align cache-miss
1136 http fetch GET 200 https://registry.npmjs.org/minimist 299ms (cache miss)
1137 silly packumentCache full:https://registry.npmjs.org/minimist set size:undefined disposed:false
1138 silly fetch manifest camelcase@^8.0.0
1139 silly packumentCache full:https://registry.npmjs.org/camelcase cache-miss
1140 http fetch GET 200 https://registry.npmjs.org/enquirer 454ms (cache miss)
1141 silly packumentCache full:https://registry.npmjs.org/enquirer set size:undefined disposed:false
1142 silly fetch manifest chalk@^5.3.0
1143 silly packumentCache full:https://registry.npmjs.org/chalk cache-hit
1144 silly fetch manifest cli-boxes@^3.0.0
1145 silly packumentCache full:https://registry.npmjs.org/cli-boxes cache-miss
1146 http fetch GET 200 https://registry.npmjs.org/@netlify%2fbinary-info 870ms (cache miss)
1147 silly packumentCache full:https://registry.npmjs.org/@netlify%2fbinary-info set size:undefined disposed:false
1148 silly fetch manifest string-width@^7.2.0
1149 silly packumentCache full:https://registry.npmjs.org/string-width cache-miss
1150 http fetch GET 200 https://registry.npmjs.org/environment 56ms (cache miss)
1151 silly packumentCache full:https://registry.npmjs.org/environment set size:undefined disposed:false
1152 silly fetch manifest type-fest@^4.21.0
1153 silly packumentCache full:https://registry.npmjs.org/type-fest cache-miss
1154 http fetch GET 200 https://registry.npmjs.org/@netlify%2flocal-functions-proxy-linux-ia32 1549ms (cache miss)
1155 silly packumentCache full:https://registry.npmjs.org/@netlify%2flocal-functions-proxy-linux-ia32 set size:undefined disposed:false
1156 silly fetch manifest widest-line@^5.0.0
1157 silly packumentCache full:https://registry.npmjs.org/widest-line cache-miss
1158 http fetch GET 200 https://registry.npmjs.org/untildify 128ms (cache miss)
1159 silly packumentCache full:https://registry.npmjs.org/untildify set size:undefined disposed:false
1160 silly fetch manifest wrap-ansi@^9.0.0
1161 silly packumentCache full:https://registry.npmjs.org/wrap-ansi cache-miss
1162 http fetch GET 200 https://registry.npmjs.org/@vercel%2fnft 945ms (cache miss)
1163 silly packumentCache full:https://registry.npmjs.org/@vercel%2fnft set size:undefined disposed:false
1164 silly fetch manifest readdirp@^4.0.1
1165 silly packumentCache full:https://registry.npmjs.org/readdirp cache-hit
1166 silly fetch manifest lodash.isempty@^4.4.0
1167 silly packumentCache full:https://registry.npmjs.org/lodash.isempty cache-miss
1168 http fetch GET 200 https://registry.npmjs.org/camelcase 218ms (cache miss)
1169 silly packumentCache full:https://registry.npmjs.org/camelcase set size:undefined disposed:false
1170 silly fetch manifest lodash.isplainobject@^4.0.6
1171 silly packumentCache full:https://registry.npmjs.org/lodash.isplainobject cache-miss
1172 http fetch GET 200 https://registry.npmjs.org/string-width 239ms (cache revalidated)
1173 silly packumentCache full:https://registry.npmjs.org/string-width set size:72458 disposed:false
1174 silly fetch manifest lodash.transform@^4.6.0
1175 silly packumentCache full:https://registry.npmjs.org/lodash.transform cache-miss
1176 http fetch GET 200 https://registry.npmjs.org/entities 271ms (cache miss)
1177 silly packumentCache full:https://registry.npmjs.org/entities set size:undefined disposed:false
1178 silly fetch manifest esprima@^4.0.1
1179 silly packumentCache full:https://registry.npmjs.org/esprima cache-miss
1180 http fetch GET 200 https://registry.npmjs.org/cli-boxes 304ms (cache miss)
1181 silly packumentCache full:https://registry.npmjs.org/cli-boxes set size:undefined disposed:false
1182 silly fetch manifest array-timsort@^1.0.3
1183 silly packumentCache full:https://registry.npmjs.org/array-timsort cache-miss
1184 http fetch GET 200 https://registry.npmjs.org/unixify 931ms (cache miss)
1185 silly packumentCache full:https://registry.npmjs.org/unixify set size:undefined disposed:false
1186 silly fetch manifest luxon@^3.2.1
1187 silly packumentCache full:https://registry.npmjs.org/luxon cache-miss
1188 http fetch GET 200 https://registry.npmjs.org/@octokit%2fplugin-request-log 904ms (cache miss)
1189 silly packumentCache full:https://registry.npmjs.org/@octokit%2fplugin-request-log set size:undefined disposed:false
1190 silly fetch manifest ms@^2.1.3
1191 silly packumentCache full:https://registry.npmjs.org/ms cache-miss
1192 http fetch GET 200 https://registry.npmjs.org/@octokit%2fcore 938ms (cache miss)
1193 silly packumentCache full:https://registry.npmjs.org/@octokit%2fcore set size:undefined disposed:false
1194 silly fetch manifest callsite@^1.0.0
1195 silly packumentCache full:https://registry.npmjs.org/callsite cache-miss
1196 http fetch GET 200 https://registry.npmjs.org/wrap-ansi 402ms (cache revalidated)
1197 silly packumentCache full:https://registry.npmjs.org/wrap-ansi set size:55299 disposed:false
1198 silly fetch manifest type-fest@^5.0.0
1199 silly packumentCache full:https://registry.npmjs.org/type-fest cache-miss
1200 http fetch GET 200 https://registry.npmjs.org/precond 577ms (cache miss)
1201 silly packumentCache full:https://registry.npmjs.org/precond set size:undefined disposed:false
1202 silly fetch manifest is-safe-filename@^0.1.0
1203 silly packumentCache full:https://registry.npmjs.org/is-safe-filename cache-miss
1204 http fetch GET 200 https://registry.npmjs.org/ansi-align 574ms (cache miss)
1205 silly packumentCache full:https://registry.npmjs.org/ansi-align set size:undefined disposed:false
1206 silly fetch manifest onetime@^5.1.2
1207 silly packumentCache full:https://registry.npmjs.org/onetime cache-miss
1208 http fetch GET 200 https://registry.npmjs.org/lodash.isplainobject 358ms (cache revalidated)
1209 silly packumentCache full:https://registry.npmjs.org/lodash.isplainobject set size:38531 disposed:false
1210 silly fetch manifest is-stream@^2.0.0
1211 silly packumentCache full:https://registry.npmjs.org/is-stream cache-hit
1212 silly fetch manifest get-stream@^6.0.0
1213 silly packumentCache full:https://registry.npmjs.org/get-stream cache-miss
1214 http fetch GET 200 https://registry.npmjs.org/esprima 340ms (cache miss)
1215 silly packumentCache full:https://registry.npmjs.org/esprima set size:undefined disposed:false
1216 silly fetch manifest cross-spawn@^7.0.3
1217 silly packumentCache full:https://registry.npmjs.org/cross-spawn cache-miss
1218 http fetch GET 200 https://registry.npmjs.org/@octokit%2fplugin-rest-endpoint-methods 1059ms (cache miss)
1219 silly packumentCache full:https://registry.npmjs.org/@octokit%2fplugin-rest-endpoint-methods set size:undefined disposed:false
1220 silly fetch manifest signal-exit@^3.0.3
1221 silly packumentCache full:https://registry.npmjs.org/signal-exit cache-miss
1222 http fetch GET 200 https://registry.npmjs.org/array-timsort 295ms (cache miss)
1223 silly packumentCache full:https://registry.npmjs.org/array-timsort set size:undefined disposed:false
1224 silly fetch manifest merge-stream@^2.0.0
1225 silly packumentCache full:https://registry.npmjs.org/merge-stream cache-miss
1226 http fetch GET 200 https://registry.npmjs.org/widest-line 566ms (cache miss)
1227 silly packumentCache full:https://registry.npmjs.org/widest-line set size:undefined disposed:false
1228 silly fetch manifest npm-run-path@^4.0.1
1229 silly packumentCache full:https://registry.npmjs.org/npm-run-path cache-miss
1230 http fetch GET 200 https://registry.npmjs.org/lodash.isempty 479ms (cache miss)
1231 silly packumentCache full:https://registry.npmjs.org/lodash.isempty set size:undefined disposed:false
1232 silly fetch manifest human-signals@^2.1.0
1233 silly packumentCache full:https://registry.npmjs.org/human-signals cache-miss
1234 http fetch GET 200 https://registry.npmjs.org/type-fest 610ms (cache miss)
1235 silly packumentCache full:https://registry.npmjs.org/type-fest set size:undefined disposed:false
1236 silly fetch manifest strip-final-newline@^2.0.0
1237 silly packumentCache full:https://registry.npmjs.org/strip-final-newline cache-miss
1238 http fetch GET 200 https://registry.npmjs.org/ms 196ms (cache revalidated)
1239 silly packumentCache full:https://registry.npmjs.org/ms set size:92208 disposed:false
1240 silly fetch manifest qs@^6.14.0
1241 silly packumentCache full:https://registry.npmjs.org/qs cache-miss
1242 http fetch GET 200 https://registry.npmjs.org/@octokit%2fplugin-paginate-rest 1107ms (cache miss)
1243 silly packumentCache full:https://registry.npmjs.org/@octokit%2fplugin-paginate-rest set size:undefined disposed:false
1244 silly fetch manifest depd@^2.0.0
1245 silly packumentCache full:https://registry.npmjs.org/depd cache-miss
1246 http fetch GET 200 https://registry.npmjs.org/lodash.transform 405ms (cache miss)
1247 silly packumentCache full:https://registry.npmjs.org/lodash.transform set size:undefined disposed:false
1248 silly fetch manifest once@^1.4.0
1249 silly packumentCache full:https://registry.npmjs.org/once cache-miss
1250 http fetch GET 200 https://registry.npmjs.org/onetime 98ms (cache miss)
1251 silly packumentCache full:https://registry.npmjs.org/onetime set size:undefined disposed:false
1252 silly fetch manifest send@^1.1.0
1253 silly packumentCache full:https://registry.npmjs.org/send cache-miss
1254 http fetch GET 200 https://registry.npmjs.org/get-stream 94ms (cache miss)
1255 silly packumentCache full:https://registry.npmjs.org/get-stream set size:undefined disposed:false
1256 silly fetch manifest vary@^1.1.2
1257 silly packumentCache full:https://registry.npmjs.org/vary cache-miss
1258 http fetch GET 200 https://registry.npmjs.org/luxon 255ms (cache miss)
1259 silly packumentCache full:https://registry.npmjs.org/luxon set size:undefined disposed:false
1260 silly fetch manifest fresh@^2.0.0
1261 silly packumentCache full:https://registry.npmjs.org/fresh cache-miss
1262 http fetch GET 200 https://registry.npmjs.org/cross-spawn 90ms (cache revalidated)
1263 silly packumentCache full:https://registry.npmjs.org/cross-spawn set size:109066 disposed:false
1264 silly fetch manifest cookie@^0.7.1
1265 silly packumentCache full:https://registry.npmjs.org/cookie cache-miss
1266 http fetch GET 200 https://registry.npmjs.org/npm-run-path 77ms (cache miss)
1267 silly packumentCache full:https://registry.npmjs.org/npm-run-path set size:undefined disposed:false
1268 silly fetch manifest router@^2.2.0
1269 silly packumentCache full:https://registry.npmjs.org/router cache-miss
1270 http fetch GET 200 https://registry.npmjs.org/merge-stream 83ms (cache miss)
1271 silly packumentCache full:https://registry.npmjs.org/merge-stream set size:undefined disposed:false
1272 silly fetch manifest accepts@^2.0.0
1273 silly packumentCache full:https://registry.npmjs.org/accepts cache-miss
1274 http cache https://registry.npmjs.org/cookie 9ms (cache hit)
1275 silly packumentCache full:https://registry.npmjs.org/cookie set size:78274 disposed:false
1276 silly fetch manifest type-is@^2.0.1
1277 silly packumentCache full:https://registry.npmjs.org/type-is cache-miss
1278 http fetch GET 200 https://registry.npmjs.org/strip-final-newline 148ms (cache miss)
1279 silly packumentCache full:https://registry.npmjs.org/strip-final-newline set size:undefined disposed:false
1280 silly fetch manifest parseurl@^1.3.3
1281 silly packumentCache full:https://registry.npmjs.org/parseurl cache-miss
1282 http fetch GET 200 https://registry.npmjs.org/signal-exit 174ms (cache revalidated)
1283 silly packumentCache full:https://registry.npmjs.org/signal-exit set size:53489 disposed:false
1284 silly fetch manifest statuses@^2.0.1
1285 silly packumentCache full:https://registry.npmjs.org/statuses cache-miss
1286 http fetch GET 200 https://registry.npmjs.org/human-signals 169ms (cache miss)
1287 silly packumentCache full:https://registry.npmjs.org/human-signals set size:undefined disposed:false
1288 silly fetch manifest encodeurl@^2.0.0
1289 silly packumentCache full:https://registry.npmjs.org/encodeurl cache-miss
1290 http fetch GET 200 https://registry.npmjs.org/once 151ms (cache revalidated)
1291 silly packumentCache full:https://registry.npmjs.org/once set size:11752 disposed:false
1292 silly fetch manifest mime-types@^3.0.0
1293 silly packumentCache full:https://registry.npmjs.org/mime-types cache-miss
1294 http fetch GET 200 https://registry.npmjs.org/depd 158ms (cache miss)
1295 silly packumentCache full:https://registry.npmjs.org/depd set size:undefined disposed:false
1296 silly fetch manifest proxy-addr@^2.0.7
1297 silly packumentCache full:https://registry.npmjs.org/proxy-addr cache-miss
1298 http fetch GET 200 https://registry.npmjs.org/vary 173ms (cache miss)
1299 silly packumentCache full:https://registry.npmjs.org/vary set size:undefined disposed:false
1300 silly fetch manifest body-parser@^2.2.1
1301 silly packumentCache full:https://registry.npmjs.org/body-parser cache-miss
1302 http fetch GET 200 https://registry.npmjs.org/qs 249ms (cache miss)
1303 silly packumentCache full:https://registry.npmjs.org/qs set size:undefined disposed:false
1304 silly fetch manifest escape-html@^1.0.3
1305 silly packumentCache full:https://registry.npmjs.org/escape-html cache-miss
1306 http fetch GET 200 https://registry.npmjs.org/callsite 455ms (cache miss)
1307 silly packumentCache full:https://registry.npmjs.org/callsite set size:undefined disposed:false
1308 silly fetch manifest http-errors@^2.0.0
1309 silly packumentCache full:https://registry.npmjs.org/http-errors cache-miss
1310 http fetch GET 200 https://registry.npmjs.org/accepts 231ms (cache miss)
1311 silly packumentCache full:https://registry.npmjs.org/accepts set size:undefined disposed:false
1312 silly fetch manifest on-finished@^2.4.1
1313 silly packumentCache full:https://registry.npmjs.org/on-finished cache-miss
1314 http fetch GET 200 https://registry.npmjs.org/router 239ms (cache miss)
1315 silly packumentCache full:https://registry.npmjs.org/router set size:undefined disposed:false
1316 silly fetch manifest finalhandler@^2.1.0
1317 silly packumentCache full:https://registry.npmjs.org/finalhandler cache-miss
1318 http fetch GET 200 https://registry.npmjs.org/type-fest 483ms (cache miss)
1319 silly packumentCache full:https://registry.npmjs.org/type-fest set size:undefined disposed:false
1320 silly fetch manifest range-parser@^1.2.1
1321 silly packumentCache full:https://registry.npmjs.org/range-parser cache-miss
1322 http fetch GET 200 https://registry.npmjs.org/type-is 281ms (cache miss)
1323 silly packumentCache full:https://registry.npmjs.org/type-is set size:undefined disposed:false
1324 silly fetch manifest serve-static@^2.2.0
1325 silly packumentCache full:https://registry.npmjs.org/serve-static cache-miss
1326 http fetch GET 200 https://registry.npmjs.org/mime-types 200ms (cache revalidated)
1327 silly packumentCache full:https://registry.npmjs.org/mime-types set size:139110 disposed:false
1328 silly fetch manifest cookie-signature@^1.2.1
1329 silly packumentCache full:https://registry.npmjs.org/cookie-signature cache-miss
1330 http fetch GET 200 https://registry.npmjs.org/is-safe-filename 449ms (cache miss)
1331 silly packumentCache full:https://registry.npmjs.org/is-safe-filename set size:undefined disposed:false
1332 silly fetch manifest merge-descriptors@^2.0.0
1333 silly packumentCache full:https://registry.npmjs.org/merge-descriptors cache-miss
1334 http fetch GET 200 https://registry.npmjs.org/encodeurl 231ms (cache miss)
1335 silly packumentCache full:https://registry.npmjs.org/encodeurl set size:undefined disposed:false
1336 silly fetch manifest content-disposition@^1.0.0
1337 silly packumentCache full:https://registry.npmjs.org/content-disposition cache-miss
1338 http fetch GET 200 https://registry.npmjs.org/parseurl 238ms (cache miss)
1339 silly packumentCache full:https://registry.npmjs.org/parseurl set size:undefined disposed:false
1340 silly fetch manifest on-headers@^1.0.0
1341 silly packumentCache full:https://registry.npmjs.org/on-headers cache-miss
1342 http fetch GET 200 https://registry.npmjs.org/statuses 239ms (cache miss)
1343 silly packumentCache full:https://registry.npmjs.org/statuses set size:undefined disposed:false
1344 silly fetch manifest pino@^9.14.0 || ^10.1.0
1345 silly packumentCache full:https://registry.npmjs.org/pino cache-miss
1346 http fetch GET 200 https://registry.npmjs.org/proxy-addr 214ms (cache miss)
1347 silly packumentCache full:https://registry.npmjs.org/proxy-addr set size:undefined disposed:false
1348 silly fetch manifest rfdc@^1.3.1
1349 silly packumentCache full:https://registry.npmjs.org/rfdc cache-miss
1350 http fetch GET 200 https://registry.npmjs.org/escape-html 139ms (cache miss)
1351 silly packumentCache full:https://registry.npmjs.org/escape-html set size:undefined disposed:false
1352 silly fetch manifest avvio@^9.0.0
1353 silly packumentCache full:https://registry.npmjs.org/avvio cache-miss
1354 http cache https://registry.npmjs.org/rfdc 18ms (cache hit)
1355 silly packumentCache full:https://registry.npmjs.org/rfdc set size:45382 disposed:false
1356 silly fetch manifest semver@^7.6.0
1357 silly packumentCache full:https://registry.npmjs.org/semver cache-hit
1358 silly fetch manifest toad-cache@^3.7.0
1359 silly packumentCache full:https://registry.npmjs.org/toad-cache cache-miss
1360 http cache https://registry.npmjs.org/content-disposition 34ms (cache hit)
1361 silly packumentCache full:https://registry.npmjs.org/content-disposition set size:45446 disposed:false
1362 silly fetch manifest find-my-way@^9.6.0
1363 silly packumentCache full:https://registry.npmjs.org/find-my-way cache-miss
1364 http fetch GET 200 https://registry.npmjs.org/fresh 377ms (cache miss)
1365 silly packumentCache full:https://registry.npmjs.org/fresh set size:undefined disposed:false
1366 silly fetch manifest process-warning@^5.1.0
1367 silly packumentCache full:https://registry.npmjs.org/process-warning cache-miss
1368 http fetch GET 200 https://registry.npmjs.org/body-parser 214ms (cache miss)
1369 silly packumentCache full:https://registry.npmjs.org/body-parser set size:undefined disposed:false
1370 silly fetch manifest abstract-logging@^2.0.1
1371 silly packumentCache full:https://registry.npmjs.org/abstract-logging cache-miss
1372 http fetch GET 200 https://registry.npmjs.org/http-errors 160ms (cache miss)
1373 silly packumentCache full:https://registry.npmjs.org/http-errors set size:undefined disposed:false
1374 silly fetch manifest light-my-request@^6.0.0
1375 silly packumentCache full:https://registry.npmjs.org/light-my-request cache-miss
1376 http fetch GET 200 https://registry.npmjs.org/finalhandler 134ms (cache miss)
1377 silly packumentCache full:https://registry.npmjs.org/finalhandler set size:undefined disposed:false
1378 silly fetch manifest secure-json-parse@^4.0.0
1379 silly packumentCache full:https://registry.npmjs.org/secure-json-parse cache-miss
1380 http fetch GET 200 https://registry.npmjs.org/on-finished 143ms (cache miss)
1381 silly packumentCache full:https://registry.npmjs.org/on-finished set size:undefined disposed:false
1382 silly fetch manifest @fastify/proxy-addr@^5.0.0
1383 silly packumentCache full:https://registry.npmjs.org/@fastify%2fproxy-addr cache-miss
1384 http fetch GET 200 https://registry.npmjs.org/send 407ms (cache miss)
1385 silly packumentCache full:https://registry.npmjs.org/send set size:undefined disposed:false
1386 silly fetch manifest fast-json-stringify@^7.0.0
1387 silly packumentCache full:https://registry.npmjs.org/fast-json-stringify cache-miss
1388 http fetch GET 200 https://registry.npmjs.org/range-parser 105ms (cache miss)
1389 silly packumentCache full:https://registry.npmjs.org/range-parser set size:undefined disposed:false
1390 silly fetch manifest @fastify/ajv-compiler@^4.0.5
1391 silly packumentCache full:https://registry.npmjs.org/@fastify%2fajv-compiler cache-miss
1392 http fetch GET 200 https://registry.npmjs.org/cookie-signature 76ms (cache miss)
1393 silly packumentCache full:https://registry.npmjs.org/cookie-signature set size:undefined disposed:false
1394 silly fetch manifest @fastify/fast-json-stringify-compiler@^5.0.0
1395 silly packumentCache full:https://registry.npmjs.org/@fastify%2ffast-json-stringify-compiler cache-miss
1396 http fetch GET 200 https://registry.npmjs.org/merge-descriptors 77ms (cache miss)
1397 silly packumentCache full:https://registry.npmjs.org/merge-descriptors set size:undefined disposed:false
1398 silly fetch manifest unicorn-magic@^0.3.0
1399 silly packumentCache full:https://registry.npmjs.org/unicorn-magic cache-miss
1400 http fetch GET 200 https://registry.npmjs.org/serve-static 130ms (cache miss)
1401 silly packumentCache full:https://registry.npmjs.org/serve-static set size:undefined disposed:false
1402 silly fetch manifest from2@^2.1.0
1403 silly packumentCache full:https://registry.npmjs.org/from2 cache-miss
1404 http fetch GET 200 https://registry.npmjs.org/process-warning 67ms (cache miss)
1405 silly packumentCache full:https://registry.npmjs.org/process-warning set size:undefined disposed:false
1406 silly fetch manifest ini@^1.3.2
1407 silly packumentCache full:https://registry.npmjs.org/ini cache-miss
1408 http fetch GET 200 https://registry.npmjs.org/secure-json-parse 102ms (cache miss)
1409 silly packumentCache full:https://registry.npmjs.org/secure-json-parse set size:undefined disposed:false
1410 silly fetch manifest eventemitter3@^4.0.0
1411 silly packumentCache full:https://registry.npmjs.org/eventemitter3 cache-miss
1412 http fetch GET 200 https://registry.npmjs.org/light-my-request 111ms (cache miss)
1413 silly packumentCache full:https://registry.npmjs.org/light-my-request set size:undefined disposed:false
1414 silly fetch manifest requires-port@^1.0.0
1415 silly packumentCache full:https://registry.npmjs.org/requires-port cache-miss
1416 http fetch GET 200 https://registry.npmjs.org/ini 81ms (cache miss)
1417 silly packumentCache full:https://registry.npmjs.org/ini set size:undefined disposed:false
1418 silly fetch manifest follow-redirects@^1.0.0
1419 silly packumentCache full:https://registry.npmjs.org/follow-redirects cache-miss
1420 http fetch GET 200 https://registry.npmjs.org/requires-port 73ms (cache miss)
1421 silly packumentCache full:https://registry.npmjs.org/requires-port set size:undefined disposed:false
1422 silly fetch manifest is-glob@^4.0.3
1423 silly packumentCache full:https://registry.npmjs.org/is-glob cache-miss
1424 http fetch GET 200 https://registry.npmjs.org/eventemitter3 82ms (cache miss)
1425 silly packumentCache full:https://registry.npmjs.org/eventemitter3 set size:undefined disposed:false
1426 silly fetch manifest micromatch@^4.0.8
1427 silly packumentCache full:https://registry.npmjs.org/micromatch cache-miss
1428 http fetch GET 200 https://registry.npmjs.org/follow-redirects 82ms (cache miss)
1429 silly packumentCache full:https://registry.npmjs.org/follow-redirects set size:undefined disposed:false
1430 silly fetch manifest is-plain-object@^5.0.0
1431 silly packumentCache full:https://registry.npmjs.org/is-plain-object cache-miss
1432 http fetch GET 200 https://registry.npmjs.org/is-glob 69ms (cache miss)
1433 silly packumentCache full:https://registry.npmjs.org/is-glob set size:undefined disposed:false
1434 silly fetch manifest @types/http-proxy@^1.17.15
1435 silly packumentCache full:https://registry.npmjs.org/@types%2fhttp-proxy cache-miss
1436 http fetch GET 200 https://registry.npmjs.org/on-headers 349ms (cache miss)
1437 silly packumentCache full:https://registry.npmjs.org/on-headers set size:undefined disposed:false
1438 silly fetch manifest agent-base@8.0.0
1439 silly packumentCache full:https://registry.npmjs.org/agent-base cache-miss
1440 http fetch GET 200 https://registry.npmjs.org/abstract-logging 348ms (cache miss)
1441 silly packumentCache full:https://registry.npmjs.org/abstract-logging set size:undefined disposed:false
1442 silly fetch manifest ora@^5.4.1
1443 silly packumentCache full:https://registry.npmjs.org/ora cache-miss
1444 http fetch GET 200 https://registry.npmjs.org/toad-cache 402ms (cache miss)
1445 silly packumentCache full:https://registry.npmjs.org/toad-cache set size:undefined disposed:false
1446 silly fetch manifest rxjs@^7.5.5
1447 silly packumentCache full:https://registry.npmjs.org/rxjs cache-miss
1448 http fetch GET 200 https://registry.npmjs.org/avvio 417ms (cache miss)
1449 silly packumentCache full:https://registry.npmjs.org/avvio set size:undefined disposed:false
1450 silly fetch manifest chalk@^4.1.1
1451 silly packumentCache full:https://registry.npmjs.org/chalk cache-hit
1452 silly fetch manifest lodash@^4.17.21
1453 silly packumentCache full:https://registry.npmjs.org/lodash cache-miss
1454 http fetch GET 200 https://registry.npmjs.org/unicorn-magic 390ms (cache miss)
1455 silly packumentCache full:https://registry.npmjs.org/unicorn-magic set size:undefined disposed:false
1456 silly fetch manifest figures@^3.0.0
1457 silly packumentCache full:https://registry.npmjs.org/figures cache-miss
1458 http cache https://registry.npmjs.org/figures 5ms (cache hit)
1459 silly packumentCache full:https://registry.npmjs.org/figures set size:64597 disposed:false
1460 silly fetch manifest through@^2.3.6
1461 silly packumentCache full:https://registry.npmjs.org/through cache-miss
1462 http fetch GET 200 https://registry.npmjs.org/@types%2fhttp-proxy 172ms (cache miss)
1463 silly packumentCache full:https://registry.npmjs.org/@types%2fhttp-proxy set size:undefined disposed:false
1464 silly fetch manifest cli-width@^3.0.0
1465 silly packumentCache full:https://registry.npmjs.org/cli-width cache-miss
1466 http fetch GET 200 https://registry.npmjs.org/find-my-way 470ms (cache miss)
1467 silly packumentCache full:https://registry.npmjs.org/find-my-way set size:undefined disposed:false
1468 silly fetch manifest run-async@^2.4.0
1469 silly packumentCache full:https://registry.npmjs.org/run-async cache-miss
1470 http fetch GET 200 https://registry.npmjs.org/fast-json-stringify 460ms (cache miss)
1471 silly packumentCache full:https://registry.npmjs.org/fast-json-stringify set size:undefined disposed:false
1472 silly fetch manifest wrap-ansi@^6.0.1
1473 silly packumentCache full:https://registry.npmjs.org/wrap-ansi cache-hit
1474 silly fetch manifest cli-cursor@^3.1.0
1475 silly packumentCache full:https://registry.npmjs.org/cli-cursor cache-miss
1476 http fetch GET 200 https://registry.npmjs.org/agent-base 176ms (cache revalidated)
1477 silly packumentCache full:https://registry.npmjs.org/agent-base set size:72085 disposed:false
1478 silly fetch manifest strip-ansi@^6.0.0
1479 silly packumentCache full:https://registry.npmjs.org/strip-ansi cache-miss
1480 http fetch GET 200 https://registry.npmjs.org/from2 435ms (cache miss)
1481 silly packumentCache full:https://registry.npmjs.org/from2 set size:undefined disposed:false
1482 silly fetch manifest mute-stream@0.0.8
1483 silly packumentCache full:https://registry.npmjs.org/mute-stream cache-miss
1484 http fetch GET 200 https://registry.npmjs.org/pino 534ms (cache miss)
1485 silly packumentCache full:https://registry.npmjs.org/pino set size:undefined disposed:false
1486 silly fetch manifest ansi-escapes@^4.2.1
1487 silly packumentCache full:https://registry.npmjs.org/ansi-escapes cache-hit
1488 silly fetch manifest string-width@^4.1.0
1489 silly packumentCache full:https://registry.npmjs.org/string-width cache-hit
1490 silly fetch manifest @inquirer/external-editor@^1.0.0
1491 silly packumentCache full:https://registry.npmjs.org/@inquirer%2fexternal-editor cache-miss
1492 http fetch GET 200 https://registry.npmjs.org/ora 161ms (cache miss)
1493 silly packumentCache full:https://registry.npmjs.org/ora set size:undefined disposed:false
1494 silly fetch manifest ansi-escapes@^4.3.1
1495 silly packumentCache full:https://registry.npmjs.org/ansi-escapes cache-hit
1496 silly fetch manifest chalk@^4.0.0
1497 silly packumentCache full:https://registry.npmjs.org/chalk cache-hit
1498 silly fetch manifest figures@^3.2.0
1499 silly packumentCache full:https://registry.npmjs.org/figures cache-hit
1500 silly fetch manifest run-async@^2.4.0
1501 silly packumentCache full:https://registry.npmjs.org/run-async cache-miss
1502 http fetch GET 200 https://registry.npmjs.org/lodash 135ms (cache miss)
1503 silly packumentCache full:https://registry.npmjs.org/lodash set size:undefined disposed:false
1504 silly fetch manifest rxjs@^6.6.2
1505 silly packumentCache full:https://registry.npmjs.org/rxjs cache-miss
1506 http fetch GET 200 https://registry.npmjs.org/rxjs 150ms (cache miss)
1507 silly packumentCache full:https://registry.npmjs.org/rxjs set size:undefined disposed:false
1508 silly fetch manifest is-inside-container@^1.0.0
1509 silly packumentCache full:https://registry.npmjs.org/is-inside-container cache-miss
1510 http fetch GET 200 https://registry.npmjs.org/is-plain-object 320ms (cache miss)
1511 silly packumentCache full:https://registry.npmjs.org/is-plain-object set size:undefined disposed:false
1512 silly fetch manifest ms@^2.1.1
1513 silly packumentCache full:https://registry.npmjs.org/ms cache-hit
1514 silly fetch manifest jws@^4.0.1
1515 silly packumentCache full:https://registry.npmjs.org/jws cache-miss
1516 http fetch GET 200 https://registry.npmjs.org/cli-cursor 78ms (cache miss)
1517 silly packumentCache full:https://registry.npmjs.org/cli-cursor set size:undefined disposed:false
1518 silly fetch manifest semver@^7.5.4
1519 silly packumentCache full:https://registry.npmjs.org/semver cache-hit
1520 silly fetch manifest lodash.once@^4.0.0
1521 silly packumentCache full:https://registry.npmjs.org/lodash.once cache-miss
1522 http fetch GET 200 https://registry.npmjs.org/strip-ansi 82ms (cache revalidated)
1523 silly packumentCache full:https://registry.npmjs.org/strip-ansi set size:44998 disposed:false
1524 silly fetch manifest lodash.includes@^4.3.0
1525 silly packumentCache full:https://registry.npmjs.org/lodash.includes cache-miss
1526 http fetch GET 200 https://registry.npmjs.org/@fastify%2fajv-compiler 555ms (cache miss)
1527 silly packumentCache full:https://registry.npmjs.org/@fastify%2fajv-compiler set size:undefined disposed:false
1528 silly fetch manifest lodash.isnumber@^3.0.3
1529 silly packumentCache full:https://registry.npmjs.org/lodash.isnumber cache-miss
1530 http fetch GET 200 https://registry.npmjs.org/jws 64ms (cache revalidated)
1531 silly packumentCache full:https://registry.npmjs.org/jws set size:48740 disposed:false
1532 silly fetch manifest lodash.isstring@^4.0.1
1533 silly packumentCache full:https://registry.npmjs.org/lodash.isstring cache-miss
1534 http fetch GET 200 https://registry.npmjs.org/lodash.once 61ms (cache revalidated)
1535 silly packumentCache full:https://registry.npmjs.org/lodash.once set size:23407 disposed:false
1536 silly fetch manifest lodash.isboolean@^3.0.3
1537 silly packumentCache full:https://registry.npmjs.org/lodash.isboolean cache-miss
1538 http fetch GET 200 https://registry.npmjs.org/is-inside-container 76ms (cache miss)
1539 silly packumentCache full:https://registry.npmjs.org/is-inside-container set size:undefined disposed:false
1540 silly fetch manifest lodash.isinteger@^4.0.4
1541 silly packumentCache full:https://registry.npmjs.org/lodash.isinteger cache-miss
1542 http fetch GET 200 https://registry.npmjs.org/lodash.includes 58ms (cache revalidated)
1543 silly packumentCache full:https://registry.npmjs.org/lodash.includes set size:27594 disposed:false
1544 silly fetch manifest commander@^10.0.1
1545 silly packumentCache full:https://registry.npmjs.org/commander cache-miss
1546 http cache https://registry.npmjs.org/commander 5ms (cache hit)
1547 silly packumentCache full:https://registry.npmjs.org/commander set size:353115 disposed:false
1548 silly fetch manifest dotenv@^16.3.1
1549 silly packumentCache full:https://registry.npmjs.org/dotenv cache-miss
1550 http cache https://registry.npmjs.org/dotenv 5ms (cache hit)
1551 silly packumentCache full:https://registry.npmjs.org/dotenv set size:277802 disposed:false
1552 silly fetch manifest winston@^3.10.0
1553 silly packumentCache full:https://registry.npmjs.org/winston cache-miss
1554 http fetch GET 200 https://registry.npmjs.org/lodash.isstring 188ms (cache revalidated)
1555 silly packumentCache full:https://registry.npmjs.org/lodash.isstring set size:21368 disposed:false
1556 silly fetch manifest wrap-ansi@^10.0.0
1557 silly packumentCache full:https://registry.npmjs.org/wrap-ansi cache-hit
1558 silly fetch manifest cli-cursor@^5.0.0
1559 silly packumentCache full:https://registry.npmjs.org/cli-cursor cache-miss
1560 http fetch GET 200 https://registry.npmjs.org/lodash.isinteger 181ms (cache revalidated)
1561 silly packumentCache full:https://registry.npmjs.org/lodash.isinteger set size:10827 disposed:false
1562 silly fetch manifest slice-ansi@^8.0.0
1563 silly packumentCache full:https://registry.npmjs.org/slice-ansi cache-miss
1564 http fetch GET 200 https://registry.npmjs.org/lodash.isboolean 187ms (cache revalidated)
1565 silly packumentCache full:https://registry.npmjs.org/lodash.isboolean set size:21437 disposed:false
1566 silly fetch manifest strip-ansi@^7.2.0
1567 silly packumentCache full:https://registry.npmjs.org/strip-ansi cache-hit
1568 silly fetch manifest pump@^1.0.0
1569 silly packumentCache full:https://registry.npmjs.org/pump cache-miss
1570 http fetch GET 200 https://registry.npmjs.org/through 388ms (cache miss)
1571 silly packumentCache full:https://registry.npmjs.org/through set size:undefined disposed:false
1572 silly fetch manifest split2@^1.0.0
1573 silly packumentCache full:https://registry.npmjs.org/split2 cache-miss
1574 http fetch GET 200 https://registry.npmjs.org/cli-width 388ms (cache miss)
1575 silly packumentCache full:https://registry.npmjs.org/cli-width set size:undefined disposed:false
1576 silly fetch manifest through2@^2.0.0
1577 silly packumentCache full:https://registry.npmjs.org/through2 cache-miss
1578 http fetch GET 200 https://registry.npmjs.org/rxjs 294ms (cache miss)
1579 silly packumentCache full:https://registry.npmjs.org/rxjs set size:undefined disposed:false
1580 silly fetch manifest http-errors@2.0.0
1581 silly packumentCache full:https://registry.npmjs.org/http-errors cache-miss
1582 http cache https://registry.npmjs.org/cli-cursor 43ms (cache hit)
1583 silly packumentCache full:https://registry.npmjs.org/cli-cursor set size:18913 disposed:false
1584 silly fetch manifest safe-buffer@5.2.1
1585 silly packumentCache full:https://registry.npmjs.org/safe-buffer cache-miss
1586 http fetch GET 200 https://registry.npmjs.org/run-async 342ms (cache miss)
1587 silly packumentCache full:https://registry.npmjs.org/run-async set size:undefined disposed:false
1588 silly fetch manifest uid-safe@2.1.5
1589 silly packumentCache full:https://registry.npmjs.org/uid-safe cache-miss
1590 http fetch GET 200 https://registry.npmjs.org/@fastify%2fproxy-addr 849ms (cache miss)
1591 silly packumentCache full:https://registry.npmjs.org/@fastify%2fproxy-addr set size:undefined disposed:false
1592 silly fetch manifest picocolors@^1.1.1
1593 silly packumentCache full:https://registry.npmjs.org/picocolors cache-miss
1594 http fetch GET 200 https://registry.npmjs.org/mute-stream 368ms (cache miss)
1595 silly packumentCache full:https://registry.npmjs.org/mute-stream set size:undefined disposed:false
1596 silly fetch manifest data-uri-to-buffer@^4.0.0
1597 silly packumentCache full:https://registry.npmjs.org/data-uri-to-buffer cache-miss
1598 http fetch GET 200 https://registry.npmjs.org/run-async 397ms (cache miss)
1599 silly packumentCache full:https://registry.npmjs.org/run-async set size:undefined disposed:false
1600 silly fetch manifest fetch-blob@^3.1.4
1601 silly packumentCache full:https://registry.npmjs.org/fetch-blob cache-miss
1602 http cache https://registry.npmjs.org/http-errors 29ms (cache hit)
1603 silly packumentCache full:https://registry.npmjs.org/http-errors set size:71987 disposed:false
1604 silly fetch manifest formdata-polyfill@^4.0.10
1605 silly packumentCache full:https://registry.npmjs.org/formdata-polyfill cache-miss
1606 http fetch GET 200 https://registry.npmjs.org/slice-ansi 105ms (cache miss)
1607 silly packumentCache full:https://registry.npmjs.org/slice-ansi set size:undefined disposed:false
1608 silly fetch manifest semver@^7.3.5
1609 silly packumentCache full:https://registry.npmjs.org/semver cache-hit
1610 silly fetch manifest hosted-git-info@^8.0.0
1611 silly packumentCache full:https://registry.npmjs.org/hosted-git-info cache-miss
1612 http fetch GET 200 https://registry.npmjs.org/split2 221ms (cache miss)
1613 silly packumentCache full:https://registry.npmjs.org/split2 set size:undefined disposed:false
1614 silly fetch manifest validate-npm-package-license@^3.0.4
1615 silly packumentCache full:https://registry.npmjs.org/validate-npm-package-license cache-miss
1616 http fetch GET 200 https://registry.npmjs.org/lodash.isnumber 464ms (cache revalidated)
1617 silly packumentCache full:https://registry.npmjs.org/lodash.isnumber set size:21368 disposed:false
1618 silly fetch manifest is-in-ssh@^1.0.0
1619 silly packumentCache full:https://registry.npmjs.org/is-in-ssh cache-miss
1620 http fetch GET 200 https://registry.npmjs.org/pump 249ms (cache miss)
1621 silly packumentCache full:https://registry.npmjs.org/pump set size:undefined disposed:false
1622 silly fetch manifest wsl-utils@^1.0.0
1623 silly packumentCache full:https://registry.npmjs.org/wsl-utils cache-miss
1624 http fetch GET 200 https://registry.npmjs.org/through2 321ms (cache miss)
1625 silly packumentCache full:https://registry.npmjs.org/through2 set size:undefined disposed:false
1626 silly fetch manifest default-browser@^5.4.0
1627 silly packumentCache full:https://registry.npmjs.org/default-browser cache-miss
1628 http fetch GET 200 https://registry.npmjs.org/micromatch 956ms (cache miss)
1629 silly packumentCache full:https://registry.npmjs.org/micromatch set size:undefined disposed:false
1630 silly fetch manifest define-lazy-prop@^3.0.0
1631 silly packumentCache full:https://registry.npmjs.org/define-lazy-prop cache-miss
1632 http fetch GET 200 https://registry.npmjs.org/safe-buffer 302ms (cache miss)
1633 silly packumentCache full:https://registry.npmjs.org/safe-buffer set size:undefined disposed:false
1634 silly fetch manifest powershell-utils@^0.2.0
1635 silly packumentCache full:https://registry.npmjs.org/powershell-utils cache-miss
1636 http fetch GET 200 https://registry.npmjs.org/data-uri-to-buffer 302ms (cache revalidated)
1637 silly packumentCache full:https://registry.npmjs.org/data-uri-to-buffer set size:48018 disposed:false
1638 silly fetch manifest p-map@^7.0.1
1639 silly packumentCache full:https://registry.npmjs.org/p-map cache-hit
1640 silly fetch manifest cyclist@^1.0.1
1641 silly packumentCache full:https://registry.npmjs.org/cyclist cache-miss
1642 http fetch GET 200 https://registry.npmjs.org/picocolors 307ms (cache revalidated)
1643 silly packumentCache full:https://registry.npmjs.org/picocolors set size:16648 disposed:false
1644 silly fetch manifest inherits@^2.0.3
1645 silly packumentCache full:https://registry.npmjs.org/inherits cache-miss
1646 http fetch GET 200 https://registry.npmjs.org/uid-safe 312ms (cache miss)
1647 silly packumentCache full:https://registry.npmjs.org/uid-safe set size:undefined disposed:false
1648 silly fetch manifest readable-stream@^2.1.5
1649 silly packumentCache full:https://registry.npmjs.org/readable-stream cache-miss
1650 http fetch GET 200 https://registry.npmjs.org/fetch-blob 314ms (cache revalidated)
1651 silly packumentCache full:https://registry.npmjs.org/fetch-blob set size:73704 disposed:false
1652 silly fetch manifest pgpass@1.0.5
1653 silly packumentCache full:https://registry.npmjs.org/pgpass cache-miss
1654 http fetch GET 200 https://registry.npmjs.org/hosted-git-info 304ms (cache miss)
1655 silly packumentCache full:https://registry.npmjs.org/hosted-git-info set size:undefined disposed:false
1656 silly fetch manifest pg-pool@^3.14.0
1657 silly packumentCache full:https://registry.npmjs.org/pg-pool cache-miss
1658 http fetch GET 200 https://registry.npmjs.org/define-lazy-prop 82ms (cache miss)
1659 silly packumentCache full:https://registry.npmjs.org/define-lazy-prop set size:undefined disposed:false
1660 silly fetch manifest pg-types@2.2.0
1661 silly packumentCache full:https://registry.npmjs.org/pg-types cache-miss
1662 http fetch GET 200 https://registry.npmjs.org/default-browser 91ms (cache miss)
1663 silly packumentCache full:https://registry.npmjs.org/default-browser set size:undefined disposed:false
1664 silly fetch manifest pg-protocol@^1.16.0
1665 silly packumentCache full:https://registry.npmjs.org/pg-protocol cache-miss
1666 http fetch GET 200 https://registry.npmjs.org/winston 595ms (cache miss)
1667 silly packumentCache full:https://registry.npmjs.org/winston set size:undefined disposed:false
1668 silly fetch manifest pg-connection-string@^2.14.0
1669 silly packumentCache full:https://registry.npmjs.org/pg-connection-string cache-miss
1670 http fetch GET 200 https://registry.npmjs.org/formdata-polyfill 381ms (cache revalidated)
1671 silly packumentCache full:https://registry.npmjs.org/formdata-polyfill set size:94446 disposed:false
1672 silly fetch manifest pg-cloudflare@^1.4.0
1673 silly packumentCache full:https://registry.npmjs.org/pg-cloudflare cache-miss
1674 http fetch GET 200 https://registry.npmjs.org/inherits 84ms (cache revalidated)
1675 silly packumentCache full:https://registry.npmjs.org/inherits set size:12925 disposed:false
1676 silly fetch manifest colors@1.4.0
1677 silly packumentCache full:https://registry.npmjs.org/colors cache-miss
1678 http fetch GET 200 https://registry.npmjs.org/readable-stream 91ms (cache revalidated)
1679 silly packumentCache full:https://registry.npmjs.org/readable-stream set size:261096 disposed:false
1680 silly fetch manifest minimist@^1.2.0
1681 silly packumentCache full:https://registry.npmjs.org/minimist cache-miss
1682 http fetch GET 200 https://registry.npmjs.org/pgpass 85ms (cache miss)
1683 silly packumentCache full:https://registry.npmjs.org/pgpass set size:undefined disposed:false
1684 silly fetch manifest bytes@~3.1.2
1685 silly packumentCache full:https://registry.npmjs.org/bytes cache-miss
1686 http cache https://registry.npmjs.org/minimist 6ms (cache hit)
1687 silly packumentCache full:https://registry.npmjs.org/minimist set size:77063 disposed:false
1688 silly fetch manifest unpipe@~1.0.0
1689 silly packumentCache full:https://registry.npmjs.org/unpipe cache-miss
1690 http fetch GET 200 https://registry.npmjs.org/@fastify%2ffast-json-stringify-compiler 1247ms (cache miss)
1691 silly packumentCache full:https://registry.npmjs.org/@fastify%2ffast-json-stringify-compiler set size:undefined disposed:false
1692 silly fetch manifest iconv-lite@~0.7.0
1693 silly packumentCache full:https://registry.npmjs.org/iconv-lite cache-miss
1694 http fetch GET 200 https://registry.npmjs.org/@inquirer%2fexternal-editor 792ms (cache miss)
1695 silly packumentCache full:https://registry.npmjs.org/@inquirer%2fexternal-editor set size:undefined disposed:false
1696 silly fetch manifest http-errors@~2.0.1
1697 silly packumentCache full:https://registry.npmjs.org/http-errors cache-hit
1698 silly fetch manifest find-up-simple@^1.0.1
1699 silly packumentCache full:https://registry.npmjs.org/find-up-simple cache-miss
1700 http fetch GET 200 https://registry.npmjs.org/pg-types 69ms (cache miss)
1701 silly packumentCache full:https://registry.npmjs.org/pg-types set size:undefined disposed:false
1702 silly fetch manifest read-pkg@^10.0.0
1703 silly packumentCache full:https://registry.npmjs.org/read-pkg cache-miss
1704 http fetch GET 200 https://registry.npmjs.org/pg-pool 83ms (cache miss)
1705 silly packumentCache full:https://registry.npmjs.org/pg-pool set size:undefined disposed:false
1706 silly fetch manifest type-fest@^5.2.0
1707 silly packumentCache full:https://registry.npmjs.org/type-fest cache-miss
1708 http cache https://registry.npmjs.org/read-pkg 8ms (cache hit)
1709 silly packumentCache full:https://registry.npmjs.org/read-pkg set size:43912 disposed:false
1710 silly fetch manifest buffer-from@^1.0.0
1711 silly packumentCache full:https://registry.npmjs.org/buffer-from cache-miss
1712 http cache https://registry.npmjs.org/type-fest 9ms (cache hit)
1713 silly packumentCache full:https://registry.npmjs.org/type-fest set size:566201 disposed:false
1714 silly fetch manifest source-map@^0.6.0
1715 silly packumentCache full:https://registry.npmjs.org/source-map cache-miss
1716 http fetch GET 200 https://registry.npmjs.org/pg-connection-string 82ms (cache miss)
1717 silly packumentCache full:https://registry.npmjs.org/pg-connection-string set size:undefined disposed:false
1718 silly fetch manifest supports-hyperlinks@^4.1.0
1719 silly packumentCache full:https://registry.npmjs.org/supports-hyperlinks cache-miss
1720 http fetch GET 200 https://registry.npmjs.org/pg-protocol 95ms (cache miss)
1721 silly packumentCache full:https://registry.npmjs.org/pg-protocol set size:undefined disposed:false
1722 silly fetch manifest pupa@^3.1.0
1723 silly packumentCache full:https://registry.npmjs.org/pupa cache-miss
1724 http fetch GET 200 https://registry.npmjs.org/pg-cloudflare 90ms (cache miss)
1725 silly packumentCache full:https://registry.npmjs.org/pg-cloudflare set size:undefined disposed:false
1726 silly fetch manifest is-npm@^6.0.0
1727 silly packumentCache full:https://registry.npmjs.org/is-npm cache-miss
1728 http fetch GET 200 https://registry.npmjs.org/unpipe 71ms (cache miss)
1729 silly packumentCache full:https://registry.npmjs.org/unpipe set size:undefined disposed:false
1730 silly fetch manifest is-in-ci@^1.0.0
1731 silly packumentCache full:https://registry.npmjs.org/is-in-ci cache-miss
1732 http fetch GET 200 https://registry.npmjs.org/colors 95ms (cache miss)
1733 silly packumentCache full:https://registry.npmjs.org/colors set size:undefined disposed:false
1734 silly fetch manifest configstore@^7.0.0
1735 silly packumentCache full:https://registry.npmjs.org/configstore cache-miss
1736 http fetch GET 200 https://registry.npmjs.org/is-in-ssh 305ms (cache miss)
1737 silly packumentCache full:https://registry.npmjs.org/is-in-ssh set size:undefined disposed:false
1738 silly fetch manifest xdg-basedir@^5.1.0
1739 silly packumentCache full:https://registry.npmjs.org/xdg-basedir cache-miss
1740 http fetch GET 200 https://registry.npmjs.org/iconv-lite 77ms (cache miss)
1741 silly packumentCache full:https://registry.npmjs.org/iconv-lite set size:undefined disposed:false
1742 silly fetch manifest latest-version@^9.0.0
1743 silly packumentCache full:https://registry.npmjs.org/latest-version cache-miss
1744 http fetch GET 200 https://registry.npmjs.org/wsl-utils 298ms (cache miss)
1745 silly packumentCache full:https://registry.npmjs.org/wsl-utils set size:undefined disposed:false
1746 silly fetch manifest is-installed-globally@^1.0.0
1747 silly packumentCache full:https://registry.npmjs.org/is-installed-globally cache-miss
1748 http fetch GET 200 https://registry.npmjs.org/validate-npm-package-license 322ms (cache miss)
1749 silly packumentCache full:https://registry.npmjs.org/validate-npm-package-license set size:undefined disposed:false
1750 silly fetch manifest imurmurhash@^0.1.4
1751 silly packumentCache full:https://registry.npmjs.org/imurmurhash cache-miss
1752 http fetch GET 200 https://registry.npmjs.org/supports-hyperlinks 58ms (cache miss)
1753 silly packumentCache full:https://registry.npmjs.org/supports-hyperlinks set size:undefined disposed:false
1754 silly fetch manifest signal-exit@^4.0.1
1755 silly packumentCache full:https://registry.npmjs.org/signal-exit cache-hit
1756 silly fetch manifest pend@~1.2.0
1757 silly packumentCache full:https://registry.npmjs.org/pend cache-miss
1758 http fetch GET 200 https://registry.npmjs.org/source-map 75ms (cache miss)
1759 silly packumentCache full:https://registry.npmjs.org/source-map set size:undefined disposed:false
1760 http fetch GET 200 https://registry.npmjs.org/is-in-ci 66ms (cache miss)
1761 silly packumentCache full:https://registry.npmjs.org/is-in-ci set size:undefined disposed:false
1762 http fetch GET 200 https://registry.npmjs.org/xdg-basedir 62ms (cache miss)
1763 silly packumentCache full:https://registry.npmjs.org/xdg-basedir set size:undefined disposed:false
1764 http fetch GET 200 https://registry.npmjs.org/pupa 74ms (cache miss)
1765 silly packumentCache full:https://registry.npmjs.org/pupa set size:undefined disposed:false
1766 http fetch GET 200 https://registry.npmjs.org/imurmurhash 62ms (cache miss)
1767 silly packumentCache full:https://registry.npmjs.org/imurmurhash set size:undefined disposed:false
1768 http fetch GET 200 https://registry.npmjs.org/cyclist 271ms (cache miss)
1769 silly packumentCache full:https://registry.npmjs.org/cyclist set size:undefined disposed:false
1770 http fetch GET 200 https://registry.npmjs.org/powershell-utils 304ms (cache miss)
1771 silly packumentCache full:https://registry.npmjs.org/powershell-utils set size:undefined disposed:false
1772 http fetch GET 200 https://registry.npmjs.org/find-up-simple 300ms (cache miss)
1773 silly packumentCache full:https://registry.npmjs.org/find-up-simple set size:undefined disposed:false
1774 http fetch GET 200 https://registry.npmjs.org/is-npm 298ms (cache miss)
1775 silly packumentCache full:https://registry.npmjs.org/is-npm set size:undefined disposed:false
1776 http fetch GET 200 https://registry.npmjs.org/latest-version 288ms (cache miss)
1777 silly packumentCache full:https://registry.npmjs.org/latest-version set size:undefined disposed:false
1778 http fetch GET 200 https://registry.npmjs.org/is-installed-globally 294ms (cache miss)
1779 silly packumentCache full:https://registry.npmjs.org/is-installed-globally set size:undefined disposed:false
1780 http fetch GET 200 https://registry.npmjs.org/pend 276ms (cache miss)
1781 silly packumentCache full:https://registry.npmjs.org/pend set size:undefined disposed:false
1782 http fetch GET 200 https://registry.npmjs.org/bytes 499ms (cache miss)
1783 silly packumentCache full:https://registry.npmjs.org/bytes set size:undefined disposed:false
1784 http fetch GET 200 https://registry.npmjs.org/configstore 485ms (cache miss)
1785 silly packumentCache full:https://registry.npmjs.org/configstore set size:undefined disposed:false
1786 http fetch GET 200 https://registry.npmjs.org/buffer-from 756ms (cache miss)
1787 silly packumentCache full:https://registry.npmjs.org/buffer-from set size:undefined disposed:false
1788 silly placeDep ROOT @fastify/accept-negotiator@2.1.0 OK for: @fastify/static@10.1.3 want: ^2.0.0
1789 silly placeDep ROOT @fastify/error@4.2.0 OK for: @fastify/static@10.1.3 want: ^4.0.0
1790 silly placeDep ROOT @fastify/send@4.1.1 OK for: @fastify/static@10.1.3 want: ^4.0.0
1791 silly placeDep ROOT content-disposition@2.0.1 OK for: @fastify/static@10.1.3 want: ^2.0.1
1792 silly placeDep ROOT fastify-plugin@6.0.0 OK for: @fastify/static@10.1.3 want: ^6.0.0
1793 silly placeDep ROOT fastq@1.20.1 OK for: @fastify/static@10.1.3 want: ^1.17.1
1794 silly placeDep ROOT glob@13.0.6 OK for: @fastify/static@10.1.3 want: ^13.0.0
1795 silly fetch manifest mime@^3
1796 silly packumentCache full:https://registry.npmjs.org/mime cache-miss
1797 silly fetch manifest @lukeed/ms@^2.0.2
1798 silly packumentCache full:https://registry.npmjs.org/@lukeed%2fms cache-miss
1799 silly fetch manifest escape-html@~1.0.3
1800 silly packumentCache full:https://registry.npmjs.org/escape-html cache-miss
1801 silly fetch manifest fast-decode-uri-component@^1.0.1
1802 silly packumentCache full:https://registry.npmjs.org/fast-decode-uri-component cache-miss
1803 silly fetch manifest reusify@^1.0.4
1804 silly packumentCache full:https://registry.npmjs.org/reusify cache-miss
1805 silly fetch manifest minimatch@^10.2.2
1806 silly packumentCache full:https://registry.npmjs.org/minimatch cache-hit
1807 silly fetch manifest minipass@^7.1.3
1808 silly packumentCache full:https://registry.npmjs.org/minipass cache-miss
1809 silly fetch manifest path-scurry@^2.0.2
1810 silly packumentCache full:https://registry.npmjs.org/path-scurry cache-miss
1811 http cache https://registry.npmjs.org/escape-html 7ms (cache hit)
1812 silly packumentCache full:https://registry.npmjs.org/escape-html set size:7345 disposed:false
1813 http fetch GET 200 https://registry.npmjs.org/reusify 88ms (cache miss)
1814 silly packumentCache full:https://registry.npmjs.org/reusify set size:undefined disposed:false
1815 http fetch GET 200 https://registry.npmjs.org/fast-decode-uri-component 89ms (cache miss)
1816 silly packumentCache full:https://registry.npmjs.org/fast-decode-uri-component set size:undefined disposed:false
1817 http fetch GET 200 https://registry.npmjs.org/path-scurry 99ms (cache revalidated)
1818 silly packumentCache full:https://registry.npmjs.org/path-scurry set size:117612 disposed:false
1819 http fetch GET 200 https://registry.npmjs.org/mime 103ms (cache revalidated)
1820 silly packumentCache full:https://registry.npmjs.org/mime set size:119236 disposed:false
1821 http fetch GET 200 https://registry.npmjs.org/minipass 103ms (cache revalidated)
1822 silly packumentCache full:https://registry.npmjs.org/minipass set size:276925 disposed:false
1823 http fetch GET 200 https://registry.npmjs.org/@lukeed%2fms 108ms (cache miss)
1824 silly packumentCache full:https://registry.npmjs.org/@lukeed%2fms set size:undefined disposed:false
1825 silly placeDep ROOT @lukeed/ms@2.0.2 OK for: @fastify/send@4.1.1 want: ^2.0.2
1826 silly placeDep ROOT escape-html@1.0.3 OK for: @fastify/send@4.1.1 want: ~1.0.3
1827 silly placeDep ROOT fast-decode-uri-component@1.0.1 OK for: @fastify/send@4.1.1 want: ^1.0.1
1828 silly placeDep ROOT http-errors@2.0.1 OK for: @fastify/send@4.1.1 want: ^2.0.0
1829 silly placeDep ROOT mime@3.0.0 OK for: @fastify/send@4.1.1 want: ^3
1830 silly fetch manifest depd@~2.0.0
1831 silly packumentCache full:https://registry.npmjs.org/depd cache-miss
1832 silly fetch manifest inherits@~2.0.4
1833 silly packumentCache full:https://registry.npmjs.org/inherits cache-hit
1834 silly fetch manifest setprototypeof@~1.2.0
1835 silly packumentCache full:https://registry.npmjs.org/setprototypeof cache-miss
1836 silly fetch manifest statuses@~2.0.2
1837 silly packumentCache full:https://registry.npmjs.org/statuses cache-miss
1838 silly fetch manifest toidentifier@~1.0.1
1839 silly packumentCache full:https://registry.npmjs.org/toidentifier cache-miss
1840 http cache https://registry.npmjs.org/statuses 7ms (cache hit)
1841 silly packumentCache full:https://registry.npmjs.org/statuses set size:37117 disposed:false
1842 http cache https://registry.npmjs.org/depd 9ms (cache hit)
1843 silly packumentCache full:https://registry.npmjs.org/depd set size:40182 disposed:false
1844 http fetch GET 200 https://registry.npmjs.org/toidentifier 58ms (cache miss)
1845 silly packumentCache full:https://registry.npmjs.org/toidentifier set size:undefined disposed:false
1846 http fetch GET 200 https://registry.npmjs.org/setprototypeof 64ms (cache miss)
1847 silly packumentCache full:https://registry.npmjs.org/setprototypeof set size:undefined disposed:false
1848 silly placeDep ROOT @netlify/open-api@2.57.0 OK for: @netlify/api@15.1.1 want: ^2.57.0
1849 silly placeDep node_modules/@netlify/api p-wait-for@5.0.2 OK for: @netlify/api@15.1.1 want: ^5.0.0
1850 silly placeDep ROOT picoquery@2.5.0 OK for: @netlify/api@15.1.1 want: ^2.5.0
1851 silly fetch manifest p-timeout@^6.0.0
1852 silly packumentCache full:https://registry.npmjs.org/p-timeout cache-miss
1853 http fetch GET 200 https://registry.npmjs.org/p-timeout 314ms (cache miss)
1854 silly packumentCache full:https://registry.npmjs.org/p-timeout set size:undefined disposed:false
1855 silly placeDep node_modules/@netlify/blobs @netlify/dev-utils@5.0.0 OK for: @netlify/blobs@10.7.13 want: 5.0.0
1856 silly placeDep ROOT @netlify/otel@6.0.6 OK for: @netlify/blobs@10.7.13 want: ^6.0.6
1857 silly placeDep ROOT @netlify/runtime-utils@2.3.0 OK for: @netlify/blobs@10.7.13 want: 2.3.0
1858 silly fetch manifest @opentelemetry/api@1.9.1
1859 silly packumentCache full:https://registry.npmjs.org/@opentelemetry%2fapi cache-hit
1860 silly fetch manifest @opentelemetry/core@2.8.0
1861 silly packumentCache full:https://registry.npmjs.org/@opentelemetry%2fcore cache-miss
1862 silly fetch manifest @opentelemetry/instrumentation@^0.220.0
1863 silly packumentCache full:https://registry.npmjs.org/@opentelemetry%2finstrumentation cache-miss
1864 silly fetch manifest @opentelemetry/resources@2.9.0
1865 silly packumentCache full:https://registry.npmjs.org/@opentelemetry%2fresources cache-miss
1866 silly fetch manifest @opentelemetry/sdk-trace-node@2.9.0
1867 silly packumentCache full:https://registry.npmjs.org/@opentelemetry%2fsdk-trace-node cache-miss
1868 http fetch GET 200 https://registry.npmjs.org/@opentelemetry%2fcore 546ms (cache miss)
1869 silly packumentCache full:https://registry.npmjs.org/@opentelemetry%2fcore set size:undefined disposed:false
1870 http fetch GET 200 https://registry.npmjs.org/@opentelemetry%2finstrumentation 846ms (cache miss)
1871 silly packumentCache full:https://registry.npmjs.org/@opentelemetry%2finstrumentation set size:undefined disposed:false
1872 http fetch GET 200 https://registry.npmjs.org/@opentelemetry%2fsdk-trace-node 863ms (cache miss)
1873 silly packumentCache full:https://registry.npmjs.org/@opentelemetry%2fsdk-trace-node set size:undefined disposed:false
1874 http fetch GET 200 https://registry.npmjs.org/@opentelemetry%2fresources 1090ms (cache miss)
1875 silly packumentCache full:https://registry.npmjs.org/@opentelemetry%2fresources set size:undefined disposed:false
1876 silly fetch manifest picomatch@^3 || ^4
1877 silly packumentCache full:https://registry.npmjs.org/picomatch cache-miss
1878 http fetch GET 200 https://registry.npmjs.org/picomatch 193ms (cache miss)
1879 silly packumentCache full:https://registry.npmjs.org/picomatch set size:undefined disposed:false
1880 silly fetch manifest @swc/core@>=1.2.50
1881 silly packumentCache full:https://registry.npmjs.org/@swc%2fcore cache-miss
1882 http fetch GET 200 https://registry.npmjs.org/@swc%2fcore 451ms (cache miss)
1883 silly packumentCache full:https://registry.npmjs.org/@swc%2fcore set size:undefined disposed:false
1884 silly fetch manifest @swc/helpers@>=0.5.17
1885 silly packumentCache full:https://registry.npmjs.org/@swc%2fhelpers cache-miss
1886 http fetch GET 200 https://registry.npmjs.org/@swc%2fhelpers 344ms (cache revalidated)
1887 silly packumentCache full:https://registry.npmjs.org/@swc%2fhelpers set size:775458 disposed:false
1888 silly fetch manifest @swc/wasm@>=1.2.50
1889 silly packumentCache full:https://registry.npmjs.org/@swc%2fwasm cache-miss
1890 http fetch GET 200 https://registry.npmjs.org/@swc%2fwasm 951ms (cache miss)
1891 silly packumentCache full:https://registry.npmjs.org/@swc%2fwasm set size:undefined disposed:false
1892 silly fetch manifest @types/node@*
1893 silly packumentCache full:https://registry.npmjs.org/@types%2fnode cache-miss
1894 http fetch GET 200 https://registry.npmjs.org/@types%2fnode 1535ms (cache miss)
1895 silly packumentCache full:https://registry.npmjs.org/@types%2fnode set size:undefined disposed:false
1896 silly placeDep ROOT @bugsnag/js@8.10.0 OK for: @netlify/build@36.3.5 want: ^8.0.0
1897 silly placeDep ROOT @netlify/cache-utils@7.1.1 OK for: @netlify/build@36.3.5 want: ^7.1.1
1898 silly placeDep ROOT @netlify/functions-utils@7.1.4 OK for: @netlify/build@36.3.5 want: ^7.1.4
1899 silly placeDep ROOT @netlify/git-utils@7.1.0 OK for: @netlify/build@36.3.5 want: ^7.1.0
1900 silly placeDep ROOT @netlify/opentelemetry-utils@3.1.0 OK for: @netlify/build@36.3.5 want: ^3.1.0
1901 silly placeDep ROOT @netlify/plugins-list@6.81.9 OK for: @netlify/build@36.3.5 want: ^6.81.6
1902 silly placeDep ROOT @netlify/run-utils@7.1.0 OK for: @netlify/build@36.3.5 want: ^7.1.0
1903 silly placeDep ROOT @sindresorhus/slugify@2.2.1 OK for: @netlify/build@36.3.5 want: ^2.0.0
1904 silly placeDep ROOT ansis@4.3.1 OK for: @netlify/build@36.3.5 want: ^4.1.0
1905 silly placeDep ROOT clean-stack@5.3.0 OK for: @netlify/build@36.3.5 want: ^5.0.0
1906 silly placeDep node_modules/@netlify/build execa@8.0.1 OK for: @netlify/build@36.3.5 want: ^8.0.0
1907 silly placeDep ROOT fast-string-width@3.0.2 OK for: @netlify/build@36.3.5 want: ^3.0.2
1908 silly placeDep ROOT fdir@6.5.0 OK for: @netlify/build@36.3.5 want: ^6.0.1
1909 silly placeDep ROOT figures@6.1.0 OK for: @netlify/build@36.3.5 want: ^6.0.0
1910 silly placeDep ROOT filter-obj@6.1.0 OK for: @netlify/build@36.3.5 want: ^6.0.0
1911 silly placeDep ROOT hot-shots@11.4.0 OK for: @netlify/build@36.3.5 want: 11.4.0
1912 silly placeDep ROOT ignore@7.0.6 OK for: @netlify/build@36.3.5 want: ^7.0.0
1913 silly placeDep ROOT indent-string@5.0.0 OK for: @netlify/build@36.3.5 want: ^5.0.0
1914 silly placeDep ROOT is-plain-obj@4.1.0 OK for: @netlify/build@36.3.5 want: ^4.0.0
1915 silly placeDep ROOT keep-func-props@6.0.0 OK for: @netlify/build@36.3.5 want: ^6.0.0
1916 silly placeDep ROOT log-process-errors@11.0.1 OK for: @netlify/build@36.3.5 want: ^11.0.0
1917 silly placeDep ROOT memoize-one@6.0.0 OK for: @netlify/build@36.3.5 want: ^6.0.0
1918 silly placeDep ROOT minimatch@10.2.6 OK for: @netlify/build@36.3.5 want: ^10.2.4
1919 silly placeDep ROOT os-name@6.1.0 OK for: @netlify/build@36.3.5 want: ^6.0.0
1920 silly placeDep ROOT p-event@6.0.1 OK for: @netlify/build@36.3.5 want: ^6.0.0
1921 silly placeDep ROOT p-locate@6.0.0 OK for: @netlify/build@36.3.5 want: ^6.0.0
1922 silly placeDep ROOT p-reduce@3.0.0 OK for: @netlify/build@36.3.5 want: ^3.0.0
1923 silly placeDep ROOT package-directory@8.2.0 OK for: @netlify/build@36.3.5 want: ^8.0.0
1924 silly placeDep ROOT path-exists@5.0.0 OK for: @netlify/build@36.3.5 want: ^5.0.0
1925 silly placeDep ROOT pretty-ms@9.3.0 OK for: @netlify/build@36.3.5 want: ^9.0.0
1926 silly placeDep ROOT ps-list@8.1.1 OK for: @netlify/build@36.3.5 want: ^8.0.0
1927 silly placeDep node_modules/@netlify/build read-package-up@11.0.0 OK for: @netlify/build@36.3.5 want: ^11.0.0
1928 silly placeDep node_modules/@netlify/build readdirp@4.1.2 OK for: @netlify/build@36.3.5 want: ^4.0.0
1929 silly placeDep ROOT resolve@2.0.0-next.7 OK for: @netlify/build@36.3.5 want: ^2.0.0-next.5
1930 silly placeDep ROOT rfdc@1.4.1 OK for: @netlify/build@36.3.5 want: ^1.3.0
1931 silly placeDep ROOT safe-json-stringify@1.2.0 OK for: @netlify/build@36.3.5 want: ^1.2.0
1932 silly placeDep ROOT supports-color@10.2.2 OK for: @netlify/build@36.3.5 want: ^10.0.0
1933 silly placeDep node_modules/@netlify/build terminal-link@4.0.0 OK for: @netlify/build@36.3.5 want: ^4.0.0
1934 silly placeDep ROOT ts-node@10.9.2 OK for: @netlify/build@36.3.5 want: ^10.9.1
1935 silly placeDep ROOT typescript@5.9.3 OK for: ts-node@10.9.2 want: >=2.7
1936 silly placeDep ROOT @types/node@26.2.0 OK for: ts-node@10.9.2 want: *
1937 silly placeDep ROOT yaml@2.9.0 OK for: @netlify/build@36.3.5 want: ^2.8.0
1938 silly placeDep ROOT yargs@17.7.3 OK for: @netlify/build@36.3.5 want: ^17.6.0
1939 silly placeDep ROOT zod@4.4.3 OK for: @netlify/build@36.3.5 want: ^4.0.5
1940 silly fetch manifest @bugsnag/browser@^8.10.0
1941 silly packumentCache full:https://registry.npmjs.org/@bugsnag%2fbrowser cache-miss
1942 silly fetch manifest @bugsnag/node@^8.10.0
1943 silly packumentCache full:https://registry.npmjs.org/@bugsnag%2fnode cache-miss
1944 silly fetch manifest get-stream@^9.0.0
1945 silly packumentCache full:https://registry.npmjs.org/get-stream cache-miss
1946 silly fetch manifest move-file@^3.0.0
1947 silly packumentCache full:https://registry.npmjs.org/move-file cache-miss
1948 silly fetch manifest cpy@^11.0.0
1949 silly packumentCache full:https://registry.npmjs.org/cpy cache-miss
1950 silly fetch manifest micro-memoize@^5.1.1
1951 silly packumentCache full:https://registry.npmjs.org/micro-memoize cache-miss
1952 silly fetch manifest micromatch@^4.0.2
1953 silly packumentCache full:https://registry.npmjs.org/micromatch cache-miss
1954 silly fetch manifest @sindresorhus/transliterate@^1.0.0
1955 silly packumentCache full:https://registry.npmjs.org/@sindresorhus%2ftransliterate cache-miss
1956 silly fetch manifest escape-string-regexp@5.0.0
1957 silly packumentCache full:https://registry.npmjs.org/escape-string-regexp cache-miss
1958 silly fetch manifest onetime@^6.0.0
1959 silly packumentCache full:https://registry.npmjs.org/onetime cache-miss
1960 silly fetch manifest is-stream@^3.0.0
1961 silly packumentCache full:https://registry.npmjs.org/is-stream cache-hit
1962 silly fetch manifest get-stream@^8.0.1
1963 silly packumentCache full:https://registry.npmjs.org/get-stream cache-miss
1964 silly fetch manifest signal-exit@^4.1.0
1965 silly packumentCache full:https://registry.npmjs.org/signal-exit cache-hit
1966 silly fetch manifest npm-run-path@^5.1.0
1967 silly packumentCache full:https://registry.npmjs.org/npm-run-path cache-miss
1968 silly fetch manifest human-signals@^5.0.0
1969 silly packumentCache full:https://registry.npmjs.org/human-signals cache-miss
1970 silly fetch manifest strip-final-newline@^3.0.0
1971 silly packumentCache full:https://registry.npmjs.org/strip-final-newline cache-miss
1972 silly fetch manifest fast-string-truncated-width@^3.0.2
1973 silly packumentCache full:https://registry.npmjs.org/fast-string-truncated-width cache-miss
1974 http cache https://registry.npmjs.org/get-stream 36ms (cache hit)
1975 silly packumentCache full:https://registry.npmjs.org/get-stream set size:57536 disposed:false
1976 silly fetch manifest is-unicode-supported@^2.0.0
1977 silly packumentCache full:https://registry.npmjs.org/is-unicode-supported cache-miss
1978 http cache https://registry.npmjs.org/escape-string-regexp 36ms (cache hit)
1979 silly packumentCache full:https://registry.npmjs.org/escape-string-regexp set size:22244 disposed:false
1980 silly fetch manifest unix-dgram@2.x
1981 silly packumentCache full:https://registry.npmjs.org/unix-dgram cache-miss
1982 http cache https://registry.npmjs.org/micromatch 38ms (cache hit)
1983 silly packumentCache full:https://registry.npmjs.org/micromatch set size:240630 disposed:false
1984 silly fetch manifest mimic-fn@^4.0.0
1985 silly packumentCache full:https://registry.npmjs.org/mimic-fn cache-miss
1986 http cache https://registry.npmjs.org/human-signals 39ms (cache hit)
1987 silly packumentCache full:https://registry.npmjs.org/human-signals set size:47322 disposed:false
1988 silly fetch manifest is-error-instance@^2.0.0
1989 silly packumentCache full:https://registry.npmjs.org/is-error-instance cache-miss
1990 http cache https://registry.npmjs.org/get-stream 42ms (cache hit)
1991 silly packumentCache full:https://registry.npmjs.org/get-stream set size:57536 disposed:false
1992 silly packumentCache full:https://registry.npmjs.org/get-stream dispose
1993 silly fetch manifest set-error-message@^2.0.1
1994 silly packumentCache full:https://registry.npmjs.org/set-error-message cache-miss
1995 http cache https://registry.npmjs.org/onetime 44ms (cache hit)
1996 silly packumentCache full:https://registry.npmjs.org/onetime set size:32314 disposed:false
1997 silly fetch manifest normalize-exception@^3.0.0
1998 silly packumentCache full:https://registry.npmjs.org/normalize-exception cache-miss
1999 http cache https://registry.npmjs.org/npm-run-path 44ms (cache hit)
2000 silly packumentCache full:https://registry.npmjs.org/npm-run-path set size:33596 disposed:false
2001 silly fetch manifest brace-expansion@^5.0.8
2002 silly packumentCache full:https://registry.npmjs.org/brace-expansion cache-miss
2003 http cache https://registry.npmjs.org/strip-final-newline 44ms (cache hit)
2004 silly packumentCache full:https://registry.npmjs.org/strip-final-newline set size:9328 disposed:false
2005 silly fetch manifest macos-release@^3.3.0
2006 silly packumentCache full:https://registry.npmjs.org/macos-release cache-miss
2007 http fetch GET 200 https://registry.npmjs.org/brace-expansion 70ms (cache revalidated)
2008 silly packumentCache full:https://registry.npmjs.org/brace-expansion set size:101024 disposed:false
2009 silly fetch manifest windows-release@^6.1.0
2010 silly packumentCache full:https://registry.npmjs.org/windows-release cache-miss
2011 http fetch GET 200 https://registry.npmjs.org/mimic-fn 81ms (cache miss)
2012 silly packumentCache full:https://registry.npmjs.org/mimic-fn set size:undefined disposed:false
2013 silly fetch manifest p-timeout@^6.1.2
2014 silly packumentCache full:https://registry.npmjs.org/p-timeout cache-miss
2015 http fetch GET 200 https://registry.npmjs.org/is-unicode-supported 89ms (cache miss)
2016 silly packumentCache full:https://registry.npmjs.org/is-unicode-supported set size:undefined disposed:false
2017 silly fetch manifest p-limit@^4.0.0
2018 silly packumentCache full:https://registry.npmjs.org/p-limit cache-miss
2019 http cache https://registry.npmjs.org/p-timeout 7ms (cache hit)
2020 silly packumentCache full:https://registry.npmjs.org/p-timeout set size:60739 disposed:false
2021 silly fetch manifest find-up-simple@^1.0.0
2022 silly packumentCache full:https://registry.npmjs.org/find-up-simple cache-miss
2023 http cache https://registry.npmjs.org/find-up-simple 3ms (cache hit)
2024 silly packumentCache full:https://registry.npmjs.org/find-up-simple set size:6677 disposed:false
2025 silly fetch manifest parse-ms@^4.0.0
2026 silly packumentCache full:https://registry.npmjs.org/parse-ms cache-miss
2027 http fetch GET 200 https://registry.npmjs.org/p-limit 70ms (cache revalidated)
2028 silly packumentCache full:https://registry.npmjs.org/p-limit set size:63850 disposed:false
2029 silly fetch manifest type-fest@^4.6.0
2030 silly packumentCache full:https://registry.npmjs.org/type-fest cache-hit
2031 silly fetch manifest es-errors@^1.3.0
2032 silly packumentCache full:https://registry.npmjs.org/es-errors cache-miss
2033 http fetch GET 200 https://registry.npmjs.org/parse-ms 66ms (cache miss)
2034 silly packumentCache full:https://registry.npmjs.org/parse-ms set size:undefined disposed:false
2035 silly fetch manifest is-core-module@^2.16.2
2036 silly packumentCache full:https://registry.npmjs.org/is-core-module cache-miss
2037 http fetch GET 200 https://registry.npmjs.org/es-errors 73ms (cache revalidated)
2038 silly packumentCache full:https://registry.npmjs.org/es-errors set size:16918 disposed:false
2039 silly fetch manifest node-exports-info@^1.6.0
2040 silly packumentCache full:https://registry.npmjs.org/node-exports-info cache-miss
2041 http fetch GET 200 https://registry.npmjs.org/is-core-module 89ms (cache miss)
2042 silly packumentCache full:https://registry.npmjs.org/is-core-module set size:undefined disposed:false
2043 silly fetch manifest object-keys@^1.1.1
2044 silly packumentCache full:https://registry.npmjs.org/object-keys cache-miss
2045 http fetch GET 200 https://registry.npmjs.org/move-file 300ms (cache miss)
2046 silly packumentCache full:https://registry.npmjs.org/move-file set size:undefined disposed:false
2047 silly fetch manifest path-parse@^1.0.7
2048 silly packumentCache full:https://registry.npmjs.org/path-parse cache-miss
2049 http fetch GET 200 https://registry.npmjs.org/fast-string-truncated-width 307ms (cache miss)
2050 silly packumentCache full:https://registry.npmjs.org/fast-string-truncated-width set size:undefined disposed:false
2051 silly fetch manifest supports-preserve-symlinks-flag@^1.0.0
2052 silly packumentCache full:https://registry.npmjs.org/supports-preserve-symlinks-flag cache-miss
2053 http fetch GET 200 https://registry.npmjs.org/micro-memoize 352ms (cache miss)
2054 silly packumentCache full:https://registry.npmjs.org/micro-memoize set size:undefined disposed:false
2055 silly fetch manifest supports-hyperlinks@^3.2.0
2056 silly packumentCache full:https://registry.npmjs.org/supports-hyperlinks cache-miss
2057 http fetch GET 200 https://registry.npmjs.org/node-exports-info 81ms (cache miss)
2058 silly packumentCache full:https://registry.npmjs.org/node-exports-info set size:undefined disposed:false
2059 silly fetch manifest yn@3.1.1
2060 silly packumentCache full:https://registry.npmjs.org/yn cache-miss
2061 http fetch GET 200 https://registry.npmjs.org/set-error-message 318ms (cache miss)
2062 silly packumentCache full:https://registry.npmjs.org/set-error-message set size:undefined disposed:false
2063 silly fetch manifest arg@^4.1.0
2064 silly packumentCache full:https://registry.npmjs.org/arg cache-miss
2065 http cache https://registry.npmjs.org/supports-hyperlinks 14ms (cache hit)
2066 silly packumentCache full:https://registry.npmjs.org/supports-hyperlinks set size:38477 disposed:false
2067 silly fetch manifest diff@^4.0.1
2068 silly packumentCache full:https://registry.npmjs.org/diff cache-miss
2069 http fetch GET 200 https://registry.npmjs.org/normalize-exception 330ms (cache miss)
2070 silly packumentCache full:https://registry.npmjs.org/normalize-exception set size:undefined disposed:false
2071 silly fetch manifest acorn@^8.4.1
2072 silly packumentCache full:https://registry.npmjs.org/acorn cache-miss
2073 http fetch GET 200 https://registry.npmjs.org/path-parse 79ms (cache miss)
2074 silly packumentCache full:https://registry.npmjs.org/path-parse set size:undefined disposed:false
2075 silly fetch manifest acorn-walk@^8.1.1
2076 silly packumentCache full:https://registry.npmjs.org/acorn-walk cache-miss
2077 http fetch GET 200 https://registry.npmjs.org/supports-preserve-symlinks-flag 68ms (cache miss)
2078 silly packumentCache full:https://registry.npmjs.org/supports-preserve-symlinks-flag set size:undefined disposed:false
2079 silly fetch manifest make-error@^1.1.1
2080 silly packumentCache full:https://registry.npmjs.org/make-error cache-miss
2081 http fetch GET 200 https://registry.npmjs.org/macos-release 334ms (cache miss)
2082 silly packumentCache full:https://registry.npmjs.org/macos-release set size:undefined disposed:false
2083 silly fetch manifest create-require@^1.1.0
2084 silly packumentCache full:https://registry.npmjs.org/create-require cache-miss
2085 http fetch GET 200 https://registry.npmjs.org/is-error-instance 342ms (cache miss)
2086 silly packumentCache full:https://registry.npmjs.org/is-error-instance set size:undefined disposed:false
2087 silly fetch manifest @tsconfig/node10@^1.0.7
2088 silly packumentCache full:https://registry.npmjs.org/@tsconfig%2fnode10 cache-miss
2089 http fetch GET 200 https://registry.npmjs.org/object-keys 91ms (cache miss)
2090 silly packumentCache full:https://registry.npmjs.org/object-keys set size:undefined disposed:false
2091 silly fetch manifest @tsconfig/node12@^1.0.7
2092 silly packumentCache full:https://registry.npmjs.org/@tsconfig%2fnode12 cache-miss
2093 http cache https://registry.npmjs.org/acorn 22ms (cache hit)
2094 silly packumentCache full:https://registry.npmjs.org/acorn set size:383439 disposed:false
2095 silly fetch manifest @tsconfig/node14@^1.0.0
2096 silly packumentCache full:https://registry.npmjs.org/@tsconfig%2fnode14 cache-miss
2097 http fetch GET 200 https://registry.npmjs.org/windows-release 301ms (cache miss)
2098 silly packumentCache full:https://registry.npmjs.org/windows-release set size:undefined disposed:false
2099 silly fetch manifest @tsconfig/node16@^1.0.2
2100 silly packumentCache full:https://registry.npmjs.org/@tsconfig%2fnode16 cache-miss
2101 http fetch GET 200 https://registry.npmjs.org/yn 68ms (cache miss)
2102 silly packumentCache full:https://registry.npmjs.org/yn set size:undefined disposed:false
2103 silly fetch manifest v8-compile-cache-lib@^3.0.1
2104 silly packumentCache full:https://registry.npmjs.org/v8-compile-cache-lib cache-miss
2105 http fetch GET 200 https://registry.npmjs.org/arg 70ms (cache miss)
2106 silly packumentCache full:https://registry.npmjs.org/arg set size:undefined disposed:false
2107 silly fetch manifest @cspotcode/source-map-support@^0.8.0
2108 silly packumentCache full:https://registry.npmjs.org/@cspotcode%2fsource-map-support cache-miss
2109 http fetch GET 200 https://registry.npmjs.org/@tsconfig%2fnode10 76ms (cache miss)
2110 silly packumentCache full:https://registry.npmjs.org/@tsconfig%2fnode10 set size:undefined disposed:false
2111 silly fetch manifest undici-types@~8.3.0
2112 silly packumentCache full:https://registry.npmjs.org/undici-types cache-miss
2113 http fetch GET 200 https://registry.npmjs.org/v8-compile-cache-lib 76ms (cache miss)
2114 silly packumentCache full:https://registry.npmjs.org/v8-compile-cache-lib set size:undefined disposed:false
2115 silly fetch manifest y18n@^5.0.5
2116 silly packumentCache full:https://registry.npmjs.org/y18n cache-miss
2117 http fetch GET 200 https://registry.npmjs.org/undici-types 88ms (cache miss)
2118 silly packumentCache full:https://registry.npmjs.org/undici-types set size:undefined disposed:false
2119 silly fetch manifest cliui@^8.0.1
2120 silly packumentCache full:https://registry.npmjs.org/cliui cache-miss
2121 http fetch GET 200 https://registry.npmjs.org/@bugsnag%2fbrowser 602ms (cache miss)
2122 silly packumentCache full:https://registry.npmjs.org/@bugsnag%2fbrowser set size:undefined disposed:false
2123 silly fetch manifest escalade@^3.1.1
2124 silly packumentCache full:https://registry.npmjs.org/escalade cache-miss
2125 http fetch GET 200 https://registry.npmjs.org/y18n 104ms (cache miss)
2126 silly packumentCache full:https://registry.npmjs.org/y18n set size:undefined disposed:false
2127 silly fetch manifest string-width@^4.2.3
2128 silly packumentCache full:https://registry.npmjs.org/string-width cache-hit
2129 silly fetch manifest yargs-parser@^21.1.1
2130 silly packumentCache full:https://registry.npmjs.org/yargs-parser cache-miss
2131 http fetch GET 200 https://registry.npmjs.org/cliui 79ms (cache miss)
2132 silly packumentCache full:https://registry.npmjs.org/cliui set size:undefined disposed:false
2133 silly fetch manifest get-caller-file@^2.0.5
2134 silly packumentCache full:https://registry.npmjs.org/get-caller-file cache-miss
2135 http fetch GET 200 https://registry.npmjs.org/escalade 68ms (cache miss)
2136 silly packumentCache full:https://registry.npmjs.org/escalade set size:undefined disposed:false
2137 silly fetch manifest require-directory@^2.1.1
2138 silly packumentCache full:https://registry.npmjs.org/require-directory cache-miss
2139 http fetch GET 200 https://registry.npmjs.org/create-require 291ms (cache miss)
2140 silly packumentCache full:https://registry.npmjs.org/create-require set size:undefined disposed:false
2141 http fetch GET 200 https://registry.npmjs.org/diff 311ms (cache miss)
2142 silly packumentCache full:https://registry.npmjs.org/diff set size:undefined disposed:false
2143 http fetch GET 200 https://registry.npmjs.org/make-error 303ms (cache miss)
2144 silly packumentCache full:https://registry.npmjs.org/make-error set size:undefined disposed:false
2145 http fetch GET 200 https://registry.npmjs.org/yargs-parser 96ms (cache miss)
2146 silly packumentCache full:https://registry.npmjs.org/yargs-parser set size:undefined disposed:false
2147 http fetch GET 200 https://registry.npmjs.org/acorn-walk 331ms (cache miss)
2148 silly packumentCache full:https://registry.npmjs.org/acorn-walk set size:undefined disposed:false
2149 http fetch GET 200 https://registry.npmjs.org/get-caller-file 78ms (cache miss)
2150 silly packumentCache full:https://registry.npmjs.org/get-caller-file set size:undefined disposed:false
2151 http fetch GET 200 https://registry.npmjs.org/cpy 755ms (cache miss)
2152 silly packumentCache full:https://registry.npmjs.org/cpy set size:undefined disposed:false
2153 http fetch GET 200 https://registry.npmjs.org/require-directory 85ms (cache miss)
2154 silly packumentCache full:https://registry.npmjs.org/require-directory set size:undefined disposed:false
2155 http fetch GET 200 https://registry.npmjs.org/@cspotcode%2fsource-map-support 455ms (cache miss)
2156 silly packumentCache full:https://registry.npmjs.org/@cspotcode%2fsource-map-support set size:undefined disposed:false
2157 http fetch GET 200 https://registry.npmjs.org/@sindresorhus%2ftransliterate 922ms (cache miss)
2158 silly packumentCache full:https://registry.npmjs.org/@sindresorhus%2ftransliterate set size:undefined disposed:false
2159 http fetch GET 200 https://registry.npmjs.org/@bugsnag%2fnode 959ms (cache miss)
2160 silly packumentCache full:https://registry.npmjs.org/@bugsnag%2fnode set size:undefined disposed:false
2161 http fetch GET 200 https://registry.npmjs.org/@tsconfig%2fnode14 665ms (cache miss)
2162 silly packumentCache full:https://registry.npmjs.org/@tsconfig%2fnode14 set size:undefined disposed:false
2163 http fetch GET 200 https://registry.npmjs.org/@tsconfig%2fnode12 687ms (cache miss)
2164 silly packumentCache full:https://registry.npmjs.org/@tsconfig%2fnode12 set size:undefined disposed:false
2165 http fetch GET 200 https://registry.npmjs.org/@tsconfig%2fnode16 735ms (cache miss)
2166 silly packumentCache full:https://registry.npmjs.org/@tsconfig%2fnode16 set size:undefined disposed:false
2167 http fetch GET 200 https://registry.npmjs.org/unix-dgram 1576ms (cache miss)
2168 silly packumentCache full:https://registry.npmjs.org/unix-dgram set size:undefined disposed:false
2169 silly placeDep ROOT @bugsnag/browser@8.10.0 OK for: @bugsnag/js@8.10.0 want: ^8.10.0
2170 silly placeDep ROOT @bugsnag/node@8.10.0 OK for: @bugsnag/js@8.10.0 want: ^8.10.0
2171 silly fetch manifest @bugsnag/core@^8.9.0
2172 silly packumentCache full:https://registry.npmjs.org/@bugsnag%2fcore cache-miss
2173 silly fetch manifest @bugsnag/core@^8.9.0
2174 silly packumentCache full:https://registry.npmjs.org/@bugsnag%2fcore cache-miss
2175 silly fetch manifest byline@^5.0.0
2176 silly packumentCache full:https://registry.npmjs.org/byline cache-miss
2177 silly fetch manifest error-stack-parser@^2.0.3
2178 silly packumentCache full:https://registry.npmjs.org/error-stack-parser cache-miss
2179 silly fetch manifest iserror@^0.0.2
2180 silly packumentCache full:https://registry.npmjs.org/iserror cache-miss
2181 silly fetch manifest pump@^3.0.0
2182 silly packumentCache full:https://registry.npmjs.org/pump cache-miss
2183 silly fetch manifest stack-generator@^2.0.3
2184 silly packumentCache full:https://registry.npmjs.org/stack-generator cache-miss
2185 http cache https://registry.npmjs.org/pump 7ms (cache hit)
2186 silly packumentCache full:https://registry.npmjs.org/pump set size:41178 disposed:false
2187 http fetch GET 200 https://registry.npmjs.org/error-stack-parser 85ms (cache miss)
2188 silly packumentCache full:https://registry.npmjs.org/error-stack-parser set size:undefined disposed:false
2189 http fetch GET 200 https://registry.npmjs.org/byline 317ms (cache miss)
2190 silly packumentCache full:https://registry.npmjs.org/byline set size:undefined disposed:false
2191 http fetch GET 200 https://registry.npmjs.org/iserror 322ms (cache miss)
2192 silly packumentCache full:https://registry.npmjs.org/iserror set size:undefined disposed:false
2193 http fetch GET 200 https://registry.npmjs.org/stack-generator 323ms (cache miss)
2194 silly packumentCache full:https://registry.npmjs.org/stack-generator set size:undefined disposed:false
2195 http fetch GET 200 https://registry.npmjs.org/@bugsnag%2fcore 978ms (cache miss)
2196 silly packumentCache full:https://registry.npmjs.org/@bugsnag%2fcore set size:undefined disposed:false
2197 http fetch GET 200 https://registry.npmjs.org/@bugsnag%2fcore 1452ms (cache miss)
2198 silly packumentCache full:https://registry.npmjs.org/@bugsnag%2fcore set size:undefined disposed:false
2199 silly placeDep ROOT @bugsnag/core@8.9.0 OK for: @bugsnag/browser@8.10.0 want: ^8.9.0
2200 silly fetch manifest @bugsnag/cuid@^3.2.1
2201 silly packumentCache full:https://registry.npmjs.org/@bugsnag%2fcuid cache-miss
2202 silly fetch manifest @bugsnag/safe-json-stringify@^6.0.0
2203 silly packumentCache full:https://registry.npmjs.org/@bugsnag%2fsafe-json-stringify cache-miss
2204 http fetch GET 200 https://registry.npmjs.org/@bugsnag%2fsafe-json-stringify 748ms (cache miss)
2205 silly packumentCache full:https://registry.npmjs.org/@bugsnag%2fsafe-json-stringify set size:undefined disposed:false
2206 http fetch GET 200 https://registry.npmjs.org/@bugsnag%2fcuid 783ms (cache miss)
2207 silly packumentCache full:https://registry.npmjs.org/@bugsnag%2fcuid set size:undefined disposed:false
2208 silly placeDep ROOT @bugsnag/cuid@3.2.2 OK for: @bugsnag/core@8.9.0 want: ^3.2.1
2209 silly placeDep ROOT @bugsnag/safe-json-stringify@6.1.0 OK for: @bugsnag/core@8.9.0 want: ^6.0.0
2210 silly placeDep ROOT error-stack-parser@2.1.4 OK for: @bugsnag/core@8.9.0 want: ^2.0.3
2211 silly placeDep ROOT iserror@0.0.2 OK for: @bugsnag/core@8.9.0 want: ^0.0.2
2212 silly placeDep ROOT stack-generator@2.0.10 OK for: @bugsnag/core@8.9.0 want: ^2.0.3
2213 silly fetch manifest stackframe@^1.3.4
2214 silly packumentCache full:https://registry.npmjs.org/stackframe cache-miss
2215 silly fetch manifest stackframe@^1.3.4
2216 silly packumentCache full:https://registry.npmjs.org/stackframe cache-miss
2217 http fetch GET 200 https://registry.npmjs.org/stackframe 58ms (cache miss)
2218 silly packumentCache full:https://registry.npmjs.org/stackframe set size:undefined disposed:false
2219 http fetch GET 200 https://registry.npmjs.org/stackframe 65ms (cache miss)
2220 silly packumentCache full:https://registry.npmjs.org/stackframe set size:undefined disposed:false
2221 silly placeDep ROOT byline@5.0.0 OK for: @bugsnag/node@8.10.0 want: ^5.0.0
2222 silly placeDep ROOT pump@3.0.4 OK for: @bugsnag/node@8.10.0 want: ^3.0.0
2223 silly fetch manifest end-of-stream@^1.1.0
2224 silly packumentCache full:https://registry.npmjs.org/end-of-stream cache-miss
2225 silly fetch manifest once@^1.3.1
2226 silly packumentCache full:https://registry.npmjs.org/once cache-hit
2227 http fetch GET 200 https://registry.npmjs.org/end-of-stream 79ms (cache revalidated)
2228 silly packumentCache full:https://registry.npmjs.org/end-of-stream set size:27842 disposed:false
2229 silly placeDep node_modules/@netlify/build-info dot-prop@9.0.0 OK for: @netlify/build-info@11.3.0 want: ^9.0.0
2230 silly placeDep node_modules/@netlify/build-info find-up@7.0.0 OK for: @netlify/build-info@11.3.0 want: ^7.0.0
2231 silly placeDep ROOT lockparse@0.5.2 OK for: @netlify/build-info@11.3.0 want: ^0.5.2
2232 silly placeDep ROOT read-pkg@9.0.1 OK for: @netlify/build-info@11.3.0 want: ^9.0.0
2233 silly placeDep ROOT smol-toml@1.8.0 OK for: @netlify/build-info@11.3.0 want: ^1.5.2
2234 silly fetch manifest type-fest@^4.18.2
2235 silly packumentCache full:https://registry.npmjs.org/type-fest cache-hit
2236 silly fetch manifest locate-path@^7.2.0
2237 silly packumentCache full:https://registry.npmjs.org/locate-path cache-hit
2238 silly fetch manifest unicorn-magic@^0.1.0
2239 silly packumentCache full:https://registry.npmjs.org/unicorn-magic cache-miss
2240 silly fetch manifest parse-json@^8.0.0
2241 silly packumentCache full:https://registry.npmjs.org/parse-json cache-miss
2242 silly fetch manifest unicorn-magic@^0.1.0
2243 silly packumentCache full:https://registry.npmjs.org/unicorn-magic cache-miss
2244 silly fetch manifest normalize-package-data@^6.0.0
2245 silly packumentCache full:https://registry.npmjs.org/normalize-package-data cache-miss
2246 silly fetch manifest @types/normalize-package-data@^2.4.3
2247 silly packumentCache full:https://registry.npmjs.org/@types%2fnormalize-package-data cache-miss
2248 http cache https://registry.npmjs.org/unicorn-magic 10ms (cache hit)
2249 silly packumentCache full:https://registry.npmjs.org/unicorn-magic set size:9139 disposed:false
2250 http cache https://registry.npmjs.org/normalize-package-data 10ms (cache hit)
2251 silly packumentCache full:https://registry.npmjs.org/normalize-package-data set size:131247 disposed:false
2252 http cache https://registry.npmjs.org/unicorn-magic 13ms (cache hit)
2253 silly packumentCache full:https://registry.npmjs.org/unicorn-magic set size:9139 disposed:false
2254 silly packumentCache full:https://registry.npmjs.org/unicorn-magic dispose
2255 http fetch GET 200 https://registry.npmjs.org/parse-json 68ms (cache miss)
2256 silly packumentCache full:https://registry.npmjs.org/parse-json set size:undefined disposed:false
2257 http fetch GET 200 https://registry.npmjs.org/@types%2fnormalize-package-data 901ms (cache miss)
2258 silly packumentCache full:https://registry.npmjs.org/@types%2fnormalize-package-data set size:undefined disposed:false
2259 silly placeDep ROOT get-stream@9.0.1 OK for: @netlify/cache-utils@7.1.1 want: ^9.0.0
2260 silly placeDep ROOT junk@4.0.1 OK for: @netlify/cache-utils@7.1.1 want: ^4.0.0
2261 silly placeDep node_modules/@netlify/cache-utils locate-path@7.2.0 OK for: @netlify/cache-utils@7.1.1 want: ^7.0.0
2262 silly placeDep ROOT move-file@3.1.0 OK for: @netlify/cache-utils@7.1.1 want: ^3.0.0
2263 silly placeDep node_modules/@netlify/cache-utils readdirp@4.1.2 OK for: @netlify/cache-utils@7.1.1 want: ^4.0.0
2264 silly fetch manifest @sec-ant/readable-stream@^0.4.1
2265 silly packumentCache full:https://registry.npmjs.org/@sec-ant%2freadable-stream cache-miss
2266 http fetch GET 200 https://registry.npmjs.org/@sec-ant%2freadable-stream 557ms (cache miss)
2267 silly packumentCache full:https://registry.npmjs.org/@sec-ant%2freadable-stream set size:undefined disposed:false
2268 silly placeDep ROOT deepmerge@4.3.1 OK for: @netlify/config@25.2.2 want: ^4.2.2
2269 silly placeDep node_modules/@netlify/config dot-prop@9.0.0 OK for: @netlify/config@25.2.2 want: ^9.0.0
2270 silly placeDep node_modules/@netlify/config execa@8.0.1 OK for: @netlify/config@25.2.2 want: ^8.0.0
2271 silly placeDep ROOT fast-safe-stringify@2.1.1 OK for: @netlify/config@25.2.2 want: ^2.0.7
2272 silly placeDep node_modules/@netlify/config find-up@7.0.0 OK for: @netlify/config@25.2.2 want: ^7.0.0
2273 silly placeDep ROOT map-obj@5.0.2 OK for: @netlify/config@25.2.2 want: ^5.0.0
2274 silly placeDep ROOT path-type@6.0.0 OK for: @netlify/config@25.2.2 want: ^6.0.0
2275 silly placeDep node_modules/@netlify/config read-package-up@11.0.0 OK for: @netlify/config@25.2.2 want: ^11.0.0
2276 silly placeDep ROOT validate-npm-package-name@5.0.1 OK for: @netlify/config@25.2.2 want: ^5.0.0
2277 silly placeDep ROOT @netlify/database-dev@0.10.1 OK for: @netlify/dev@4.18.13 want: 0.10.1
2278 silly placeDep node_modules/@netlify/dev @netlify/dev-utils@5.0.0 OK for: @netlify/dev@4.18.13 want: 5.0.0
2279 silly placeDep ROOT @netlify/edge-functions-dev@1.0.24 OK for: @netlify/dev@4.18.13 want: 1.0.24
2280 silly placeDep ROOT @netlify/functions-dev@1.3.5 OK for: @netlify/dev@4.18.13 want: 1.3.5
2281 silly placeDep ROOT @netlify/headers@2.1.13 OK for: @netlify/dev@4.18.13 want: 2.1.13
2282 silly placeDep ROOT @netlify/redirects@3.1.15 OK for: @netlify/dev@4.18.13 want: 3.1.15
2283 silly placeDep ROOT @netlify/runtime@4.1.29 OK for: @netlify/dev@4.18.13 want: 4.1.29
2284 silly placeDep ROOT @netlify/static@3.1.12 OK for: @netlify/dev@4.18.13 want: 3.1.12
2285 silly fetch manifest pg-gateway@0.3.0-beta.4
2286 silly packumentCache full:https://registry.npmjs.org/pg-gateway cache-miss
2287 silly fetch manifest @electric-sql/pglite@^0.3.15
2288 silly packumentCache full:https://registry.npmjs.org/@electric-sql%2fpglite cache-miss
2289 silly fetch manifest @netlify/edge-bundler@^15.1.1
2290 silly packumentCache full:https://registry.npmjs.org/@netlify%2fedge-bundler cache-miss
2291 silly fetch manifest @netlify/edge-functions-bootstrap@2.16.0
2292 silly packumentCache full:https://registry.npmjs.org/@netlify%2fedge-functions-bootstrap cache-miss
2293 silly fetch manifest get-port@^7.1.0
2294 silly packumentCache full:https://registry.npmjs.org/get-port cache-miss
2295 silly fetch manifest @netlify/functions@5.3.0
2296 silly packumentCache full:https://registry.npmjs.org/@netlify%2ffunctions cache-miss
2297 silly fetch manifest extract-zip@^2.0.1
2298 silly packumentCache full:https://registry.npmjs.org/extract-zip cache-miss
2299 silly fetch manifest @netlify/cache@3.4.10
2300 silly packumentCache full:https://registry.npmjs.org/@netlify%2fcache cache-miss
2301 http cache https://registry.npmjs.org/@netlify%2fedge-functions-bootstrap 10ms (cache hit)
2302 silly packumentCache full:https://registry.npmjs.org/@netlify%2fedge-functions-bootstrap set size:27045 disposed:false
2303 http cache https://registry.npmjs.org/get-port 10ms (cache hit)
2304 silly packumentCache full:https://registry.npmjs.org/get-port set size:47891 disposed:false
2305 http cache https://registry.npmjs.org/@netlify%2fedge-bundler 14ms (cache hit)
2306 silly packumentCache full:https://registry.npmjs.org/@netlify%2fedge-bundler set size:1022116 disposed:false
2307 http fetch GET 200 https://registry.npmjs.org/@electric-sql%2fpglite 112ms (cache miss)
2308 silly packumentCache full:https://registry.npmjs.org/@electric-sql%2fpglite set size:undefined disposed:false
2309 http fetch GET 200 https://registry.npmjs.org/extract-zip 307ms (cache miss)
2310 silly packumentCache full:https://registry.npmjs.org/extract-zip set size:undefined disposed:false
2311 http fetch GET 200 https://registry.npmjs.org/pg-gateway 664ms (cache miss)
2312 silly packumentCache full:https://registry.npmjs.org/pg-gateway set size:undefined disposed:false
2313 http fetch GET 200 https://registry.npmjs.org/@netlify%2ffunctions 756ms (cache miss)
2314 silly packumentCache full:https://registry.npmjs.org/@netlify%2ffunctions set size:undefined disposed:false
2315 http fetch GET 200 https://registry.npmjs.org/@netlify%2fcache 1299ms (cache miss)
2316 silly packumentCache full:https://registry.npmjs.org/@netlify%2fcache set size:undefined disposed:false
2317 silly placeDep ROOT @electric-sql/pglite@0.3.16 OK for: @netlify/database-dev@0.10.1 want: ^0.3.15
2318 silly placeDep ROOT pg-gateway@0.3.0-beta.4 OK for: @netlify/database-dev@0.10.1 want: 0.3.0-beta.4
2319 silly placeDep ROOT @whatwg-node/server@0.11.0 OK for: @netlify/dev-utils@4.4.7 want: ^0.11.0
2320 silly placeDep ROOT atomically@2.1.1 OK for: @netlify/dev-utils@4.4.7 want: ^2.0.3
2321 silly placeDep ROOT dettle@1.0.5 OK for: @netlify/dev-utils@4.4.7 want: ^1.0.5
2322 silly placeDep node_modules/@netlify/dev-utils dot-prop@9.0.0 OK for: @netlify/dev-utils@4.4.7 want: 9.0.0
2323 silly placeDep ROOT empathic@2.0.1 OK for: @netlify/dev-utils@4.4.7 want: ^2.0.0
2324 silly placeDep node_modules/@netlify/dev-utils env-paths@3.0.0 OK for: @netlify/dev-utils@4.4.7 want: ^3.0.0
2325 silly placeDep ROOT image-size@2.0.2 OK for: @netlify/dev-utils@4.4.7 want: ^2.0.2
2326 silly placeDep ROOT js-image-generator@1.0.4 OK for: @netlify/dev-utils@4.4.7 want: ^1.0.4
2327 silly placeDep ROOT parse-gitignore@2.0.0 OK for: @netlify/dev-utils@4.4.7 want: ^2.0.0
2328 silly placeDep ROOT tmp-promise@3.0.3 OK for: @netlify/dev-utils@4.4.7 want: ^3.0.3
2329 silly fetch manifest tslib@^2.6.3
2330 silly packumentCache full:https://registry.npmjs.org/tslib cache-miss
2331 silly fetch manifest @whatwg-node/fetch@^0.10.13
2332 silly packumentCache full:https://registry.npmjs.org/@whatwg-node%2ffetch cache-miss
2333 silly fetch manifest @envelop/instrumentation@^1.0.0
2334 silly packumentCache full:https://registry.npmjs.org/@envelop%2finstrumentation cache-miss
2335 silly fetch manifest @whatwg-node/disposablestack@^0.0.6
2336 silly packumentCache full:https://registry.npmjs.org/@whatwg-node%2fdisposablestack cache-miss
2337 silly fetch manifest @whatwg-node/promise-helpers@^1.3.2
2338 silly packumentCache full:https://registry.npmjs.org/@whatwg-node%2fpromise-helpers cache-miss
2339 silly fetch manifest stubborn-fs@^2.0.0
2340 silly packumentCache full:https://registry.npmjs.org/stubborn-fs cache-miss
2341 silly fetch manifest when-exit@^2.1.4
2342 silly packumentCache full:https://registry.npmjs.org/when-exit cache-miss
2343 silly fetch manifest jpeg-js@^0.4.2
2344 silly packumentCache full:https://registry.npmjs.org/jpeg-js cache-miss
2345 silly fetch manifest tmp@^0.2.0
2346 silly packumentCache full:https://registry.npmjs.org/tmp cache-miss
2347 http fetch GET 200 https://registry.npmjs.org/stubborn-fs 82ms (cache miss)
2348 silly packumentCache full:https://registry.npmjs.org/stubborn-fs set size:undefined disposed:false
2349 http fetch GET 200 https://registry.npmjs.org/tmp 82ms (cache miss)
2350 silly packumentCache full:https://registry.npmjs.org/tmp set size:undefined disposed:false
2351 http fetch GET 200 https://registry.npmjs.org/tslib 89ms (cache revalidated)
2352 silly packumentCache full:https://registry.npmjs.org/tslib set size:108843 disposed:false
2353 http fetch GET 200 https://registry.npmjs.org/jpeg-js 304ms (cache miss)
2354 silly packumentCache full:https://registry.npmjs.org/jpeg-js set size:undefined disposed:false
2355 http fetch GET 200 https://registry.npmjs.org/when-exit 308ms (cache miss)
2356 silly packumentCache full:https://registry.npmjs.org/when-exit set size:undefined disposed:false
2357 http fetch GET 200 https://registry.npmjs.org/@envelop%2finstrumentation 760ms (cache miss)
2358 silly packumentCache full:https://registry.npmjs.org/@envelop%2finstrumentation set size:undefined disposed:false
2359 http fetch GET 200 https://registry.npmjs.org/@whatwg-node%2fpromise-helpers 842ms (cache miss)
2360 silly packumentCache full:https://registry.npmjs.org/@whatwg-node%2fpromise-helpers set size:undefined disposed:false
2361 http fetch GET 200 https://registry.npmjs.org/@whatwg-node%2fdisposablestack 845ms (cache miss)
2362 silly packumentCache full:https://registry.npmjs.org/@whatwg-node%2fdisposablestack set size:undefined disposed:false
2363 http fetch GET 200 https://registry.npmjs.org/@whatwg-node%2ffetch 919ms (cache miss)
2364 silly packumentCache full:https://registry.npmjs.org/@whatwg-node%2ffetch set size:undefined disposed:false
2365 silly placeDep ROOT @import-maps/resolve@2.0.0 OK for: @netlify/edge-bundler@16.0.3 want: ^2.0.0
2366 silly placeDep ROOT @sveltejs/acorn-typescript@1.0.13 OK for: @netlify/edge-bundler@16.0.3 want: ^1.0.11
2367 silly placeDep ROOT acorn@8.18.0 OK for: @sveltejs/acorn-typescript@1.0.13 want: ^8.9.0
2368 silly placeDep ROOT ajv@8.20.0 OK for: @netlify/edge-bundler@16.0.3 want: ^8.11.2
2369 silly placeDep ROOT ajv-errors@3.0.0 OK for: @netlify/edge-bundler@16.0.3 want: ^3.0.0
2370 silly placeDep ROOT better-ajv-errors@1.2.0 OK for: @netlify/edge-bundler@16.0.3 want: ^1.2.0
2371 silly placeDep ROOT common-path-prefix@3.0.0 OK for: @netlify/edge-bundler@16.0.3 want: ^3.0.0
2372 silly placeDep ROOT esbuild@0.28.1 OK for: @netlify/edge-bundler@16.0.3 want: 0.28.1
2373 silly placeDep node_modules/@netlify/edge-bundler execa@8.0.1 OK for: @netlify/edge-bundler@16.0.3 want: ^8.0.0
2374 silly placeDep node_modules/@netlify/edge-bundler find-up@7.0.0 OK for: @netlify/edge-bundler@16.0.3 want: ^7.0.0
2375 silly placeDep ROOT node-stream-zip@1.16.0 OK for: @netlify/edge-bundler@16.0.3 want: ^1.15.0
2376 silly placeDep ROOT p-retry@6.2.1 OK for: @netlify/edge-bundler@16.0.3 want: ^6.0.0
2377 silly placeDep ROOT parse-imports@2.2.1 OK for: @netlify/edge-bundler@16.0.3 want: ^2.2.1
2378 silly placeDep ROOT tar@7.5.22 OK for: @netlify/edge-bundler@16.0.3 want: ^7.5.12
2379 silly placeDep ROOT urlpattern-polyfill@8.0.2 OK for: @netlify/edge-bundler@16.0.3 want: 8.0.2
2380 silly fetch manifest fast-deep-equal@^3.1.3
2381 silly packumentCache full:https://registry.npmjs.org/fast-deep-equal cache-miss
2382 silly fetch manifest fast-uri@^3.0.1
2383 silly packumentCache full:https://registry.npmjs.org/fast-uri cache-miss
2384 silly fetch manifest json-schema-traverse@^1.0.0
2385 silly packumentCache full:https://registry.npmjs.org/json-schema-traverse cache-miss
2386 silly fetch manifest require-from-string@^2.0.2
2387 silly packumentCache full:https://registry.npmjs.org/require-from-string cache-miss
2388 silly fetch manifest chalk@^4.1.2
2389 silly packumentCache full:https://registry.npmjs.org/chalk cache-hit
2390 silly fetch manifest leven@^3.1.0 < 4
2391 silly packumentCache full:https://registry.npmjs.org/leven cache-miss
2392 silly fetch manifest jsonpointer@^5.0.0
2393 silly packumentCache full:https://registry.npmjs.org/jsonpointer cache-miss
2394 silly fetch manifest @babel/code-frame@^7.16.0
2395 silly packumentCache full:https://registry.npmjs.org/@babel%2fcode-frame cache-miss
2396 silly fetch manifest @humanwhocodes/momoa@^2.0.2
2397 silly packumentCache full:https://registry.npmjs.org/@humanwhocodes%2fmomoa cache-miss
2398 silly fetch manifest @esbuild/aix-ppc64@0.28.1
2399 silly packumentCache full:https://registry.npmjs.org/@esbuild%2faix-ppc64 cache-miss
2400 silly fetch manifest @esbuild/linux-arm@0.28.1
2401 silly packumentCache full:https://registry.npmjs.org/@esbuild%2flinux-arm cache-miss
2402 silly fetch manifest @esbuild/linux-x64@0.28.1
2403 silly packumentCache full:https://registry.npmjs.org/@esbuild%2flinux-x64 cache-miss
2404 silly fetch manifest @esbuild/sunos-x64@0.28.1
2405 silly packumentCache full:https://registry.npmjs.org/@esbuild%2fsunos-x64 cache-miss
2406 silly fetch manifest @esbuild/win32-x64@0.28.1
2407 silly packumentCache full:https://registry.npmjs.org/@esbuild%2fwin32-x64 cache-miss
2408 silly fetch manifest @esbuild/darwin-x64@0.28.1
2409 silly packumentCache full:https://registry.npmjs.org/@esbuild%2fdarwin-x64 cache-miss
2410 silly fetch manifest @esbuild/linux-ia32@0.28.1
2411 silly packumentCache full:https://registry.npmjs.org/@esbuild%2flinux-ia32 cache-miss
2412 http fetch GET 200 https://registry.npmjs.org/require-from-string 92ms (cache miss)
2413 silly packumentCache full:https://registry.npmjs.org/require-from-string set size:undefined disposed:false
2414 silly fetch manifest @esbuild/netbsd-x64@0.28.1
2415 silly packumentCache full:https://registry.npmjs.org/@esbuild%2fnetbsd-x64 cache-miss
2416 http fetch GET 200 https://registry.npmjs.org/json-schema-traverse 95ms (cache miss)
2417 silly packumentCache full:https://registry.npmjs.org/json-schema-traverse set size:undefined disposed:false
2418 silly fetch manifest @esbuild/win32-ia32@0.28.1
2419 silly packumentCache full:https://registry.npmjs.org/@esbuild%2fwin32-ia32 cache-miss
2420 http fetch GET 200 https://registry.npmjs.org/jsonpointer 95ms (cache miss)
2421 silly packumentCache full:https://registry.npmjs.org/jsonpointer set size:undefined disposed:false
2422 silly fetch manifest @esbuild/android-arm@0.28.1
2423 silly packumentCache full:https://registry.npmjs.org/@esbuild%2fandroid-arm cache-miss
2424 http fetch GET 200 https://registry.npmjs.org/fast-uri 100ms (cache miss)
2425 silly packumentCache full:https://registry.npmjs.org/fast-uri set size:undefined disposed:false
2426 silly fetch manifest @esbuild/android-x64@0.28.1
2427 silly packumentCache full:https://registry.npmjs.org/@esbuild%2fandroid-x64 cache-miss
2428 http fetch GET 200 https://registry.npmjs.org/@esbuild%2faix-ppc64 100ms (cache miss)
2429 silly packumentCache full:https://registry.npmjs.org/@esbuild%2faix-ppc64 set size:undefined disposed:false
2430 silly fetch manifest @esbuild/freebsd-x64@0.28.1
2431 silly packumentCache full:https://registry.npmjs.org/@esbuild%2ffreebsd-x64 cache-miss
2432 http fetch GET 200 https://registry.npmjs.org/fast-deep-equal 104ms (cache revalidated)
2433 silly packumentCache full:https://registry.npmjs.org/fast-deep-equal set size:48634 disposed:false
2434 silly fetch manifest @esbuild/linux-arm64@0.28.1
2435 silly packumentCache full:https://registry.npmjs.org/@esbuild%2flinux-arm64 cache-miss
2436 http fetch GET 200 https://registry.npmjs.org/@esbuild%2fwin32-x64 221ms (cache miss)
2437 silly packumentCache full:https://registry.npmjs.org/@esbuild%2fwin32-x64 set size:undefined disposed:false
2438 silly fetch manifest @esbuild/linux-ppc64@0.28.1
2439 silly packumentCache full:https://registry.npmjs.org/@esbuild%2flinux-ppc64 cache-miss
2440 http fetch GET 200 https://registry.npmjs.org/@esbuild%2flinux-ia32 240ms (cache miss)
2441 silly packumentCache full:https://registry.npmjs.org/@esbuild%2flinux-ia32 set size:undefined disposed:false
2442 silly fetch manifest @esbuild/linux-s390x@0.28.1
2443 silly packumentCache full:https://registry.npmjs.org/@esbuild%2flinux-s390x cache-miss
2444 http fetch GET 200 https://registry.npmjs.org/@esbuild%2flinux-x64 248ms (cache miss)
2445 silly packumentCache full:https://registry.npmjs.org/@esbuild%2flinux-x64 set size:undefined disposed:false
2446 silly fetch manifest @esbuild/openbsd-x64@0.28.1
2447 silly packumentCache full:https://registry.npmjs.org/@esbuild%2fopenbsd-x64 cache-miss
2448 http fetch GET 200 https://registry.npmjs.org/@esbuild%2fdarwin-x64 250ms (cache miss)
2449 silly packumentCache full:https://registry.npmjs.org/@esbuild%2fdarwin-x64 set size:undefined disposed:false
2450 silly fetch manifest @esbuild/win32-arm64@0.28.1
2451 silly packumentCache full:https://registry.npmjs.org/@esbuild%2fwin32-arm64 cache-miss
2452 http fetch GET 200 https://registry.npmjs.org/@esbuild%2fsunos-x64 261ms (cache miss)
2453 silly packumentCache full:https://registry.npmjs.org/@esbuild%2fsunos-x64 set size:undefined disposed:false
2454 silly fetch manifest @esbuild/darwin-arm64@0.28.1
2455 silly packumentCache full:https://registry.npmjs.org/@esbuild%2fdarwin-arm64 cache-miss
2456 http fetch GET 200 https://registry.npmjs.org/@babel%2fcode-frame 272ms (cache miss)
2457 silly packumentCache full:https://registry.npmjs.org/@babel%2fcode-frame set size:undefined disposed:false
2458 silly fetch manifest @esbuild/netbsd-arm64@0.28.1
2459 silly packumentCache full:https://registry.npmjs.org/@esbuild%2fnetbsd-arm64 cache-miss
2460 http fetch GET 200 https://registry.npmjs.org/@esbuild%2flinux-arm 277ms (cache miss)
2461 silly packumentCache full:https://registry.npmjs.org/@esbuild%2flinux-arm set size:undefined disposed:false
2462 silly fetch manifest @esbuild/android-arm64@0.28.1
2463 silly packumentCache full:https://registry.npmjs.org/@esbuild%2fandroid-arm64 cache-miss
2464 http fetch GET 200 https://registry.npmjs.org/@esbuild%2fwin32-ia32 211ms (cache miss)
2465 silly packumentCache full:https://registry.npmjs.org/@esbuild%2fwin32-ia32 set size:undefined disposed:false
2466 silly fetch manifest @esbuild/freebsd-arm64@0.28.1
2467 silly packumentCache full:https://registry.npmjs.org/@esbuild%2ffreebsd-arm64 cache-miss
2468 http fetch GET 200 https://registry.npmjs.org/@esbuild%2fnetbsd-x64 220ms (cache miss)
2469 silly packumentCache full:https://registry.npmjs.org/@esbuild%2fnetbsd-x64 set size:undefined disposed:false
2470 silly fetch manifest @esbuild/linux-loong64@0.28.1
2471 silly packumentCache full:https://registry.npmjs.org/@esbuild%2flinux-loong64 cache-miss
2472 http fetch GET 200 https://registry.npmjs.org/@esbuild%2flinux-arm64 222ms (cache miss)
2473 silly packumentCache full:https://registry.npmjs.org/@esbuild%2flinux-arm64 set size:undefined disposed:false
2474 silly fetch manifest @esbuild/linux-riscv64@0.28.1
2475 silly packumentCache full:https://registry.npmjs.org/@esbuild%2flinux-riscv64 cache-miss
2476 http fetch GET 200 https://registry.npmjs.org/@esbuild%2fandroid-x64 231ms (cache miss)
2477 silly packumentCache full:https://registry.npmjs.org/@esbuild%2fandroid-x64 set size:undefined disposed:false
2478 silly fetch manifest @esbuild/openbsd-arm64@0.28.1
2479 silly packumentCache full:https://registry.npmjs.org/@esbuild%2fopenbsd-arm64 cache-miss
2480 http fetch GET 200 https://registry.npmjs.org/@esbuild%2ffreebsd-x64 238ms (cache miss)
2481 silly packumentCache full:https://registry.npmjs.org/@esbuild%2ffreebsd-x64 set size:undefined disposed:false
2482 silly fetch manifest @esbuild/linux-mips64el@0.28.1
2483 silly packumentCache full:https://registry.npmjs.org/@esbuild%2flinux-mips64el cache-miss
2484 http fetch GET 200 https://registry.npmjs.org/@esbuild%2flinux-s390x 109ms (cache miss)
2485 silly packumentCache full:https://registry.npmjs.org/@esbuild%2flinux-s390x set size:undefined disposed:false
2486 silly fetch manifest @esbuild/openharmony-arm64@0.28.1
2487 silly packumentCache full:https://registry.npmjs.org/@esbuild%2fopenharmony-arm64 cache-miss
2488 http fetch GET 200 https://registry.npmjs.org/@esbuild%2fopenbsd-x64 111ms (cache miss)
2489 silly packumentCache full:https://registry.npmjs.org/@esbuild%2fopenbsd-x64 set size:undefined disposed:false
2490 silly fetch manifest retry@^0.13.1
2491 silly packumentCache full:https://registry.npmjs.org/retry cache-miss
2492 http fetch GET 200 https://registry.npmjs.org/@esbuild%2fnetbsd-arm64 587ms (cache miss)
2493 silly packumentCache full:https://registry.npmjs.org/@esbuild%2fnetbsd-arm64 set size:undefined disposed:false
2494 silly fetch manifest @types/retry@0.12.2
2495 silly packumentCache full:https://registry.npmjs.org/@types%2fretry cache-miss
2496 http fetch GET 200 https://registry.npmjs.org/@esbuild%2fwin32-arm64 640ms (cache miss)
2497 silly packumentCache full:https://registry.npmjs.org/@esbuild%2fwin32-arm64 set size:undefined disposed:false
2498 silly fetch manifest is-network-error@^1.0.0
2499 silly packumentCache full:https://registry.npmjs.org/is-network-error cache-miss
2500 http fetch GET 200 https://registry.npmjs.org/leven 900ms (cache miss)
2501 silly packumentCache full:https://registry.npmjs.org/leven set size:undefined disposed:false
2502 silly fetch manifest slashes@^3.0.12
2503 silly packumentCache full:https://registry.npmjs.org/slashes cache-miss
2504 http fetch GET 200 https://registry.npmjs.org/@esbuild%2ffreebsd-arm64 610ms (cache miss)
2505 silly packumentCache full:https://registry.npmjs.org/@esbuild%2ffreebsd-arm64 set size:undefined disposed:false
2506 silly fetch manifest es-module-lexer@^1.5.3
2507 silly packumentCache full:https://registry.npmjs.org/es-module-lexer cache-miss
2508 http fetch GET 200 https://registry.npmjs.org/@esbuild%2fandroid-arm 833ms (cache miss)
2509 silly packumentCache full:https://registry.npmjs.org/@esbuild%2fandroid-arm set size:undefined disposed:false
2510 silly fetch manifest chownr@^3.0.0
2511 silly packumentCache full:https://registry.npmjs.org/chownr cache-miss
2512 http fetch GET 200 https://registry.npmjs.org/@esbuild%2fopenbsd-arm64 602ms (cache miss)
2513 silly packumentCache full:https://registry.npmjs.org/@esbuild%2fopenbsd-arm64 set size:undefined disposed:false
2514 silly fetch manifest yallist@^5.0.0
2515 silly packumentCache full:https://registry.npmjs.org/yallist cache-miss
2516 http cache https://registry.npmjs.org/es-module-lexer 16ms (cache hit)
2517 silly packumentCache full:https://registry.npmjs.org/es-module-lexer set size:212402 disposed:false
2518 silly fetch manifest minipass@^7.1.2
2519 silly packumentCache full:https://registry.npmjs.org/minipass cache-hit
2520 silly fetch manifest minizlib@^3.1.0
2521 silly packumentCache full:https://registry.npmjs.org/minizlib cache-miss
2522 http fetch GET 200 https://registry.npmjs.org/@esbuild%2flinux-loong64 630ms (cache miss)
2523 silly packumentCache full:https://registry.npmjs.org/@esbuild%2flinux-loong64 set size:undefined disposed:false
2524 silly fetch manifest @isaacs/fs-minipass@^4.0.0
2525 silly packumentCache full:https://registry.npmjs.org/@isaacs%2ffs-minipass cache-miss
2526 http fetch GET 200 https://registry.npmjs.org/retry 580ms (cache revalidated)
2527 silly packumentCache full:https://registry.npmjs.org/retry set size:31161 disposed:false
2528 http fetch GET 200 https://registry.npmjs.org/@esbuild%2flinux-mips64el 785ms (cache miss)
2529 silly packumentCache full:https://registry.npmjs.org/@esbuild%2flinux-mips64el set size:undefined disposed:false
2530 http fetch GET 200 https://registry.npmjs.org/@esbuild%2fopenharmony-arm64 896ms (cache miss)
2531 silly packumentCache full:https://registry.npmjs.org/@esbuild%2fopenharmony-arm64 set size:undefined disposed:false
2532 http fetch GET 200 https://registry.npmjs.org/@humanwhocodes%2fmomoa 1286ms (cache miss)
2533 silly packumentCache full:https://registry.npmjs.org/@humanwhocodes%2fmomoa set size:undefined disposed:false
2534 http fetch GET 200 https://registry.npmjs.org/@esbuild%2fdarwin-arm64 1066ms (cache miss)
2535 silly packumentCache full:https://registry.npmjs.org/@esbuild%2fdarwin-arm64 set size:undefined disposed:false
2536 http fetch GET 200 https://registry.npmjs.org/@esbuild%2flinux-riscv64 1035ms (cache miss)
2537 silly packumentCache full:https://registry.npmjs.org/@esbuild%2flinux-riscv64 set size:undefined disposed:false
2538 http fetch GET 200 https://registry.npmjs.org/@types%2fretry 504ms (cache miss)
2539 silly packumentCache full:https://registry.npmjs.org/@types%2fretry set size:undefined disposed:false
2540 http fetch GET 200 https://registry.npmjs.org/chownr 442ms (cache miss)
2541 silly packumentCache full:https://registry.npmjs.org/chownr set size:undefined disposed:false
2542 http fetch GET 200 https://registry.npmjs.org/minizlib 433ms (cache miss)
2543 silly packumentCache full:https://registry.npmjs.org/minizlib set size:undefined disposed:false
2544 http fetch GET 200 https://registry.npmjs.org/@esbuild%2flinux-ppc64 1218ms (cache miss)
2545 silly packumentCache full:https://registry.npmjs.org/@esbuild%2flinux-ppc64 set size:undefined disposed:false
2546 http fetch GET 200 https://registry.npmjs.org/is-network-error 554ms (cache miss)
2547 silly packumentCache full:https://registry.npmjs.org/is-network-error set size:undefined disposed:false
2548 http fetch GET 200 https://registry.npmjs.org/@isaacs%2ffs-minipass 506ms (cache miss)
2549 silly packumentCache full:https://registry.npmjs.org/@isaacs%2ffs-minipass set size:undefined disposed:false
2550 http fetch GET 200 https://registry.npmjs.org/@esbuild%2fandroid-arm64 1175ms (cache miss)
2551 silly packumentCache full:https://registry.npmjs.org/@esbuild%2fandroid-arm64 set size:undefined disposed:false
2552 http fetch GET 200 https://registry.npmjs.org/yallist 525ms (cache revalidated)
2553 silly packumentCache full:https://registry.npmjs.org/yallist set size:34610 disposed:false
2554 http fetch GET 200 https://registry.npmjs.org/slashes 994ms (cache miss)
2555 silly packumentCache full:https://registry.npmjs.org/slashes set size:undefined disposed:false
2556 silly placeDep ROOT @netlify/types@2.8.0 OK for: @netlify/edge-functions@3.0.8 want: 2.8.0
2557 silly placeDep node_modules/@netlify/edge-functions-dev @netlify/dev-utils@5.0.0 OK for: @netlify/edge-functions-dev@1.0.24 want: 5.0.0
2558 silly placeDep node_modules/@netlify/edge-functions-dev @netlify/edge-bundler@15.1.1 OK for: @netlify/edge-functions-dev@1.0.24 want: ^15.1.1
2559 silly placeDep node_modules/@netlify/edge-functions-dev @netlify/edge-functions-bootstrap@2.16.0 OK for: @netlify/edge-functions-dev@1.0.24 want: 2.16.0
2560 silly placeDep node_modules/@netlify/edge-functions-dev get-port@7.2.0 OK for: @netlify/edge-functions-dev@1.0.24 want: ^7.1.0
2561 silly fetch manifest get-port@^7.0.0
2562 silly packumentCache full:https://registry.npmjs.org/get-port cache-hit
2563 silly fetch manifest path-key@^4.0.0
2564 silly packumentCache full:https://registry.npmjs.org/path-key cache-miss
2565 http fetch GET 200 https://registry.npmjs.org/path-key 58ms (cache revalidated)
2566 silly packumentCache full:https://registry.npmjs.org/path-key set size:16975 disposed:false
2567 silly placeDep node_modules/@netlify/functions-dev @netlify/dev-utils@5.0.0 OK for: @netlify/functions-dev@1.3.5 want: 5.0.0
2568 silly placeDep ROOT @netlify/functions@5.3.0 OK for: @netlify/functions-dev@1.3.5 want: 5.3.0
2569 silly placeDep ROOT extract-zip@2.0.1 OK for: @netlify/functions-dev@1.3.5 want: ^2.0.1
2570 silly placeDep node_modules/@netlify/functions-dev read-package-up@11.0.0 OK for: @netlify/functions-dev@1.3.5 want: ^11.0.0
2571 silly fetch manifest get-stream@^5.1.0
2572 silly packumentCache full:https://registry.npmjs.org/get-stream cache-hit
2573 silly fetch manifest yauzl@^2.10.0
2574 silly packumentCache full:https://registry.npmjs.org/yauzl cache-miss
2575 silly fetch manifest @types/yauzl@^2.9.1
2576 silly packumentCache full:https://registry.npmjs.org/@types%2fyauzl cache-miss
2577 http cache https://registry.npmjs.org/yauzl 6ms (cache hit)
2578 silly packumentCache full:https://registry.npmjs.org/yauzl set size:114252 disposed:false
2579 http fetch GET 200 https://registry.npmjs.org/@types%2fyauzl 696ms (cache miss)
2580 silly packumentCache full:https://registry.npmjs.org/@types%2fyauzl set size:undefined disposed:false
2581 silly placeDep ROOT cpy@11.1.0 OK for: @netlify/functions-utils@7.1.4 want: ^11.0.0
2582 silly fetch manifest globby@^14.0.2
2583 silly packumentCache full:https://registry.npmjs.org/globby cache-miss
2584 silly fetch manifest micromatch@^4.0.7
2585 silly packumentCache full:https://registry.npmjs.org/micromatch cache-hit
2586 http fetch GET 200 https://registry.npmjs.org/globby 246ms (cache miss)
2587 silly packumentCache full:https://registry.npmjs.org/globby set size:undefined disposed:false
2588 silly placeDep node_modules/@netlify/git-utils execa@8.0.1 OK for: @netlify/git-utils@7.1.0 want: ^8.0.0
2589 silly placeDep ROOT micro-memoize@5.1.2 OK for: @netlify/git-utils@7.1.0 want: ^5.1.1
2590 silly placeDep ROOT micromatch@4.0.8 OK for: @netlify/git-utils@7.1.0 want: ^4.0.2
2591 silly fetch manifest fast-equals@^5.4.0
2592 silly packumentCache full:https://registry.npmjs.org/fast-equals cache-miss
2593 silly fetch manifest fast-stringify@^4.0.0
2594 silly packumentCache full:https://registry.npmjs.org/fast-stringify cache-miss
2595 silly fetch manifest braces@^3.0.3
2596 silly packumentCache full:https://registry.npmjs.org/braces cache-miss
2597 silly fetch manifest picomatch@^2.3.1
2598 silly packumentCache full:https://registry.npmjs.org/picomatch cache-miss
2599 http cache https://registry.npmjs.org/picomatch 6ms (cache hit)
2600 silly packumentCache full:https://registry.npmjs.org/picomatch set size:128942 disposed:false
2601 http fetch GET 200 https://registry.npmjs.org/fast-equals 78ms (cache miss)
2602 silly packumentCache full:https://registry.npmjs.org/fast-equals set size:undefined disposed:false
2603 http fetch GET 200 https://registry.npmjs.org/braces 84ms (cache miss)
2604 silly packumentCache full:https://registry.npmjs.org/braces set size:undefined disposed:false
2605 http fetch GET 200 https://registry.npmjs.org/fast-stringify 303ms (cache miss)
2606 silly packumentCache full:https://registry.npmjs.org/fast-stringify set size:undefined disposed:false
2607 silly placeDep ROOT escape-string-regexp@5.0.0 OK for: @netlify/headers-parser@10.1.1 want: ^5.0.0
2608 silly placeDep ROOT ipx@3.1.1 OK for: @netlify/images@1.3.12 want: ^3.1.1
2609 silly fetch manifest h3@^1.15.3
2610 silly packumentCache full:https://registry.npmjs.org/h3 cache-miss
2611 silly fetch manifest ufo@^1.6.1
2612 silly packumentCache full:https://registry.npmjs.org/ufo cache-miss
2613 silly fetch manifest xss@^1.0.15
2614 silly packumentCache full:https://registry.npmjs.org/xss cache-miss
2615 silly fetch manifest defu@^6.1.4
2616 silly packumentCache full:https://registry.npmjs.org/defu cache-miss
2617 silly fetch manifest svgo@^4.0.0
2618 silly packumentCache full:https://registry.npmjs.org/svgo cache-miss
2619 silly fetch manifest citty@^0.1.6
2620 silly packumentCache full:https://registry.npmjs.org/citty cache-miss
2621 silly fetch manifest destr@^2.0.5
2622 silly packumentCache full:https://registry.npmjs.org/destr cache-miss
2623 silly fetch manifest pathe@^2.0.3
2624 silly packumentCache full:https://registry.npmjs.org/pathe cache-miss
2625 silly fetch manifest sharp@^0.34.3
2626 silly packumentCache full:https://registry.npmjs.org/sharp cache-miss
2627 silly fetch manifest ofetch@^1.4.1
2628 silly packumentCache full:https://registry.npmjs.org/ofetch cache-miss
2629 silly fetch manifest consola@^3.4.2
2630 silly packumentCache full:https://registry.npmjs.org/consola cache-miss
2631 silly fetch manifest listhen@^1.9.0
2632 silly packumentCache full:https://registry.npmjs.org/listhen cache-miss
2633 silly fetch manifest unstorage@^1.16.1
2634 silly packumentCache full:https://registry.npmjs.org/unstorage cache-miss
2635 silly fetch manifest image-meta@^0.2.1
2636 silly packumentCache full:https://registry.npmjs.org/image-meta cache-miss
2637 http fetch GET 200 https://registry.npmjs.org/defu 616ms (cache miss)
2638 silly packumentCache full:https://registry.npmjs.org/defu set size:undefined disposed:false
2639 http fetch GET 200 https://registry.npmjs.org/sharp 625ms (cache revalidated)
2640 silly packumentCache full:https://registry.npmjs.org/sharp set size:1201295 disposed:false
2641 http fetch GET 200 https://registry.npmjs.org/destr 726ms (cache miss)
2642 silly packumentCache full:https://registry.npmjs.org/destr set size:undefined disposed:false
2643 http fetch GET 200 https://registry.npmjs.org/svgo 865ms (cache miss)
2644 silly packumentCache full:https://registry.npmjs.org/svgo set size:undefined disposed:false
2645 http fetch GET 200 https://registry.npmjs.org/unstorage 868ms (cache miss)
2646 silly packumentCache full:https://registry.npmjs.org/unstorage set size:undefined disposed:false
2647 http fetch GET 200 https://registry.npmjs.org/consola 899ms (cache miss)
2648 silly packumentCache full:https://registry.npmjs.org/consola set size:undefined disposed:false
2649 http fetch GET 200 https://registry.npmjs.org/image-meta 910ms (cache miss)
2650 silly packumentCache full:https://registry.npmjs.org/image-meta set size:undefined disposed:false
2651 http fetch GET 200 https://registry.npmjs.org/pathe 915ms (cache miss)
2652 silly packumentCache full:https://registry.npmjs.org/pathe set size:undefined disposed:false
2653 http fetch GET 200 https://registry.npmjs.org/xss 918ms (cache miss)
2654 silly packumentCache full:https://registry.npmjs.org/xss set size:undefined disposed:false
2655 http fetch GET 200 https://registry.npmjs.org/listhen 940ms (cache miss)
2656 silly packumentCache full:https://registry.npmjs.org/listhen set size:undefined disposed:false
2657 http fetch GET 200 https://registry.npmjs.org/h3 972ms (cache miss)
2658 silly packumentCache full:https://registry.npmjs.org/h3 set size:undefined disposed:false
2659 http fetch GET 200 https://registry.npmjs.org/citty 995ms (cache miss)
2660 silly packumentCache full:https://registry.npmjs.org/citty set size:undefined disposed:false
2661 http fetch GET 200 https://registry.npmjs.org/ufo 1845ms (cache miss)
2662 silly packumentCache full:https://registry.npmjs.org/ufo set size:undefined disposed:false
2663 http fetch GET 200 https://registry.npmjs.org/ofetch 1924ms (cache miss)
2664 silly packumentCache full:https://registry.npmjs.org/ofetch set size:undefined disposed:false
2665 silly placeDep ROOT @netlify/local-functions-proxy-darwin-arm64@1.1.1 OK for: @netlify/local-functions-proxy@2.0.3 want: 1.1.1
2666 silly placeDep ROOT @netlify/local-functions-proxy-darwin-x64@1.1.1 OK for: @netlify/local-functions-proxy@2.0.3 want: 1.1.1
2667 silly placeDep ROOT @netlify/local-functions-proxy-freebsd-arm64@1.1.1 OK for: @netlify/local-functions-proxy@2.0.3 want: 1.1.1
2668 silly placeDep ROOT @netlify/local-functions-proxy-freebsd-x64@1.1.1 OK for: @netlify/local-functions-proxy@2.0.3 want: 1.1.1
2669 silly placeDep ROOT @netlify/local-functions-proxy-linux-arm@1.1.1 OK for: @netlify/local-functions-proxy@2.0.3 want: 1.1.1
2670 silly placeDep ROOT @netlify/local-functions-proxy-linux-arm64@1.1.1 OK for: @netlify/local-functions-proxy@2.0.3 want: 1.1.1
2671 silly placeDep ROOT @netlify/local-functions-proxy-linux-ia32@1.1.1 OK for: @netlify/local-functions-proxy@2.0.3 want: 1.1.1
2672 silly placeDep ROOT @netlify/local-functions-proxy-linux-ppc64@1.1.1 OK for: @netlify/local-functions-proxy@2.0.3 want: 1.1.1
2673 silly placeDep ROOT @netlify/local-functions-proxy-linux-x64@1.1.1 OK for: @netlify/local-functions-proxy@2.0.3 want: 1.1.1
2674 silly placeDep ROOT @netlify/local-functions-proxy-openbsd-x64@1.1.1 OK for: @netlify/local-functions-proxy@2.0.3 want: 1.1.1
2675 silly placeDep ROOT @netlify/local-functions-proxy-win32-ia32@1.1.1 OK for: @netlify/local-functions-proxy@2.0.3 want: 1.1.1
2676 silly placeDep ROOT @netlify/local-functions-proxy-win32-x64@1.1.1 OK for: @netlify/local-functions-proxy@2.0.3 want: 1.1.1
2677 silly placeDep node_modules/@netlify/otel @opentelemetry/api@1.9.1 OK for: @netlify/otel@6.0.6 want: 1.9.1
2678 silly placeDep ROOT @opentelemetry/core@2.8.0 OK for: @netlify/otel@6.0.6 want: 2.8.0
2679 silly placeDep ROOT @opentelemetry/instrumentation@0.220.0 OK for: @netlify/otel@6.0.6 want: ^0.220.0
2680 silly placeDep ROOT @opentelemetry/resources@2.9.0 OK for: @netlify/otel@6.0.6 want: 2.9.0
2681 silly placeDep ROOT @opentelemetry/sdk-trace-node@2.9.0 OK for: @netlify/otel@6.0.6 want: 2.9.0
2682 silly fetch manifest @opentelemetry/semantic-conventions@^1.29.0
2683 silly packumentCache full:https://registry.npmjs.org/@opentelemetry%2fsemantic-conventions cache-miss
2684 silly fetch manifest import-in-the-middle@^3.0.0
2685 silly packumentCache full:https://registry.npmjs.org/import-in-the-middle cache-miss
2686 silly fetch manifest require-in-the-middle@^8.0.0
2687 silly packumentCache full:https://registry.npmjs.org/require-in-the-middle cache-miss
2688 silly fetch manifest @opentelemetry/api-logs@0.220.0
2689 silly packumentCache full:https://registry.npmjs.org/@opentelemetry%2fapi-logs cache-miss
2690 silly fetch manifest @opentelemetry/core@2.9.0
2691 silly packumentCache full:https://registry.npmjs.org/@opentelemetry%2fcore cache-miss
2692 silly fetch manifest @opentelemetry/semantic-conventions@^1.29.0
2693 silly packumentCache full:https://registry.npmjs.org/@opentelemetry%2fsemantic-conventions cache-miss
2694 silly fetch manifest @opentelemetry/core@2.9.0
2695 silly packumentCache full:https://registry.npmjs.org/@opentelemetry%2fcore cache-miss
2696 silly fetch manifest @opentelemetry/sdk-trace-base@2.9.0
2697 silly packumentCache full:https://registry.npmjs.org/@opentelemetry%2fsdk-trace-base cache-miss
2698 silly fetch manifest @opentelemetry/context-async-hooks@2.9.0
2699 silly packumentCache full:https://registry.npmjs.org/@opentelemetry%2fcontext-async-hooks cache-miss
2700 http cache https://registry.npmjs.org/@opentelemetry%2fcore 42ms (cache hit)
2701 silly packumentCache full:https://registry.npmjs.org/@opentelemetry%2fcore set size:832723 disposed:false
2702 http cache https://registry.npmjs.org/@opentelemetry%2fcore 51ms (cache hit)
2703 silly packumentCache full:https://registry.npmjs.org/@opentelemetry%2fcore set size:832723 disposed:false
2704 silly packumentCache full:https://registry.npmjs.org/@opentelemetry%2fcore dispose
2705 http fetch GET 200 https://registry.npmjs.org/require-in-the-middle 88ms (cache miss)
2706 silly packumentCache full:https://registry.npmjs.org/require-in-the-middle set size:undefined disposed:false
2707 http fetch GET 200 https://registry.npmjs.org/@opentelemetry%2fapi-logs 1040ms (cache miss)
2708 silly packumentCache full:https://registry.npmjs.org/@opentelemetry%2fapi-logs set size:undefined disposed:false
2709 http fetch GET 200 https://registry.npmjs.org/import-in-the-middle 1133ms (cache miss)
2710 silly packumentCache full:https://registry.npmjs.org/import-in-the-middle set size:undefined disposed:false
2711 http fetch GET 200 https://registry.npmjs.org/@opentelemetry%2fsdk-trace-base 1155ms (cache miss)
2712 silly packumentCache full:https://registry.npmjs.org/@opentelemetry%2fsdk-trace-base set size:undefined disposed:false
2713 http fetch GET 200 https://registry.npmjs.org/@opentelemetry%2fcontext-async-hooks 1369ms (cache miss)
2714 silly packumentCache full:https://registry.npmjs.org/@opentelemetry%2fcontext-async-hooks set size:undefined disposed:false
2715 http fetch GET 200 https://registry.npmjs.org/@opentelemetry%2fsemantic-conventions 1810ms (cache miss)
2716 silly packumentCache full:https://registry.npmjs.org/@opentelemetry%2fsemantic-conventions set size:undefined disposed:false
2717 http fetch GET 200 https://registry.npmjs.org/@opentelemetry%2fsemantic-conventions 1816ms (cache miss)
2718 silly packumentCache full:https://registry.npmjs.org/@opentelemetry%2fsemantic-conventions set size:undefined disposed:false
2719 silly placeDep node_modules/@netlify/redirects @netlify/dev-utils@5.0.0 OK for: @netlify/redirects@3.1.15 want: 5.0.0
2720 silly placeDep node_modules/@netlify/run-utils execa@8.0.1 OK for: @netlify/run-utils@7.1.0 want: ^8.0.0
2721 silly placeDep ROOT @netlify/cache@3.4.10 OK for: @netlify/runtime@4.1.29 want: 3.4.10
2722 silly placeDep ROOT mime-types@3.0.2 OK for: @netlify/static@3.1.12 want: ^3.0.0
2723 silly fetch manifest mime-db@^1.54.0
2724 silly packumentCache full:https://registry.npmjs.org/mime-db cache-miss
2725 http fetch GET 200 https://registry.npmjs.org/mime-db 88ms (cache revalidated)
2726 silly packumentCache full:https://registry.npmjs.org/mime-db set size:164953 disposed:false
2727 silly placeDep ROOT @babel/parser@7.29.8 OK for: @netlify/zip-it-and-ship-it@15.3.4 want: ^7.22.5
2728 silly placeDep ROOT @babel/types@7.29.8 OK for: @netlify/zip-it-and-ship-it@15.3.4 want: ^7.28.5
2729 silly placeDep ROOT @netlify/binary-info@1.0.0 OK for: @netlify/zip-it-and-ship-it@15.3.4 want: ^1.0.0
2730 silly placeDep ROOT @netlify/serverless-functions-api@2.18.0 OK for: @netlify/zip-it-and-ship-it@15.3.4 want: 2.18.0
2731 silly placeDep ROOT @vercel/nft@0.29.4 OK for: @netlify/zip-it-and-ship-it@15.3.4 want: 0.29.4
2732 silly placeDep ROOT archiver@8.0.0 OK for: @netlify/zip-it-and-ship-it@15.3.4 want: ^8.0.0
2733 silly placeDep ROOT copy-file@11.1.0 OK for: @netlify/zip-it-and-ship-it@15.3.4 want: ^11.0.0
2734 silly placeDep ROOT es-module-lexer@1.7.0 OK for: @netlify/zip-it-and-ship-it@15.3.4 want: ^1.0.0
2735 silly placeDep node_modules/@netlify/zip-it-and-ship-it execa@8.0.1 OK for: @netlify/zip-it-and-ship-it@15.3.4 want: ^8.0.0
2736 silly placeDep ROOT fast-glob@3.3.3 OK for: @netlify/zip-it-and-ship-it@15.3.4 want: ^3.3.3
2737 silly placeDep node_modules/@netlify/zip-it-and-ship-it find-up@7.0.0 OK for: @netlify/zip-it-and-ship-it@15.3.4 want: ^7.0.0
2738 silly placeDep ROOT is-path-inside@4.0.0 OK for: @netlify/zip-it-and-ship-it@15.3.4 want: ^4.0.0
2739 silly placeDep node_modules/@netlify/zip-it-and-ship-it locate-path@7.2.0 OK for: @netlify/zip-it-and-ship-it@15.3.4 want: ^7.0.0
2740 silly placeDep ROOT merge-options@3.0.4 OK for: @netlify/zip-it-and-ship-it@15.3.4 want: ^3.0.4
2741 silly placeDep ROOT normalize-path@3.0.0 OK for: @netlify/zip-it-and-ship-it@15.3.4 want: ^3.0.0
2742 silly placeDep ROOT precinct@12.3.2 OK for: @netlify/zip-it-and-ship-it@15.3.4 want: ^12.0.0
2743 silly placeDep ROOT require-package-name@2.0.1 OK for: @netlify/zip-it-and-ship-it@15.3.4 want: ^2.0.1
2744 silly placeDep ROOT unixify@1.0.0 OK for: @netlify/zip-it-and-ship-it@15.3.4 want: ^1.0.0
2745 silly fetch manifest @babel/types@^7.29.8
2746 silly packumentCache full:https://registry.npmjs.org/@babel%2ftypes cache-miss
2747 silly fetch manifest @babel/helper-string-parser@^7.29.7
2748 silly packumentCache full:https://registry.npmjs.org/@babel%2fhelper-string-parser cache-miss
2749 silly fetch manifest @babel/helper-validator-identifier@^7.29.7
2750 silly packumentCache full:https://registry.npmjs.org/@babel%2fhelper-validator-identifier cache-miss
2751 silly fetch manifest glob@^10.4.5
2752 silly packumentCache full:https://registry.npmjs.org/glob cache-hit
2753 silly fetch manifest bindings@^1.4.0
2754 silly packumentCache full:https://registry.npmjs.org/bindings cache-miss
2755 silly fetch manifest picomatch@^4.0.2
2756 silly packumentCache full:https://registry.npmjs.org/picomatch cache-hit
2757 silly fetch manifest async-sema@^3.1.1
2758 silly packumentCache full:https://registry.npmjs.org/async-sema cache-miss
2759 silly fetch manifest graceful-fs@^4.2.9
2760 silly packumentCache full:https://registry.npmjs.org/graceful-fs cache-miss
2761 silly fetch manifest resolve-from@^5.0.0
2762 silly packumentCache full:https://registry.npmjs.org/resolve-from cache-miss
2763 silly fetch manifest estree-walker@2.0.2
2764 silly packumentCache full:https://registry.npmjs.org/estree-walker cache-miss
2765 silly fetch manifest node-gyp-build@^4.2.2
2766 silly packumentCache full:https://registry.npmjs.org/node-gyp-build cache-miss
2767 silly fetch manifest @rollup/pluginutils@^5.1.3
2768 silly packumentCache full:https://registry.npmjs.org/@rollup%2fpluginutils cache-miss
2769 silly fetch manifest @mapbox/node-pre-gyp@^2.0.0
2770 silly packumentCache full:https://registry.npmjs.org/@mapbox%2fnode-pre-gyp cache-miss
2771 silly fetch manifest acorn-import-attributes@^1.9.5
2772 silly packumentCache full:https://registry.npmjs.org/acorn-import-attributes cache-miss
2773 silly fetch manifest async@^3.2.4
2774 silly packumentCache full:https://registry.npmjs.org/async cache-miss
2775 silly fetch manifest buffer-crc32@^1.0.0
2776 silly packumentCache full:https://registry.npmjs.org/buffer-crc32 cache-miss
2777 silly fetch manifest lazystream@^1.0.0
2778 silly packumentCache full:https://registry.npmjs.org/lazystream cache-miss
2779 http cache https://registry.npmjs.org/@babel%2ftypes 19ms (cache hit)
2780 silly packumentCache full:https://registry.npmjs.org/@babel%2ftypes set size:502938 disposed:false
2781 silly fetch manifest readable-stream@^4.0.0
2782 silly packumentCache full:https://registry.npmjs.org/readable-stream cache-hit
2783 silly fetch manifest readdir-glob@^3.0.0
2784 silly packumentCache full:https://registry.npmjs.org/readdir-glob cache-miss
2785 http fetch GET 200 https://registry.npmjs.org/resolve-from 154ms (cache miss)
2786 silly packumentCache full:https://registry.npmjs.org/resolve-from set size:undefined disposed:false
2787 silly fetch manifest tar-stream@^3.0.0
2788 silly packumentCache full:https://registry.npmjs.org/tar-stream cache-miss
2789 http fetch GET 200 https://registry.npmjs.org/@babel%2fhelper-validator-identifier 159ms (cache miss)
2790 silly packumentCache full:https://registry.npmjs.org/@babel%2fhelper-validator-identifier set size:undefined disposed:false
2791 silly fetch manifest zip-stream@^7.0.2
2792 silly packumentCache full:https://registry.npmjs.org/zip-stream cache-miss
2793 http fetch GET 200 https://registry.npmjs.org/bindings 164ms (cache miss)
2794 silly packumentCache full:https://registry.npmjs.org/bindings set size:undefined disposed:false
2795 silly fetch manifest graceful-fs@^4.2.11
2796 silly packumentCache full:https://registry.npmjs.org/graceful-fs cache-miss
2797 http fetch GET 200 https://registry.npmjs.org/@babel%2fhelper-string-parser 187ms (cache miss)
2798 silly packumentCache full:https://registry.npmjs.org/@babel%2fhelper-string-parser set size:undefined disposed:false
2799 silly fetch manifest @nodelib/fs.stat@^2.0.2
2800 silly packumentCache full:https://registry.npmjs.org/@nodelib%2ffs.stat cache-miss
2801 http fetch GET 200 https://registry.npmjs.org/async-sema 192ms (cache miss)
2802 silly packumentCache full:https://registry.npmjs.org/async-sema set size:undefined disposed:false
2803 silly fetch manifest @nodelib/fs.walk@^1.2.3
2804 silly packumentCache full:https://registry.npmjs.org/@nodelib%2ffs.walk cache-miss
2805 http fetch GET 200 https://registry.npmjs.org/buffer-crc32 189ms (cache miss)
2806 silly packumentCache full:https://registry.npmjs.org/buffer-crc32 set size:undefined disposed:false
2807 silly fetch manifest glob-parent@^5.1.2
2808 silly packumentCache full:https://registry.npmjs.org/glob-parent cache-miss
2809 http fetch GET 200 https://registry.npmjs.org/readdir-glob 173ms (cache miss)
2810 silly packumentCache full:https://registry.npmjs.org/readdir-glob set size:undefined disposed:false
2811 silly fetch manifest merge2@^1.3.0
2812 silly packumentCache full:https://registry.npmjs.org/merge2 cache-miss
2813 http fetch GET 200 https://registry.npmjs.org/@rollup%2fpluginutils 224ms (cache miss)
2814 silly packumentCache full:https://registry.npmjs.org/@rollup%2fpluginutils set size:undefined disposed:false
2815 silly fetch manifest is-plain-obj@^2.1.0
2816 silly packumentCache full:https://registry.npmjs.org/is-plain-obj cache-miss
2817 http cache https://registry.npmjs.org/is-plain-obj 4ms (cache hit)
2818 silly packumentCache full:https://registry.npmjs.org/is-plain-obj set size:17899 disposed:false
2819 silly fetch manifest postcss@^8.5.14
2820 silly packumentCache full:https://registry.npmjs.org/postcss cache-miss
2821 http fetch GET 200 https://registry.npmjs.org/@mapbox%2fnode-pre-gyp 260ms (cache miss)
2822 silly packumentCache full:https://registry.npmjs.org/@mapbox%2fnode-pre-gyp set size:undefined disposed:false
2823 silly fetch manifest detective-amd@^6.1.0
2824 silly packumentCache full:https://registry.npmjs.org/detective-amd cache-miss
2825 http fetch GET 200 https://registry.npmjs.org/tar-stream 157ms (cache miss)
2826 silly packumentCache full:https://registry.npmjs.org/tar-stream set size:undefined disposed:false
2827 silly fetch manifest detective-cjs@^6.1.1
2828 silly packumentCache full:https://registry.npmjs.org/detective-cjs cache-miss
2829 http fetch GET 200 https://registry.npmjs.org/postcss 90ms (cache revalidated)
2830 silly packumentCache full:https://registry.npmjs.org/postcss set size:760024 disposed:false
2831 silly fetch manifest detective-es6@^5.0.2
2832 silly packumentCache full:https://registry.npmjs.org/detective-es6 cache-miss
2833 http fetch GET 200 https://registry.npmjs.org/merge2 156ms (cache miss)
2834 silly packumentCache full:https://registry.npmjs.org/merge2 set size:undefined disposed:false
2835 silly fetch manifest detective-sass@^6.0.2
2836 silly packumentCache full:https://registry.npmjs.org/detective-sass cache-miss
2837 http fetch GET 200 https://registry.npmjs.org/@nodelib%2ffs.stat 168ms (cache miss)
2838 silly packumentCache full:https://registry.npmjs.org/@nodelib%2ffs.stat set size:undefined disposed:false
2839 silly fetch manifest detective-scss@^5.0.2
2840 silly packumentCache full:https://registry.npmjs.org/detective-scss cache-miss
2841 http fetch GET 200 https://registry.npmjs.org/glob-parent 164ms (cache miss)
2842 silly packumentCache full:https://registry.npmjs.org/glob-parent set size:undefined disposed:false
2843 silly fetch manifest detective-vue2@^2.3.0
2844 silly packumentCache full:https://registry.npmjs.org/detective-vue2 cache-miss
2845 http fetch GET 200 https://registry.npmjs.org/acorn-import-attributes 360ms (cache miss)
2846 silly packumentCache full:https://registry.npmjs.org/acorn-import-attributes set size:undefined disposed:false
2847 silly fetch manifest detective-stylus@^5.0.1
2848 silly packumentCache full:https://registry.npmjs.org/detective-stylus cache-miss
2849 http fetch GET 200 https://registry.npmjs.org/@nodelib%2ffs.walk 173ms (cache miss)
2850 silly packumentCache full:https://registry.npmjs.org/@nodelib%2ffs.walk set size:undefined disposed:false
2851 silly fetch manifest node-source-walk@^7.0.2
2852 silly packumentCache full:https://registry.npmjs.org/node-source-walk cache-miss
2853 http fetch GET 200 https://registry.npmjs.org/zip-stream 207ms (cache miss)
2854 silly packumentCache full:https://registry.npmjs.org/zip-stream set size:undefined disposed:false
2855 silly fetch manifest detective-postcss@^8.0.3
2856 silly packumentCache full:https://registry.npmjs.org/detective-postcss cache-miss
2857 http fetch GET 200 https://registry.npmjs.org/graceful-fs 206ms (cache miss)
2858 silly packumentCache full:https://registry.npmjs.org/graceful-fs set size:undefined disposed:false
2859 silly fetch manifest module-definition@^6.0.2
2860 silly packumentCache full:https://registry.npmjs.org/module-definition cache-miss
2861 http fetch GET 200 https://registry.npmjs.org/async 382ms (cache miss)
2862 silly packumentCache full:https://registry.npmjs.org/async set size:undefined disposed:false
2863 silly fetch manifest detective-typescript@^14.1.2
2864 silly packumentCache full:https://registry.npmjs.org/detective-typescript cache-miss
2865 http fetch GET 200 https://registry.npmjs.org/lazystream 384ms (cache miss)
2866 silly packumentCache full:https://registry.npmjs.org/lazystream set size:undefined disposed:false
2867 silly fetch manifest @dependents/detective-less@^5.0.3
2868 silly packumentCache full:https://registry.npmjs.org/@dependents%2fdetective-less cache-miss
2869 http fetch GET 200 https://registry.npmjs.org/node-gyp-build 392ms (cache miss)
2870 silly packumentCache full:https://registry.npmjs.org/node-gyp-build set size:undefined disposed:false
2871 silly fetch manifest normalize-path@^2.1.1
2872 silly packumentCache full:https://registry.npmjs.org/normalize-path cache-miss
2873 http cache https://registry.npmjs.org/normalize-path 5ms (cache hit)
2874 silly packumentCache full:https://registry.npmjs.org/normalize-path set size:28713 disposed:false
2875 http fetch GET 200 https://registry.npmjs.org/graceful-fs 486ms (cache miss)
2876 silly packumentCache full:https://registry.npmjs.org/graceful-fs set size:undefined disposed:false
2877 http fetch GET 200 https://registry.npmjs.org/detective-amd 322ms (cache miss)
2878 silly packumentCache full:https://registry.npmjs.org/detective-amd set size:undefined disposed:false
2879 http fetch GET 200 https://registry.npmjs.org/detective-cjs 299ms (cache miss)
2880 silly packumentCache full:https://registry.npmjs.org/detective-cjs set size:undefined disposed:false
2881 http fetch GET 200 https://registry.npmjs.org/estree-walker 658ms (cache miss)
2882 silly packumentCache full:https://registry.npmjs.org/estree-walker set size:undefined disposed:false
2883 http fetch GET 200 https://registry.npmjs.org/detective-vue2 765ms (cache miss)
2884 silly packumentCache full:https://registry.npmjs.org/detective-vue2 set size:undefined disposed:false
2885 http fetch GET 200 https://registry.npmjs.org/detective-scss 831ms (cache miss)
2886 silly packumentCache full:https://registry.npmjs.org/detective-scss set size:undefined disposed:false
2887 http fetch GET 200 https://registry.npmjs.org/node-source-walk 860ms (cache miss)
2888 silly packumentCache full:https://registry.npmjs.org/node-source-walk set size:undefined disposed:false
2889 http fetch GET 200 https://registry.npmjs.org/detective-sass 880ms (cache miss)
2890 silly packumentCache full:https://registry.npmjs.org/detective-sass set size:undefined disposed:false
2891 http fetch GET 200 https://registry.npmjs.org/detective-typescript 848ms (cache miss)
2892 silly packumentCache full:https://registry.npmjs.org/detective-typescript set size:undefined disposed:false
2893 http fetch GET 200 https://registry.npmjs.org/detective-postcss 866ms (cache miss)
2894 silly packumentCache full:https://registry.npmjs.org/detective-postcss set size:undefined disposed:false
2895 http fetch GET 200 https://registry.npmjs.org/detective-stylus 877ms (cache miss)
2896 silly packumentCache full:https://registry.npmjs.org/detective-stylus set size:undefined disposed:false
2897 http fetch GET 200 https://registry.npmjs.org/detective-es6 904ms (cache miss)
2898 silly packumentCache full:https://registry.npmjs.org/detective-es6 set size:undefined disposed:false
2899 http fetch GET 200 https://registry.npmjs.org/@dependents%2fdetective-less 913ms (cache miss)
2900 silly packumentCache full:https://registry.npmjs.org/@dependents%2fdetective-less set size:undefined disposed:false
2901 http fetch GET 200 https://registry.npmjs.org/module-definition 932ms (cache miss)
2902 silly packumentCache full:https://registry.npmjs.org/module-definition set size:undefined disposed:false
2903 silly placeDep ROOT @babel/helper-string-parser@7.29.7 OK for: @babel/types@7.29.8 want: ^7.29.7
2904 silly placeDep ROOT @babel/helper-validator-identifier@7.29.7 OK for: @babel/types@7.29.8 want: ^7.29.7
2905 silly placeDep ROOT @octokit/core@7.0.7 OK for: @octokit/rest@22.0.1 want: ^7.0.6
2906 silly placeDep ROOT @octokit/plugin-paginate-rest@14.0.0 OK for: @octokit/rest@22.0.1 want: ^14.0.0
2907 silly placeDep ROOT @octokit/plugin-request-log@6.0.0 OK for: @octokit/rest@22.0.1 want: ^6.0.0
2908 silly placeDep ROOT @octokit/plugin-rest-endpoint-methods@17.0.0 OK for: @octokit/rest@22.0.1 want: ^17.0.0
2909 silly fetch manifest @octokit/types@^17.0.0
2910 silly packumentCache full:https://registry.npmjs.org/@octokit%2ftypes cache-miss
2911 silly fetch manifest @octokit/graphql@^9.0.4
2912 silly packumentCache full:https://registry.npmjs.org/@octokit%2fgraphql cache-miss
2913 silly fetch manifest @octokit/request@^10.0.13
2914 silly packumentCache full:https://registry.npmjs.org/@octokit%2frequest cache-miss
2915 silly fetch manifest before-after-hook@^4.0.0
2916 silly packumentCache full:https://registry.npmjs.org/before-after-hook cache-miss
2917 silly fetch manifest @octokit/auth-token@^6.0.0
2918 silly packumentCache full:https://registry.npmjs.org/@octokit%2fauth-token cache-miss
2919 silly fetch manifest universal-user-agent@^7.0.0
2920 silly packumentCache full:https://registry.npmjs.org/universal-user-agent cache-miss
2921 silly fetch manifest @octokit/request-error@^7.1.1
2922 silly packumentCache full:https://registry.npmjs.org/@octokit%2frequest-error cache-miss
2923 silly fetch manifest @octokit/types@^16.0.0
2924 silly packumentCache full:https://registry.npmjs.org/@octokit%2ftypes cache-miss
2925 silly fetch manifest @octokit/types@^16.0.0
2926 silly packumentCache full:https://registry.npmjs.org/@octokit%2ftypes cache-miss
2927 http fetch GET 200 https://registry.npmjs.org/before-after-hook 207ms (cache miss)
2928 silly packumentCache full:https://registry.npmjs.org/before-after-hook set size:undefined disposed:false
2929 http fetch GET 200 https://registry.npmjs.org/universal-user-agent 788ms (cache miss)
2930 silly packumentCache full:https://registry.npmjs.org/universal-user-agent set size:undefined disposed:false
2931 http fetch GET 200 https://registry.npmjs.org/@octokit%2ftypes 1120ms (cache miss)
2932 silly packumentCache full:https://registry.npmjs.org/@octokit%2ftypes set size:undefined disposed:false
2933 http fetch GET 200 https://registry.npmjs.org/@octokit%2frequest-error 1145ms (cache miss)
2934 silly packumentCache full:https://registry.npmjs.org/@octokit%2frequest-error set size:undefined disposed:false
2935 http fetch GET 200 https://registry.npmjs.org/@octokit%2frequest 1152ms (cache miss)
2936 silly packumentCache full:https://registry.npmjs.org/@octokit%2frequest set size:undefined disposed:false
2937 http fetch GET 200 https://registry.npmjs.org/@octokit%2ftypes 1181ms (cache miss)
2938 silly packumentCache full:https://registry.npmjs.org/@octokit%2ftypes set size:undefined disposed:false
2939 http fetch GET 200 https://registry.npmjs.org/@octokit%2ftypes 1198ms (cache miss)
2940 silly packumentCache full:https://registry.npmjs.org/@octokit%2ftypes set size:undefined disposed:false
2941 http fetch GET 200 https://registry.npmjs.org/@octokit%2fgraphql 1905ms (cache miss)
2942 silly packumentCache full:https://registry.npmjs.org/@octokit%2fgraphql set size:undefined disposed:false
2943 http fetch GET 200 https://registry.npmjs.org/@octokit%2fauth-token 4011ms (cache miss)
2944 silly packumentCache full:https://registry.npmjs.org/@octokit%2fauth-token set size:undefined disposed:false
2945 silly placeDep ROOT @octokit/auth-token@6.0.0 OK for: @octokit/core@7.0.7 want: ^6.0.0
2946 silly placeDep ROOT @octokit/graphql@9.0.4 OK for: @octokit/core@7.0.7 want: ^9.0.4
2947 silly placeDep ROOT @octokit/request@10.0.13 OK for: @octokit/core@7.0.7 want: ^10.0.13
2948 silly placeDep ROOT @octokit/request-error@7.1.1 OK for: @octokit/core@7.0.7 want: ^7.1.1
2949 silly placeDep ROOT @octokit/types@17.0.0 OK for: @octokit/core@7.0.7 want: ^17.0.0
2950 silly placeDep ROOT before-after-hook@4.0.0 OK for: @octokit/core@7.0.7 want: ^4.0.0
2951 silly placeDep ROOT universal-user-agent@7.0.3 OK for: @octokit/core@7.0.7 want: ^7.0.0
2952 silly fetch manifest content-type@^2.0.0
2953 silly packumentCache full:https://registry.npmjs.org/content-type cache-miss
2954 silly fetch manifest json-with-bigint@^3.5.3
2955 silly packumentCache full:https://registry.npmjs.org/json-with-bigint cache-miss
2956 silly fetch manifest @octokit/endpoint@^11.0.3
2957 silly packumentCache full:https://registry.npmjs.org/@octokit%2fendpoint cache-miss
2958 silly fetch manifest universal-user-agent@^7.0.2
2959 silly packumentCache full:https://registry.npmjs.org/universal-user-agent cache-miss
2960 silly fetch manifest @octokit/openapi-types@^28.0.0
2961 silly packumentCache full:https://registry.npmjs.org/@octokit%2fopenapi-types cache-miss
2962 http cache https://registry.npmjs.org/universal-user-agent 8ms (cache hit)
2963 silly packumentCache full:https://registry.npmjs.org/universal-user-agent set size:44336 disposed:false
2964 http cache https://registry.npmjs.org/content-type 11ms (cache hit)
2965 silly packumentCache full:https://registry.npmjs.org/content-type set size:21479 disposed:false
2966 http fetch GET 200 https://registry.npmjs.org/json-with-bigint 391ms (cache miss)
2967 silly packumentCache full:https://registry.npmjs.org/json-with-bigint set size:undefined disposed:false
2968 http fetch GET 200 https://registry.npmjs.org/@octokit%2fopenapi-types 791ms (cache miss)
2969 silly packumentCache full:https://registry.npmjs.org/@octokit%2fopenapi-types set size:undefined disposed:false
2970 http fetch GET 200 https://registry.npmjs.org/@octokit%2fendpoint 881ms (cache miss)
2971 silly packumentCache full:https://registry.npmjs.org/@octokit%2fendpoint set size:undefined disposed:false
2972 silly placeDep node_modules/@octokit/plugin-paginate-rest @octokit/types@16.0.0 OK for: @octokit/plugin-paginate-rest@14.0.0 want: ^16.0.0
2973 silly fetch manifest @octokit/openapi-types@^27.0.0
2974 silly packumentCache full:https://registry.npmjs.org/@octokit%2fopenapi-types cache-miss
2975 http cache https://registry.npmjs.org/@octokit%2fopenapi-types 6ms (cache hit)
2976 silly packumentCache full:https://registry.npmjs.org/@octokit%2fopenapi-types set size:398124 disposed:false
2977 silly placeDep node_modules/@octokit/plugin-rest-endpoint-methods @octokit/types@16.0.0 OK for: @octokit/plugin-rest-endpoint-methods@17.0.0 want: ^16.0.0
2978 silly placeDep ROOT @octokit/endpoint@11.0.4 OK for: @octokit/request@10.0.13 want: ^11.0.3
2979 silly placeDep node_modules/@octokit/request content-type@2.1.0 OK for: @octokit/request@10.0.13 want: ^2.0.0
2980 silly placeDep ROOT json-with-bigint@3.5.11 OK for: @octokit/request@10.0.13 want: ^3.5.3
2981 silly placeDep ROOT @octokit/openapi-types@28.0.0 OK for: @octokit/types@17.0.0 want: ^28.0.0
2982 silly placeDep ROOT @opentelemetry/semantic-conventions@1.43.0 OK for: @opentelemetry/core@2.8.0 want: ^1.29.0
2983 silly placeDep ROOT @opentelemetry/api-logs@0.220.0 OK for: @opentelemetry/instrumentation@0.220.0 want: 0.220.0
2984 silly placeDep ROOT import-in-the-middle@3.3.3 OK for: @opentelemetry/instrumentation@0.220.0 want: ^3.0.0
2985 silly placeDep ROOT require-in-the-middle@8.0.1 OK for: @opentelemetry/instrumentation@0.220.0 want: ^8.0.0
2986 silly fetch manifest es-module-lexer@^2.2.0
2987 silly packumentCache full:https://registry.npmjs.org/es-module-lexer cache-hit
2988 silly fetch manifest cjs-module-lexer@^2.2.0
2989 silly packumentCache full:https://registry.npmjs.org/cjs-module-lexer cache-miss
2990 silly fetch manifest module-details-from-path@^1.0.4
2991 silly packumentCache full:https://registry.npmjs.org/module-details-from-path cache-miss
2992 silly fetch manifest module-details-from-path@^1.0.3
2993 silly packumentCache full:https://registry.npmjs.org/module-details-from-path cache-miss
2994 http fetch GET 200 https://registry.npmjs.org/module-details-from-path 87ms (cache miss)
2995 silly packumentCache full:https://registry.npmjs.org/module-details-from-path set size:undefined disposed:false
2996 http fetch GET 200 https://registry.npmjs.org/module-details-from-path 90ms (cache miss)
2997 silly packumentCache full:https://registry.npmjs.org/module-details-from-path set size:undefined disposed:false
2998 http fetch GET 200 https://registry.npmjs.org/cjs-module-lexer 92ms (cache miss)
2999 silly packumentCache full:https://registry.npmjs.org/cjs-module-lexer set size:undefined disposed:false
3000 silly fetch manifest @opentelemetry/api@>=1.3.0 <1.10.0
3001 silly packumentCache full:https://registry.npmjs.org/@opentelemetry%2fapi cache-hit
3002 silly placeDep node_modules/@opentelemetry/resources @opentelemetry/core@2.9.0 OK for: @opentelemetry/resources@2.9.0 want: 2.9.0
3003 silly fetch manifest @opentelemetry/api@>=1.0.0 <1.10.0
3004 silly packumentCache full:https://registry.npmjs.org/@opentelemetry%2fapi cache-hit
3005 silly placeDep ROOT @opentelemetry/context-async-hooks@2.9.0 OK for: @opentelemetry/sdk-trace-node@2.9.0 want: 2.9.0
3006 silly placeDep node_modules/@opentelemetry/sdk-trace-node @opentelemetry/core@2.9.0 OK for: @opentelemetry/sdk-trace-node@2.9.0 want: 2.9.0
3007 silly placeDep ROOT @opentelemetry/sdk-trace-base@2.9.0 OK for: @opentelemetry/sdk-trace-node@2.9.0 want: 2.9.0
3008 silly fetch manifest @opentelemetry/sdk-trace@2.9.0
3009 silly packumentCache full:https://registry.npmjs.org/@opentelemetry%2fsdk-trace cache-miss
3010 http fetch GET 200 https://registry.npmjs.org/@opentelemetry%2fsdk-trace 764ms (cache miss)
3011 silly packumentCache full:https://registry.npmjs.org/@opentelemetry%2fsdk-trace set size:undefined disposed:false
3012 silly placeDep node_modules/@opentelemetry/sdk-trace-base @opentelemetry/core@2.9.0 OK for: @opentelemetry/sdk-trace-base@2.9.0 want: 2.9.0
3013 silly placeDep ROOT @opentelemetry/sdk-trace@2.9.0 OK for: @opentelemetry/sdk-trace-base@2.9.0 want: 2.9.0
3014 silly placeDep node_modules/@opentelemetry/sdk-trace @opentelemetry/core@2.9.0 OK for: @opentelemetry/sdk-trace@2.9.0 want: 2.9.0
3015 silly placeDep ROOT enquirer@2.4.1 OK for: @pnpm/tabtab@0.5.4 want: ^2.3.6
3016 silly placeDep ROOT minimist@1.2.8 OK for: @pnpm/tabtab@0.5.4 want: ^1.2.5
3017 silly placeDep ROOT untildify@4.0.0 OK for: @pnpm/tabtab@0.5.4 want: ^4.0.0
3018 silly fetch manifest ansi-colors@^4.1.1
3019 silly packumentCache full:https://registry.npmjs.org/ansi-colors cache-miss
3020 silly fetch manifest strip-ansi@^6.0.1
3021 silly packumentCache full:https://registry.npmjs.org/strip-ansi cache-hit
3022 http fetch GET 200 https://registry.npmjs.org/ansi-colors 87ms (cache miss)
3023 silly packumentCache full:https://registry.npmjs.org/ansi-colors set size:undefined disposed:false
3024 silly placeDep ROOT @sindresorhus/transliterate@1.6.0 OK for: @sindresorhus/slugify@2.2.1 want: ^1.0.0
3025 silly placeDep ROOT undici-types@8.3.0 OK for: @types/node@26.2.0 want: ~8.3.0
3026 silly fetch manifest rollup@^1.20.0||^2.0.0||^3.0.0||^4.0.0
3027 silly packumentCache full:https://registry.npmjs.org/rollup cache-miss
3028 http fetch GET 200 https://registry.npmjs.org/rollup 1223ms (cache miss)
3029 silly packumentCache full:https://registry.npmjs.org/rollup set size:undefined disposed:false
3030 silly fetch manifest acorn@^8.6.0
3031 silly packumentCache full:https://registry.npmjs.org/acorn cache-hit
3032 silly placeDep ROOT @mapbox/node-pre-gyp@2.0.3 OK for: @vercel/nft@0.29.4 want: ^2.0.0
3033 silly placeDep ROOT @rollup/pluginutils@5.4.0 OK for: @vercel/nft@0.29.4 want: ^5.1.3
3034 silly placeDep ROOT acorn-import-attributes@1.9.5 OK for: @vercel/nft@0.29.4 want: ^1.9.5
3035 silly placeDep ROOT async-sema@3.1.1 OK for: @vercel/nft@0.29.4 want: ^3.1.1
3036 silly placeDep ROOT bindings@1.5.0 OK for: @vercel/nft@0.29.4 want: ^1.4.0
3037 silly placeDep ROOT estree-walker@2.0.2 OK for: @vercel/nft@0.29.4 want: 2.0.2
3038 silly placeDep node_modules/@vercel/nft glob@10.5.0 OK for: @vercel/nft@0.29.4 want: ^10.4.5
3039 silly placeDep ROOT graceful-fs@4.2.11 OK for: @vercel/nft@0.29.4 want: ^4.2.9
3040 silly placeDep ROOT node-gyp-build@4.8.4 OK for: @vercel/nft@0.29.4 want: ^4.2.2
3041 silly placeDep ROOT picomatch@4.0.5 OK for: @vercel/nft@0.29.4 want: ^4.0.2
3042 silly placeDep ROOT resolve-from@5.0.0 OK for: @vercel/nft@0.29.4 want: ^5.0.0
3043 silly fetch manifest nopt@^8.0.0
3044 silly packumentCache full:https://registry.npmjs.org/nopt cache-miss
3045 silly fetch manifest consola@^3.2.3
3046 silly packumentCache full:https://registry.npmjs.org/consola cache-miss
3047 silly fetch manifest node-fetch@^2.6.7
3048 silly packumentCache full:https://registry.npmjs.org/node-fetch cache-hit
3049 silly fetch manifest detect-libc@^2.0.0
3050 silly packumentCache full:https://registry.npmjs.org/detect-libc cache-miss
3051 silly fetch manifest https-proxy-agent@^7.0.5
3052 silly packumentCache full:https://registry.npmjs.org/https-proxy-agent cache-hit
3053 silly fetch manifest @types/estree@^1.0.0
3054 silly packumentCache full:https://registry.npmjs.org/@types%2festree cache-miss
3055 silly fetch manifest estree-walker@^2.0.2
3056 silly packumentCache full:https://registry.npmjs.org/estree-walker cache-miss
3057 silly fetch manifest file-uri-to-path@1.0.0
3058 silly packumentCache full:https://registry.npmjs.org/file-uri-to-path cache-miss
3059 silly fetch manifest jackspeak@^3.1.2
3060 silly packumentCache full:https://registry.npmjs.org/jackspeak cache-miss
3061 silly fetch manifest minimatch@^9.0.4
3062 silly packumentCache full:https://registry.npmjs.org/minimatch cache-hit
3063 silly fetch manifest path-scurry@^1.11.1
3064 silly packumentCache full:https://registry.npmjs.org/path-scurry cache-hit
3065 silly fetch manifest foreground-child@^3.1.0
3066 silly packumentCache full:https://registry.npmjs.org/foreground-child cache-miss
3067 silly fetch manifest package-json-from-dist@^1.0.0
3068 silly packumentCache full:https://registry.npmjs.org/package-json-from-dist cache-miss
3069 http cache https://registry.npmjs.org/estree-walker 31ms (cache hit)
3070 silly packumentCache full:https://registry.npmjs.org/estree-walker set size:60887 disposed:false
3071 http cache https://registry.npmjs.org/consola 37ms (cache hit)
3072 silly packumentCache full:https://registry.npmjs.org/consola set size:324648 disposed:false
3073 http fetch GET 200 https://registry.npmjs.org/detect-libc 82ms (cache revalidated)
3074 silly packumentCache full:https://registry.npmjs.org/detect-libc set size:47861 disposed:false
3075 http fetch GET 200 https://registry.npmjs.org/nopt 88ms (cache miss)
3076 silly packumentCache full:https://registry.npmjs.org/nopt set size:undefined disposed:false
3077 http fetch GET 200 https://registry.npmjs.org/foreground-child 99ms (cache revalidated)
3078 silly packumentCache full:https://registry.npmjs.org/foreground-child set size:71503 disposed:false
3079 http fetch GET 200 https://registry.npmjs.org/package-json-from-dist 107ms (cache revalidated)
3080 silly packumentCache full:https://registry.npmjs.org/package-json-from-dist set size:8854 disposed:false
3081 http fetch GET 200 https://registry.npmjs.org/jackspeak 110ms (cache revalidated)
3082 silly packumentCache full:https://registry.npmjs.org/jackspeak set size:204267 disposed:false
3083 http fetch GET 200 https://registry.npmjs.org/@types%2festree 223ms (cache miss)
3084 silly packumentCache full:https://registry.npmjs.org/@types%2festree set size:undefined disposed:false
3085 http fetch GET 200 https://registry.npmjs.org/file-uri-to-path 312ms (cache miss)
3086 silly packumentCache full:https://registry.npmjs.org/file-uri-to-path set size:undefined disposed:false
3087 silly fetch manifest encoding@^0.1.0
3088 silly packumentCache full:https://registry.npmjs.org/encoding cache-miss
3089 http fetch GET 200 https://registry.npmjs.org/encoding 86ms (cache revalidated)
3090 silly packumentCache full:https://registry.npmjs.org/encoding set size:17833 disposed:false
3091 silly placeDep ROOT consola@3.4.2 OK for: @mapbox/node-pre-gyp@2.0.3 want: ^3.2.3
3092 silly placeDep ROOT detect-libc@2.1.2 OK for: @mapbox/node-pre-gyp@2.0.3 want: ^2.0.0
3093 silly placeDep node_modules/@mapbox/node-pre-gyp https-proxy-agent@7.0.6 OK for: @mapbox/node-pre-gyp@2.0.3 want: ^7.0.5
3094 silly placeDep node_modules/@mapbox/node-pre-gyp node-fetch@2.7.0 OK for: @mapbox/node-pre-gyp@2.0.3 want: ^2.6.7
3095 silly placeDep ROOT nopt@8.1.0 OK for: @mapbox/node-pre-gyp@2.0.3 want: ^8.0.0
3096 silly fetch manifest agent-base@^7.1.2
3097 silly packumentCache full:https://registry.npmjs.org/agent-base cache-hit
3098 silly fetch manifest whatwg-url@^5.0.0
3099 silly packumentCache full:https://registry.npmjs.org/whatwg-url cache-miss
3100 silly fetch manifest abbrev@^3.0.0
3101 silly packumentCache full:https://registry.npmjs.org/abbrev cache-miss
3102 http fetch GET 200 https://registry.npmjs.org/whatwg-url 74ms (cache revalidated)
3103 silly packumentCache full:https://registry.npmjs.org/whatwg-url set size:177251 disposed:false
3104 http fetch GET 200 https://registry.npmjs.org/abbrev 351ms (cache miss)
3105 silly packumentCache full:https://registry.npmjs.org/abbrev set size:undefined disposed:false
3106 silly placeDep ROOT @types/estree@1.0.9 OK for: @rollup/pluginutils@5.4.0 want: ^1.0.0
3107 silly placeDep ROOT @envelop/instrumentation@1.0.0 OK for: @whatwg-node/server@0.11.0 want: ^1.0.0
3108 silly placeDep ROOT @whatwg-node/disposablestack@0.0.6 OK for: @whatwg-node/server@0.11.0 want: ^0.0.6
3109 silly placeDep ROOT @whatwg-node/fetch@0.10.13 OK for: @whatwg-node/server@0.11.0 want: ^0.10.13
3110 silly placeDep ROOT @whatwg-node/promise-helpers@1.3.2 OK for: @whatwg-node/server@0.11.0 want: ^1.3.2
3111 silly placeDep ROOT tslib@2.8.1 OK for: @whatwg-node/server@0.11.0 want: ^2.6.3
3112 silly fetch manifest tslib@^2.5.0
3113 silly packumentCache full:https://registry.npmjs.org/tslib cache-hit
3114 silly fetch manifest @whatwg-node/promise-helpers@^1.2.1
3115 silly packumentCache full:https://registry.npmjs.org/@whatwg-node%2fpromise-helpers cache-miss
3116 silly fetch manifest @whatwg-node/promise-helpers@^1.0.0
3117 silly packumentCache full:https://registry.npmjs.org/@whatwg-node%2fpromise-helpers cache-miss
3118 silly fetch manifest @whatwg-node/node-fetch@^0.8.3
3119 silly packumentCache full:https://registry.npmjs.org/@whatwg-node%2fnode-fetch cache-miss
3120 silly fetch manifest urlpattern-polyfill@^10.0.0
3121 silly packumentCache full:https://registry.npmjs.org/urlpattern-polyfill cache-miss
3122 http cache https://registry.npmjs.org/urlpattern-polyfill 6ms (cache hit)
3123 silly packumentCache full:https://registry.npmjs.org/urlpattern-polyfill set size:135434 disposed:false
3124 http cache https://registry.npmjs.org/@whatwg-node%2fpromise-helpers 10ms (cache hit)
3125 silly packumentCache full:https://registry.npmjs.org/@whatwg-node%2fpromise-helpers set size:380405 disposed:false
3126 http cache https://registry.npmjs.org/@whatwg-node%2fpromise-helpers 13ms (cache hit)
3127 silly packumentCache full:https://registry.npmjs.org/@whatwg-node%2fpromise-helpers set size:380405 disposed:false
3128 silly packumentCache full:https://registry.npmjs.org/@whatwg-node%2fpromise-helpers dispose
3129 http fetch GET 200 https://registry.npmjs.org/@whatwg-node%2fnode-fetch 1334ms (cache miss)
3130 silly packumentCache full:https://registry.npmjs.org/@whatwg-node%2fnode-fetch set size:undefined disposed:false
3131 silly placeDep ROOT @whatwg-node/node-fetch@0.8.6 OK for: @whatwg-node/fetch@0.10.13 want: ^0.8.3
3132 silly placeDep node_modules/@whatwg-node/fetch urlpattern-polyfill@10.1.0 OK for: @whatwg-node/fetch@0.10.13 want: ^10.0.0
3133 silly fetch manifest @fastify/busboy@^3.1.1
3134 silly packumentCache full:https://registry.npmjs.org/@fastify%2fbusboy cache-miss
3135 http fetch GET 200 https://registry.npmjs.org/@fastify%2fbusboy 83ms (cache revalidated)
3136 silly packumentCache full:https://registry.npmjs.org/@fastify%2fbusboy set size:64649 disposed:false
3137 silly placeDep ROOT @fastify/busboy@3.2.1 OK for: @whatwg-node/node-fetch@0.8.6 want: ^3.1.1
3138 silly placeDep ROOT fast-deep-equal@3.1.3 OK for: ajv@8.20.0 want: ^3.1.3
3139 silly placeDep ROOT fast-uri@3.1.5 OK for: ajv@8.20.0 want: ^3.0.1
3140 silly placeDep ROOT json-schema-traverse@1.0.0 OK for: ajv@8.20.0 want: ^1.0.0
3141 silly placeDep ROOT require-from-string@2.0.2 OK for: ajv@8.20.0 want: ^2.0.2
3142 silly placeDep ROOT environment@1.1.0 OK for: ansi-escapes@7.3.0 want: ^1.0.0
3143 silly placeDep ROOT entities@2.2.0 OK for: ansi-to-html@0.7.2 want: ^2.2.0
3144 silly placeDep ROOT async@3.2.6 OK for: archiver@8.0.0 want: ^3.2.4
3145 silly placeDep ROOT buffer-crc32@1.0.0 OK for: archiver@8.0.0 want: ^1.0.0
3146 silly placeDep ROOT lazystream@1.0.1 OK for: archiver@8.0.0 want: ^1.0.0
3147 silly placeDep ROOT readable-stream@4.7.0 OK for: archiver@8.0.0 want: ^4.0.0
3148 silly placeDep ROOT readdir-glob@3.0.0 OK for: archiver@8.0.0 want: ^3.0.0
3149 silly placeDep ROOT tar-stream@3.2.0 OK for: archiver@8.0.0 want: ^3.0.0
3150 silly placeDep ROOT zip-stream@7.0.5 OK for: archiver@8.0.0 want: ^7.0.2
3151 silly fetch manifest readable-stream@^2.0.5
3152 silly packumentCache full:https://registry.npmjs.org/readable-stream cache-hit
3153 silly fetch manifest abort-controller@^3.0.0
3154 silly packumentCache full:https://registry.npmjs.org/abort-controller cache-miss
3155 silly fetch manifest buffer@^6.0.3
3156 silly packumentCache full:https://registry.npmjs.org/buffer cache-miss
3157 silly fetch manifest events@^3.3.0
3158 silly packumentCache full:https://registry.npmjs.org/events cache-miss
3159 silly fetch manifest process@^0.11.10
3160 silly packumentCache full:https://registry.npmjs.org/process cache-miss
3161 silly fetch manifest string_decoder@^1.3.0
3162 silly packumentCache full:https://registry.npmjs.org/string_decoder cache-miss
3163 silly fetch manifest b4a@^1.6.4
3164 silly packumentCache full:https://registry.npmjs.org/b4a cache-miss
3165 silly fetch manifest bare-fs@^4.5.5
3166 silly packumentCache full:https://registry.npmjs.org/bare-fs cache-miss
3167 silly fetch manifest fast-fifo@^1.2.0
3168 silly packumentCache full:https://registry.npmjs.org/fast-fifo cache-miss
3169 silly fetch manifest streamx@^2.15.0
3170 silly packumentCache full:https://registry.npmjs.org/streamx cache-miss
3171 silly fetch manifest compress-commons@^7.0.0
3172 silly packumentCache full:https://registry.npmjs.org/compress-commons cache-miss
3173 http fetch GET 200 https://registry.npmjs.org/abort-controller 223ms (cache revalidated)
3174 silly packumentCache full:https://registry.npmjs.org/abort-controller set size:47272 disposed:false
3175 http fetch GET 200 https://registry.npmjs.org/streamx 420ms (cache miss)
3176 silly packumentCache full:https://registry.npmjs.org/streamx set size:undefined disposed:false
3177 http fetch GET 200 https://registry.npmjs.org/fast-fifo 425ms (cache miss)
3178 silly packumentCache full:https://registry.npmjs.org/fast-fifo set size:undefined disposed:false
3179 http fetch GET 200 https://registry.npmjs.org/events 427ms (cache miss)
3180 silly packumentCache full:https://registry.npmjs.org/events set size:undefined disposed:false
3181 http fetch GET 200 https://registry.npmjs.org/string_decoder 430ms (cache revalidated)
3182 silly packumentCache full:https://registry.npmjs.org/string_decoder set size:28441 disposed:false
3183 http fetch GET 200 https://registry.npmjs.org/process 444ms (cache miss)
3184 silly packumentCache full:https://registry.npmjs.org/process set size:undefined disposed:false
3185 http fetch GET 200 https://registry.npmjs.org/b4a 454ms (cache miss)
3186 silly packumentCache full:https://registry.npmjs.org/b4a set size:undefined disposed:false
3187 http fetch GET 200 https://registry.npmjs.org/buffer 457ms (cache miss)
3188 silly packumentCache full:https://registry.npmjs.org/buffer set size:undefined disposed:false
3189 http fetch GET 200 https://registry.npmjs.org/compress-commons 462ms (cache miss)
3190 silly packumentCache full:https://registry.npmjs.org/compress-commons set size:undefined disposed:false
3191 http fetch GET 200 https://registry.npmjs.org/bare-fs 682ms (cache miss)
3192 silly packumentCache full:https://registry.npmjs.org/bare-fs set size:undefined disposed:false
3193 silly placeDep ROOT stubborn-fs@2.0.0 OK for: atomically@2.1.1 want: ^2.0.0
3194 silly placeDep ROOT when-exit@2.1.5 OK for: atomically@2.1.1 want: ^2.1.4
3195 silly fetch manifest stubborn-utils@^1.0.1
3196 silly packumentCache full:https://registry.npmjs.org/stubborn-utils cache-miss
3197 http fetch GET 200 https://registry.npmjs.org/stubborn-utils 312ms (cache miss)
3198 silly packumentCache full:https://registry.npmjs.org/stubborn-utils set size:undefined disposed:false
3199 silly placeDep ROOT precond@0.2.3 OK for: backoff@2.5.0 want: 0.2
3200 silly placeDep ROOT @babel/code-frame@7.29.7 OK for: better-ajv-errors@1.2.0 want: ^7.16.0
3201 silly placeDep ROOT @humanwhocodes/momoa@2.0.4 OK for: better-ajv-errors@1.2.0 want: ^2.0.2
3202 silly placeDep node_modules/better-ajv-errors chalk@4.1.2 OK for: better-ajv-errors@1.2.0 want: ^4.1.2
3203 silly placeDep ROOT jsonpointer@5.0.1 OK for: better-ajv-errors@1.2.0 want: ^5.0.0
3204 silly placeDep ROOT leven@3.1.0 OK for: better-ajv-errors@1.2.0 want: ^3.1.0 < 4
3205 silly fetch manifest js-tokens@^4.0.0
3206 silly packumentCache full:https://registry.npmjs.org/js-tokens cache-miss
3207 silly fetch manifest ansi-styles@^4.1.0
3208 silly packumentCache full:https://registry.npmjs.org/ansi-styles cache-miss
3209 silly fetch manifest supports-color@^7.1.0
3210 silly packumentCache full:https://registry.npmjs.org/supports-color cache-miss
3211 http cache https://registry.npmjs.org/supports-color 6ms (cache hit)
3212 silly packumentCache full:https://registry.npmjs.org/supports-color set size:124169 disposed:false
3213 http fetch GET 200 https://registry.npmjs.org/js-tokens 69ms (cache miss)
3214 silly packumentCache full:https://registry.npmjs.org/js-tokens set size:undefined disposed:false
3215 http fetch GET 200 https://registry.npmjs.org/ansi-styles 79ms (cache revalidated)
3216 silly packumentCache full:https://registry.npmjs.org/ansi-styles set size:71772 disposed:false
3217 silly placeDep ROOT js-tokens@4.0.0 OK for: @babel/code-frame@7.29.7 want: ^4.0.0
3218 silly placeDep ROOT picocolors@1.1.1 OK for: @babel/code-frame@7.29.7 want: ^1.1.1
3219 silly placeDep ROOT file-uri-to-path@1.0.0 OK for: bindings@1.5.0 want: 1.0.0
3220 silly placeDep ROOT ansi-align@3.0.1 OK for: boxen@8.0.1 want: ^3.0.1
3221 silly placeDep ROOT camelcase@8.0.0 OK for: boxen@8.0.1 want: ^8.0.0
3222 silly placeDep ROOT cli-boxes@3.0.0 OK for: boxen@8.0.1 want: ^3.0.0
3223 silly placeDep ROOT string-width@7.2.0 OK for: boxen@8.0.1 want: ^7.2.0
3224 silly placeDep ROOT type-fest@4.41.0 OK for: boxen@8.0.1 want: ^4.21.0
3225 silly placeDep ROOT widest-line@5.0.0 OK for: boxen@8.0.1 want: ^5.0.0
3226 silly placeDep ROOT wrap-ansi@9.0.2 OK for: boxen@8.0.1 want: ^9.0.0
3227 silly fetch manifest strip-ansi@^7.1.0
3228 silly packumentCache full:https://registry.npmjs.org/strip-ansi cache-hit
3229 silly fetch manifest emoji-regex@^10.3.0
3230 silly packumentCache full:https://registry.npmjs.org/emoji-regex cache-miss
3231 silly fetch manifest get-east-asian-width@^1.0.0
3232 silly packumentCache full:https://registry.npmjs.org/get-east-asian-width cache-miss
3233 silly fetch manifest strip-ansi@^7.1.0
3234 silly packumentCache full:https://registry.npmjs.org/strip-ansi cache-hit
3235 silly fetch manifest ansi-styles@^6.2.1
3236 silly packumentCache full:https://registry.npmjs.org/ansi-styles cache-hit
3237 http fetch GET 200 https://registry.npmjs.org/get-east-asian-width 65ms (cache miss)
3238 silly packumentCache full:https://registry.npmjs.org/get-east-asian-width set size:undefined disposed:false
3239 http fetch GET 200 https://registry.npmjs.org/emoji-regex 72ms (cache revalidated)
3240 silly packumentCache full:https://registry.npmjs.org/emoji-regex set size:89064 disposed:false
3241 silly placeDep node_modules/ansi-align string-width@4.2.3 OK for: ansi-align@3.0.1 want: ^4.1.0
3242 silly fetch manifest emoji-regex@^8.0.0
3243 silly packumentCache full:https://registry.npmjs.org/emoji-regex cache-hit
3244 silly fetch manifest is-fullwidth-code-point@^3.0.0
3245 silly packumentCache full:https://registry.npmjs.org/is-fullwidth-code-point cache-miss
3246 http fetch GET 200 https://registry.npmjs.org/is-fullwidth-code-point 79ms (cache miss)
3247 silly packumentCache full:https://registry.npmjs.org/is-fullwidth-code-point set size:undefined disposed:false
3248 silly placeDep node_modules/chokidar readdirp@4.1.2 OK for: chokidar@4.0.3 want: ^4.0.1
3249 silly placeDep ROOT lodash.isempty@4.4.0 OK for: clean-deep@3.4.0 want: ^4.4.0
3250 silly placeDep ROOT lodash.isplainobject@4.0.6 OK for: clean-deep@3.4.0 want: ^4.0.6
3251 silly placeDep ROOT lodash.transform@4.6.0 OK for: clean-deep@3.4.0 want: ^4.6.0
3252 silly placeDep ROOT array-timsort@1.0.3 OK for: comment-json@4.6.2 want: ^1.0.3
3253 silly placeDep ROOT esprima@4.0.1 OK for: comment-json@4.6.2 want: ^4.0.1
3254 silly placeDep ROOT globby@14.1.0 OK for: cpy@11.1.0 want: ^14.0.2
3255 silly fetch manifest slash@^5.1.0
3256 silly packumentCache full:https://registry.npmjs.org/slash cache-miss
3257 silly fetch manifest @sindresorhus/merge-streams@^2.1.0
3258 silly packumentCache full:https://registry.npmjs.org/@sindresorhus%2fmerge-streams cache-miss
3259 http fetch GET 200 https://registry.npmjs.org/slash 101ms (cache miss)
3260 silly packumentCache full:https://registry.npmjs.org/slash set size:undefined disposed:false
3261 http fetch GET 200 https://registry.npmjs.org/@sindresorhus%2fmerge-streams 523ms (cache miss)
3262 silly packumentCache full:https://registry.npmjs.org/@sindresorhus%2fmerge-streams set size:undefined disposed:false
3263 silly placeDep ROOT luxon@3.7.2 OK for: cron-parser@4.9.0 want: ^3.2.1
3264 silly placeDep ROOT ms@2.1.3 OK for: debug@4.4.3 want: ^2.1.3
3265 silly placeDep ROOT callsite@1.0.0 OK for: decache@4.6.2 want: ^1.0.0
3266 silly placeDep node_modules/dot-prop type-fest@5.8.0 OK for: dot-prop@10.2.0 want: ^5.0.0
3267 silly fetch manifest tagged-tag@^1.0.0
3268 silly packumentCache full:https://registry.npmjs.org/tagged-tag cache-miss
3269 http fetch GET 200 https://registry.npmjs.org/tagged-tag 62ms (cache miss)
3270 silly packumentCache full:https://registry.npmjs.org/tagged-tag set size:undefined disposed:false
3271 silly placeDep ROOT ansi-colors@4.1.3 OK for: enquirer@2.4.1 want: ^4.1.1
3272 silly placeDep ROOT strip-ansi@6.0.1 OK for: enquirer@2.4.1 want: ^6.0.1
3273 silly fetch manifest ansi-regex@^5.0.1
3274 silly packumentCache full:https://registry.npmjs.org/ansi-regex cache-miss
3275 http fetch GET 200 https://registry.npmjs.org/ansi-regex 79ms (cache revalidated)
3276 silly packumentCache full:https://registry.npmjs.org/ansi-regex set size:48203 disposed:false
3277 silly placeDep ROOT is-safe-filename@0.1.1 OK for: env-paths@4.0.0 want: ^0.1.0
3278 silly placeDep ROOT stackframe@1.3.4 OK for: error-stack-parser@2.1.4 want: ^1.3.4
3279 silly placeDep ROOT @esbuild/aix-ppc64@0.28.1 OK for: esbuild@0.28.1 want: 0.28.1
3280 silly placeDep ROOT @esbuild/android-arm@0.28.1 OK for: esbuild@0.28.1 want: 0.28.1
3281 silly placeDep ROOT @esbuild/android-arm64@0.28.1 OK for: esbuild@0.28.1 want: 0.28.1
3282 silly placeDep ROOT @esbuild/android-x64@0.28.1 OK for: esbuild@0.28.1 want: 0.28.1
3283 silly placeDep ROOT @esbuild/darwin-arm64@0.28.1 OK for: esbuild@0.28.1 want: 0.28.1
3284 silly placeDep ROOT @esbuild/darwin-x64@0.28.1 OK for: esbuild@0.28.1 want: 0.28.1
3285 silly placeDep ROOT @esbuild/freebsd-arm64@0.28.1 OK for: esbuild@0.28.1 want: 0.28.1
3286 silly placeDep ROOT @esbuild/freebsd-x64@0.28.1 OK for: esbuild@0.28.1 want: 0.28.1
3287 silly placeDep ROOT @esbuild/linux-arm@0.28.1 OK for: esbuild@0.28.1 want: 0.28.1
3288 silly placeDep ROOT @esbuild/linux-arm64@0.28.1 OK for: esbuild@0.28.1 want: 0.28.1
3289 silly placeDep ROOT @esbuild/linux-ia32@0.28.1 OK for: esbuild@0.28.1 want: 0.28.1
3290 silly placeDep ROOT @esbuild/linux-loong64@0.28.1 OK for: esbuild@0.28.1 want: 0.28.1
3291 silly placeDep ROOT @esbuild/linux-mips64el@0.28.1 OK for: esbuild@0.28.1 want: 0.28.1
3292 silly placeDep ROOT @esbuild/linux-ppc64@0.28.1 OK for: esbuild@0.28.1 want: 0.28.1
3293 silly placeDep ROOT @esbuild/linux-riscv64@0.28.1 OK for: esbuild@0.28.1 want: 0.28.1
3294 silly placeDep ROOT @esbuild/linux-s390x@0.28.1 OK for: esbuild@0.28.1 want: 0.28.1
3295 silly placeDep ROOT @esbuild/linux-x64@0.28.1 OK for: esbuild@0.28.1 want: 0.28.1
3296 silly placeDep ROOT @esbuild/netbsd-arm64@0.28.1 OK for: esbuild@0.28.1 want: 0.28.1
3297 silly placeDep ROOT @esbuild/netbsd-x64@0.28.1 OK for: esbuild@0.28.1 want: 0.28.1
3298 silly placeDep ROOT @esbuild/openbsd-arm64@0.28.1 OK for: esbuild@0.28.1 want: 0.28.1
3299 silly placeDep ROOT @esbuild/openbsd-x64@0.28.1 OK for: esbuild@0.28.1 want: 0.28.1
3300 silly placeDep ROOT @esbuild/openharmony-arm64@0.28.1 OK for: esbuild@0.28.1 want: 0.28.1
3301 silly placeDep ROOT @esbuild/sunos-x64@0.28.1 OK for: esbuild@0.28.1 want: 0.28.1
3302 silly placeDep ROOT @esbuild/win32-arm64@0.28.1 OK for: esbuild@0.28.1 want: 0.28.1
3303 silly placeDep ROOT @esbuild/win32-ia32@0.28.1 OK for: esbuild@0.28.1 want: 0.28.1
3304 silly placeDep ROOT @esbuild/win32-x64@0.28.1 OK for: esbuild@0.28.1 want: 0.28.1
3305 silly placeDep ROOT cross-spawn@7.0.6 OK for: execa@5.1.1 want: ^7.0.3
3306 silly placeDep node_modules/execa get-stream@6.0.1 OK for: execa@5.1.1 want: ^6.0.0
3307 silly placeDep ROOT human-signals@2.1.0 OK for: execa@5.1.1 want: ^2.1.0
3308 silly placeDep node_modules/execa is-stream@2.0.1 OK for: execa@5.1.1 want: ^2.0.0
3309 silly placeDep ROOT merge-stream@2.0.0 OK for: execa@5.1.1 want: ^2.0.0
3310 silly placeDep ROOT npm-run-path@4.0.1 OK for: execa@5.1.1 want: ^4.0.1
3311 silly placeDep ROOT onetime@5.1.2 OK for: execa@5.1.1 want: ^5.1.2
3312 silly placeDep ROOT signal-exit@3.0.7 OK for: execa@5.1.1 want: ^3.0.3
3313 silly placeDep ROOT strip-final-newline@2.0.0 OK for: execa@5.1.1 want: ^2.0.0
3314 silly fetch manifest which@^2.0.1
3315 silly packumentCache full:https://registry.npmjs.org/which cache-miss
3316 silly fetch manifest path-key@^3.1.0
3317 silly packumentCache full:https://registry.npmjs.org/path-key cache-hit
3318 silly fetch manifest shebang-command@^2.0.0
3319 silly packumentCache full:https://registry.npmjs.org/shebang-command cache-miss
3320 silly fetch manifest path-key@^3.0.0
3321 silly packumentCache full:https://registry.npmjs.org/path-key cache-hit
3322 silly fetch manifest mimic-fn@^2.1.0
3323 silly packumentCache full:https://registry.npmjs.org/mimic-fn cache-miss
3324 http cache https://registry.npmjs.org/mimic-fn 6ms (cache hit)
3325 silly packumentCache full:https://registry.npmjs.org/mimic-fn set size:22257 disposed:false
3326 http fetch GET 200 https://registry.npmjs.org/shebang-command 77ms (cache revalidated)
3327 silly packumentCache full:https://registry.npmjs.org/shebang-command set size:8525 disposed:false
3328 http fetch GET 200 https://registry.npmjs.org/which 78ms (cache revalidated)
3329 silly packumentCache full:https://registry.npmjs.org/which set size:70087 disposed:false
3330 silly placeDep ROOT path-key@3.1.1 OK for: cross-spawn@7.0.6 want: ^3.1.0
3331 silly placeDep ROOT shebang-command@2.0.0 OK for: cross-spawn@7.0.6 want: ^2.0.0
3332 silly placeDep ROOT which@2.0.2 OK for: cross-spawn@7.0.6 want: ^2.0.1
3333 silly fetch manifest shebang-regex@^3.0.0
3334 silly packumentCache full:https://registry.npmjs.org/shebang-regex cache-miss
3335 silly fetch manifest isexe@^2.0.0
3336 silly packumentCache full:https://registry.npmjs.org/isexe cache-hit
3337 http fetch GET 200 https://registry.npmjs.org/shebang-regex 72ms (cache revalidated)
3338 silly packumentCache full:https://registry.npmjs.org/shebang-regex set size:9763 disposed:false
3339 silly placeDep ROOT accepts@2.0.0 OK for: express@5.2.1 want: ^2.0.0
3340 silly placeDep ROOT body-parser@2.3.0 OK for: express@5.2.1 want: ^2.2.1
3341 silly placeDep node_modules/express content-disposition@1.1.0 OK for: express@5.2.1 want: ^1.0.0
3342 silly placeDep node_modules/express cookie@0.7.2 OK for: express@5.2.1 want: ^0.7.1
3343 silly placeDep ROOT cookie-signature@1.2.2 OK for: express@5.2.1 want: ^1.2.1
3344 silly placeDep ROOT depd@2.0.0 OK for: express@5.2.1 want: ^2.0.0
3345 silly placeDep ROOT encodeurl@2.0.0 OK for: express@5.2.1 want: ^2.0.0
3346 silly placeDep ROOT finalhandler@2.1.1 OK for: express@5.2.1 want: ^2.1.0
3347 silly placeDep ROOT fresh@2.0.0 OK for: express@5.2.1 want: ^2.0.0
3348 silly placeDep ROOT merge-descriptors@2.0.0 OK for: express@5.2.1 want: ^2.0.0
3349 silly placeDep ROOT on-finished@2.4.1 OK for: express@5.2.1 want: ^2.4.1
3350 silly placeDep ROOT once@1.4.0 OK for: express@5.2.1 want: ^1.4.0
3351 silly placeDep ROOT parseurl@1.3.3 OK for: express@5.2.1 want: ^1.3.3
3352 silly placeDep ROOT proxy-addr@2.0.7 OK for: express@5.2.1 want: ^2.0.7
3353 silly placeDep ROOT qs@6.15.3 OK for: express@5.2.1 want: ^6.14.0
3354 silly placeDep ROOT range-parser@1.3.0 OK for: express@5.2.1 want: ^1.2.1
3355 silly placeDep ROOT router@2.2.0 OK for: express@5.2.1 want: ^2.2.0
3356 silly placeDep ROOT send@1.2.1 OK for: express@5.2.1 want: ^1.1.0
3357 silly placeDep ROOT serve-static@2.2.1 OK for: express@5.2.1 want: ^2.2.0
3358 silly placeDep ROOT statuses@2.0.2 OK for: express@5.2.1 want: ^2.0.1
3359 silly placeDep ROOT type-is@2.1.0 OK for: express@5.2.1 want: ^2.0.1
3360 silly placeDep ROOT vary@1.1.2 OK for: express@5.2.1 want: ^1.1.2
3361 silly fetch manifest negotiator@^1.0.0
3362 silly packumentCache full:https://registry.npmjs.org/negotiator cache-miss
3363 silly fetch manifest qs@^6.15.2
3364 silly packumentCache full:https://registry.npmjs.org/qs cache-miss
3365 silly fetch manifest bytes@^3.1.2
3366 silly packumentCache full:https://registry.npmjs.org/bytes cache-miss
3367 silly fetch manifest type-is@^2.1.0
3368 silly packumentCache full:https://registry.npmjs.org/type-is cache-miss
3369 silly fetch manifest iconv-lite@^0.7.2
3370 silly packumentCache full:https://registry.npmjs.org/iconv-lite cache-miss
3371 silly fetch manifest ee-first@1.1.1
3372 silly packumentCache full:https://registry.npmjs.org/ee-first cache-miss
3373 silly fetch manifest wrappy@1
3374 silly packumentCache full:https://registry.npmjs.org/wrappy cache-miss
3375 silly fetch manifest forwarded@0.2.0
3376 silly packumentCache full:https://registry.npmjs.org/forwarded cache-miss
3377 silly fetch manifest ipaddr.js@1.9.1
3378 silly packumentCache full:https://registry.npmjs.org/ipaddr.js cache-miss
3379 silly fetch manifest side-channel@^1.1.1
3380 silly packumentCache full:https://registry.npmjs.org/side-channel cache-miss
3381 silly fetch manifest es-define-property@^1.0.1
3382 silly packumentCache full:https://registry.npmjs.org/es-define-property cache-miss
3383 silly fetch manifest is-promise@^4.0.0
3384 silly packumentCache full:https://registry.npmjs.org/is-promise cache-miss
3385 silly fetch manifest path-to-regexp@^8.0.0
3386 silly packumentCache full:https://registry.npmjs.org/path-to-regexp cache-miss
3387 silly fetch manifest statuses@^2.0.2
3388 silly packumentCache full:https://registry.npmjs.org/statuses cache-hit
3389 silly fetch manifest media-typer@^1.1.0
3390 silly packumentCache full:https://registry.npmjs.org/media-typer cache-miss
3391 http cache https://registry.npmjs.org/type-is 16ms (cache hit)
3392 silly packumentCache full:https://registry.npmjs.org/type-is set size:88614 disposed:false
3393 http cache https://registry.npmjs.org/bytes 18ms (cache hit)
3394 silly packumentCache full:https://registry.npmjs.org/bytes set size:37018 disposed:false
3395 http cache https://registry.npmjs.org/qs 20ms (cache hit)
3396 silly packumentCache full:https://registry.npmjs.org/qs set size:360318 disposed:false
3397 http cache https://registry.npmjs.org/iconv-lite 24ms (cache hit)
3398 silly packumentCache full:https://registry.npmjs.org/iconv-lite set size:126462 disposed:false
3399 http fetch GET 200 https://registry.npmjs.org/ee-first 65ms (cache miss)
3400 silly packumentCache full:https://registry.npmjs.org/ee-first set size:undefined disposed:false
3401 http fetch GET 200 https://registry.npmjs.org/forwarded 76ms (cache miss)
3402 silly packumentCache full:https://registry.npmjs.org/forwarded set size:undefined disposed:false
3403 http fetch GET 200 https://registry.npmjs.org/is-promise 79ms (cache miss)
3404 silly packumentCache full:https://registry.npmjs.org/is-promise set size:undefined disposed:false
3405 http fetch GET 200 https://registry.npmjs.org/wrappy 82ms (cache revalidated)
3406 silly packumentCache full:https://registry.npmjs.org/wrappy set size:7682 disposed:false
3407 http fetch GET 200 https://registry.npmjs.org/path-to-regexp 155ms (cache miss)
3408 silly packumentCache full:https://registry.npmjs.org/path-to-regexp set size:undefined disposed:false
3409 http fetch GET 200 https://registry.npmjs.org/side-channel 164ms (cache miss)
3410 silly packumentCache full:https://registry.npmjs.org/side-channel set size:undefined disposed:false
3411 http fetch GET 200 https://registry.npmjs.org/ipaddr.js 167ms (cache miss)
3412 silly packumentCache full:https://registry.npmjs.org/ipaddr.js set size:undefined disposed:false
3413 http fetch GET 200 https://registry.npmjs.org/media-typer 173ms (cache miss)
3414 silly packumentCache full:https://registry.npmjs.org/media-typer set size:undefined disposed:false
3415 http fetch GET 200 https://registry.npmjs.org/es-define-property 178ms (cache revalidated)
3416 silly packumentCache full:https://registry.npmjs.org/es-define-property set size:8542 disposed:false
3417 http fetch GET 200 https://registry.npmjs.org/negotiator 228ms (cache miss)
3418 silly packumentCache full:https://registry.npmjs.org/negotiator set size:undefined disposed:false
3419 silly placeDep ROOT negotiator@1.0.0 OK for: accepts@2.0.0 want: ^1.0.0
3420 silly placeDep ROOT bytes@3.1.2 OK for: body-parser@2.3.0 want: ^3.1.2
3421 silly placeDep node_modules/body-parser content-type@2.1.0 OK for: body-parser@2.3.0 want: ^2.0.0
3422 silly placeDep ROOT iconv-lite@0.7.3 OK for: body-parser@2.3.0 want: ^0.7.2
3423 silly fetch manifest safer-buffer@>= 2.1.2 < 3.0.0
3424 silly packumentCache full:https://registry.npmjs.org/safer-buffer cache-miss
3425 http fetch GET 200 https://registry.npmjs.org/safer-buffer 73ms (cache miss)
3426 silly packumentCache full:https://registry.npmjs.org/safer-buffer set size:undefined disposed:false
3427 silly placeDep ROOT on-headers@1.1.0 OK for: express-logging@1.1.1 want: ^1.0.0
3428 silly placeDep ROOT @types/yauzl@2.10.3 OK for: extract-zip@2.0.1 want: ^2.9.1
3429 silly placeDep node_modules/extract-zip get-stream@5.2.0 OK for: extract-zip@2.0.1 want: ^5.1.0
3430 silly placeDep node_modules/extract-zip yauzl@2.10.0 OK for: extract-zip@2.0.1 want: ^2.10.0
3431 silly fetch manifest fd-slicer@~1.1.0
3432 silly packumentCache full:https://registry.npmjs.org/fd-slicer cache-miss
3433 silly fetch manifest buffer-crc32@~0.2.3
3434 silly packumentCache full:https://registry.npmjs.org/buffer-crc32 cache-miss
3435 http cache https://registry.npmjs.org/buffer-crc32 6ms (cache hit)
3436 silly packumentCache full:https://registry.npmjs.org/buffer-crc32 set size:58100 disposed:false
3437 http fetch GET 200 https://registry.npmjs.org/fd-slicer 141ms (cache miss)
3438 silly packumentCache full:https://registry.npmjs.org/fd-slicer set size:undefined disposed:false
3439 silly placeDep ROOT @nodelib/fs.stat@2.0.5 OK for: fast-glob@3.3.3 want: ^2.0.2
3440 silly placeDep ROOT @nodelib/fs.walk@1.2.8 OK for: fast-glob@3.3.3 want: ^1.2.3
3441 silly placeDep ROOT glob-parent@5.1.2 OK for: fast-glob@3.3.3 want: ^5.1.2
3442 silly placeDep ROOT merge2@1.4.1 OK for: fast-glob@3.3.3 want: ^1.3.0
3443 silly fetch manifest @nodelib/fs.scandir@2.1.5
3444 silly packumentCache full:https://registry.npmjs.org/@nodelib%2ffs.scandir cache-miss
3445 silly fetch manifest is-glob@^4.0.1
3446 silly packumentCache full:https://registry.npmjs.org/is-glob cache-miss
3447 http cache https://registry.npmjs.org/is-glob 5ms (cache hit)
3448 silly packumentCache full:https://registry.npmjs.org/is-glob set size:40530 disposed:false
3449 http fetch GET 200 https://registry.npmjs.org/@nodelib%2ffs.scandir 153ms (cache miss)
3450 silly packumentCache full:https://registry.npmjs.org/@nodelib%2ffs.scandir set size:undefined disposed:false
3451 silly placeDep ROOT @nodelib/fs.scandir@2.1.5 OK for: @nodelib/fs.walk@1.2.8 want: 2.1.5
3452 silly fetch manifest run-parallel@^1.1.9
3453 silly packumentCache full:https://registry.npmjs.org/run-parallel cache-miss
3454 http fetch GET 200 https://registry.npmjs.org/run-parallel 80ms (cache miss)
3455 silly packumentCache full:https://registry.npmjs.org/run-parallel set size:undefined disposed:false
3456 silly placeDep ROOT run-parallel@1.2.0 OK for: @nodelib/fs.scandir@2.1.5 want: ^1.1.9
3457 silly fetch manifest queue-microtask@^1.2.2
3458 silly packumentCache full:https://registry.npmjs.org/queue-microtask cache-miss
3459 http fetch GET 200 https://registry.npmjs.org/queue-microtask 61ms (cache miss)
3460 silly packumentCache full:https://registry.npmjs.org/queue-microtask set size:undefined disposed:false
3461 silly placeDep ROOT fast-string-truncated-width@3.0.3 OK for: fast-string-width@3.0.2 want: ^3.0.2
3462 silly placeDep ROOT @fastify/ajv-compiler@4.0.6 OK for: fastify@5.12.0 want: ^4.0.5
3463 silly placeDep ROOT @fastify/fast-json-stringify-compiler@5.1.0 OK for: fastify@5.12.0 want: ^5.0.0
3464 silly placeDep ROOT @fastify/proxy-addr@5.1.0 OK for: fastify@5.12.0 want: ^5.0.0
3465 silly placeDep ROOT abstract-logging@2.0.1 OK for: fastify@5.12.0 want: ^2.0.1
3466 silly placeDep ROOT avvio@9.3.0 OK for: fastify@5.12.0 want: ^9.0.0
3467 silly placeDep ROOT fast-json-stringify@7.0.1 OK for: fastify@5.12.0 want: ^7.0.0
3468 silly placeDep ROOT find-my-way@9.8.0 OK for: fastify@5.12.0 want: ^9.6.0
3469 silly placeDep ROOT light-my-request@6.6.0 OK for: fastify@5.12.0 want: ^6.0.0
3470 silly placeDep ROOT pino@10.3.1 OK for: fastify@5.12.0 want: ^9.14.0 || ^10.1.0
3471 silly placeDep ROOT process-warning@5.1.0 OK for: fastify@5.12.0 want: ^5.1.0
3472 silly placeDep ROOT secure-json-parse@4.1.0 OK for: fastify@5.12.0 want: ^4.0.0
3473 silly placeDep ROOT toad-cache@3.7.4 OK for: fastify@5.12.0 want: ^3.7.0
3474 silly fetch manifest fast-uri@^4.0.0
3475 silly packumentCache full:https://registry.npmjs.org/fast-uri cache-miss
3476 silly fetch manifest ajv-formats@^3.0.1
3477 silly packumentCache full:https://registry.npmjs.org/ajv-formats cache-miss
3478 silly fetch manifest ipaddr.js@^2.1.0
3479 silly packumentCache full:https://registry.npmjs.org/ipaddr.js cache-miss
3480 silly fetch manifest @fastify/forwarded@^3.0.0
3481 silly packumentCache full:https://registry.npmjs.org/@fastify%2fforwarded cache-miss
3482 silly fetch manifest fast-uri@^4.0.0
3483 silly packumentCache full:https://registry.npmjs.org/fast-uri cache-miss
3484 silly fetch manifest ajv-formats@^3.0.1
3485 silly packumentCache full:https://registry.npmjs.org/ajv-formats cache-miss
3486 silly fetch manifest json-schema-ref-resolver@^3.0.0
3487 silly packumentCache full:https://registry.npmjs.org/json-schema-ref-resolver cache-miss
3488 silly fetch manifest @fastify/merge-json-schemas@^0.2.0
3489 silly packumentCache full:https://registry.npmjs.org/@fastify%2fmerge-json-schemas cache-miss
3490 silly fetch manifest safe-regex2@^5.0.0
3491 silly packumentCache full:https://registry.npmjs.org/safe-regex2 cache-miss
3492 silly fetch manifest fast-querystring@^1.0.0
3493 silly packumentCache full:https://registry.npmjs.org/fast-querystring cache-miss
3494 silly fetch manifest process-warning@^4.0.0
3495 silly packumentCache full:https://registry.npmjs.org/process-warning cache-miss
3496 silly fetch manifest set-cookie-parser@^2.6.0
3497 silly packumentCache full:https://registry.npmjs.org/set-cookie-parser cache-miss
3498 silly fetch manifest atomic-sleep@^1.0.0
3499 silly packumentCache full:https://registry.npmjs.org/atomic-sleep cache-miss
3500 silly fetch manifest on-exit-leak-free@^2.1.0
3501 silly packumentCache full:https://registry.npmjs.org/on-exit-leak-free cache-miss
3502 silly fetch manifest pino-abstract-transport@^3.0.0
3503 silly packumentCache full:https://registry.npmjs.org/pino-abstract-transport cache-miss
3504 http cache https://registry.npmjs.org/ipaddr.js 14ms (cache hit)
3505 silly packumentCache full:https://registry.npmjs.org/ipaddr.js set size:84329 disposed:false
3506 silly fetch manifest pino-std-serializers@^7.0.0
3507 silly packumentCache full:https://registry.npmjs.org/pino-std-serializers cache-miss
3508 http cache https://registry.npmjs.org/fast-uri 20ms (cache hit)
3509 silly packumentCache full:https://registry.npmjs.org/fast-uri set size:91614 disposed:false
3510 silly fetch manifest process-warning@^5.0.0
3511 silly packumentCache full:https://registry.npmjs.org/process-warning cache-miss
3512 http cache https://registry.npmjs.org/fast-uri 23ms (cache hit)
3513 silly packumentCache full:https://registry.npmjs.org/fast-uri set size:91614 disposed:false
3514 silly packumentCache full:https://registry.npmjs.org/fast-uri dispose
3515 silly fetch manifest quick-format-unescaped@^4.0.3
3516 silly packumentCache full:https://registry.npmjs.org/quick-format-unescaped cache-miss
3517 http cache https://registry.npmjs.org/process-warning 22ms (cache hit)
3518 silly packumentCache full:https://registry.npmjs.org/process-warning set size:36826 disposed:false
3519 silly fetch manifest real-require@^0.2.0
3520 silly packumentCache full:https://registry.npmjs.org/real-require cache-miss
3521 http cache https://registry.npmjs.org/process-warning 9ms (cache hit)
3522 silly packumentCache full:https://registry.npmjs.org/process-warning set size:36826 disposed:false
3523 silly packumentCache full:https://registry.npmjs.org/process-warning dispose
3524 silly fetch manifest safe-stable-stringify@^2.3.1
3525 silly packumentCache full:https://registry.npmjs.org/safe-stable-stringify cache-miss
3526 http fetch GET 200 https://registry.npmjs.org/atomic-sleep 94ms (cache miss)
3527 silly packumentCache full:https://registry.npmjs.org/atomic-sleep set size:undefined disposed:false
3528 silly fetch manifest @pinojs/redact@^0.4.0
3529 silly packumentCache full:https://registry.npmjs.org/@pinojs%2fredact cache-miss
3530 http fetch GET 200 https://registry.npmjs.org/safe-regex2 101ms (cache miss)
3531 silly packumentCache full:https://registry.npmjs.org/safe-regex2 set size:undefined disposed:false
3532 silly fetch manifest sonic-boom@^4.0.1
3533 silly packumentCache full:https://registry.npmjs.org/sonic-boom cache-miss
3534 http fetch GET 200 https://registry.npmjs.org/real-require 79ms (cache miss)
3535 silly packumentCache full:https://registry.npmjs.org/real-require set size:undefined disposed:false
3536 silly fetch manifest thread-stream@^4.0.0
3537 silly packumentCache full:https://registry.npmjs.org/thread-stream cache-miss
3538 http fetch GET 200 https://registry.npmjs.org/ajv-formats 108ms (cache miss)
3539 silly packumentCache full:https://registry.npmjs.org/ajv-formats set size:undefined disposed:false
3540 http fetch GET 200 https://registry.npmjs.org/ajv-formats 111ms (cache miss)
3541 silly packumentCache full:https://registry.npmjs.org/ajv-formats set size:undefined disposed:false
3542 http fetch GET 200 https://registry.npmjs.org/safe-stable-stringify 85ms (cache miss)
3543 silly packumentCache full:https://registry.npmjs.org/safe-stable-stringify set size:undefined disposed:false
3544 http fetch GET 200 https://registry.npmjs.org/quick-format-unescaped 111ms (cache miss)
3545 silly packumentCache full:https://registry.npmjs.org/quick-format-unescaped set size:undefined disposed:false
3546 http fetch GET 200 https://registry.npmjs.org/on-exit-leak-free 218ms (cache miss)
3547 silly packumentCache full:https://registry.npmjs.org/on-exit-leak-free set size:undefined disposed:false
3548 http fetch GET 200 https://registry.npmjs.org/@pinojs%2fredact 124ms (cache miss)
3549 silly packumentCache full:https://registry.npmjs.org/@pinojs%2fredact set size:undefined disposed:false
3550 http fetch GET 200 https://registry.npmjs.org/sonic-boom 122ms (cache miss)
3551 silly packumentCache full:https://registry.npmjs.org/sonic-boom set size:undefined disposed:false
3552 http fetch GET 200 https://registry.npmjs.org/thread-stream 303ms (cache miss)
3553 silly packumentCache full:https://registry.npmjs.org/thread-stream set size:undefined disposed:false
3554 http fetch GET 200 https://registry.npmjs.org/pino-abstract-transport 411ms (cache miss)
3555 silly packumentCache full:https://registry.npmjs.org/pino-abstract-transport set size:undefined disposed:false
3556 http fetch GET 200 https://registry.npmjs.org/@fastify%2fforwarded 425ms (cache miss)
3557 silly packumentCache full:https://registry.npmjs.org/@fastify%2fforwarded set size:undefined disposed:false
3558 http fetch GET 200 https://registry.npmjs.org/pino-std-serializers 420ms (cache miss)
3559 silly packumentCache full:https://registry.npmjs.org/pino-std-serializers set size:undefined disposed:false
3560 http fetch GET 200 https://registry.npmjs.org/fast-querystring 437ms (cache miss)
3561 silly packumentCache full:https://registry.npmjs.org/fast-querystring set size:undefined disposed:false
3562 http fetch GET 200 https://registry.npmjs.org/set-cookie-parser 449ms (cache miss)
3563 silly packumentCache full:https://registry.npmjs.org/set-cookie-parser set size:undefined disposed:false
3564 http fetch GET 200 https://registry.npmjs.org/json-schema-ref-resolver 644ms (cache miss)
3565 silly packumentCache full:https://registry.npmjs.org/json-schema-ref-resolver set size:undefined disposed:false
3566 http fetch GET 200 https://registry.npmjs.org/@fastify%2fmerge-json-schemas 878ms (cache miss)
3567 silly packumentCache full:https://registry.npmjs.org/@fastify%2fmerge-json-schemas set size:undefined disposed:false
3568 silly placeDep ROOT ajv-formats@3.0.1 OK for: @fastify/ajv-compiler@4.0.6 want: ^3.0.1
3569 silly placeDep node_modules/@fastify/ajv-compiler fast-uri@4.1.2 OK for: @fastify/ajv-compiler@4.0.6 want: ^4.0.0
3570 silly placeDep ROOT @fastify/forwarded@3.0.2 OK for: @fastify/proxy-addr@5.1.0 want: ^3.0.0
3571 silly placeDep ROOT ipaddr.js@2.5.0 OK for: @fastify/proxy-addr@5.1.0 want: ^2.1.0
3572 silly placeDep ROOT @fastify/merge-json-schemas@0.2.1 OK for: fast-json-stringify@7.0.1 want: ^0.2.0
3573 silly placeDep node_modules/fast-json-stringify fast-uri@4.1.2 OK for: fast-json-stringify@7.0.1 want: ^4.0.0
3574 silly placeDep ROOT json-schema-ref-resolver@3.0.0 OK for: fast-json-stringify@7.0.1 want: ^3.0.0
3575 silly fetch manifest dequal@^2.0.3
3576 silly packumentCache full:https://registry.npmjs.org/dequal cache-miss
3577 silly fetch manifest dequal@^2.0.3
3578 silly packumentCache full:https://registry.npmjs.org/dequal cache-miss
3579 http fetch GET 200 https://registry.npmjs.org/dequal 60ms (cache miss)
3580 silly packumentCache full:https://registry.npmjs.org/dequal set size:undefined disposed:false
3581 http fetch GET 200 https://registry.npmjs.org/dequal 65ms (cache miss)
3582 silly packumentCache full:https://registry.npmjs.org/dequal set size:undefined disposed:false
3583 silly placeDep ROOT dequal@2.0.3 OK for: @fastify/merge-json-schemas@0.2.1 want: ^2.0.3
3584 silly placeDep ROOT reusify@1.1.0 OK for: fastq@1.20.1 want: ^1.0.4
3585 silly placeDep ROOT is-unicode-supported@2.1.0 OK for: figures@6.1.0 want: ^2.0.0
3586 silly placeDep ROOT fast-querystring@1.1.2 OK for: find-my-way@9.8.0 want: ^1.0.0
3587 silly placeDep ROOT safe-regex2@5.1.1 OK for: find-my-way@9.8.0 want: ^5.0.0
3588 silly fetch manifest ret@~0.5.0
3589 silly packumentCache full:https://registry.npmjs.org/ret cache-miss
3590 http fetch GET 200 https://registry.npmjs.org/ret 65ms (cache miss)
3591 silly packumentCache full:https://registry.npmjs.org/ret set size:undefined disposed:false
3592 silly placeDep ROOT unicorn-magic@0.3.0 OK for: find-up@8.0.0 want: ^0.3.0
3593 silly placeDep ROOT from2@2.3.0 OK for: folder-walker@3.2.0 want: ^2.1.0
3594 silly fetch manifest inherits@^2.0.1
3595 silly packumentCache full:https://registry.npmjs.org/inherits cache-hit
3596 silly fetch manifest readable-stream@^2.0.0
3597 silly packumentCache full:https://registry.npmjs.org/readable-stream cache-hit
3598 silly placeDep ROOT inherits@2.0.4 OK for: from2@2.3.0 want: ^2.0.1
3599 silly placeDep node_modules/from2 readable-stream@2.3.8 OK for: from2@2.3.0 want: ^2.0.0
3600 silly fetch manifest isarray@~1.0.0
3601 silly packumentCache full:https://registry.npmjs.org/isarray cache-miss
3602 silly fetch manifest safe-buffer@~5.1.1
3603 silly packumentCache full:https://registry.npmjs.org/safe-buffer cache-miss
3604 silly fetch manifest core-util-is@~1.0.0
3605 silly packumentCache full:https://registry.npmjs.org/core-util-is cache-miss
3606 silly fetch manifest string_decoder@~1.1.1
3607 silly packumentCache full:https://registry.npmjs.org/string_decoder cache-hit
3608 silly fetch manifest util-deprecate@~1.0.1
3609 silly packumentCache full:https://registry.npmjs.org/util-deprecate cache-miss
3610 silly fetch manifest process-nextick-args@~2.0.0
3611 silly packumentCache full:https://registry.npmjs.org/process-nextick-args cache-miss
3612 http cache https://registry.npmjs.org/safe-buffer 7ms (cache hit)
3613 silly packumentCache full:https://registry.npmjs.org/safe-buffer set size:41183 disposed:false
3614 http fetch GET 200 https://registry.npmjs.org/core-util-is 63ms (cache miss)
3615 silly packumentCache full:https://registry.npmjs.org/core-util-is set size:undefined disposed:false
3616 http fetch GET 200 https://registry.npmjs.org/util-deprecate 75ms (cache revalidated)
3617 silly packumentCache full:https://registry.npmjs.org/util-deprecate set size:6674 disposed:false
3618 http fetch GET 200 https://registry.npmjs.org/isarray 85ms (cache miss)
3619 silly packumentCache full:https://registry.npmjs.org/isarray set size:undefined disposed:false
3620 http fetch GET 200 https://registry.npmjs.org/process-nextick-args 117ms (cache miss)
3621 silly packumentCache full:https://registry.npmjs.org/process-nextick-args set size:undefined disposed:false
3622 silly placeDep ROOT @sec-ant/readable-stream@0.4.1 OK for: get-stream@9.0.1 want: ^0.4.1
3623 silly placeDep ROOT ini@1.3.8 OK for: gitconfiglocal@2.1.0 want: ^1.3.2
3624 silly placeDep ROOT minipass@7.1.3 OK for: glob@13.0.6 want: ^7.1.3
3625 silly placeDep ROOT path-scurry@2.0.2 OK for: glob@13.0.6 want: ^2.0.2
3626 silly fetch manifest lru-cache@^11.0.0
3627 silly packumentCache full:https://registry.npmjs.org/lru-cache cache-miss
3628 http fetch GET 200 https://registry.npmjs.org/lru-cache 76ms (cache revalidated)
3629 silly packumentCache full:https://registry.npmjs.org/lru-cache set size:460407 disposed:false
3630 silly placeDep ROOT is-glob@4.0.3 OK for: glob-parent@5.1.2 want: ^4.0.1
3631 silly fetch manifest is-extglob@^2.1.1
3632 silly packumentCache full:https://registry.npmjs.org/is-extglob cache-miss
3633 http fetch GET 200 https://registry.npmjs.org/is-extglob 67ms (cache miss)
3634 silly packumentCache full:https://registry.npmjs.org/is-extglob set size:undefined disposed:false
3635 silly placeDep ROOT @sindresorhus/merge-streams@2.3.0 OK for: globby@14.1.0 want: ^2.1.0
3636 silly placeDep ROOT slash@5.1.0 OK for: globby@14.1.0 want: ^5.1.0
3637 silly placeDep ROOT unix-dgram@2.0.7 OK for: hot-shots@11.4.0 want: 2.x
3638 silly fetch manifest nan@^2.20.0
3639 silly packumentCache full:https://registry.npmjs.org/nan cache-miss
3640 http fetch GET 200 https://registry.npmjs.org/nan 679ms (cache miss)
3641 silly packumentCache full:https://registry.npmjs.org/nan set size:undefined disposed:false
3642 silly placeDep ROOT setprototypeof@1.2.0 OK for: http-errors@2.0.1 want: ~1.2.0
3643 silly placeDep ROOT toidentifier@1.0.1 OK for: http-errors@2.0.1 want: ~1.0.1
3644 silly placeDep ROOT eventemitter3@4.0.7 OK for: http-proxy@1.18.1 want: ^4.0.0
3645 silly placeDep ROOT follow-redirects@1.16.0 OK for: http-proxy@1.18.1 want: ^1.0.0
3646 silly placeDep ROOT requires-port@1.0.0 OK for: http-proxy@1.18.1 want: ^1.0.0
3647 silly placeDep ROOT @types/http-proxy@1.17.17 OK for: http-proxy-middleware@3.0.7 want: ^1.17.15
3648 silly placeDep ROOT is-plain-object@5.0.0 OK for: http-proxy-middleware@3.0.7 want: ^5.0.0
3649 silly placeDep ROOT agent-base@8.0.0 OK for: https-proxy-agent@8.0.0 want: 8.0.0
3650 silly placeDep ROOT safer-buffer@2.1.2 OK for: iconv-lite@0.7.3 want: >= 2.1.2 < 3.0.0
3651 silly placeDep ROOT cjs-module-lexer@2.2.1 OK for: import-in-the-middle@3.3.3 want: ^2.2.0
3652 silly placeDep node_modules/import-in-the-middle es-module-lexer@2.3.1 OK for: import-in-the-middle@3.3.3 want: ^2.2.0
3653 silly placeDep ROOT module-details-from-path@1.0.4 OK for: import-in-the-middle@3.3.3 want: ^1.0.4
3654 silly fetch manifest @types/node@>=18
3655 silly packumentCache full:https://registry.npmjs.org/@types%2fnode cache-miss
3656 http cache https://registry.npmjs.org/@types%2fnode 27ms (cache hit)
3657 silly packumentCache full:https://registry.npmjs.org/@types%2fnode set size:11088606 disposed:false
3658 silly placeDep ROOT @inquirer/external-editor@1.0.3 OK for: inquirer@8.2.7 want: ^1.0.0
3659 silly placeDep node_modules/inquirer ansi-escapes@4.3.2 OK for: inquirer@8.2.7 want: ^4.2.1
3660 silly placeDep node_modules/inquirer chalk@4.1.2 OK for: inquirer@8.2.7 want: ^4.1.1
3661 silly placeDep ROOT cli-cursor@3.1.0 OK for: inquirer@8.2.7 want: ^3.1.0
3662 silly placeDep ROOT cli-width@3.0.0 OK for: inquirer@8.2.7 want: ^3.0.0
3663 silly placeDep node_modules/inquirer figures@3.2.0 OK for: inquirer@8.2.7 want: ^3.0.0
3664 silly placeDep ROOT lodash@4.18.1 OK for: inquirer@8.2.7 want: ^4.17.21
3665 silly placeDep ROOT mute-stream@0.0.8 OK for: inquirer@8.2.7 want: 0.0.8
3666 silly placeDep ROOT ora@5.4.1 OK for: inquirer@8.2.7 want: ^5.4.1
3667 silly placeDep ROOT run-async@2.4.1 OK for: inquirer@8.2.7 want: ^2.4.0
3668 silly placeDep ROOT rxjs@7.8.2 OK for: inquirer@8.2.7 want: ^7.5.5
3669 silly placeDep node_modules/inquirer string-width@4.2.3 OK for: inquirer@8.2.7 want: ^4.1.0
3670 silly placeDep ROOT through@2.3.8 OK for: inquirer@8.2.7 want: ^2.3.6
3671 silly placeDep node_modules/inquirer wrap-ansi@6.2.0 OK for: inquirer@8.2.7 want: ^6.0.1
3672 silly fetch manifest chardet@^2.1.1
3673 silly packumentCache full:https://registry.npmjs.org/chardet cache-miss
3674 silly fetch manifest type-fest@^0.21.3
3675 silly packumentCache full:https://registry.npmjs.org/type-fest cache-hit
3676 silly fetch manifest restore-cursor@^3.1.0
3677 silly packumentCache full:https://registry.npmjs.org/restore-cursor cache-miss
3678 silly fetch manifest escape-string-regexp@^1.0.5
3679 silly packumentCache full:https://registry.npmjs.org/escape-string-regexp cache-hit
3680 silly fetch manifest bl@^4.1.0
3681 silly packumentCache full:https://registry.npmjs.org/bl cache-miss
3682 silly fetch manifest chalk@^4.1.0
3683 silly packumentCache full:https://registry.npmjs.org/chalk cache-hit
3684 silly fetch manifest wcwidth@^1.0.1
3685 silly packumentCache full:https://registry.npmjs.org/wcwidth cache-miss
3686 silly fetch manifest log-symbols@^4.1.0
3687 silly packumentCache full:https://registry.npmjs.org/log-symbols cache-miss
3688 silly fetch manifest cli-spinners@^2.5.0
3689 silly packumentCache full:https://registry.npmjs.org/cli-spinners cache-miss
3690 silly fetch manifest is-interactive@^1.0.0
3691 silly packumentCache full:https://registry.npmjs.org/is-interactive cache-miss
3692 silly fetch manifest is-unicode-supported@^0.1.0
3693 silly packumentCache full:https://registry.npmjs.org/is-unicode-supported cache-miss
3694 silly fetch manifest ansi-styles@^4.0.0
3695 silly packumentCache full:https://registry.npmjs.org/ansi-styles cache-hit
3696 http cache https://registry.npmjs.org/is-unicode-supported 20ms (cache hit)
3697 silly packumentCache full:https://registry.npmjs.org/is-unicode-supported set size:19461 disposed:false
3698 http fetch GET 200 https://registry.npmjs.org/wcwidth 63ms (cache miss)
3699 silly packumentCache full:https://registry.npmjs.org/wcwidth set size:undefined disposed:false
3700 http fetch GET 200 https://registry.npmjs.org/is-interactive 75ms (cache miss)
3701 silly packumentCache full:https://registry.npmjs.org/is-interactive set size:undefined disposed:false
3702 http fetch GET 200 https://registry.npmjs.org/cli-spinners 77ms (cache miss)
3703 silly packumentCache full:https://registry.npmjs.org/cli-spinners set size:undefined disposed:false
3704 http fetch GET 200 https://registry.npmjs.org/log-symbols 80ms (cache miss)
3705 silly packumentCache full:https://registry.npmjs.org/log-symbols set size:undefined disposed:false
3706 http fetch GET 200 https://registry.npmjs.org/chardet 83ms (cache miss)
3707 silly packumentCache full:https://registry.npmjs.org/chardet set size:undefined disposed:false
3708 http fetch GET 200 https://registry.npmjs.org/bl 332ms (cache miss)
3709 silly packumentCache full:https://registry.npmjs.org/bl set size:undefined disposed:false
3710 http fetch GET 200 https://registry.npmjs.org/restore-cursor 350ms (cache miss)
3711 silly packumentCache full:https://registry.npmjs.org/restore-cursor set size:undefined disposed:false
3712 silly placeDep ROOT chardet@2.2.0 OK for: @inquirer/external-editor@1.0.3 want: ^2.1.1
3713 silly placeDep ROOT restore-cursor@3.1.0 OK for: cli-cursor@3.1.0 want: ^3.1.0
3714 silly placeDep node_modules/inquirer-autocomplete-prompt ansi-escapes@4.3.2 OK for: inquirer-autocomplete-prompt@1.4.0 want: ^4.3.1
3715 silly placeDep node_modules/inquirer-autocomplete-prompt chalk@4.1.2 OK for: inquirer-autocomplete-prompt@1.4.0 want: ^4.0.0
3716 silly placeDep node_modules/inquirer-autocomplete-prompt figures@3.2.0 OK for: inquirer-autocomplete-prompt@1.4.0 want: ^3.2.0
3717 silly placeDep node_modules/inquirer-autocomplete-prompt rxjs@6.6.7 OK for: inquirer-autocomplete-prompt@1.4.0 want: ^6.6.2
3718 silly fetch manifest tslib@^1.9.0
3719 silly packumentCache full:https://registry.npmjs.org/tslib cache-hit
3720 silly fetch manifest @parcel/watcher@^2.5.6
3721 silly packumentCache full:https://registry.npmjs.org/@parcel%2fwatcher cache-miss
3722 http fetch GET 200 https://registry.npmjs.org/@parcel%2fwatcher 81ms (cache miss)
3723 silly packumentCache full:https://registry.npmjs.org/@parcel%2fwatcher set size:undefined disposed:false
3724 silly fetch manifest @azure/app-configuration@^1.8.0
3725 silly packumentCache full:https://registry.npmjs.org/@azure%2fapp-configuration cache-miss
3726 http fetch GET 200 https://registry.npmjs.org/@azure%2fapp-configuration 549ms (cache miss)
3727 silly packumentCache full:https://registry.npmjs.org/@azure%2fapp-configuration set size:undefined disposed:false
3728 silly fetch manifest @azure/cosmos@^4.2.0
3729 silly packumentCache full:https://registry.npmjs.org/@azure%2fcosmos cache-miss
3730 http fetch GET 200 https://registry.npmjs.org/@azure%2fcosmos 1165ms (cache miss)
3731 silly packumentCache full:https://registry.npmjs.org/@azure%2fcosmos set size:undefined disposed:false
3732 silly fetch manifest @azure/data-tables@^13.3.0
3733 silly packumentCache full:https://registry.npmjs.org/@azure%2fdata-tables cache-miss
3734 http fetch GET 200 https://registry.npmjs.org/@azure%2fdata-tables 1323ms (cache miss)
3735 silly packumentCache full:https://registry.npmjs.org/@azure%2fdata-tables set size:undefined disposed:false
3736 silly fetch manifest @azure/identity@^4.6.0
3737 silly packumentCache full:https://registry.npmjs.org/@azure%2fidentity cache-miss
3738 http fetch GET 200 https://registry.npmjs.org/@azure%2fidentity 2250ms (cache miss)
3739 silly packumentCache full:https://registry.npmjs.org/@azure%2fidentity set size:undefined disposed:false
3740 silly fetch manifest @azure/keyvault-secrets@^4.9.0
3741 silly packumentCache full:https://registry.npmjs.org/@azure%2fkeyvault-secrets cache-miss
3742 http fetch GET 200 https://registry.npmjs.org/@azure%2fkeyvault-secrets 1555ms (cache miss)
3743 silly packumentCache full:https://registry.npmjs.org/@azure%2fkeyvault-secrets set size:undefined disposed:false
3744 silly fetch manifest @azure/storage-blob@^12.26.0
3745 silly packumentCache full:https://registry.npmjs.org/@azure%2fstorage-blob cache-miss
3746 http fetch GET 200 https://registry.npmjs.org/@azure%2fstorage-blob 1096ms (cache miss)
3747 silly packumentCache full:https://registry.npmjs.org/@azure%2fstorage-blob set size:undefined disposed:false
3748 silly fetch manifest @capacitor/preferences@^6 || ^7 || ^8
3749 silly packumentCache full:https://registry.npmjs.org/@capacitor%2fpreferences cache-miss
3750 http fetch GET 200 https://registry.npmjs.org/@capacitor%2fpreferences 2143ms (cache miss)
3751 silly packumentCache full:https://registry.npmjs.org/@capacitor%2fpreferences set size:undefined disposed:false
3752 silly fetch manifest @capacitor/core@>=8.0.0
3753 silly packumentCache full:https://registry.npmjs.org/@capacitor%2fcore cache-miss
3754 http fetch GET 200 https://registry.npmjs.org/@capacitor%2fcore 462ms (cache miss)
3755 silly packumentCache full:https://registry.npmjs.org/@capacitor%2fcore set size:undefined disposed:false
3756 silly fetch manifest @deno/kv@>=0.9.0
3757 silly packumentCache full:https://registry.npmjs.org/@deno%2fkv cache-miss
3758 http fetch GET 200 https://registry.npmjs.org/@deno%2fkv 812ms (cache miss)
3759 silly packumentCache full:https://registry.npmjs.org/@deno%2fkv set size:undefined disposed:false
3760 silly fetch manifest @netlify/blobs@^6.5.0 || ^7.0.0 || ^8.1.0 || ^9.0.0 || ^10.0.0
3761 silly packumentCache full:https://registry.npmjs.org/@netlify%2fblobs cache-miss
3762 http cache https://registry.npmjs.org/@netlify%2fblobs 6ms (cache hit)
3763 silly packumentCache full:https://registry.npmjs.org/@netlify%2fblobs set size:431528 disposed:false
3764 silly fetch manifest @planetscale/database@^1.19.0
3765 silly packumentCache full:https://registry.npmjs.org/@planetscale%2fdatabase cache-miss
3766 http fetch GET 200 https://registry.npmjs.org/@planetscale%2fdatabase 820ms (cache miss)
3767 silly packumentCache full:https://registry.npmjs.org/@planetscale%2fdatabase set size:undefined disposed:false
3768 silly fetch manifest @upstash/redis@^1.34.3
3769 silly packumentCache full:https://registry.npmjs.org/@upstash%2fredis cache-miss
3770 http fetch GET 200 https://registry.npmjs.org/@upstash%2fredis 1039ms (cache miss)
3771 silly packumentCache full:https://registry.npmjs.org/@upstash%2fredis set size:undefined disposed:false
3772 silly fetch manifest @vercel/blob@>=0.27.1
3773 silly packumentCache full:https://registry.npmjs.org/@vercel%2fblob cache-miss
3774 http fetch GET 200 https://registry.npmjs.org/@vercel%2fblob 739ms (cache miss)
3775 silly packumentCache full:https://registry.npmjs.org/@vercel%2fblob set size:undefined disposed:false
3776 silly fetch manifest @vercel/functions@^2.2.12 || ^3.0.0
3777 silly packumentCache full:https://registry.npmjs.org/@vercel%2ffunctions cache-miss
3778 http fetch GET 200 https://registry.npmjs.org/@vercel%2ffunctions 925ms (cache miss)
3779 silly packumentCache full:https://registry.npmjs.org/@vercel%2ffunctions set size:undefined disposed:false
3780 silly fetch manifest @aws-sdk/credential-provider-web-identity@*
3781 silly packumentCache full:https://registry.npmjs.org/@aws-sdk%2fcredential-provider-web-identity cache-miss
3782 http fetch GET 200 https://registry.npmjs.org/@aws-sdk%2fcredential-provider-web-identity 793ms (cache miss)
3783 silly packumentCache full:https://registry.npmjs.org/@aws-sdk%2fcredential-provider-web-identity set size:undefined disposed:false
3784 silly fetch manifest ws@>=8
3785 silly packumentCache full:https://registry.npmjs.org/ws cache-miss
3786 http cache https://registry.npmjs.org/ws 9ms (cache hit)
3787 silly packumentCache full:https://registry.npmjs.org/ws set size:447661 disposed:false
3788 silly fetch manifest @vercel/kv@^1 || ^2 || ^3
3789 silly packumentCache full:https://registry.npmjs.org/@vercel%2fkv cache-miss
3790 http fetch GET 200 https://registry.npmjs.org/@vercel%2fkv 71ms (cache miss)
3791 silly packumentCache full:https://registry.npmjs.org/@vercel%2fkv set size:undefined disposed:false
3792 silly fetch manifest aws4fetch@^1.0.20
3793 silly packumentCache full:https://registry.npmjs.org/aws4fetch cache-miss
3794 http fetch GET 200 https://registry.npmjs.org/aws4fetch 306ms (cache miss)
3795 silly packumentCache full:https://registry.npmjs.org/aws4fetch set size:undefined disposed:false
3796 silly fetch manifest db0@>=0.2.1
3797 silly packumentCache full:https://registry.npmjs.org/db0 cache-miss
3798 http fetch GET 200 https://registry.npmjs.org/db0 66ms (cache miss)
3799 silly packumentCache full:https://registry.npmjs.org/db0 set size:undefined disposed:false
3800 silly fetch manifest @electric-sql/pglite@*
3801 silly packumentCache full:https://registry.npmjs.org/@electric-sql%2fpglite cache-miss
3802 http cache https://registry.npmjs.org/@electric-sql%2fpglite 5ms (cache hit)
3803 silly packumentCache full:https://registry.npmjs.org/@electric-sql%2fpglite set size:350280 disposed:false
3804 silly fetch manifest @libsql/client@*
3805 silly packumentCache full:https://registry.npmjs.org/@libsql%2fclient cache-miss
3806 http fetch GET 200 https://registry.npmjs.org/@libsql%2fclient 397ms (cache miss)
3807 silly packumentCache full:https://registry.npmjs.org/@libsql%2fclient set size:undefined disposed:false
3808 silly fetch manifest better-sqlite3@*
3809 silly packumentCache full:https://registry.npmjs.org/better-sqlite3 cache-miss
3810 http fetch GET 200 https://registry.npmjs.org/better-sqlite3 157ms (cache miss)
3811 silly packumentCache full:https://registry.npmjs.org/better-sqlite3 set size:undefined disposed:false
3812 silly fetch manifest drizzle-orm@*
3813 silly packumentCache full:https://registry.npmjs.org/drizzle-orm cache-miss
3814 http fetch GET 200 https://registry.npmjs.org/drizzle-orm 5972ms (cache miss)
3815 silly packumentCache full:https://registry.npmjs.org/drizzle-orm set size:undefined disposed:false
3816 silly fetch manifest @aws-sdk/client-rds-data@>=3
3817 silly packumentCache full:https://registry.npmjs.org/@aws-sdk%2fclient-rds-data cache-miss
3818 http fetch GET 200 https://registry.npmjs.org/@aws-sdk%2fclient-rds-data 1305ms (cache miss)
3819 silly packumentCache full:https://registry.npmjs.org/@aws-sdk%2fclient-rds-data set size:undefined disposed:false
3820 silly fetch manifest @cloudflare/workers-types@>=4
3821 silly packumentCache full:https://registry.npmjs.org/@cloudflare%2fworkers-types cache-miss
3822 http fetch GET 200 https://registry.npmjs.org/@cloudflare%2fworkers-types 1275ms (cache miss)
3823 silly packumentCache full:https://registry.npmjs.org/@cloudflare%2fworkers-types set size:undefined disposed:false
3824 silly fetch manifest @libsql/client-wasm@>=0.10.0
3825 silly packumentCache full:https://registry.npmjs.org/@libsql%2fclient-wasm cache-miss
3826 http fetch GET 200 https://registry.npmjs.org/@libsql%2fclient-wasm 1595ms (cache miss)
3827 silly packumentCache full:https://registry.npmjs.org/@libsql%2fclient-wasm set size:undefined disposed:false
3828 silly fetch manifest @neondatabase/serverless@>=0.10.0
3829 silly packumentCache full:https://registry.npmjs.org/@neondatabase%2fserverless cache-miss
3830 http fetch GET 200 https://registry.npmjs.org/@neondatabase%2fserverless 807ms (cache miss)
3831 silly packumentCache full:https://registry.npmjs.org/@neondatabase%2fserverless set size:undefined disposed:false
3832 silly fetch manifest @op-engineering/op-sqlite@>=2
3833 silly packumentCache full:https://registry.npmjs.org/@op-engineering%2fop-sqlite cache-miss
3834 http fetch GET 200 https://registry.npmjs.org/@op-engineering%2fop-sqlite 791ms (cache miss)
3835 silly packumentCache full:https://registry.npmjs.org/@op-engineering%2fop-sqlite set size:undefined disposed:false
3836 silly fetch manifest @sqlite.org/sqlite-wasm@*
3837 silly packumentCache full:https://registry.npmjs.org/@sqlite.org%2fsqlite-wasm cache-miss
3838 http fetch GET 200 https://registry.npmjs.org/@sqlite.org%2fsqlite-wasm 694ms (cache miss)
3839 silly packumentCache full:https://registry.npmjs.org/@sqlite.org%2fsqlite-wasm set size:undefined disposed:false
3840 silly fetch manifest react@*
3841 silly packumentCache full:https://registry.npmjs.org/react cache-miss
3842 http fetch GET 200 https://registry.npmjs.org/react 128ms (cache revalidated)
3843 silly packumentCache full:https://registry.npmjs.org/react set size:6897881 disposed:false
3844 silly fetch manifest react-native@*
3845 silly packumentCache full:https://registry.npmjs.org/react-native cache-miss
3846 http fetch GET 200 https://registry.npmjs.org/react-native 2111ms (cache miss)
3847 silly packumentCache full:https://registry.npmjs.org/react-native set size:undefined disposed:false
3848 silly fetch manifest @types/react@^19.1.1
3849 silly packumentCache full:https://registry.npmjs.org/@types%2freact cache-miss
3850 http fetch GET 200 https://registry.npmjs.org/@types%2freact 1052ms (cache miss)
3851 silly packumentCache full:https://registry.npmjs.org/@types%2freact set size:undefined disposed:false
3852 silly fetch manifest @opentelemetry/api@^1.4.1
3853 silly packumentCache full:https://registry.npmjs.org/@opentelemetry%2fapi cache-hit
3854 silly fetch manifest @prisma/client@*
3855 silly packumentCache full:https://registry.npmjs.org/@prisma%2fclient cache-miss
3856 http fetch GET 200 https://registry.npmjs.org/@prisma%2fclient 2416ms (cache miss)
3857 silly packumentCache full:https://registry.npmjs.org/@prisma%2fclient set size:undefined disposed:false
3858 silly fetch manifest prisma@*
3859 silly packumentCache full:https://registry.npmjs.org/prisma cache-miss
3860 http fetch GET 200 https://registry.npmjs.org/prisma 1248ms (cache miss)
3861 silly packumentCache full:https://registry.npmjs.org/prisma set size:undefined disposed:false
3862 silly fetch manifest typescript@>=5.4.0
3863 silly packumentCache full:https://registry.npmjs.org/typescript cache-miss
3864 http cache https://registry.npmjs.org/typescript 36ms (cache hit)
3865 silly packumentCache full:https://registry.npmjs.org/typescript set size:15555816 disposed:false
3866 silly fetch manifest @tidbcloud/serverless@*
3867 silly packumentCache full:https://registry.npmjs.org/@tidbcloud%2fserverless cache-miss
3868 http fetch GET 200 https://registry.npmjs.org/@tidbcloud%2fserverless 224ms (cache miss)
3869 silly packumentCache full:https://registry.npmjs.org/@tidbcloud%2fserverless set size:undefined disposed:false
3870 silly fetch manifest @types/better-sqlite3@*
3871 silly packumentCache full:https://registry.npmjs.org/@types%2fbetter-sqlite3 cache-miss
3872 http fetch GET 200 https://registry.npmjs.org/@types%2fbetter-sqlite3 718ms (cache miss)
3873 silly packumentCache full:https://registry.npmjs.org/@types%2fbetter-sqlite3 set size:undefined disposed:false
3874 silly fetch manifest @types/pg@*
3875 silly packumentCache full:https://registry.npmjs.org/@types%2fpg cache-miss
3876 http fetch GET 200 https://registry.npmjs.org/@types%2fpg 127ms (cache miss)
3877 silly packumentCache full:https://registry.npmjs.org/@types%2fpg set size:undefined disposed:false
3878 silly fetch manifest @types/sql.js@*
3879 silly packumentCache full:https://registry.npmjs.org/@types%2fsql.js cache-miss
3880 http fetch GET 200 https://registry.npmjs.org/@types%2fsql.js 75ms (cache miss)
3881 silly packumentCache full:https://registry.npmjs.org/@types%2fsql.js set size:undefined disposed:false
3882 silly fetch manifest @vercel/postgres@>=0.8.0
3883 silly packumentCache full:https://registry.npmjs.org/@vercel%2fpostgres cache-miss
3884 http fetch GET 200 https://registry.npmjs.org/@vercel%2fpostgres 460ms (cache miss)
3885 silly packumentCache full:https://registry.npmjs.org/@vercel%2fpostgres set size:undefined disposed:false
3886 silly fetch manifest @xata.io/client@*
3887 silly packumentCache full:https://registry.npmjs.org/@xata.io%2fclient cache-miss
3888 http fetch GET 200 https://registry.npmjs.org/@xata.io%2fclient 1464ms (cache miss)
3889 silly packumentCache full:https://registry.npmjs.org/@xata.io%2fclient set size:undefined disposed:false
3890 silly fetch manifest bun-types@*
3891 silly packumentCache full:https://registry.npmjs.org/bun-types cache-miss
3892 http fetch GET 200 https://registry.npmjs.org/bun-types 570ms (cache miss)
3893 silly packumentCache full:https://registry.npmjs.org/bun-types set size:undefined disposed:false
3894 silly fetch manifest expo-sqlite@>=14.0.0
3895 silly packumentCache full:https://registry.npmjs.org/expo-sqlite cache-miss
3896 http fetch GET 200 https://registry.npmjs.org/expo-sqlite 725ms (cache miss)
3897 silly packumentCache full:https://registry.npmjs.org/expo-sqlite set size:undefined disposed:false
3898 silly fetch manifest expo@*
3899 silly packumentCache full:https://registry.npmjs.org/expo cache-miss
3900 http fetch GET 200 https://registry.npmjs.org/expo 206ms (cache miss)
3901 silly packumentCache full:https://registry.npmjs.org/expo set size:undefined disposed:false
3902 silly fetch manifest @expo/metro-runtime@*
3903 silly packumentCache full:https://registry.npmjs.org/@expo%2fmetro-runtime cache-miss
3904 http fetch GET 200 https://registry.npmjs.org/@expo%2fmetro-runtime 732ms (cache miss)
3905 silly packumentCache full:https://registry.npmjs.org/@expo%2fmetro-runtime set size:undefined disposed:false
3906 silly fetch manifest react-dom@*
3907 silly packumentCache full:https://registry.npmjs.org/react-dom cache-miss
3908 http fetch GET 200 https://registry.npmjs.org/react-dom 103ms (cache revalidated)
3909 silly packumentCache full:https://registry.npmjs.org/react-dom set size:9267760 disposed:false
3910 silly fetch manifest react-native-web@*
3911 silly packumentCache full:https://registry.npmjs.org/react-native-web cache-miss
3912 http fetch GET 200 https://registry.npmjs.org/react-native-web 214ms (cache miss)
3913 silly packumentCache full:https://registry.npmjs.org/react-native-web set size:undefined disposed:false
3914 silly fetch manifest react-native-webview@*
3915 silly packumentCache full:https://registry.npmjs.org/react-native-webview cache-miss
3916 http fetch GET 200 https://registry.npmjs.org/react-native-webview 386ms (cache miss)
3917 silly packumentCache full:https://registry.npmjs.org/react-native-webview set size:undefined disposed:false
3918 silly fetch manifest gel@>=2
3919 silly packumentCache full:https://registry.npmjs.org/gel cache-miss
3920 http fetch GET 200 https://registry.npmjs.org/gel 316ms (cache miss)
3921 silly packumentCache full:https://registry.npmjs.org/gel set size:undefined disposed:false
3922 silly fetch manifest knex@*
3923 silly packumentCache full:https://registry.npmjs.org/knex cache-miss
3924 http fetch GET 200 https://registry.npmjs.org/knex 351ms (cache miss)
3925 silly packumentCache full:https://registry.npmjs.org/knex set size:undefined disposed:false
3926 silly fetch manifest pg-query-stream@^4.14.0
3927 silly packumentCache full:https://registry.npmjs.org/pg-query-stream cache-miss
3928 http fetch GET 200 https://registry.npmjs.org/pg-query-stream 103ms (cache miss)
3929 silly packumentCache full:https://registry.npmjs.org/pg-query-stream set size:undefined disposed:false
3930 silly fetch manifest pg@^8
3931 silly packumentCache full:https://registry.npmjs.org/pg cache-miss
3932 http cache https://registry.npmjs.org/pg 6ms (cache hit)
3933 silly packumentCache full:https://registry.npmjs.org/pg set size:482398 disposed:false
3934 silly fetch manifest kysely@*
3935 silly packumentCache full:https://registry.npmjs.org/kysely cache-miss
3936 http fetch GET 200 https://registry.npmjs.org/kysely 517ms (cache miss)
3937 silly packumentCache full:https://registry.npmjs.org/kysely set size:undefined disposed:false
3938 silly fetch manifest mysql2@>=2
3939 silly packumentCache full:https://registry.npmjs.org/mysql2 cache-miss
3940 http fetch GET 200 https://registry.npmjs.org/mysql2 204ms (cache miss)
3941 silly packumentCache full:https://registry.npmjs.org/mysql2 set size:undefined disposed:false
3942 silly fetch manifest @types/node@>= 8
3943 silly packumentCache full:https://registry.npmjs.org/@types%2fnode cache-miss
3944 http cache https://registry.npmjs.org/@types%2fnode 27ms (cache hit)
3945 silly packumentCache full:https://registry.npmjs.org/@types%2fnode set size:11088606 disposed:false
3946 silly fetch manifest postgres@>=3
3947 silly packumentCache full:https://registry.npmjs.org/postgres cache-miss
3948 http fetch GET 200 https://registry.npmjs.org/postgres 331ms (cache miss)
3949 silly packumentCache full:https://registry.npmjs.org/postgres set size:undefined disposed:false
3950 silly fetch manifest sql.js@>=1
3951 silly packumentCache full:https://registry.npmjs.org/sql.js cache-miss
3952 http fetch GET 200 https://registry.npmjs.org/sql.js 80ms (cache miss)
3953 silly packumentCache full:https://registry.npmjs.org/sql.js set size:undefined disposed:false
3954 silly fetch manifest sqlite3@>=5
3955 silly packumentCache full:https://registry.npmjs.org/sqlite3 cache-miss
3956 http fetch GET 200 https://registry.npmjs.org/sqlite3 308ms (cache miss)
3957 silly packumentCache full:https://registry.npmjs.org/sqlite3 set size:undefined disposed:false
3958 silly fetch manifest idb-keyval@^6.2.1
3959 silly packumentCache full:https://registry.npmjs.org/idb-keyval cache-miss
3960 http fetch GET 200 https://registry.npmjs.org/idb-keyval 298ms (cache miss)
3961 silly packumentCache full:https://registry.npmjs.org/idb-keyval set size:undefined disposed:false
3962 silly fetch manifest ioredis@^5.4.2
3963 silly packumentCache full:https://registry.npmjs.org/ioredis cache-miss
3964 http fetch GET 200 https://registry.npmjs.org/ioredis 339ms (cache miss)
3965 silly packumentCache full:https://registry.npmjs.org/ioredis set size:undefined disposed:false
3966 silly fetch manifest uploadthing@^7.4.4
3967 silly packumentCache full:https://registry.npmjs.org/uploadthing cache-miss
3968 http fetch GET 200 https://registry.npmjs.org/uploadthing 324ms (cache miss)
3969 silly packumentCache full:https://registry.npmjs.org/uploadthing set size:undefined disposed:false
3970 silly fetch manifest express@*
3971 silly packumentCache full:https://registry.npmjs.org/express cache-miss
3972 http cache https://registry.npmjs.org/express 6ms (cache hit)
3973 silly packumentCache full:https://registry.npmjs.org/express set size:804956 disposed:false
3974 silly fetch manifest tailwindcss@^3.0.0 || ^4.0.0-beta.0
3975 silly packumentCache full:https://registry.npmjs.org/tailwindcss cache-miss
3976 http fetch GET 200 https://registry.npmjs.org/tailwindcss 705ms (cache miss)
3977 silly packumentCache full:https://registry.npmjs.org/tailwindcss set size:undefined disposed:false
3978 silly placeDep ROOT citty@0.1.6 OK for: ipx@3.1.1 want: ^0.1.6
3979 silly placeDep ROOT defu@6.1.7 OK for: ipx@3.1.1 want: ^6.1.4
3980 silly placeDep ROOT destr@2.0.5 OK for: ipx@3.1.1 want: ^2.0.5
3981 silly placeDep ROOT h3@1.15.11 OK for: ipx@3.1.1 want: ^1.15.3
3982 silly placeDep ROOT image-meta@0.2.2 OK for: ipx@3.1.1 want: ^0.2.1
3983 silly placeDep ROOT listhen@1.10.1 OK for: ipx@3.1.1 want: ^1.9.0
3984 silly placeDep ROOT ofetch@1.5.1 OK for: ipx@3.1.1 want: ^1.4.1
3985 silly placeDep ROOT pathe@2.0.3 OK for: ipx@3.1.1 want: ^2.0.3
3986 silly placeDep ROOT sharp@0.34.5 OK for: ipx@3.1.1 want: ^0.34.3
3987 silly placeDep ROOT svgo@4.0.2 OK for: ipx@3.1.1 want: ^4.0.0
3988 silly placeDep ROOT ufo@1.6.4 OK for: ipx@3.1.1 want: ^1.6.1
3989 silly placeDep ROOT unstorage@1.17.5 OK for: ipx@3.1.1 want: ^1.16.1
3990 silly placeDep ROOT xss@1.0.15 OK for: ipx@3.1.1 want: ^1.0.15
3991 silly fetch manifest ufo@^1.6.3
3992 silly packumentCache full:https://registry.npmjs.org/ufo cache-miss
3993 silly fetch manifest radix3@^1.1.2
3994 silly packumentCache full:https://registry.npmjs.org/radix3 cache-miss
3995 silly fetch manifest crossws@^0.3.5
3996 silly packumentCache full:https://registry.npmjs.org/crossws cache-miss
3997 silly fetch manifest uncrypto@^0.1.3
3998 silly packumentCache full:https://registry.npmjs.org/uncrypto cache-miss
3999 silly fetch manifest cookie-es@^1.2.3
4000 silly packumentCache full:https://registry.npmjs.org/cookie-es cache-miss
4001 silly fetch manifest iron-webcrypto@^1.2.1
4002 silly packumentCache full:https://registry.npmjs.org/iron-webcrypto cache-miss
4003 silly fetch manifest node-mock-http@^1.0.4
4004 silly packumentCache full:https://registry.npmjs.org/node-mock-http cache-miss
4005 silly fetch manifest @parcel/watcher-wasm@^2.5.6
4006 silly packumentCache full:https://registry.npmjs.org/@parcel%2fwatcher-wasm cache-miss
4007 silly fetch manifest citty@^0.2.2
4008 silly packumentCache full:https://registry.npmjs.org/citty cache-miss
4009 silly fetch manifest crossws@^0.4.10
4010 silly packumentCache full:https://registry.npmjs.org/crossws cache-miss
4011 silly fetch manifest get-port-please@^3.2.0
4012 silly packumentCache full:https://registry.npmjs.org/get-port-please cache-miss
4013 silly fetch manifest http-shutdown@^1.2.2
4014 silly packumentCache full:https://registry.npmjs.org/http-shutdown cache-miss
4015 silly fetch manifest jiti@^2.7.0
4016 silly packumentCache full:https://registry.npmjs.org/jiti cache-miss
4017 silly fetch manifest node-forge@^1.4.0
4018 silly packumentCache full:https://registry.npmjs.org/node-forge cache-miss
4019 silly fetch manifest std-env@^4.2.0
4020 silly packumentCache full:https://registry.npmjs.org/std-env cache-miss
4021 http cache https://registry.npmjs.org/citty 28ms (cache hit)
4022 silly packumentCache full:https://registry.npmjs.org/citty set size:38582 disposed:false
4023 silly fetch manifest tinyclip@^0.1.15
4024 silly packumentCache full:https://registry.npmjs.org/tinyclip cache-miss
4025 http cache https://registry.npmjs.org/ufo 33ms (cache hit)
4026 silly packumentCache full:https://registry.npmjs.org/ufo set size:169119 disposed:false
4027 silly fetch manifest ufo@^1.6.4
4028 silly packumentCache full:https://registry.npmjs.org/ufo cache-hit
4029 silly fetch manifest untun@^0.2.2
4030 silly packumentCache full:https://registry.npmjs.org/untun cache-miss
4031 http fetch GET 200 https://registry.npmjs.org/cookie-es 93ms (cache miss)
4032 silly packumentCache full:https://registry.npmjs.org/cookie-es set size:undefined disposed:false
4033 silly fetch manifest uqr@^0.1.3
4034 silly packumentCache full:https://registry.npmjs.org/uqr cache-miss
4035 http fetch GET 200 https://registry.npmjs.org/iron-webcrypto 95ms (cache miss)
4036 silly packumentCache full:https://registry.npmjs.org/iron-webcrypto set size:undefined disposed:false
4037 silly fetch manifest node-fetch-native@^1.6.7
4038 silly packumentCache full:https://registry.npmjs.org/node-fetch-native cache-miss
4039 http fetch GET 200 https://registry.npmjs.org/crossws 102ms (cache miss)
4040 silly packumentCache full:https://registry.npmjs.org/crossws set size:undefined disposed:false
4041 silly fetch manifest @img/colour@^1.0.0
4042 silly packumentCache full:https://registry.npmjs.org/@img%2fcolour cache-miss
4043 http fetch GET 200 https://registry.npmjs.org/std-env 101ms (cache miss)
4044 silly packumentCache full:https://registry.npmjs.org/std-env set size:undefined disposed:false
4045 silly fetch manifest @img/sharp-wasm32@0.34.5
4046 silly packumentCache full:https://registry.npmjs.org/@img%2fsharp-wasm32 cache-miss
4047 http fetch GET 200 https://registry.npmjs.org/get-port-please 109ms (cache miss)
4048 silly packumentCache full:https://registry.npmjs.org/get-port-please set size:undefined disposed:false
4049 silly fetch manifest @img/sharp-linux-arm@0.34.5
4050 silly packumentCache full:https://registry.npmjs.org/@img%2fsharp-linux-arm cache-miss
4051 http fetch GET 200 https://registry.npmjs.org/node-forge 112ms (cache miss)
4052 silly packumentCache full:https://registry.npmjs.org/node-forge set size:undefined disposed:false
4053 silly fetch manifest @img/sharp-linux-x64@0.34.5
4054 silly packumentCache full:https://registry.npmjs.org/@img%2fsharp-linux-x64 cache-miss
4055 http fetch GET 200 https://registry.npmjs.org/node-fetch-native 62ms (cache miss)
4056 silly packumentCache full:https://registry.npmjs.org/node-fetch-native set size:undefined disposed:false
4057 silly fetch manifest @img/sharp-win32-x64@0.34.5
4058 silly packumentCache full:https://registry.npmjs.org/@img%2fsharp-win32-x64 cache-miss
4059 http fetch GET 200 https://registry.npmjs.org/@img%2fcolour 82ms (cache revalidated)
4060 silly packumentCache full:https://registry.npmjs.org/@img%2fcolour set size:9701 disposed:false
4061 silly fetch manifest @img/sharp-darwin-x64@0.34.5
4062 silly packumentCache full:https://registry.npmjs.org/@img%2fsharp-darwin-x64 cache-miss
4063 http fetch GET 200 https://registry.npmjs.org/@img%2fsharp-linux-arm 76ms (cache revalidated)
4064 silly packumentCache full:https://registry.npmjs.org/@img%2fsharp-linux-arm set size:102715 disposed:false
4065 silly fetch manifest @img/sharp-win32-ia32@0.34.5
4066 silly packumentCache full:https://registry.npmjs.org/@img%2fsharp-win32-ia32 cache-miss
4067 http fetch GET 200 https://registry.npmjs.org/@img%2fsharp-linux-x64 72ms (cache revalidated)
4068 silly packumentCache full:https://registry.npmjs.org/@img%2fsharp-linux-x64 set size:102218 disposed:false
4069 silly fetch manifest @img/sharp-linux-arm64@0.34.5
4070 silly packumentCache full:https://registry.npmjs.org/@img%2fsharp-linux-arm64 cache-miss
4071 http fetch GET 200 https://registry.npmjs.org/@img%2fsharp-wasm32 87ms (cache revalidated)
4072 silly packumentCache full:https://registry.npmjs.org/@img%2fsharp-wasm32 set size:99309 disposed:false
4073 silly fetch manifest @img/sharp-linux-ppc64@0.34.5
4074 silly packumentCache full:https://registry.npmjs.org/@img%2fsharp-linux-ppc64 cache-miss
4075 http fetch GET 200 https://registry.npmjs.org/@img%2fsharp-win32-x64 67ms (cache revalidated)
4076 silly packumentCache full:https://registry.npmjs.org/@img%2fsharp-win32-x64 set size:103513 disposed:false
4077 silly fetch manifest @img/sharp-linux-s390x@0.34.5
4078 silly packumentCache full:https://registry.npmjs.org/@img%2fsharp-linux-s390x cache-miss
4079 http fetch GET 200 https://registry.npmjs.org/@img%2fsharp-win32-ia32 72ms (cache revalidated)
4080 silly packumentCache full:https://registry.npmjs.org/@img%2fsharp-win32-ia32 set size:104482 disposed:false
4081 silly fetch manifest @img/sharp-win32-arm64@0.34.5
4082 silly packumentCache full:https://registry.npmjs.org/@img%2fsharp-win32-arm64 cache-miss
4083 http fetch GET 200 https://registry.npmjs.org/@img%2fsharp-darwin-x64 77ms (cache revalidated)
4084 silly packumentCache full:https://registry.npmjs.org/@img%2fsharp-darwin-x64 set size:104467 disposed:false
4085 silly fetch manifest @img/sharp-darwin-arm64@0.34.5
4086 silly packumentCache full:https://registry.npmjs.org/@img%2fsharp-darwin-arm64 cache-miss
4087 http fetch GET 200 https://registry.npmjs.org/@img%2fsharp-linux-arm64 78ms (cache revalidated)
4088 silly packumentCache full:https://registry.npmjs.org/@img%2fsharp-linux-arm64 set size:103552 disposed:false
4089 silly fetch manifest @img/sharp-linux-riscv64@0.34.5
4090 silly packumentCache full:https://registry.npmjs.org/@img%2fsharp-linux-riscv64 cache-miss
4091 http fetch GET 200 https://registry.npmjs.org/@img%2fsharp-linux-ppc64 77ms (cache revalidated)
4092 silly packumentCache full:https://registry.npmjs.org/@img%2fsharp-linux-ppc64 set size:68168 disposed:false
4093 silly fetch manifest @img/sharp-linuxmusl-x64@0.34.5
4094 silly packumentCache full:https://registry.npmjs.org/@img%2fsharp-linuxmusl-x64 cache-miss
4095 http fetch GET 200 https://registry.npmjs.org/@img%2fsharp-linux-s390x 69ms (cache revalidated)
4096 silly packumentCache full:https://registry.npmjs.org/@img%2fsharp-linux-s390x set size:101430 disposed:false
4097 silly fetch manifest @img/sharp-linuxmusl-arm64@0.34.5
4098 silly packumentCache full:https://registry.npmjs.org/@img%2fsharp-linuxmusl-arm64 cache-miss
4099 http fetch GET 200 https://registry.npmjs.org/http-shutdown 322ms (cache miss)
4100 silly packumentCache full:https://registry.npmjs.org/http-shutdown set size:undefined disposed:false
4101 silly fetch manifest @img/sharp-libvips-linux-arm@1.2.4
4102 silly packumentCache full:https://registry.npmjs.org/@img%2fsharp-libvips-linux-arm cache-miss
4103 http fetch GET 200 https://registry.npmjs.org/radix3 327ms (cache miss)
4104 silly packumentCache full:https://registry.npmjs.org/radix3 set size:undefined disposed:false
4105 silly fetch manifest @img/sharp-libvips-linux-x64@1.2.4
4106 silly packumentCache full:https://registry.npmjs.org/@img%2fsharp-libvips-linux-x64 cache-miss
4107 http fetch GET 200 https://registry.npmjs.org/crossws 327ms (cache miss)
4108 silly packumentCache full:https://registry.npmjs.org/crossws set size:undefined disposed:false
4109 silly fetch manifest @img/sharp-libvips-darwin-x64@1.2.4
4110 silly packumentCache full:https://registry.npmjs.org/@img%2fsharp-libvips-darwin-x64 cache-miss
4111 http fetch GET 200 https://registry.npmjs.org/node-mock-http 334ms (cache miss)
4112 silly packumentCache full:https://registry.npmjs.org/node-mock-http set size:undefined disposed:false
4113 silly fetch manifest @img/sharp-libvips-linux-arm64@1.2.4
4114 silly packumentCache full:https://registry.npmjs.org/@img%2fsharp-libvips-linux-arm64 cache-miss
4115 http fetch GET 200 https://registry.npmjs.org/@img%2fsharp-darwin-arm64 80ms (cache revalidated)
4116 silly packumentCache full:https://registry.npmjs.org/@img%2fsharp-darwin-arm64 set size:105848 disposed:false
4117 silly fetch manifest @img/sharp-libvips-linux-ppc64@1.2.4
4118 silly packumentCache full:https://registry.npmjs.org/@img%2fsharp-libvips-linux-ppc64 cache-miss
4119 http fetch GET 200 https://registry.npmjs.org/@img%2fsharp-win32-arm64 87ms (cache revalidated)
4120 silly packumentCache full:https://registry.npmjs.org/@img%2fsharp-win32-arm64 set size:63462 disposed:false
4121 silly fetch manifest @img/sharp-libvips-linux-s390x@1.2.4
4122 silly packumentCache full:https://registry.npmjs.org/@img%2fsharp-libvips-linux-s390x cache-miss
4123 http fetch GET 200 https://registry.npmjs.org/@img%2fsharp-linux-riscv64 80ms (cache revalidated)
4124 silly packumentCache full:https://registry.npmjs.org/@img%2fsharp-linux-riscv64 set size:45681 disposed:false
4125 silly fetch manifest @img/sharp-libvips-darwin-arm64@1.2.4
4126 silly packumentCache full:https://registry.npmjs.org/@img%2fsharp-libvips-darwin-arm64 cache-miss
4127 http fetch GET 200 https://registry.npmjs.org/@img%2fsharp-linuxmusl-x64 80ms (cache revalidated)
4128 silly packumentCache full:https://registry.npmjs.org/@img%2fsharp-linuxmusl-x64 set size:103818 disposed:false
4129 silly fetch manifest @img/sharp-libvips-linux-riscv64@1.2.4
4130 silly packumentCache full:https://registry.npmjs.org/@img%2fsharp-libvips-linux-riscv64 cache-miss
4131 http fetch GET 200 https://registry.npmjs.org/untun 328ms (cache miss)
4132 silly packumentCache full:https://registry.npmjs.org/untun set size:undefined disposed:false
4133 silly fetch manifest @img/sharp-libvips-linuxmusl-x64@1.2.4
4134 silly packumentCache full:https://registry.npmjs.org/@img%2fsharp-libvips-linuxmusl-x64 cache-miss
4135 http fetch GET 200 https://registry.npmjs.org/jiti 366ms (cache miss)
4136 silly packumentCache full:https://registry.npmjs.org/jiti set size:undefined disposed:false
4137 silly fetch manifest @img/sharp-libvips-linuxmusl-arm64@1.2.4
4138 silly packumentCache full:https://registry.npmjs.org/@img%2fsharp-libvips-linuxmusl-arm64 cache-miss
4139 http fetch GET 200 https://registry.npmjs.org/tinyclip 342ms (cache miss)
4140 silly packumentCache full:https://registry.npmjs.org/tinyclip set size:undefined disposed:false
4141 silly fetch manifest sax@^1.5.0
4142 silly packumentCache full:https://registry.npmjs.org/sax cache-miss
4143 http fetch GET 200 https://registry.npmjs.org/uqr 307ms (cache miss)
4144 silly packumentCache full:https://registry.npmjs.org/uqr set size:undefined disposed:false
4145 silly fetch manifest csso@^5.0.5
4146 silly packumentCache full:https://registry.npmjs.org/csso cache-miss
4147 http fetch GET 200 https://registry.npmjs.org/@img%2fsharp-libvips-darwin-x64 97ms (cache revalidated)
4148 silly packumentCache full:https://registry.npmjs.org/@img%2fsharp-libvips-darwin-x64 set size:83096 disposed:false
4149 silly fetch manifest css-tree@^3.0.1
4150 silly packumentCache full:https://registry.npmjs.org/css-tree cache-miss
4151 http fetch GET 200 https://registry.npmjs.org/@img%2fsharp-libvips-linux-x64 108ms (cache revalidated)
4152 silly packumentCache full:https://registry.npmjs.org/@img%2fsharp-libvips-linux-x64 set size:86327 disposed:false
4153 silly fetch manifest css-what@^6.1.0
4154 silly packumentCache full:https://registry.npmjs.org/css-what cache-miss
4155 http fetch GET 200 https://registry.npmjs.org/@img%2fsharp-libvips-linux-arm64 107ms (cache revalidated)
4156 silly packumentCache full:https://registry.npmjs.org/@img%2fsharp-libvips-linux-arm64 set size:87554 disposed:false
4157 silly fetch manifest commander@^11.1.0
4158 silly packumentCache full:https://registry.npmjs.org/commander cache-hit
4159 silly fetch manifest css-select@^5.1.0
4160 silly packumentCache full:https://registry.npmjs.org/css-select cache-miss
4161 http fetch GET 200 https://registry.npmjs.org/@img%2fsharp-linuxmusl-arm64 142ms (cache revalidated)
4162 silly packumentCache full:https://registry.npmjs.org/@img%2fsharp-linuxmusl-arm64 set size:105157 disposed:false
4163 silly fetch manifest anymatch@^3.1.3
4164 silly packumentCache full:https://registry.npmjs.org/anymatch cache-miss
4165 http fetch GET 200 https://registry.npmjs.org/@img%2fsharp-libvips-darwin-arm64 104ms (cache revalidated)
4166 silly packumentCache full:https://registry.npmjs.org/@img%2fsharp-libvips-darwin-arm64 set size:83997 disposed:false
4167 silly fetch manifest chokidar@^5.0.0
4168 silly packumentCache full:https://registry.npmjs.org/chokidar cache-hit
4169 silly fetch manifest lru-cache@^11.2.7
4170 silly packumentCache full:https://registry.npmjs.org/lru-cache cache-hit
4171 silly fetch manifest commander@^2.20.3
4172 silly packumentCache full:https://registry.npmjs.org/commander cache-hit
4173 silly fetch manifest cssfilter@0.0.10
4174 silly packumentCache full:https://registry.npmjs.org/cssfilter cache-miss
4175 http fetch GET 200 https://registry.npmjs.org/@img%2fsharp-libvips-linux-riscv64 107ms (cache revalidated)
4176 silly packumentCache full:https://registry.npmjs.org/@img%2fsharp-libvips-linux-riscv64 set size:58803 disposed:false
4177 http fetch GET 200 https://registry.npmjs.org/@img%2fsharp-libvips-linux-ppc64 114ms (cache revalidated)
4178 silly packumentCache full:https://registry.npmjs.org/@img%2fsharp-libvips-linux-ppc64 set size:72601 disposed:false
4179 http fetch GET 200 https://registry.npmjs.org/@img%2fsharp-libvips-linuxmusl-x64 99ms (cache revalidated)
4180 silly packumentCache full:https://registry.npmjs.org/@img%2fsharp-libvips-linuxmusl-x64 set size:83650 disposed:false
4181 http fetch GET 200 https://registry.npmjs.org/@img%2fsharp-libvips-linux-s390x 114ms (cache revalidated)
4182 silly packumentCache full:https://registry.npmjs.org/@img%2fsharp-libvips-linux-s390x set size:81565 disposed:false
4183 http fetch GET 200 https://registry.npmjs.org/sax 95ms (cache miss)
4184 silly packumentCache full:https://registry.npmjs.org/sax set size:undefined disposed:false
4185 http fetch GET 200 https://registry.npmjs.org/anymatch 68ms (cache miss)
4186 silly packumentCache full:https://registry.npmjs.org/anymatch set size:undefined disposed:false
4187 http fetch GET 200 https://registry.npmjs.org/css-select 75ms (cache miss)
4188 silly packumentCache full:https://registry.npmjs.org/css-select set size:undefined disposed:false
4189 http fetch GET 200 https://registry.npmjs.org/cssfilter 64ms (cache miss)
4190 silly packumentCache full:https://registry.npmjs.org/cssfilter set size:undefined disposed:false
4191 http fetch GET 200 https://registry.npmjs.org/uncrypto 668ms (cache miss)
4192 silly packumentCache full:https://registry.npmjs.org/uncrypto set size:undefined disposed:false
4193 http fetch GET 200 https://registry.npmjs.org/@img%2fsharp-libvips-linuxmusl-arm64 324ms (cache revalidated)
4194 silly packumentCache full:https://registry.npmjs.org/@img%2fsharp-libvips-linuxmusl-arm64 set size:86720 disposed:false
4195 http fetch GET 200 https://registry.npmjs.org/csso 352ms (cache miss)
4196 silly packumentCache full:https://registry.npmjs.org/csso set size:undefined disposed:false
4197 http fetch GET 200 https://registry.npmjs.org/css-tree 329ms (cache miss)
4198 silly packumentCache full:https://registry.npmjs.org/css-tree set size:undefined disposed:false
4199 http fetch GET 200 https://registry.npmjs.org/css-what 325ms (cache miss)
4200 silly packumentCache full:https://registry.npmjs.org/css-what set size:undefined disposed:false
4201 http fetch GET 200 https://registry.npmjs.org/@parcel%2fwatcher-wasm 795ms (cache miss)
4202 silly packumentCache full:https://registry.npmjs.org/@parcel%2fwatcher-wasm set size:undefined disposed:false
4203 http fetch GET 200 https://registry.npmjs.org/@img%2fsharp-libvips-linux-arm 744ms (cache revalidated)
4204 silly packumentCache full:https://registry.npmjs.org/@img%2fsharp-libvips-linux-arm set size:90480 disposed:false
4205 silly placeDep ROOT cookie-es@1.2.3 OK for: h3@1.15.11 want: ^1.2.3
4206 silly placeDep ROOT crossws@0.3.5 OK for: h3@1.15.11 want: ^0.3.5
4207 silly placeDep ROOT iron-webcrypto@1.2.1 OK for: h3@1.15.11 want: ^1.2.1
4208 silly placeDep ROOT node-mock-http@1.0.5 OK for: h3@1.15.11 want: ^1.0.4
4209 silly placeDep ROOT radix3@1.1.2 OK for: h3@1.15.11 want: ^1.1.2
4210 silly placeDep ROOT uncrypto@0.1.3 OK for: h3@1.15.11 want: ^0.1.3
4211 silly placeDep ROOT is-extglob@2.1.1 OK for: is-glob@4.0.3 want: ^2.1.1
4212 silly placeDep ROOT is-inside-container@1.0.0 OK for: is-wsl@3.1.1 want: ^1.0.0
4213 silly fetch manifest is-docker@^3.0.0
4214 silly packumentCache full:https://registry.npmjs.org/is-docker cache-miss
4215 http cache https://registry.npmjs.org/is-docker 4ms (cache hit)
4216 silly packumentCache full:https://registry.npmjs.org/is-docker set size:23690 disposed:false
4217 silly placeDep node_modules/is-inside-container is-docker@3.0.0 OK for: is-inside-container@1.0.0 want: ^3.0.0
4218 silly placeDep ROOT jpeg-js@0.4.4 OK for: js-image-generator@1.0.4 want: ^0.4.2
4219 silly placeDep ROOT jws@4.0.1 OK for: jsonwebtoken@9.0.3 want: ^4.0.1
4220 silly placeDep ROOT lodash.includes@4.3.0 OK for: jsonwebtoken@9.0.3 want: ^4.3.0
4221 silly placeDep ROOT lodash.isboolean@3.0.3 OK for: jsonwebtoken@9.0.3 want: ^3.0.3
4222 silly placeDep ROOT lodash.isinteger@4.0.4 OK for: jsonwebtoken@9.0.3 want: ^4.0.4
4223 silly placeDep ROOT lodash.isnumber@3.0.3 OK for: jsonwebtoken@9.0.3 want: ^3.0.3
4224 silly placeDep ROOT lodash.isstring@4.0.1 OK for: jsonwebtoken@9.0.3 want: ^4.0.1
4225 silly placeDep ROOT lodash.once@4.1.1 OK for: jsonwebtoken@9.0.3 want: ^4.0.0
4226 silly fetch manifest jwa@^2.0.1
4227 silly packumentCache full:https://registry.npmjs.org/jwa cache-miss
4228 silly fetch manifest safe-buffer@^5.0.1
4229 silly packumentCache full:https://registry.npmjs.org/safe-buffer cache-hit
4230 http fetch GET 200 https://registry.npmjs.org/jwa 69ms (cache revalidated)
4231 silly packumentCache full:https://registry.npmjs.org/jwa set size:39720 disposed:false
4232 silly placeDep ROOT jwa@2.0.1 OK for: jws@4.0.1 want: ^2.0.1
4233 silly placeDep ROOT safe-buffer@5.2.1 OK for: jws@4.0.1 want: ^5.0.1
4234 silly fetch manifest ecdsa-sig-formatter@1.0.11
4235 silly packumentCache full:https://registry.npmjs.org/ecdsa-sig-formatter cache-miss
4236 silly fetch manifest buffer-equal-constant-time@^1.0.1
4237 silly packumentCache full:https://registry.npmjs.org/buffer-equal-constant-time cache-miss
4238 http fetch GET 200 https://registry.npmjs.org/ecdsa-sig-formatter 60ms (cache revalidated)
4239 silly packumentCache full:https://registry.npmjs.org/ecdsa-sig-formatter set size:23546 disposed:false
4240 http fetch GET 200 https://registry.npmjs.org/buffer-equal-constant-time 73ms (cache revalidated)
4241 silly packumentCache full:https://registry.npmjs.org/buffer-equal-constant-time set size:4390 disposed:false
4242 silly placeDep ROOT buffer-equal-constant-time@1.0.1 OK for: jwa@2.0.1 want: ^1.0.1
4243 silly placeDep ROOT ecdsa-sig-formatter@1.0.11 OK for: jwa@2.0.1 want: 1.0.11
4244 silly placeDep ROOT mimic-fn@4.0.0 OK for: keep-func-props@6.0.0 want: ^4.0.0
4245 silly placeDep node_modules/lambda-local commander@10.0.1 OK for: lambda-local@2.2.0 want: ^10.0.1
4246 silly placeDep node_modules/lambda-local dotenv@16.6.1 OK for: lambda-local@2.2.0 want: ^16.3.1
4247 silly placeDep ROOT winston@3.19.0 OK for: lambda-local@2.2.0 want: ^3.10.0
4248 silly fetch manifest logform@^2.7.0
4249 silly packumentCache full:https://registry.npmjs.org/logform cache-miss
4250 silly fetch manifest one-time@^1.0.0
4251 silly packumentCache full:https://registry.npmjs.org/one-time cache-miss
4252 silly fetch manifest stack-trace@0.0.x
4253 silly packumentCache full:https://registry.npmjs.org/stack-trace cache-miss
4254 silly fetch manifest triple-beam@^1.3.0
4255 silly packumentCache full:https://registry.npmjs.org/triple-beam cache-miss
4256 silly fetch manifest @colors/colors@^1.6.0
4257 silly packumentCache full:https://registry.npmjs.org/@colors%2fcolors cache-miss
4258 silly fetch manifest readable-stream@^3.4.0
4259 silly packumentCache full:https://registry.npmjs.org/readable-stream cache-hit
4260 silly fetch manifest @dabh/diagnostics@^2.0.8
4261 silly packumentCache full:https://registry.npmjs.org/@dabh%2fdiagnostics cache-miss
4262 silly fetch manifest winston-transport@^4.9.0
4263 silly packumentCache full:https://registry.npmjs.org/winston-transport cache-miss
4264 http fetch GET 200 https://registry.npmjs.org/stack-trace 62ms (cache miss)
4265 silly packumentCache full:https://registry.npmjs.org/stack-trace set size:undefined disposed:false
4266 http fetch GET 200 https://registry.npmjs.org/one-time 64ms (cache miss)
4267 silly packumentCache full:https://registry.npmjs.org/one-time set size:undefined disposed:false
4268 http fetch GET 200 https://registry.npmjs.org/triple-beam 67ms (cache miss)
4269 silly packumentCache full:https://registry.npmjs.org/triple-beam set size:undefined disposed:false
4270 http fetch GET 200 https://registry.npmjs.org/@colors%2fcolors 68ms (cache miss)
4271 silly packumentCache full:https://registry.npmjs.org/@colors%2fcolors set size:undefined disposed:false
4272 http fetch GET 200 https://registry.npmjs.org/logform 316ms (cache miss)
4273 silly packumentCache full:https://registry.npmjs.org/logform set size:undefined disposed:false
4274 http fetch GET 200 https://registry.npmjs.org/@dabh%2fdiagnostics 537ms (cache miss)
4275 silly packumentCache full:https://registry.npmjs.org/@dabh%2fdiagnostics set size:undefined disposed:false
4276 http fetch GET 200 https://registry.npmjs.org/winston-transport 717ms (cache miss)
4277 silly packumentCache full:https://registry.npmjs.org/winston-transport set size:undefined disposed:false
4278 silly placeDep node_modules/lazystream readable-stream@2.3.8 OK for: lazystream@1.0.1 want: ^2.0.5
4279 silly placeDep node_modules/light-my-request process-warning@4.0.1 OK for: light-my-request@6.6.0 want: ^4.0.0
4280 silly placeDep ROOT set-cookie-parser@2.7.2 OK for: light-my-request@6.6.0 want: ^2.6.0
4281 silly fetch manifest srvx@>=0.11.5
4282 silly packumentCache full:https://registry.npmjs.org/srvx cache-miss
4283 http fetch GET 200 https://registry.npmjs.org/srvx 101ms (cache miss)
4284 silly packumentCache full:https://registry.npmjs.org/srvx set size:undefined disposed:false
4285 silly placeDep ROOT @parcel/watcher-wasm@2.6.0 OK for: listhen@1.10.1 want: ^2.5.6
4286 silly placeDep node_modules/listhen citty@0.2.2 OK for: listhen@1.10.1 want: ^0.2.2
4287 silly placeDep node_modules/listhen crossws@0.4.10 OK for: listhen@1.10.1 want: ^0.4.10
4288 silly placeDep ROOT get-port-please@3.2.0 OK for: listhen@1.10.1 want: ^3.2.0
4289 silly placeDep ROOT http-shutdown@1.2.2 OK for: listhen@1.10.1 want: ^1.2.2
4290 silly placeDep ROOT jiti@2.7.0 OK for: listhen@1.10.1 want: ^2.7.0
4291 silly placeDep ROOT node-forge@1.4.0 OK for: listhen@1.10.1 want: ^1.4.0
4292 silly placeDep ROOT std-env@4.2.0 OK for: listhen@1.10.1 want: ^4.2.0
4293 silly placeDep ROOT tinyclip@0.1.15 OK for: listhen@1.10.1 want: ^0.1.15
4294 silly placeDep ROOT untun@0.2.2 OK for: listhen@1.10.1 want: ^0.2.2
4295 silly placeDep ROOT uqr@0.1.3 OK for: listhen@1.10.1 want: ^0.1.3
4296 silly placeDep ROOT is-error-instance@2.0.0 OK for: log-process-errors@11.0.1 want: ^2.0.0
4297 silly placeDep ROOT normalize-exception@3.0.0 OK for: log-process-errors@11.0.1 want: ^3.0.0
4298 silly placeDep ROOT set-error-message@2.0.1 OK for: log-process-errors@11.0.1 want: ^2.0.1
4299 silly placeDep node_modules/log-update cli-cursor@5.0.0 OK for: log-update@7.2.0 want: ^5.0.0
4300 silly placeDep ROOT slice-ansi@8.0.0 OK for: log-update@7.2.0 want: ^8.0.0
4301 silly placeDep node_modules/log-update strip-ansi@7.2.0 OK for: log-update@7.2.0 want: ^7.2.0
4302 silly placeDep node_modules/log-update wrap-ansi@10.0.0 OK for: log-update@7.2.0 want: ^10.0.0
4303 silly fetch manifest restore-cursor@^5.0.0
4304 silly packumentCache full:https://registry.npmjs.org/restore-cursor cache-miss
4305 silly fetch manifest ansi-styles@^6.2.3
4306 silly packumentCache full:https://registry.npmjs.org/ansi-styles cache-hit
4307 silly fetch manifest is-fullwidth-code-point@^5.1.0
4308 silly packumentCache full:https://registry.npmjs.org/is-fullwidth-code-point cache-miss
4309 silly fetch manifest ansi-regex@^6.2.2
4310 silly packumentCache full:https://registry.npmjs.org/ansi-regex cache-hit
4311 silly fetch manifest ansi-styles@^6.2.3
4312 silly packumentCache full:https://registry.npmjs.org/ansi-styles cache-hit
4313 silly fetch manifest string-width@^8.2.0
4314 silly packumentCache full:https://registry.npmjs.org/string-width cache-hit
4315 http cache https://registry.npmjs.org/restore-cursor 14ms (cache hit)
4316 silly packumentCache full:https://registry.npmjs.org/restore-cursor set size:17895 disposed:false
4317 http cache https://registry.npmjs.org/is-fullwidth-code-point 14ms (cache hit)
4318 silly packumentCache full:https://registry.npmjs.org/is-fullwidth-code-point set size:14578 disposed:false
4319 silly placeDep node_modules/maxstache-stream pump@1.0.3 OK for: maxstache-stream@1.0.4 want: ^1.0.0
4320 silly placeDep ROOT split2@1.1.1 OK for: maxstache-stream@1.0.4 want: ^1.0.0
4321 silly placeDep ROOT through2@2.0.5 OK for: maxstache-stream@1.0.4 want: ^2.0.0
4322 silly fetch manifest through2@~2.0.0
4323 silly packumentCache full:https://registry.npmjs.org/through2 cache-miss
4324 silly fetch manifest xtend@~4.0.1
4325 silly packumentCache full:https://registry.npmjs.org/xtend cache-miss
4326 silly fetch manifest readable-stream@~2.3.6
4327 silly packumentCache full:https://registry.npmjs.org/readable-stream cache-hit
4328 http cache https://registry.npmjs.org/through2 6ms (cache hit)
4329 silly packumentCache full:https://registry.npmjs.org/through2 set size:127176 disposed:false
4330 http fetch GET 200 https://registry.npmjs.org/xtend 60ms (cache miss)
4331 silly packumentCache full:https://registry.npmjs.org/xtend set size:undefined disposed:false
4332 silly placeDep node_modules/merge-options is-plain-obj@2.1.0 OK for: merge-options@3.0.4 want: ^2.1.0
4333 silly placeDep ROOT fast-equals@5.4.1 OK for: micro-memoize@5.1.2 want: ^5.4.0
4334 silly placeDep ROOT fast-stringify@4.0.1 OK for: micro-memoize@5.1.2 want: ^4.0.0
4335 silly placeDep ROOT braces@3.0.3 OK for: micromatch@4.0.8 want: ^3.0.3
4336 silly placeDep node_modules/micromatch picomatch@2.3.2 OK for: micromatch@4.0.8 want: ^2.3.1
4337 silly fetch manifest fill-range@^7.1.1
4338 silly packumentCache full:https://registry.npmjs.org/fill-range cache-miss
4339 http fetch GET 200 https://registry.npmjs.org/fill-range 71ms (cache miss)
4340 silly packumentCache full:https://registry.npmjs.org/fill-range set size:undefined disposed:false
4341 silly placeDep ROOT fill-range@7.1.1 OK for: braces@3.0.3 want: ^7.1.1
4342 silly fetch manifest to-regex-range@^5.0.1
4343 silly packumentCache full:https://registry.npmjs.org/to-regex-range cache-miss
4344 http fetch GET 200 https://registry.npmjs.org/to-regex-range 74ms (cache miss)
4345 silly packumentCache full:https://registry.npmjs.org/to-regex-range set size:undefined disposed:false
4346 silly placeDep ROOT to-regex-range@5.0.1 OK for: fill-range@7.1.1 want: ^5.0.1
4347 silly fetch manifest is-number@^7.0.0
4348 silly packumentCache full:https://registry.npmjs.org/is-number cache-miss
4349 http fetch GET 200 https://registry.npmjs.org/is-number 76ms (cache miss)
4350 silly packumentCache full:https://registry.npmjs.org/is-number set size:undefined disposed:false
4351 silly placeDep ROOT mime-db@1.54.0 OK for: mime-types@3.0.2 want: ^1.54.0
4352 silly placeDep ROOT brace-expansion@5.0.9 OK for: minimatch@10.2.6 want: ^5.0.8
4353 silly fetch manifest balanced-match@^4.0.2
4354 silly packumentCache full:https://registry.npmjs.org/balanced-match cache-miss
4355 http fetch GET 200 https://registry.npmjs.org/balanced-match 62ms (cache revalidated)
4356 silly packumentCache full:https://registry.npmjs.org/balanced-match set size:39082 disposed:false
4357 silly placeDep ROOT balanced-match@4.0.4 OK for: brace-expansion@5.0.9 want: ^4.0.2
4358 silly placeDep node_modules/multiparty http-errors@2.0.0 OK for: multiparty@4.3.0 want: 2.0.0
4359 silly placeDep ROOT uid-safe@2.1.5 OK for: multiparty@4.3.0 want: 2.1.5
4360 silly fetch manifest statuses@2.0.1
4361 silly packumentCache full:https://registry.npmjs.org/statuses cache-hit
4362 silly fetch manifest random-bytes@~1.0.0
4363 silly packumentCache full:https://registry.npmjs.org/random-bytes cache-miss
4364 http fetch GET 200 https://registry.npmjs.org/random-bytes 292ms (cache miss)
4365 silly packumentCache full:https://registry.npmjs.org/random-bytes set size:undefined disposed:false
4366 silly placeDep ROOT data-uri-to-buffer@4.0.1 OK for: node-fetch@3.3.2 want: ^4.0.0
4367 silly placeDep ROOT fetch-blob@3.2.0 OK for: node-fetch@3.3.2 want: ^3.1.4
4368 silly placeDep ROOT formdata-polyfill@4.0.10 OK for: node-fetch@3.3.2 want: ^4.0.10
4369 silly fetch manifest node-domexception@^1.0.0
4370 silly packumentCache full:https://registry.npmjs.org/node-domexception cache-miss
4371 silly fetch manifest web-streams-polyfill@^3.0.3
4372 silly packumentCache full:https://registry.npmjs.org/web-streams-polyfill cache-miss
4373 http fetch GET 200 https://registry.npmjs.org/node-domexception 82ms (cache revalidated)
4374 silly packumentCache full:https://registry.npmjs.org/node-domexception set size:11516 disposed:false
4375 http fetch GET 200 https://registry.npmjs.org/web-streams-polyfill 83ms (cache revalidated)
4376 silly packumentCache full:https://registry.npmjs.org/web-streams-polyfill set size:140806 disposed:false
4377 silly placeDep ROOT node-domexception@1.0.0 OK for: fetch-blob@3.2.0 want: ^1.0.0
4378 silly placeDep ROOT web-streams-polyfill@3.3.3 OK for: fetch-blob@3.2.0 want: ^3.0.3
4379 silly placeDep ROOT abbrev@3.0.1 OK for: nopt@8.1.0 want: ^3.0.0
4380 silly placeDep ROOT hosted-git-info@8.1.0 OK for: normalize-package-data@7.0.1 want: ^8.0.0
4381 silly placeDep ROOT validate-npm-package-license@3.0.4 OK for: normalize-package-data@7.0.1 want: ^3.0.4
4382 silly fetch manifest lru-cache@^10.0.1
4383 silly packumentCache full:https://registry.npmjs.org/lru-cache cache-hit
4384 silly fetch manifest spdx-correct@^3.0.0
4385 silly packumentCache full:https://registry.npmjs.org/spdx-correct cache-miss
4386 silly fetch manifest spdx-expression-parse@^3.0.0
4387 silly packumentCache full:https://registry.npmjs.org/spdx-expression-parse cache-miss
4388 http fetch GET 200 https://registry.npmjs.org/spdx-expression-parse 64ms (cache miss)
4389 silly packumentCache full:https://registry.npmjs.org/spdx-expression-parse set size:undefined disposed:false
4390 http fetch GET 200 https://registry.npmjs.org/spdx-correct 324ms (cache miss)
4391 silly packumentCache full:https://registry.npmjs.org/spdx-correct set size:undefined disposed:false
4392 silly placeDep ROOT lru-cache@10.4.3 OK for: hosted-git-info@8.1.0 want: ^10.0.1
4393 silly placeDep ROOT node-fetch-native@1.6.7 OK for: ofetch@1.5.1 want: ^1.6.7
4394 silly placeDep ROOT ee-first@1.1.1 OK for: on-finished@2.4.1 want: 1.1.1
4395 silly placeDep ROOT wrappy@1.0.2 OK for: once@1.4.0 want: 1
4396 silly placeDep node_modules/onetime mimic-fn@2.1.0 OK for: onetime@5.1.2 want: ^2.1.0
4397 silly placeDep ROOT default-browser@5.5.0 OK for: open@11.0.1 want: ^5.4.0
4398 silly placeDep ROOT define-lazy-prop@3.0.0 OK for: open@11.0.1 want: ^3.0.0
4399 silly placeDep ROOT is-in-ssh@1.0.0 OK for: open@11.0.1 want: ^1.0.0
4400 silly placeDep ROOT powershell-utils@0.2.0 OK for: open@11.0.1 want: ^0.2.0
4401 silly placeDep ROOT wsl-utils@1.0.0 OK for: open@11.0.1 want: ^1.0.0
4402 silly fetch manifest bundle-name@^4.1.0
4403 silly packumentCache full:https://registry.npmjs.org/bundle-name cache-miss
4404 silly fetch manifest default-browser-id@^5.0.0
4405 silly packumentCache full:https://registry.npmjs.org/default-browser-id cache-miss
4406 silly fetch manifest powershell-utils@^0.1.0
4407 silly packumentCache full:https://registry.npmjs.org/powershell-utils cache-miss
4408 http cache https://registry.npmjs.org/powershell-utils 7ms (cache hit)
4409 silly packumentCache full:https://registry.npmjs.org/powershell-utils set size:9284 disposed:false
4410 http fetch GET 200 https://registry.npmjs.org/default-browser-id 78ms (cache miss)
4411 silly packumentCache full:https://registry.npmjs.org/default-browser-id set size:undefined disposed:false
4412 http fetch GET 200 https://registry.npmjs.org/bundle-name 79ms (cache miss)
4413 silly packumentCache full:https://registry.npmjs.org/bundle-name set size:undefined disposed:false
4414 silly placeDep ROOT bundle-name@4.1.0 OK for: default-browser@5.5.0 want: ^4.1.0
4415 silly placeDep ROOT default-browser-id@5.0.1 OK for: default-browser@5.5.0 want: ^5.0.0
4416 silly fetch manifest run-applescript@^7.0.0
4417 silly packumentCache full:https://registry.npmjs.org/run-applescript cache-miss
4418 http fetch GET 200 https://registry.npmjs.org/run-applescript 70ms (cache miss)
4419 silly packumentCache full:https://registry.npmjs.org/run-applescript set size:undefined disposed:false
4420 silly placeDep ROOT run-applescript@7.1.0 OK for: bundle-name@4.1.0 want: ^7.0.0
4421 silly placeDep ROOT bl@4.1.0 OK for: ora@5.4.1 want: ^4.1.0
4422 silly placeDep node_modules/ora chalk@4.1.2 OK for: ora@5.4.1 want: ^4.1.0
4423 silly placeDep ROOT cli-spinners@2.9.2 OK for: ora@5.4.1 want: ^2.5.0
4424 silly placeDep ROOT is-interactive@1.0.0 OK for: ora@5.4.1 want: ^1.0.0
4425 silly placeDep node_modules/ora is-unicode-supported@0.1.0 OK for: ora@5.4.1 want: ^0.1.0
4426 silly placeDep ROOT log-symbols@4.1.0 OK for: ora@5.4.1 want: ^4.1.0
4427 silly placeDep ROOT wcwidth@1.0.1 OK for: ora@5.4.1 want: ^1.0.1
4428 silly fetch manifest buffer@^5.5.0
4429 silly packumentCache full:https://registry.npmjs.org/buffer cache-miss
4430 silly fetch manifest defaults@^1.0.3
4431 silly packumentCache full:https://registry.npmjs.org/defaults cache-miss
4432 http cache https://registry.npmjs.org/buffer 6ms (cache hit)
4433 silly packumentCache full:https://registry.npmjs.org/buffer set size:280480 disposed:false
4434 http fetch GET 200 https://registry.npmjs.org/defaults 70ms (cache miss)
4435 silly packumentCache full:https://registry.npmjs.org/defaults set size:undefined disposed:false
4436 silly placeDep ROOT buffer@5.7.1 OK for: bl@4.1.0 want: ^5.5.0
4437 silly placeDep node_modules/bl readable-stream@3.6.2 OK for: bl@4.1.0 want: ^3.4.0
4438 silly fetch manifest base64-js@^1.3.1
4439 silly packumentCache full:https://registry.npmjs.org/base64-js cache-miss
4440 silly fetch manifest ieee754@^1.1.13
4441 silly packumentCache full:https://registry.npmjs.org/ieee754 cache-miss
4442 silly fetch manifest string_decoder@^1.1.1
4443 silly packumentCache full:https://registry.npmjs.org/string_decoder cache-hit
4444 silly fetch manifest util-deprecate@^1.0.1
4445 silly packumentCache full:https://registry.npmjs.org/util-deprecate cache-hit
4446 http fetch GET 200 https://registry.npmjs.org/base64-js 83ms (cache revalidated)
4447 silly packumentCache full:https://registry.npmjs.org/base64-js set size:41270 disposed:false
4448 http fetch GET 200 https://registry.npmjs.org/ieee754 311ms (cache miss)
4449 silly packumentCache full:https://registry.npmjs.org/ieee754 set size:undefined disposed:false
4450 silly placeDep ROOT base64-js@1.5.1 OK for: buffer@5.7.1 want: ^1.3.1
4451 silly placeDep ROOT ieee754@1.2.1 OK for: buffer@5.7.1 want: ^1.1.13
4452 silly placeDep node_modules/log-symbols chalk@4.1.2 OK for: log-symbols@4.1.0 want: ^4.1.0
4453 silly placeDep node_modules/log-symbols is-unicode-supported@0.1.0 OK for: log-symbols@4.1.0 want: ^0.1.0
4454 silly placeDep ROOT macos-release@3.5.1 OK for: os-name@6.1.0 want: ^3.3.0
4455 silly placeDep ROOT windows-release@6.1.0 OK for: os-name@6.1.0 want: ^6.1.0
4456 silly fetch manifest execa@^8.0.1
4457 silly packumentCache full:https://registry.npmjs.org/execa cache-hit
4458 silly placeDep ROOT p-timeout@6.1.4 OK for: p-event@6.0.1 want: ^6.1.2
4459 silly placeDep ROOT p-limit@4.0.0 OK for: p-locate@6.0.0 want: ^4.0.0
4460 silly fetch manifest yocto-queue@^1.0.0
4461 silly packumentCache full:https://registry.npmjs.org/yocto-queue cache-miss
4462 http fetch GET 200 https://registry.npmjs.org/yocto-queue 83ms (cache revalidated)
4463 silly packumentCache full:https://registry.npmjs.org/yocto-queue set size:20256 disposed:false
4464 silly placeDep ROOT yocto-queue@1.2.2 OK for: p-limit@4.0.0 want: ^1.0.0
4465 silly placeDep ROOT @types/retry@0.12.2 OK for: p-retry@6.2.1 want: 0.12.2
4466 silly placeDep ROOT is-network-error@1.3.2 OK for: p-retry@6.2.1 want: ^1.0.0
4467 silly placeDep ROOT retry@0.13.1 OK for: p-retry@6.2.1 want: ^0.13.1
4468 silly placeDep ROOT find-up-simple@1.0.1 OK for: package-directory@8.2.0 want: ^1.0.0
4469 silly placeDep ROOT cyclist@1.0.2 OK for: parallel-transform@1.2.0 want: ^1.0.1
4470 silly placeDep node_modules/parallel-transform readable-stream@2.3.8 OK for: parallel-transform@1.2.0 want: ^2.1.5
4471 silly placeDep ROOT slashes@3.0.12 OK for: parse-imports@2.2.1 want: ^3.0.12
4472 silly placeDep node_modules/path-scurry lru-cache@11.5.2 OK for: path-scurry@2.0.2 want: ^11.0.0
4473 silly fetch manifest pg@>=8.0
4474 silly packumentCache full:https://registry.npmjs.org/pg cache-hit
4475 silly placeDep ROOT pg-cloudflare@1.4.0 OK for: pg@8.23.0 want: ^1.4.0
4476 silly placeDep ROOT pg-connection-string@2.14.0 OK for: pg@8.23.0 want: ^2.14.0
4477 silly placeDep ROOT pg-pool@3.14.0 OK for: pg@8.23.0 want: ^3.14.0
4478 silly placeDep ROOT pg-protocol@1.16.0 OK for: pg@8.23.0 want: ^1.16.0
4479 silly placeDep ROOT pg-types@2.2.0 OK for: pg@8.23.0 want: 2.2.0
4480 silly placeDep ROOT pgpass@1.0.5 OK for: pg@8.23.0 want: 1.0.5
4481 silly fetch manifest pg-int8@1.0.1
4482 silly packumentCache full:https://registry.npmjs.org/pg-int8 cache-miss
4483 silly fetch manifest postgres-date@~1.0.4
4484 silly packumentCache full:https://registry.npmjs.org/postgres-date cache-miss
4485 silly fetch manifest postgres-array@~2.0.0
4486 silly packumentCache full:https://registry.npmjs.org/postgres-array cache-miss
4487 silly fetch manifest postgres-bytea@~1.0.0
4488 silly packumentCache full:https://registry.npmjs.org/postgres-bytea cache-miss
4489 silly fetch manifest postgres-interval@^1.1.0
4490 silly packumentCache full:https://registry.npmjs.org/postgres-interval cache-miss
4491 silly fetch manifest split2@^4.1.0
4492 silly packumentCache full:https://registry.npmjs.org/split2 cache-miss
4493 http cache https://registry.npmjs.org/split2 8ms (cache hit)
4494 silly packumentCache full:https://registry.npmjs.org/split2 set size:47438 disposed:false
4495 http fetch GET 200 https://registry.npmjs.org/pg-int8 75ms (cache miss)
4496 silly packumentCache full:https://registry.npmjs.org/pg-int8 set size:undefined disposed:false
4497 http fetch GET 200 https://registry.npmjs.org/postgres-bytea 76ms (cache miss)
4498 silly packumentCache full:https://registry.npmjs.org/postgres-bytea set size:undefined disposed:false
4499 http fetch GET 200 https://registry.npmjs.org/postgres-array 79ms (cache miss)
4500 silly packumentCache full:https://registry.npmjs.org/postgres-array set size:undefined disposed:false
4501 http fetch GET 200 https://registry.npmjs.org/postgres-interval 78ms (cache miss)
4502 silly packumentCache full:https://registry.npmjs.org/postgres-interval set size:undefined disposed:false
4503 http fetch GET 200 https://registry.npmjs.org/postgres-date 82ms (cache miss)
4504 silly packumentCache full:https://registry.npmjs.org/postgres-date set size:undefined disposed:false
4505 silly placeDep ROOT pg-int8@1.0.1 OK for: pg-types@2.2.0 want: 1.0.1
4506 silly placeDep ROOT postgres-array@2.0.0 OK for: pg-types@2.2.0 want: ~2.0.0
4507 silly placeDep ROOT postgres-bytea@1.0.1 OK for: pg-types@2.2.0 want: ~1.0.0
4508 silly placeDep ROOT postgres-date@1.0.7 OK for: pg-types@2.2.0 want: ~1.0.4
4509 silly placeDep ROOT postgres-interval@1.2.0 OK for: pg-types@2.2.0 want: ^1.1.0
4510 silly fetch manifest xtend@^4.0.0
4511 silly packumentCache full:https://registry.npmjs.org/xtend cache-miss
4512 http cache https://registry.npmjs.org/xtend 5ms (cache hit)
4513 silly packumentCache full:https://registry.npmjs.org/xtend set size:28314 disposed:false
4514 silly placeDep node_modules/pgpass split2@4.2.0 OK for: pgpass@1.0.5 want: ^4.1.0
4515 silly placeDep ROOT @pinojs/redact@0.4.0 OK for: pino@10.3.1 want: ^0.4.0
4516 silly placeDep ROOT atomic-sleep@1.0.0 OK for: pino@10.3.1 want: ^1.0.0
4517 silly placeDep ROOT on-exit-leak-free@2.1.2 OK for: pino@10.3.1 want: ^2.1.0
4518 silly placeDep ROOT pino-abstract-transport@3.0.0 OK for: pino@10.3.1 want: ^3.0.0
4519 silly placeDep ROOT pino-std-serializers@7.1.0 OK for: pino@10.3.1 want: ^7.0.0
4520 silly placeDep ROOT quick-format-unescaped@4.0.4 OK for: pino@10.3.1 want: ^4.0.3
4521 silly placeDep ROOT real-require@0.2.0 OK for: pino@10.3.1 want: ^0.2.0
4522 silly placeDep ROOT safe-stable-stringify@2.5.0 OK for: pino@10.3.1 want: ^2.3.1
4523 silly placeDep ROOT sonic-boom@4.2.1 OK for: pino@10.3.1 want: ^4.0.1
4524 silly placeDep ROOT thread-stream@4.2.0 OK for: pino@10.3.1 want: ^4.0.0
4525 silly fetch manifest split2@^4.0.0
4526 silly packumentCache full:https://registry.npmjs.org/split2 cache-hit
4527 silly fetch manifest real-require@^1.0.0
4528 silly packumentCache full:https://registry.npmjs.org/real-require cache-miss
4529 http cache https://registry.npmjs.org/real-require 4ms (cache hit)
4530 silly packumentCache full:https://registry.npmjs.org/real-require set size:10846 disposed:false
4531 silly placeDep node_modules/pino-abstract-transport split2@4.2.0 OK for: pino-abstract-transport@3.0.0 want: ^4.0.0
4532 silly placeDep ROOT xtend@4.0.2 OK for: postgres-interval@1.2.0 want: ^4.0.0
4533 silly fetch manifest typescript@^5.9.3
4534 silly packumentCache full:https://registry.npmjs.org/typescript cache-miss
4535 http cache https://registry.npmjs.org/typescript 36ms (cache hit)
4536 silly packumentCache full:https://registry.npmjs.org/typescript set size:15555816 disposed:false
4537 silly placeDep ROOT @dependents/detective-less@5.0.3 OK for: precinct@12.3.2 want: ^5.0.3
4538 silly placeDep ROOT detective-amd@6.1.0 OK for: precinct@12.3.2 want: ^6.1.0
4539 silly placeDep ROOT detective-cjs@6.1.1 OK for: precinct@12.3.2 want: ^6.1.1
4540 silly placeDep ROOT detective-es6@5.0.2 OK for: precinct@12.3.2 want: ^5.0.2
4541 silly placeDep ROOT detective-postcss@8.0.4 OK for: precinct@12.3.2 want: ^8.0.3
4542 silly placeDep ROOT postcss@8.5.26 OK for: detective-postcss@8.0.4 want: ^8.4.47
4543 silly placeDep ROOT detective-sass@6.0.2 OK for: precinct@12.3.2 want: ^6.0.2
4544 silly placeDep ROOT detective-scss@5.0.2 OK for: precinct@12.3.2 want: ^5.0.2
4545 silly placeDep ROOT detective-stylus@5.0.1 OK for: precinct@12.3.2 want: ^5.0.1
4546 silly placeDep ROOT detective-typescript@14.1.2 OK for: precinct@12.3.2 want: ^14.1.2
4547 silly placeDep ROOT detective-vue2@2.3.0 OK for: precinct@12.3.2 want: ^2.3.0
4548 silly placeDep ROOT module-definition@6.0.2 OK for: precinct@12.3.2 want: ^6.0.2
4549 silly placeDep ROOT node-source-walk@7.0.2 OK for: precinct@12.3.2 want: ^7.0.2
4550 silly fetch manifest gonzales-pe@^4.3.0
4551 silly packumentCache full:https://registry.npmjs.org/gonzales-pe cache-miss
4552 silly fetch manifest node-source-walk@^7.0.1
4553 silly packumentCache full:https://registry.npmjs.org/node-source-walk cache-miss
4554 silly fetch manifest escodegen@^2.1.0
4555 silly packumentCache full:https://registry.npmjs.org/escodegen cache-miss
4556 silly fetch manifest ast-module-types@^6.0.1
4557 silly packumentCache full:https://registry.npmjs.org/ast-module-types cache-miss
4558 silly fetch manifest node-source-walk@^7.0.1
4559 silly packumentCache full:https://registry.npmjs.org/node-source-walk cache-miss
4560 silly fetch manifest get-amd-module-type@^6.0.2
4561 silly packumentCache full:https://registry.npmjs.org/get-amd-module-type cache-miss
4562 silly fetch manifest ast-module-types@^6.0.1
4563 silly packumentCache full:https://registry.npmjs.org/ast-module-types cache-miss
4564 silly fetch manifest node-source-walk@^7.0.1
4565 silly packumentCache full:https://registry.npmjs.org/node-source-walk cache-miss
4566 silly fetch manifest node-source-walk@^7.0.1
4567 silly packumentCache full:https://registry.npmjs.org/node-source-walk cache-miss
4568 silly fetch manifest is-url-superb@^4.0.0
4569 silly packumentCache full:https://registry.npmjs.org/is-url-superb cache-miss
4570 silly fetch manifest postcss-values-parser@^6.0.2
4571 silly packumentCache full:https://registry.npmjs.org/postcss-values-parser cache-miss
4572 silly fetch manifest nanoid@^3.3.17
4573 silly packumentCache full:https://registry.npmjs.org/nanoid cache-miss
4574 silly fetch manifest source-map-js@^1.2.1
4575 silly packumentCache full:https://registry.npmjs.org/source-map-js cache-miss
4576 silly fetch manifest gonzales-pe@^4.3.0
4577 silly packumentCache full:https://registry.npmjs.org/gonzales-pe cache-miss
4578 silly fetch manifest node-source-walk@^7.0.1
4579 silly packumentCache full:https://registry.npmjs.org/node-source-walk cache-miss
4580 http cache https://registry.npmjs.org/node-source-walk 88ms (cache hit)
4581 silly packumentCache full:https://registry.npmjs.org/node-source-walk set size:76839 disposed:false
4582 silly fetch manifest gonzales-pe@^4.3.0
4583 silly packumentCache full:https://registry.npmjs.org/gonzales-pe cache-miss
4584 http cache https://registry.npmjs.org/node-source-walk 91ms (cache hit)
4585 silly packumentCache full:https://registry.npmjs.org/node-source-walk set size:76839 disposed:false
4586 silly packumentCache full:https://registry.npmjs.org/node-source-walk dispose
4587 silly fetch manifest ast-module-types@^6.0.1
4588 silly packumentCache full:https://registry.npmjs.org/ast-module-types cache-miss
4589 http cache https://registry.npmjs.org/node-source-walk 93ms (cache hit)
4590 silly packumentCache full:https://registry.npmjs.org/node-source-walk set size:76839 disposed:true
4591 silly packumentCache full:https://registry.npmjs.org/node-source-walk dispose
4592 silly fetch manifest @typescript-eslint/typescript-estree@^8.58.2
4593 silly packumentCache full:https://registry.npmjs.org/@typescript-eslint%2ftypescript-estree cache-miss
4594 http cache https://registry.npmjs.org/node-source-walk 97ms (cache hit)
4595 silly packumentCache full:https://registry.npmjs.org/node-source-walk set size:76839 disposed:true
4596 silly packumentCache full:https://registry.npmjs.org/node-source-walk dispose
4597 silly fetch manifest @vue/compiler-sfc@^3.5.32
4598 silly packumentCache full:https://registry.npmjs.org/@vue%2fcompiler-sfc cache-miss
4599 http cache https://registry.npmjs.org/node-source-walk 105ms (cache hit)
4600 silly packumentCache full:https://registry.npmjs.org/node-source-walk set size:76839 disposed:true
4601 silly packumentCache full:https://registry.npmjs.org/node-source-walk dispose
4602 silly fetch manifest ast-module-types@^6.0.1
4603 silly packumentCache full:https://registry.npmjs.org/ast-module-types cache-miss
4604 http fetch GET 200 https://registry.npmjs.org/escodegen 118ms (cache miss)
4605 silly packumentCache full:https://registry.npmjs.org/escodegen set size:undefined disposed:false
4606 http fetch GET 200 https://registry.npmjs.org/gonzales-pe 122ms (cache miss)
4607 silly packumentCache full:https://registry.npmjs.org/gonzales-pe set size:undefined disposed:false
4608 http fetch GET 200 https://registry.npmjs.org/gonzales-pe 119ms (cache miss)
4609 silly packumentCache full:https://registry.npmjs.org/gonzales-pe set size:undefined disposed:false
4610 http fetch GET 200 https://registry.npmjs.org/gonzales-pe 86ms (cache miss)
4611 silly packumentCache full:https://registry.npmjs.org/gonzales-pe set size:undefined disposed:false
4612 http fetch GET 200 https://registry.npmjs.org/source-map-js 178ms (cache revalidated)
4613 silly packumentCache full:https://registry.npmjs.org/source-map-js set size:62640 disposed:false
4614 http fetch GET 200 https://registry.npmjs.org/nanoid 180ms (cache revalidated)
4615 silly packumentCache full:https://registry.npmjs.org/nanoid set size:342705 disposed:false
4616 http fetch GET 200 https://registry.npmjs.org/get-amd-module-type 325ms (cache miss)
4617 silly packumentCache full:https://registry.npmjs.org/get-amd-module-type set size:undefined disposed:false
4618 http fetch GET 200 https://registry.npmjs.org/is-url-superb 345ms (cache miss)
4619 silly packumentCache full:https://registry.npmjs.org/is-url-superb set size:undefined disposed:false
4620 http fetch GET 200 https://registry.npmjs.org/ast-module-types 356ms (cache miss)
4621 silly packumentCache full:https://registry.npmjs.org/ast-module-types set size:undefined disposed:false
4622 http fetch GET 200 https://registry.npmjs.org/ast-module-types 359ms (cache miss)
4623 silly packumentCache full:https://registry.npmjs.org/ast-module-types set size:undefined disposed:false
4624 http fetch GET 200 https://registry.npmjs.org/postcss-values-parser 364ms (cache miss)
4625 silly packumentCache full:https://registry.npmjs.org/postcss-values-parser set size:undefined disposed:false
4626 http fetch GET 200 https://registry.npmjs.org/ast-module-types 666ms (cache miss)
4627 silly packumentCache full:https://registry.npmjs.org/ast-module-types set size:undefined disposed:false
4628 http fetch GET 200 https://registry.npmjs.org/ast-module-types 762ms (cache miss)
4629 silly packumentCache full:https://registry.npmjs.org/ast-module-types set size:undefined disposed:false
4630 http fetch GET 200 https://registry.npmjs.org/@vue%2fcompiler-sfc 838ms (cache miss)
4631 silly packumentCache full:https://registry.npmjs.org/@vue%2fcompiler-sfc set size:undefined disposed:false
4632 http fetch GET 200 https://registry.npmjs.org/@typescript-eslint%2ftypescript-estree 2780ms (cache miss)
4633 silly packumentCache full:https://registry.npmjs.org/@typescript-eslint%2ftypescript-estree set size:undefined disposed:false
4634 silly placeDep ROOT gonzales-pe@4.3.0 OK for: @dependents/detective-less@5.0.3 want: ^4.3.0
4635 silly placeDep ROOT ast-module-types@6.0.2 OK for: detective-amd@6.1.0 want: ^6.0.1
4636 silly placeDep ROOT escodegen@2.1.0 OK for: detective-amd@6.1.0 want: ^2.1.0
4637 silly placeDep ROOT get-amd-module-type@6.0.2 OK for: detective-amd@6.1.0 want: ^6.0.2
4638 silly fetch manifest estraverse@^5.2.0
4639 silly packumentCache full:https://registry.npmjs.org/estraverse cache-miss
4640 silly fetch manifest esutils@^2.0.2
4641 silly packumentCache full:https://registry.npmjs.org/esutils cache-miss
4642 silly fetch manifest source-map@~0.6.1
4643 silly packumentCache full:https://registry.npmjs.org/source-map cache-miss
4644 http cache https://registry.npmjs.org/source-map 6ms (cache hit)
4645 silly packumentCache full:https://registry.npmjs.org/source-map set size:231637 disposed:false
4646 http fetch GET 200 https://registry.npmjs.org/esutils 59ms (cache miss)
4647 silly packumentCache full:https://registry.npmjs.org/esutils set size:undefined disposed:false
4648 http fetch GET 200 https://registry.npmjs.org/estraverse 68ms (cache miss)
4649 silly packumentCache full:https://registry.npmjs.org/estraverse set size:undefined disposed:false
4650 silly fetch manifest postcss@^8.4.47
4651 silly packumentCache full:https://registry.npmjs.org/postcss cache-hit
4652 silly placeDep ROOT is-url-superb@4.0.0 OK for: detective-postcss@8.0.4 want: ^4.0.0
4653 silly placeDep ROOT postcss-values-parser@6.0.2 OK for: detective-postcss@8.0.4 want: ^6.0.2
4654 silly fetch manifest color-name@^1.1.4
4655 silly packumentCache full:https://registry.npmjs.org/color-name cache-miss
4656 silly fetch manifest quote-unquote@^1.0.0
4657 silly packumentCache full:https://registry.npmjs.org/quote-unquote cache-miss
4658 http fetch GET 200 https://registry.npmjs.org/color-name 77ms (cache miss)
4659 silly packumentCache full:https://registry.npmjs.org/color-name set size:undefined disposed:false
4660 http fetch GET 200 https://registry.npmjs.org/quote-unquote 584ms (cache miss)
4661 silly packumentCache full:https://registry.npmjs.org/quote-unquote set size:undefined disposed:false
4662 silly fetch manifest typescript@^5.4.4 || ^6.0.2
4663 silly packumentCache full:https://registry.npmjs.org/typescript cache-miss
4664 http cache https://registry.npmjs.org/typescript 42ms (cache hit)
4665 silly packumentCache full:https://registry.npmjs.org/typescript set size:15555816 disposed:false
4666 silly placeDep ROOT @typescript-eslint/typescript-estree@8.67.0 OK for: detective-typescript@14.1.2 want: ^8.58.2
4667 silly fetch manifest tinyglobby@^0.2.15
4668 silly packumentCache full:https://registry.npmjs.org/tinyglobby cache-miss
4669 silly fetch manifest ts-api-utils@^2.5.0
4670 silly packumentCache full:https://registry.npmjs.org/ts-api-utils cache-miss
4671 silly fetch manifest @typescript-eslint/types@8.67.0
4672 silly packumentCache full:https://registry.npmjs.org/@typescript-eslint%2ftypes cache-miss
4673 silly fetch manifest @typescript-eslint/visitor-keys@8.67.0
4674 silly packumentCache full:https://registry.npmjs.org/@typescript-eslint%2fvisitor-keys cache-miss
4675 silly fetch manifest @typescript-eslint/tsconfig-utils@8.67.0
4676 silly packumentCache full:https://registry.npmjs.org/@typescript-eslint%2ftsconfig-utils cache-miss
4677 silly fetch manifest @typescript-eslint/project-service@8.67.0
4678 silly packumentCache full:https://registry.npmjs.org/@typescript-eslint%2fproject-service cache-miss
4679 http fetch GET 200 https://registry.npmjs.org/tinyglobby 78ms (cache miss)
4680 silly packumentCache full:https://registry.npmjs.org/tinyglobby set size:undefined disposed:false
4681 http fetch GET 200 https://registry.npmjs.org/ts-api-utils 93ms (cache miss)
4682 silly packumentCache full:https://registry.npmjs.org/ts-api-utils set size:undefined disposed:false
4683 http fetch GET 200 https://registry.npmjs.org/@typescript-eslint%2ftsconfig-utils 221ms (cache miss)
4684 silly packumentCache full:https://registry.npmjs.org/@typescript-eslint%2ftsconfig-utils set size:undefined disposed:false
4685 http fetch GET 200 https://registry.npmjs.org/@typescript-eslint%2fproject-service 691ms (cache miss)
4686 silly packumentCache full:https://registry.npmjs.org/@typescript-eslint%2fproject-service set size:undefined disposed:false
4687 http fetch GET 200 https://registry.npmjs.org/@typescript-eslint%2ftypes 1685ms (cache miss)
4688 silly packumentCache full:https://registry.npmjs.org/@typescript-eslint%2ftypes set size:undefined disposed:false
4689 http fetch GET 200 https://registry.npmjs.org/@typescript-eslint%2fvisitor-keys 2630ms (cache miss)
4690 silly packumentCache full:https://registry.npmjs.org/@typescript-eslint%2fvisitor-keys set size:undefined disposed:false
4691 silly fetch manifest typescript@>=4.8.4 <6.1.0
4692 silly packumentCache full:https://registry.npmjs.org/typescript cache-miss
4693 http cache https://registry.npmjs.org/typescript 37ms (cache hit)
4694 silly packumentCache full:https://registry.npmjs.org/typescript set size:15555816 disposed:false
4695 silly placeDep ROOT @typescript-eslint/project-service@8.67.0 OK for: @typescript-eslint/typescript-estree@8.67.0 want: 8.67.0
4696 silly placeDep ROOT @typescript-eslint/tsconfig-utils@8.67.0 OK for: @typescript-eslint/typescript-estree@8.67.0 want: 8.67.0
4697 silly placeDep ROOT @typescript-eslint/types@8.67.0 OK for: @typescript-eslint/typescript-estree@8.67.0 want: 8.67.0
4698 silly placeDep ROOT @typescript-eslint/visitor-keys@8.67.0 OK for: @typescript-eslint/typescript-estree@8.67.0 want: 8.67.0
4699 silly placeDep ROOT tinyglobby@0.2.17 OK for: @typescript-eslint/typescript-estree@8.67.0 want: ^0.2.15
4700 silly placeDep ROOT ts-api-utils@2.5.0 OK for: @typescript-eslint/typescript-estree@8.67.0 want: ^2.5.0
4701 silly fetch manifest @typescript-eslint/types@^8.67.0
4702 silly packumentCache full:https://registry.npmjs.org/@typescript-eslint%2ftypes cache-miss
4703 silly fetch manifest @typescript-eslint/tsconfig-utils@^8.67.0
4704 silly packumentCache full:https://registry.npmjs.org/@typescript-eslint%2ftsconfig-utils cache-miss
4705 silly fetch manifest eslint-visitor-keys@^5.0.0
4706 silly packumentCache full:https://registry.npmjs.org/eslint-visitor-keys cache-miss
4707 http cache https://registry.npmjs.org/@typescript-eslint%2ftsconfig-utils 14ms (cache hit)
4708 silly packumentCache full:https://registry.npmjs.org/@typescript-eslint%2ftsconfig-utils set size:1693315 disposed:false
4709 http cache https://registry.npmjs.org/@typescript-eslint%2ftypes 58ms (cache hit)
4710 silly packumentCache full:https://registry.npmjs.org/@typescript-eslint%2ftypes set size:12731946 disposed:false
4711 http fetch GET 200 https://registry.npmjs.org/eslint-visitor-keys 169ms (cache miss)
4712 silly packumentCache full:https://registry.npmjs.org/eslint-visitor-keys set size:undefined disposed:false
4713 silly placeDep ROOT eslint-visitor-keys@5.0.1 OK for: @typescript-eslint/visitor-keys@8.67.0 want: ^5.0.0
4714 silly placeDep ROOT @vue/compiler-sfc@3.5.41 OK for: detective-vue2@2.3.0 want: ^3.5.32
4715 silly fetch manifest @vue/shared@3.5.41
4716 silly packumentCache full:https://registry.npmjs.org/@vue%2fshared cache-miss
4717 silly fetch manifest magic-string@^0.30.21
4718 silly packumentCache full:https://registry.npmjs.org/magic-string cache-miss
4719 silly fetch manifest @vue/compiler-dom@3.5.41
4720 silly packumentCache full:https://registry.npmjs.org/@vue%2fcompiler-dom cache-miss
4721 silly fetch manifest @vue/compiler-ssr@3.5.41
4722 silly packumentCache full:https://registry.npmjs.org/@vue%2fcompiler-ssr cache-miss
4723 silly fetch manifest @vue/compiler-core@3.5.41
4724 silly packumentCache full:https://registry.npmjs.org/@vue%2fcompiler-core cache-miss
4725 http fetch GET 200 https://registry.npmjs.org/magic-string 67ms (cache miss)
4726 silly packumentCache full:https://registry.npmjs.org/magic-string set size:undefined disposed:false
4727 http fetch GET 200 https://registry.npmjs.org/@vue%2fshared 435ms (cache miss)
4728 silly packumentCache full:https://registry.npmjs.org/@vue%2fshared set size:undefined disposed:false
4729 http fetch GET 200 https://registry.npmjs.org/@vue%2fcompiler-core 842ms (cache miss)
4730 silly packumentCache full:https://registry.npmjs.org/@vue%2fcompiler-core set size:undefined disposed:false
4731 http fetch GET 200 https://registry.npmjs.org/@vue%2fcompiler-ssr 885ms (cache miss)
4732 silly packumentCache full:https://registry.npmjs.org/@vue%2fcompiler-ssr set size:undefined disposed:false
4733 http fetch GET 200 https://registry.npmjs.org/@vue%2fcompiler-dom 1109ms (cache miss)
4734 silly packumentCache full:https://registry.npmjs.org/@vue%2fcompiler-dom set size:undefined disposed:false
4735 silly placeDep ROOT @vue/compiler-core@3.5.41 OK for: @vue/compiler-sfc@3.5.41 want: 3.5.41
4736 silly placeDep ROOT @vue/compiler-dom@3.5.41 OK for: @vue/compiler-sfc@3.5.41 want: 3.5.41
4737 silly placeDep ROOT @vue/compiler-ssr@3.5.41 OK for: @vue/compiler-sfc@3.5.41 want: 3.5.41
4738 silly placeDep ROOT @vue/shared@3.5.41 OK for: @vue/compiler-sfc@3.5.41 want: 3.5.41
4739 silly placeDep ROOT magic-string@0.30.21 OK for: @vue/compiler-sfc@3.5.41 want: ^0.30.21
4740 silly placeDep ROOT source-map-js@1.2.1 OK for: @vue/compiler-sfc@3.5.41 want: ^1.2.1
4741 silly fetch manifest entities@^7.0.1
4742 silly packumentCache full:https://registry.npmjs.org/entities cache-miss
4743 silly fetch manifest @jridgewell/sourcemap-codec@^1.5.5
4744 silly packumentCache full:https://registry.npmjs.org/@jridgewell%2fsourcemap-codec cache-miss
4745 http cache https://registry.npmjs.org/entities 6ms (cache hit)
4746 silly packumentCache full:https://registry.npmjs.org/entities set size:101550 disposed:false
4747 http fetch GET 200 https://registry.npmjs.org/@jridgewell%2fsourcemap-codec 104ms (cache miss)
4748 silly packumentCache full:https://registry.npmjs.org/@jridgewell%2fsourcemap-codec set size:undefined disposed:false
4749 silly placeDep node_modules/@vue/compiler-core entities@7.0.1 OK for: @vue/compiler-core@3.5.41 want: ^7.0.1
4750 silly placeDep ROOT estraverse@5.3.0 OK for: escodegen@2.1.0 want: ^5.2.0
4751 silly placeDep ROOT esutils@2.0.3 OK for: escodegen@2.1.0 want: ^2.0.2
4752 silly placeDep ROOT source-map@0.6.1 OK for: escodegen@2.1.0 want: ~0.6.1
4753 silly placeDep ROOT @jridgewell/sourcemap-codec@1.5.5 OK for: magic-string@0.30.21 want: ^1.5.5
4754 silly placeDep ROOT nanoid@3.3.18 OK for: postcss@8.5.26 want: ^3.3.17
4755 silly placeDep ROOT color-name@1.1.4 OK for: postcss-values-parser@6.0.2 want: ^1.1.4
4756 silly placeDep ROOT quote-unquote@1.0.0 OK for: postcss-values-parser@6.0.2 want: ^1.0.0
4757 silly placeDep ROOT parse-ms@4.0.0 OK for: pretty-ms@9.3.0 want: ^4.0.0
4758 silly placeDep ROOT colors@1.4.0 OK for: prettyjson@1.2.5 want: 1.4.0
4759 silly placeDep ROOT forwarded@0.2.0 OK for: proxy-addr@2.0.7 want: 0.2.0
4760 silly placeDep node_modules/proxy-addr ipaddr.js@1.9.1 OK for: proxy-addr@2.0.7 want: 1.9.1
4761 silly placeDep ROOT end-of-stream@1.4.5 OK for: pump@3.0.4 want: ^1.1.0
4762 silly placeDep ROOT es-define-property@1.0.1 OK for: qs@6.15.3 want: ^1.0.1
4763 silly placeDep ROOT side-channel@1.1.1 OK for: qs@6.15.3 want: ^1.1.1
4764 silly fetch manifest object-inspect@^1.13.4
4765 silly packumentCache full:https://registry.npmjs.org/object-inspect cache-miss
4766 silly fetch manifest side-channel-list@^1.0.1
4767 silly packumentCache full:https://registry.npmjs.org/side-channel-list cache-miss
4768 silly fetch manifest side-channel-map@^1.0.1
4769 silly packumentCache full:https://registry.npmjs.org/side-channel-map cache-miss
4770 silly fetch manifest side-channel-weakmap@^1.0.2
4771 silly packumentCache full:https://registry.npmjs.org/side-channel-weakmap cache-miss
4772 http fetch GET 200 https://registry.npmjs.org/side-channel-list 71ms (cache miss)
4773 silly packumentCache full:https://registry.npmjs.org/side-channel-list set size:undefined disposed:false
4774 http fetch GET 200 https://registry.npmjs.org/side-channel-map 72ms (cache miss)
4775 silly packumentCache full:https://registry.npmjs.org/side-channel-map set size:undefined disposed:false
4776 http fetch GET 200 https://registry.npmjs.org/side-channel-weakmap 72ms (cache miss)
4777 silly packumentCache full:https://registry.npmjs.org/side-channel-weakmap set size:undefined disposed:false
4778 http fetch GET 200 https://registry.npmjs.org/object-inspect 91ms (cache miss)
4779 silly packumentCache full:https://registry.npmjs.org/object-inspect set size:undefined disposed:false
4780 silly placeDep ROOT unpipe@1.0.0 OK for: raw-body@3.0.2 want: ~1.0.0
4781 silly placeDep node_modules/read-package-up read-pkg@10.1.0 OK for: read-package-up@12.0.0 want: ^10.0.0
4782 silly placeDep node_modules/read-package-up type-fest@5.8.0 OK for: read-package-up@12.0.0 want: ^5.2.0
4783 silly fetch manifest @types/normalize-package-data@^2.4.4
4784 silly packumentCache full:https://registry.npmjs.org/@types%2fnormalize-package-data cache-miss
4785 silly fetch manifest normalize-package-data@^8.0.0
4786 silly packumentCache full:https://registry.npmjs.org/normalize-package-data cache-hit
4787 silly fetch manifest parse-json@^8.3.0
4788 silly packumentCache full:https://registry.npmjs.org/parse-json cache-miss
4789 silly fetch manifest type-fest@^5.4.4
4790 silly packumentCache full:https://registry.npmjs.org/type-fest cache-hit
4791 silly fetch manifest unicorn-magic@^0.4.0
4792 silly packumentCache full:https://registry.npmjs.org/unicorn-magic cache-hit
4793 http cache https://registry.npmjs.org/parse-json 5ms (cache hit)
4794 silly packumentCache full:https://registry.npmjs.org/parse-json set size:48198 disposed:false
4795 http cache https://registry.npmjs.org/@types%2fnormalize-package-data 7ms (cache hit)
4796 silly packumentCache full:https://registry.npmjs.org/@types%2fnormalize-package-data set size:9930 disposed:false
4797 silly placeDep ROOT @types/normalize-package-data@2.4.4 OK for: read-pkg@9.0.1 want: ^2.4.3
4798 silly placeDep node_modules/read-pkg normalize-package-data@6.0.2 OK for: read-pkg@9.0.1 want: ^6.0.0
4799 silly placeDep ROOT parse-json@8.3.0 OK for: read-pkg@9.0.1 want: ^8.0.0
4800 silly placeDep node_modules/read-pkg unicorn-magic@0.1.0 OK for: read-pkg@9.0.1 want: ^0.1.0
4801 silly fetch manifest hosted-git-info@^7.0.0
4802 silly packumentCache full:https://registry.npmjs.org/hosted-git-info cache-miss
4803 silly fetch manifest index-to-position@^1.1.0
4804 silly packumentCache full:https://registry.npmjs.org/index-to-position cache-miss
4805 http cache https://registry.npmjs.org/hosted-git-info 6ms (cache hit)
4806 silly packumentCache full:https://registry.npmjs.org/hosted-git-info set size:190140 disposed:false
4807 http fetch GET 200 https://registry.npmjs.org/index-to-position 312ms (cache miss)
4808 silly packumentCache full:https://registry.npmjs.org/index-to-position set size:undefined disposed:false
4809 silly placeDep ROOT index-to-position@1.2.0 OK for: parse-json@8.3.0 want: ^1.1.0
4810 silly placeDep ROOT abort-controller@3.0.0 OK for: readable-stream@4.7.0 want: ^3.0.0
4811 silly placeDep node_modules/readable-stream buffer@6.0.3 OK for: readable-stream@4.7.0 want: ^6.0.3
4812 silly placeDep ROOT events@3.3.0 OK for: readable-stream@4.7.0 want: ^3.3.0
4813 silly placeDep ROOT process@0.11.10 OK for: readable-stream@4.7.0 want: ^0.11.10
4814 silly placeDep ROOT string_decoder@1.3.0 OK for: readable-stream@4.7.0 want: ^1.3.0
4815 silly fetch manifest event-target-shim@^5.0.0
4816 silly packumentCache full:https://registry.npmjs.org/event-target-shim cache-miss
4817 http fetch GET 200 https://registry.npmjs.org/event-target-shim 79ms (cache revalidated)
4818 silly packumentCache full:https://registry.npmjs.org/event-target-shim set size:103601 disposed:false
4819 silly placeDep ROOT event-target-shim@5.0.1 OK for: abort-controller@3.0.0 want: ^5.0.0
4820 silly placeDep ROOT es-errors@1.3.0 OK for: resolve@2.0.0-next.7 want: ^1.3.0
4821 silly placeDep ROOT is-core-module@2.16.2 OK for: resolve@2.0.0-next.7 want: ^2.16.2
4822 silly placeDep ROOT node-exports-info@1.6.2 OK for: resolve@2.0.0-next.7 want: ^1.6.0
4823 silly placeDep ROOT object-keys@1.1.1 OK for: resolve@2.0.0-next.7 want: ^1.1.1
4824 silly placeDep ROOT path-parse@1.0.7 OK for: resolve@2.0.0-next.7 want: ^1.0.7
4825 silly placeDep ROOT supports-preserve-symlinks-flag@1.0.0 OK for: resolve@2.0.0-next.7 want: ^1.0.0
4826 silly fetch manifest hasown@^2.0.3
4827 silly packumentCache full:https://registry.npmjs.org/hasown cache-miss
4828 silly fetch manifest semver@^6.3.1
4829 silly packumentCache full:https://registry.npmjs.org/semver cache-hit
4830 silly fetch manifest object.entries@^1.1.9
4831 silly packumentCache full:https://registry.npmjs.org/object.entries cache-miss
4832 silly fetch manifest array.prototype.flatmap@^1.3.3
4833 silly packumentCache full:https://registry.npmjs.org/array.prototype.flatmap cache-miss
4834 http fetch GET 200 https://registry.npmjs.org/object.entries 69ms (cache miss)
4835 silly packumentCache full:https://registry.npmjs.org/object.entries set size:undefined disposed:false
4836 http fetch GET 200 https://registry.npmjs.org/array.prototype.flatmap 69ms (cache miss)
4837 silly packumentCache full:https://registry.npmjs.org/array.prototype.flatmap set size:undefined disposed:false
4838 http fetch GET 200 https://registry.npmjs.org/hasown 77ms (cache revalidated)
4839 silly packumentCache full:https://registry.npmjs.org/hasown set size:18361 disposed:false
4840 silly placeDep ROOT hasown@2.0.4 OK for: is-core-module@2.16.2 want: ^2.0.3
4841 silly fetch manifest function-bind@^1.1.2
4842 silly packumentCache full:https://registry.npmjs.org/function-bind cache-miss
4843 http fetch GET 200 https://registry.npmjs.org/function-bind 72ms (cache revalidated)
4844 silly packumentCache full:https://registry.npmjs.org/function-bind set size:15733 disposed:false
4845 silly placeDep ROOT function-bind@1.1.2 OK for: hasown@2.0.4 want: ^1.1.2
4846 silly placeDep ROOT array.prototype.flatmap@1.3.3 OK for: node-exports-info@1.6.2 want: ^1.3.3
4847 silly placeDep ROOT object.entries@1.1.9 OK for: node-exports-info@1.6.2 want: ^1.1.9
4848 silly placeDep node_modules/node-exports-info semver@6.3.1 OK for: node-exports-info@1.6.2 want: ^6.3.1
4849 silly fetch manifest call-bind@^1.0.8
4850 silly packumentCache full:https://registry.npmjs.org/call-bind cache-miss
4851 silly fetch manifest define-properties@^1.2.1
4852 silly packumentCache full:https://registry.npmjs.org/define-properties cache-miss
4853 silly fetch manifest es-abstract@^1.23.5
4854 silly packumentCache full:https://registry.npmjs.org/es-abstract cache-miss
4855 silly fetch manifest es-shim-unscopables@^1.0.2
4856 silly packumentCache full:https://registry.npmjs.org/es-shim-unscopables cache-miss
4857 silly fetch manifest call-bind@^1.0.8
4858 silly packumentCache full:https://registry.npmjs.org/call-bind cache-miss
4859 silly fetch manifest call-bound@^1.0.4
4860 silly packumentCache full:https://registry.npmjs.org/call-bound cache-miss
4861 silly fetch manifest define-properties@^1.2.1
4862 silly packumentCache full:https://registry.npmjs.org/define-properties cache-miss
4863 silly fetch manifest es-object-atoms@^1.1.1
4864 silly packumentCache full:https://registry.npmjs.org/es-object-atoms cache-miss
4865 http fetch GET 200 https://registry.npmjs.org/call-bound 66ms (cache miss)
4866 silly packumentCache full:https://registry.npmjs.org/call-bound set size:undefined disposed:false
4867 http fetch GET 200 https://registry.npmjs.org/call-bind 72ms (cache miss)
4868 silly packumentCache full:https://registry.npmjs.org/call-bind set size:undefined disposed:false
4869 http fetch GET 200 https://registry.npmjs.org/define-properties 73ms (cache miss)
4870 silly packumentCache full:https://registry.npmjs.org/define-properties set size:undefined disposed:false
4871 http fetch GET 200 https://registry.npmjs.org/es-shim-unscopables 77ms (cache miss)
4872 silly packumentCache full:https://registry.npmjs.org/es-shim-unscopables set size:undefined disposed:false
4873 http fetch GET 200 https://registry.npmjs.org/es-object-atoms 79ms (cache revalidated)
4874 silly packumentCache full:https://registry.npmjs.org/es-object-atoms set size:18278 disposed:false
4875 http fetch GET 200 https://registry.npmjs.org/call-bind 87ms (cache miss)
4876 silly packumentCache full:https://registry.npmjs.org/call-bind set size:undefined disposed:false
4877 http fetch GET 200 https://registry.npmjs.org/define-properties 86ms (cache miss)
4878 silly packumentCache full:https://registry.npmjs.org/define-properties set size:undefined disposed:false
4879 http fetch GET 200 https://registry.npmjs.org/es-abstract 90ms (cache miss)
4880 silly packumentCache full:https://registry.npmjs.org/es-abstract set size:undefined disposed:false
4881 silly placeDep ROOT call-bind@1.0.9 OK for: array.prototype.flatmap@1.3.3 want: ^1.0.8
4882 silly placeDep ROOT define-properties@1.2.1 OK for: array.prototype.flatmap@1.3.3 want: ^1.2.1
4883 silly placeDep ROOT es-abstract@1.24.2 OK for: array.prototype.flatmap@1.3.3 want: ^1.23.5
4884 silly placeDep ROOT es-shim-unscopables@1.1.0 OK for: array.prototype.flatmap@1.3.3 want: ^1.0.2
4885 silly fetch manifest call-bind-apply-helpers@^1.0.2
4886 silly packumentCache full:https://registry.npmjs.org/call-bind-apply-helpers cache-miss
4887 silly fetch manifest get-intrinsic@^1.3.0
4888 silly packumentCache full:https://registry.npmjs.org/get-intrinsic cache-miss
4889 silly fetch manifest set-function-length@^1.2.2
4890 silly packumentCache full:https://registry.npmjs.org/set-function-length cache-miss
4891 silly fetch manifest define-data-property@^1.0.1
4892 silly packumentCache full:https://registry.npmjs.org/define-data-property cache-miss
4893 silly fetch manifest has-property-descriptors@^1.0.0
4894 silly packumentCache full:https://registry.npmjs.org/has-property-descriptors cache-miss
4895 silly fetch manifest array-buffer-byte-length@^1.0.2
4896 silly packumentCache full:https://registry.npmjs.org/array-buffer-byte-length cache-miss
4897 silly fetch manifest arraybuffer.prototype.slice@^1.0.4
4898 silly packumentCache full:https://registry.npmjs.org/arraybuffer.prototype.slice cache-miss
4899 silly fetch manifest available-typed-arrays@^1.0.7
4900 silly packumentCache full:https://registry.npmjs.org/available-typed-arrays cache-miss
4901 silly fetch manifest data-view-buffer@^1.0.2
4902 silly packumentCache full:https://registry.npmjs.org/data-view-buffer cache-miss
4903 silly fetch manifest data-view-byte-length@^1.0.2
4904 silly packumentCache full:https://registry.npmjs.org/data-view-byte-length cache-miss
4905 silly fetch manifest data-view-byte-offset@^1.0.1
4906 silly packumentCache full:https://registry.npmjs.org/data-view-byte-offset cache-miss
4907 silly fetch manifest es-set-tostringtag@^2.1.0
4908 silly packumentCache full:https://registry.npmjs.org/es-set-tostringtag cache-miss
4909 silly fetch manifest es-to-primitive@^1.3.0
4910 silly packumentCache full:https://registry.npmjs.org/es-to-primitive cache-miss
4911 silly fetch manifest function.prototype.name@^1.1.8
4912 silly packumentCache full:https://registry.npmjs.org/function.prototype.name cache-miss
4913 silly fetch manifest get-intrinsic@^1.3.0
4914 silly packumentCache full:https://registry.npmjs.org/get-intrinsic cache-miss
4915 http fetch GET 200 https://registry.npmjs.org/array-buffer-byte-length 77ms (cache miss)
4916 silly packumentCache full:https://registry.npmjs.org/array-buffer-byte-length set size:undefined disposed:false
4917 silly fetch manifest get-proto@^1.0.1
4918 silly packumentCache full:https://registry.npmjs.org/get-proto cache-miss
4919 http fetch GET 200 https://registry.npmjs.org/has-property-descriptors 81ms (cache miss)
4920 silly packumentCache full:https://registry.npmjs.org/has-property-descriptors set size:undefined disposed:false
4921 silly fetch manifest get-symbol-description@^1.1.0
4922 silly packumentCache full:https://registry.npmjs.org/get-symbol-description cache-miss
4923 http fetch GET 200 https://registry.npmjs.org/define-data-property 88ms (cache miss)
4924 silly packumentCache full:https://registry.npmjs.org/define-data-property set size:undefined disposed:false
4925 silly fetch manifest globalthis@^1.0.4
4926 silly packumentCache full:https://registry.npmjs.org/globalthis cache-miss
4927 http fetch GET 200 https://registry.npmjs.org/data-view-byte-length 91ms (cache miss)
4928 silly packumentCache full:https://registry.npmjs.org/data-view-byte-length set size:undefined disposed:false
4929 silly fetch manifest gopd@^1.2.0
4930 silly packumentCache full:https://registry.npmjs.org/gopd cache-miss
4931 http fetch GET 200 https://registry.npmjs.org/data-view-buffer 92ms (cache miss)
4932 silly packumentCache full:https://registry.npmjs.org/data-view-buffer set size:undefined disposed:false
4933 silly fetch manifest has-property-descriptors@^1.0.2
4934 silly packumentCache full:https://registry.npmjs.org/has-property-descriptors cache-miss
4935 http fetch GET 200 https://registry.npmjs.org/data-view-byte-offset 94ms (cache miss)
4936 silly packumentCache full:https://registry.npmjs.org/data-view-byte-offset set size:undefined disposed:false
4937 silly fetch manifest has-proto@^1.2.0
4938 silly packumentCache full:https://registry.npmjs.org/has-proto cache-miss
4939 http fetch GET 200 https://registry.npmjs.org/es-to-primitive 94ms (cache miss)
4940 silly packumentCache full:https://registry.npmjs.org/es-to-primitive set size:undefined disposed:false
4941 silly fetch manifest has-symbols@^1.1.0
4942 silly packumentCache full:https://registry.npmjs.org/has-symbols cache-miss
4943 http fetch GET 200 https://registry.npmjs.org/set-function-length 98ms (cache miss)
4944 silly packumentCache full:https://registry.npmjs.org/set-function-length set size:undefined disposed:false
4945 silly fetch manifest internal-slot@^1.1.0
4946 silly packumentCache full:https://registry.npmjs.org/internal-slot cache-miss
4947 http fetch GET 200 https://registry.npmjs.org/function.prototype.name 95ms (cache miss)
4948 silly packumentCache full:https://registry.npmjs.org/function.prototype.name set size:undefined disposed:false
4949 silly fetch manifest is-array-buffer@^3.0.5
4950 silly packumentCache full:https://registry.npmjs.org/is-array-buffer cache-miss
4951 http fetch GET 200 https://registry.npmjs.org/arraybuffer.prototype.slice 102ms (cache miss)
4952 silly packumentCache full:https://registry.npmjs.org/arraybuffer.prototype.slice set size:undefined disposed:false
4953 silly fetch manifest is-callable@^1.2.7
4954 silly packumentCache full:https://registry.npmjs.org/is-callable cache-miss
4955 http fetch GET 200 https://registry.npmjs.org/available-typed-arrays 102ms (cache miss)
4956 silly packumentCache full:https://registry.npmjs.org/available-typed-arrays set size:undefined disposed:false
4957 silly fetch manifest is-data-view@^1.0.2
4958 silly packumentCache full:https://registry.npmjs.org/is-data-view cache-miss
4959 http fetch GET 200 https://registry.npmjs.org/get-intrinsic 112ms (cache revalidated)
4960 silly packumentCache full:https://registry.npmjs.org/get-intrinsic set size:60985 disposed:false
4961 silly fetch manifest is-negative-zero@^2.0.3
4962 silly packumentCache full:https://registry.npmjs.org/is-negative-zero cache-miss
4963 http fetch GET 200 https://registry.npmjs.org/get-intrinsic 108ms (cache revalidated)
4964 silly packumentCache full:https://registry.npmjs.org/get-intrinsic set size:60985 disposed:false
4965 silly packumentCache full:https://registry.npmjs.org/get-intrinsic dispose
4966 silly fetch manifest is-regex@^1.2.1
4967 silly packumentCache full:https://registry.npmjs.org/is-regex cache-miss
4968 http fetch GET 200 https://registry.npmjs.org/call-bind-apply-helpers 116ms (cache revalidated)
4969 silly packumentCache full:https://registry.npmjs.org/call-bind-apply-helpers set size:12744 disposed:false
4970 silly fetch manifest is-set@^2.0.3
4971 silly packumentCache full:https://registry.npmjs.org/is-set cache-miss
4972 http fetch GET 200 https://registry.npmjs.org/es-set-tostringtag 114ms (cache revalidated)
4973 silly packumentCache full:https://registry.npmjs.org/es-set-tostringtag set size:22094 disposed:false
4974 silly fetch manifest is-shared-array-buffer@^1.0.4
4975 silly packumentCache full:https://registry.npmjs.org/is-shared-array-buffer cache-miss
4976 http cache https://registry.npmjs.org/has-property-descriptors 28ms (cache hit)
4977 silly packumentCache full:https://registry.npmjs.org/has-property-descriptors set size:12452 disposed:false
4978 silly fetch manifest is-string@^1.1.1
4979 silly packumentCache full:https://registry.npmjs.org/is-string cache-miss
4980 http fetch GET 200 https://registry.npmjs.org/get-symbol-description 62ms (cache miss)
4981 silly packumentCache full:https://registry.npmjs.org/get-symbol-description set size:undefined disposed:false
4982 silly fetch manifest is-typed-array@^1.1.15
4983 silly packumentCache full:https://registry.npmjs.org/is-typed-array cache-miss
4984 http fetch GET 200 https://registry.npmjs.org/globalthis 60ms (cache miss)
4985 silly packumentCache full:https://registry.npmjs.org/globalthis set size:undefined disposed:false
4986 silly fetch manifest is-weakref@^1.1.1
4987 silly packumentCache full:https://registry.npmjs.org/is-weakref cache-miss
4988 http fetch GET 200 https://registry.npmjs.org/internal-slot 58ms (cache miss)
4989 silly packumentCache full:https://registry.npmjs.org/internal-slot set size:undefined disposed:false
4990 silly fetch manifest math-intrinsics@^1.1.0
4991 silly packumentCache full:https://registry.npmjs.org/math-intrinsics cache-miss
4992 http fetch GET 200 https://registry.npmjs.org/has-proto 63ms (cache miss)
4993 silly packumentCache full:https://registry.npmjs.org/has-proto set size:undefined disposed:false
4994 silly fetch manifest object.assign@^4.1.7
4995 silly packumentCache full:https://registry.npmjs.org/object.assign cache-miss
4996 http fetch GET 200 https://registry.npmjs.org/get-proto 88ms (cache revalidated)
4997 silly packumentCache full:https://registry.npmjs.org/get-proto set size:8300 disposed:false
4998 silly fetch manifest own-keys@^1.0.1
4999 silly packumentCache full:https://registry.npmjs.org/own-keys cache-miss
5000 http fetch GET 200 https://registry.npmjs.org/is-array-buffer 73ms (cache miss)
5001 silly packumentCache full:https://registry.npmjs.org/is-array-buffer set size:undefined disposed:false
5002 silly fetch manifest regexp.prototype.flags@^1.5.4
5003 silly packumentCache full:https://registry.npmjs.org/regexp.prototype.flags cache-miss
5004 http fetch GET 200 https://registry.npmjs.org/gopd 94ms (cache revalidated)
5005 silly packumentCache full:https://registry.npmjs.org/gopd set size:11483 disposed:false
5006 silly fetch manifest safe-array-concat@^1.1.3
5007 silly packumentCache full:https://registry.npmjs.org/safe-array-concat cache-miss
5008 http fetch GET 200 https://registry.npmjs.org/has-symbols 92ms (cache revalidated)
5009 silly packumentCache full:https://registry.npmjs.org/has-symbols set size:21550 disposed:false
5010 silly fetch manifest safe-push-apply@^1.0.0
5011 silly packumentCache full:https://registry.npmjs.org/safe-push-apply cache-miss
5012 http fetch GET 200 https://registry.npmjs.org/is-negative-zero 86ms (cache miss)
5013 silly packumentCache full:https://registry.npmjs.org/is-negative-zero set size:undefined disposed:false
5014 silly fetch manifest safe-regex-test@^1.1.0
5015 silly packumentCache full:https://registry.npmjs.org/safe-regex-test cache-miss
5016 http fetch GET 200 https://registry.npmjs.org/is-set 85ms (cache miss)
5017 silly packumentCache full:https://registry.npmjs.org/is-set set size:undefined disposed:false
5018 silly fetch manifest set-proto@^1.0.0
5019 silly packumentCache full:https://registry.npmjs.org/set-proto cache-miss
5020 http fetch GET 200 https://registry.npmjs.org/is-callable 100ms (cache miss)
5021 silly packumentCache full:https://registry.npmjs.org/is-callable set size:undefined disposed:false
5022 silly fetch manifest stop-iteration-iterator@^1.1.0
5023 silly packumentCache full:https://registry.npmjs.org/stop-iteration-iterator cache-miss
5024 http fetch GET 200 https://registry.npmjs.org/is-regex 91ms (cache miss)
5025 silly packumentCache full:https://registry.npmjs.org/is-regex set size:undefined disposed:false
5026 silly fetch manifest string.prototype.trim@^1.2.10
5027 silly packumentCache full:https://registry.npmjs.org/string.prototype.trim cache-miss
5028 http fetch GET 200 https://registry.npmjs.org/is-shared-array-buffer 91ms (cache miss)
5029 silly packumentCache full:https://registry.npmjs.org/is-shared-array-buffer set size:undefined disposed:false
5030 silly fetch manifest string.prototype.trimend@^1.0.9
5031 silly packumentCache full:https://registry.npmjs.org/string.prototype.trimend cache-miss
5032 http fetch GET 200 https://registry.npmjs.org/is-string 89ms (cache miss)
5033 silly packumentCache full:https://registry.npmjs.org/is-string set size:undefined disposed:false
5034 silly fetch manifest string.prototype.trimstart@^1.0.8
5035 silly packumentCache full:https://registry.npmjs.org/string.prototype.trimstart cache-miss
5036 http fetch GET 200 https://registry.npmjs.org/is-weakref 70ms (cache miss)
5037 silly packumentCache full:https://registry.npmjs.org/is-weakref set size:undefined disposed:false
5038 silly fetch manifest typed-array-buffer@^1.0.3
5039 silly packumentCache full:https://registry.npmjs.org/typed-array-buffer cache-miss
5040 http fetch GET 200 https://registry.npmjs.org/is-typed-array 94ms (cache miss)
5041 silly packumentCache full:https://registry.npmjs.org/is-typed-array set size:undefined disposed:false
5042 silly fetch manifest typed-array-byte-length@^1.0.3
5043 silly packumentCache full:https://registry.npmjs.org/typed-array-byte-length cache-miss
5044 http fetch GET 200 https://registry.npmjs.org/math-intrinsics 98ms (cache revalidated)
5045 silly packumentCache full:https://registry.npmjs.org/math-intrinsics set size:9265 disposed:false
5046 silly fetch manifest typed-array-byte-offset@^1.0.4
5047 silly packumentCache full:https://registry.npmjs.org/typed-array-byte-offset cache-miss
5048 http fetch GET 200 https://registry.npmjs.org/own-keys 92ms (cache miss)
5049 silly packumentCache full:https://registry.npmjs.org/own-keys set size:undefined disposed:false
5050 silly fetch manifest typed-array-length@^1.0.7
5051 silly packumentCache full:https://registry.npmjs.org/typed-array-length cache-miss
5052 http fetch GET 200 https://registry.npmjs.org/object.assign 101ms (cache miss)
5053 silly packumentCache full:https://registry.npmjs.org/object.assign set size:undefined disposed:false
5054 silly fetch manifest unbox-primitive@^1.1.0
5055 silly packumentCache full:https://registry.npmjs.org/unbox-primitive cache-miss
5056 http fetch GET 200 https://registry.npmjs.org/regexp.prototype.flags 88ms (cache miss)
5057 silly packumentCache full:https://registry.npmjs.org/regexp.prototype.flags set size:undefined disposed:false
5058 silly fetch manifest which-typed-array@^1.1.19
5059 silly packumentCache full:https://registry.npmjs.org/which-typed-array cache-miss
5060 http fetch GET 200 https://registry.npmjs.org/safe-array-concat 96ms (cache miss)
5061 silly packumentCache full:https://registry.npmjs.org/safe-array-concat set size:undefined disposed:false
5062 http fetch GET 200 https://registry.npmjs.org/stop-iteration-iterator 84ms (cache miss)
5063 silly packumentCache full:https://registry.npmjs.org/stop-iteration-iterator set size:undefined disposed:false
5064 http fetch GET 200 https://registry.npmjs.org/safe-push-apply 99ms (cache miss)
5065 silly packumentCache full:https://registry.npmjs.org/safe-push-apply set size:undefined disposed:false
5066 http fetch GET 200 https://registry.npmjs.org/set-proto 90ms (cache miss)
5067 silly packumentCache full:https://registry.npmjs.org/set-proto set size:undefined disposed:false
5068 http fetch GET 200 https://registry.npmjs.org/safe-regex-test 91ms (cache miss)
5069 silly packumentCache full:https://registry.npmjs.org/safe-regex-test set size:undefined disposed:false
5070 http fetch GET 200 https://registry.npmjs.org/string.prototype.trim 88ms (cache miss)
5071 silly packumentCache full:https://registry.npmjs.org/string.prototype.trim set size:undefined disposed:false
5072 http fetch GET 200 https://registry.npmjs.org/typed-array-buffer 80ms (cache miss)
5073 silly packumentCache full:https://registry.npmjs.org/typed-array-buffer set size:undefined disposed:false
5074 http fetch GET 200 https://registry.npmjs.org/string.prototype.trimstart 112ms (cache miss)
5075 silly packumentCache full:https://registry.npmjs.org/string.prototype.trimstart set size:undefined disposed:false
5076 http fetch GET 200 https://registry.npmjs.org/typed-array-byte-length 85ms (cache miss)
5077 silly packumentCache full:https://registry.npmjs.org/typed-array-byte-length set size:undefined disposed:false
5078 http fetch GET 200 https://registry.npmjs.org/typed-array-byte-offset 71ms (cache miss)
5079 silly packumentCache full:https://registry.npmjs.org/typed-array-byte-offset set size:undefined disposed:false
5080 http fetch GET 200 https://registry.npmjs.org/typed-array-length 81ms (cache miss)
5081 silly packumentCache full:https://registry.npmjs.org/typed-array-length set size:undefined disposed:false
5082 http fetch GET 200 https://registry.npmjs.org/unbox-primitive 80ms (cache miss)
5083 silly packumentCache full:https://registry.npmjs.org/unbox-primitive set size:undefined disposed:false
5084 http fetch GET 200 https://registry.npmjs.org/which-typed-array 80ms (cache miss)
5085 silly packumentCache full:https://registry.npmjs.org/which-typed-array set size:undefined disposed:false
5086 http fetch GET 200 https://registry.npmjs.org/is-data-view 294ms (cache miss)
5087 silly packumentCache full:https://registry.npmjs.org/is-data-view set size:undefined disposed:false
5088 http fetch GET 200 https://registry.npmjs.org/string.prototype.trimend 295ms (cache miss)
5089 silly packumentCache full:https://registry.npmjs.org/string.prototype.trimend set size:undefined disposed:false
5090 silly placeDep ROOT call-bind-apply-helpers@1.0.2 OK for: call-bind@1.0.9 want: ^1.0.2
5091 silly placeDep ROOT get-intrinsic@1.3.0 OK for: call-bind@1.0.9 want: ^1.3.0
5092 silly placeDep ROOT set-function-length@1.2.2 OK for: call-bind@1.0.9 want: ^1.2.2
5093 silly fetch manifest define-data-property@^1.1.4
5094 silly packumentCache full:https://registry.npmjs.org/define-data-property cache-miss
5095 silly fetch manifest gopd@^1.0.1
5096 silly packumentCache full:https://registry.npmjs.org/gopd cache-hit
5097 http cache https://registry.npmjs.org/define-data-property 4ms (cache hit)
5098 silly packumentCache full:https://registry.npmjs.org/define-data-property set size:28048 disposed:false
5099 silly placeDep ROOT define-data-property@1.1.4 OK for: define-properties@1.2.1 want: ^1.0.1
5100 silly placeDep ROOT has-property-descriptors@1.0.2 OK for: define-properties@1.2.1 want: ^1.0.0
5101 silly placeDep ROOT gopd@1.2.0 OK for: define-data-property@1.1.4 want: ^1.0.1
5102 silly placeDep ROOT array-buffer-byte-length@1.0.2 OK for: es-abstract@1.24.2 want: ^1.0.2
5103 silly placeDep ROOT arraybuffer.prototype.slice@1.0.4 OK for: es-abstract@1.24.2 want: ^1.0.4
5104 silly placeDep ROOT available-typed-arrays@1.0.7 OK for: es-abstract@1.24.2 want: ^1.0.7
5105 silly placeDep ROOT call-bound@1.0.4 OK for: es-abstract@1.24.2 want: ^1.0.4
5106 silly placeDep ROOT data-view-buffer@1.0.2 OK for: es-abstract@1.24.2 want: ^1.0.2
5107 silly placeDep ROOT data-view-byte-length@1.0.2 OK for: es-abstract@1.24.2 want: ^1.0.2
5108 silly placeDep ROOT data-view-byte-offset@1.0.1 OK for: es-abstract@1.24.2 want: ^1.0.1
5109 silly placeDep ROOT es-object-atoms@1.1.2 OK for: es-abstract@1.24.2 want: ^1.1.1
5110 silly placeDep ROOT es-set-tostringtag@2.1.0 OK for: es-abstract@1.24.2 want: ^2.1.0
5111 silly placeDep ROOT es-to-primitive@1.3.4 OK for: es-abstract@1.24.2 want: ^1.3.0
5112 silly placeDep ROOT function.prototype.name@1.2.0 OK for: es-abstract@1.24.2 want: ^1.1.8
5113 silly placeDep ROOT get-proto@1.0.1 OK for: es-abstract@1.24.2 want: ^1.0.1
5114 silly placeDep ROOT get-symbol-description@1.1.0 OK for: es-abstract@1.24.2 want: ^1.1.0
5115 silly placeDep ROOT globalthis@1.0.4 OK for: es-abstract@1.24.2 want: ^1.0.4
5116 silly placeDep ROOT has-proto@1.2.0 OK for: es-abstract@1.24.2 want: ^1.2.0
5117 silly placeDep ROOT has-symbols@1.1.0 OK for: es-abstract@1.24.2 want: ^1.1.0
5118 silly placeDep ROOT internal-slot@1.1.0 OK for: es-abstract@1.24.2 want: ^1.1.0
5119 silly placeDep ROOT is-array-buffer@3.0.5 OK for: es-abstract@1.24.2 want: ^3.0.5
5120 silly placeDep ROOT is-callable@1.2.7 OK for: es-abstract@1.24.2 want: ^1.2.7
5121 silly placeDep ROOT is-data-view@1.0.2 OK for: es-abstract@1.24.2 want: ^1.0.2
5122 silly placeDep ROOT is-negative-zero@2.0.3 OK for: es-abstract@1.24.2 want: ^2.0.3
5123 silly placeDep ROOT is-regex@1.2.1 OK for: es-abstract@1.24.2 want: ^1.2.1
5124 silly placeDep ROOT is-set@2.0.3 OK for: es-abstract@1.24.2 want: ^2.0.3
5125 silly placeDep ROOT is-shared-array-buffer@1.0.4 OK for: es-abstract@1.24.2 want: ^1.0.4
5126 silly placeDep ROOT is-string@1.1.1 OK for: es-abstract@1.24.2 want: ^1.1.1
5127 silly placeDep ROOT is-typed-array@1.1.15 OK for: es-abstract@1.24.2 want: ^1.1.15
5128 silly placeDep ROOT is-weakref@1.1.1 OK for: es-abstract@1.24.2 want: ^1.1.1
5129 silly placeDep ROOT math-intrinsics@1.1.0 OK for: es-abstract@1.24.2 want: ^1.1.0
5130 silly placeDep ROOT object-inspect@1.13.4 OK for: es-abstract@1.24.2 want: ^1.13.4
5131 silly placeDep ROOT object.assign@4.1.7 OK for: es-abstract@1.24.2 want: ^4.1.7
5132 silly placeDep ROOT own-keys@1.0.2 OK for: es-abstract@1.24.2 want: ^1.0.1
5133 silly placeDep ROOT regexp.prototype.flags@1.5.4 OK for: es-abstract@1.24.2 want: ^1.5.4
5134 silly placeDep ROOT safe-array-concat@1.1.4 OK for: es-abstract@1.24.2 want: ^1.1.3
5135 silly placeDep ROOT safe-push-apply@1.0.0 OK for: es-abstract@1.24.2 want: ^1.0.0
5136 silly placeDep ROOT safe-regex-test@1.1.0 OK for: es-abstract@1.24.2 want: ^1.1.0
5137 silly placeDep ROOT set-proto@1.0.0 OK for: es-abstract@1.24.2 want: ^1.0.0
5138 silly placeDep ROOT stop-iteration-iterator@1.1.0 OK for: es-abstract@1.24.2 want: ^1.1.0
5139 silly placeDep ROOT string.prototype.trim@1.2.11 OK for: es-abstract@1.24.2 want: ^1.2.10
5140 silly placeDep ROOT string.prototype.trimend@1.0.10 OK for: es-abstract@1.24.2 want: ^1.0.9
5141 silly placeDep ROOT string.prototype.trimstart@1.0.8 OK for: es-abstract@1.24.2 want: ^1.0.8
5142 silly placeDep ROOT typed-array-buffer@1.0.3 OK for: es-abstract@1.24.2 want: ^1.0.3
5143 silly placeDep ROOT typed-array-byte-length@1.0.3 OK for: es-abstract@1.24.2 want: ^1.0.3
5144 silly placeDep ROOT typed-array-byte-offset@1.0.4 OK for: es-abstract@1.24.2 want: ^1.0.4
5145 silly placeDep ROOT typed-array-length@1.0.8 OK for: es-abstract@1.24.2 want: ^1.0.7
5146 silly placeDep ROOT unbox-primitive@1.1.0 OK for: es-abstract@1.24.2 want: ^1.1.0
5147 silly placeDep ROOT which-typed-array@1.1.22 OK for: es-abstract@1.24.2 want: ^1.1.19
5148 silly fetch manifest call-bound@^1.0.3
5149 silly packumentCache full:https://registry.npmjs.org/call-bound cache-miss
5150 silly fetch manifest is-array-buffer@^3.0.4
5151 silly packumentCache full:https://registry.npmjs.org/is-array-buffer cache-miss
5152 silly fetch manifest possible-typed-array-names@^1.0.0
5153 silly packumentCache full:https://registry.npmjs.org/possible-typed-array-names cache-miss
5154 silly fetch manifest is-data-view@^1.0.1
5155 silly packumentCache full:https://registry.npmjs.org/is-data-view cache-miss
5156 silly fetch manifest has-tostringtag@^1.0.2
5157 silly packumentCache full:https://registry.npmjs.org/has-tostringtag cache-miss
5158 silly fetch manifest is-symbol@^1.1.1
5159 silly packumentCache full:https://registry.npmjs.org/is-symbol cache-miss
5160 silly fetch manifest is-date-object@^1.1.0
5161 silly packumentCache full:https://registry.npmjs.org/is-date-object cache-miss
5162 silly fetch manifest es-abstract-get@^1.0.0
5163 silly packumentCache full:https://registry.npmjs.org/es-abstract-get cache-miss
5164 silly fetch manifest is-document.all@^1.0.0
5165 silly packumentCache full:https://registry.npmjs.org/is-document.all cache-miss
5166 silly fetch manifest functions-have-names@^1.2.3
5167 silly packumentCache full:https://registry.npmjs.org/functions-have-names cache-miss
5168 silly fetch manifest dunder-proto@^1.0.1
5169 silly packumentCache full:https://registry.npmjs.org/dunder-proto cache-miss
5170 silly fetch manifest dunder-proto@^1.0.0
5171 silly packumentCache full:https://registry.npmjs.org/dunder-proto cache-miss
5172 silly fetch manifest is-typed-array@^1.1.13
5173 silly packumentCache full:https://registry.npmjs.org/is-typed-array cache-miss
5174 silly fetch manifest has-tostringtag@^1.0.2
5175 silly packumentCache full:https://registry.npmjs.org/has-tostringtag cache-miss
5176 silly fetch manifest has-tostringtag@^1.0.2
5177 silly packumentCache full:https://registry.npmjs.org/has-tostringtag cache-miss
5178 http cache https://registry.npmjs.org/is-array-buffer 51ms (cache hit)
5179 silly packumentCache full:https://registry.npmjs.org/is-array-buffer set size:33562 disposed:false
5180 silly fetch manifest which-typed-array@^1.1.16
5181 silly packumentCache full:https://registry.npmjs.org/which-typed-array cache-miss
5182 http cache https://registry.npmjs.org/call-bound 53ms (cache hit)
5183 silly packumentCache full:https://registry.npmjs.org/call-bound set size:15317 disposed:false
5184 silly fetch manifest set-function-name@^2.0.2
5185 silly packumentCache full:https://registry.npmjs.org/set-function-name cache-miss
5186 http cache https://registry.npmjs.org/is-data-view 53ms (cache hit)
5187 silly packumentCache full:https://registry.npmjs.org/is-data-view set size:13756 disposed:false
5188 silly fetch manifest isarray@^2.0.5
5189 silly packumentCache full:https://registry.npmjs.org/isarray cache-miss
5190 http cache https://registry.npmjs.org/is-typed-array 52ms (cache hit)
5191 silly packumentCache full:https://registry.npmjs.org/is-typed-array set size:79965 disposed:false
5192 silly fetch manifest isarray@^2.0.5
5193 silly packumentCache full:https://registry.npmjs.org/isarray cache-miss
5194 http cache https://registry.npmjs.org/which-typed-array 10ms (cache hit)
5195 silly packumentCache full:https://registry.npmjs.org/which-typed-array set size:101551 disposed:false
5196 silly fetch manifest dunder-proto@^1.0.1
5197 silly packumentCache full:https://registry.npmjs.org/dunder-proto cache-miss
5198 http cache https://registry.npmjs.org/isarray 10ms (cache hit)
5199 silly packumentCache full:https://registry.npmjs.org/isarray set size:17392 disposed:false
5200 silly fetch manifest for-each@^0.3.3
5201 silly packumentCache full:https://registry.npmjs.org/for-each cache-miss
5202 http cache https://registry.npmjs.org/isarray 9ms (cache hit)
5203 silly packumentCache full:https://registry.npmjs.org/isarray set size:17392 disposed:false
5204 silly packumentCache full:https://registry.npmjs.org/isarray dispose
5205 silly fetch manifest for-each@^0.3.3
5206 silly packumentCache full:https://registry.npmjs.org/for-each cache-miss
5207 http fetch GET 200 https://registry.npmjs.org/possible-typed-array-names 81ms (cache miss)
5208 silly packumentCache full:https://registry.npmjs.org/possible-typed-array-names set size:undefined disposed:false
5209 silly fetch manifest reflect.getprototypeof@^1.0.9
5210 silly packumentCache full:https://registry.npmjs.org/reflect.getprototypeof cache-miss
5211 http fetch GET 200 https://registry.npmjs.org/es-abstract-get 80ms (cache miss)
5212 silly packumentCache full:https://registry.npmjs.org/es-abstract-get set size:undefined disposed:false
5213 silly fetch manifest for-each@^0.3.5
5214 silly packumentCache full:https://registry.npmjs.org/for-each cache-miss
5215 http fetch GET 200 https://registry.npmjs.org/is-date-object 84ms (cache miss)
5216 silly packumentCache full:https://registry.npmjs.org/is-date-object set size:undefined disposed:false
5217 silly fetch manifest possible-typed-array-names@^1.1.0
5218 silly packumentCache full:https://registry.npmjs.org/possible-typed-array-names cache-miss
5219 http fetch GET 200 https://registry.npmjs.org/is-symbol 86ms (cache miss)
5220 silly packumentCache full:https://registry.npmjs.org/is-symbol set size:undefined disposed:false
5221 silly fetch manifest reflect.getprototypeof@^1.0.10
5222 silly packumentCache full:https://registry.npmjs.org/reflect.getprototypeof cache-miss
5223 http fetch GET 200 https://registry.npmjs.org/functions-have-names 90ms (cache miss)
5224 silly packumentCache full:https://registry.npmjs.org/functions-have-names set size:undefined disposed:false
5225 silly fetch manifest has-bigints@^1.0.2
5226 silly packumentCache full:https://registry.npmjs.org/has-bigints cache-miss
5227 http cache https://registry.npmjs.org/possible-typed-array-names 9ms (cache hit)
5228 silly packumentCache full:https://registry.npmjs.org/possible-typed-array-names set size:9167 disposed:false
5229 silly fetch manifest which-boxed-primitive@^1.1.1
5230 silly packumentCache full:https://registry.npmjs.org/which-boxed-primitive cache-miss
5231 http fetch GET 200 https://registry.npmjs.org/dunder-proto 109ms (cache revalidated)
5232 silly packumentCache full:https://registry.npmjs.org/dunder-proto set size:8256 disposed:false
5233 silly fetch manifest for-each@^0.3.5
5234 silly packumentCache full:https://registry.npmjs.org/for-each cache-miss
5235 http fetch GET 200 https://registry.npmjs.org/dunder-proto 114ms (cache revalidated)
5236 silly packumentCache full:https://registry.npmjs.org/dunder-proto set size:8256 disposed:false
5237 silly packumentCache full:https://registry.npmjs.org/dunder-proto dispose
5238 silly fetch manifest has-tostringtag@^1.0.2
5239 silly packumentCache full:https://registry.npmjs.org/has-tostringtag cache-miss
5240 http fetch GET 200 https://registry.npmjs.org/has-tostringtag 114ms (cache revalidated)
5241 silly packumentCache full:https://registry.npmjs.org/has-tostringtag set size:13945 disposed:false
5242 http fetch GET 200 https://registry.npmjs.org/has-tostringtag 118ms (cache revalidated)
5243 silly packumentCache full:https://registry.npmjs.org/has-tostringtag set size:13945 disposed:false
5244 silly packumentCache full:https://registry.npmjs.org/has-tostringtag dispose
5245 http fetch GET 200 https://registry.npmjs.org/has-tostringtag 115ms (cache revalidated)
5246 silly packumentCache full:https://registry.npmjs.org/has-tostringtag set size:13945 disposed:true
5247 silly packumentCache full:https://registry.npmjs.org/has-tostringtag dispose
5248 http fetch GET 200 https://registry.npmjs.org/set-function-name 67ms (cache miss)
5249 silly packumentCache full:https://registry.npmjs.org/set-function-name set size:undefined disposed:false
5250 http fetch GET 200 https://registry.npmjs.org/for-each 56ms (cache miss)
5251 silly packumentCache full:https://registry.npmjs.org/for-each set size:undefined disposed:false
5252 http cache https://registry.npmjs.org/has-tostringtag 6ms (cache hit)
5253 silly packumentCache full:https://registry.npmjs.org/has-tostringtag set size:13945 disposed:true
5254 silly packumentCache full:https://registry.npmjs.org/has-tostringtag dispose
5255 http fetch GET 200 https://registry.npmjs.org/for-each 74ms (cache miss)
5256 silly packumentCache full:https://registry.npmjs.org/for-each set size:undefined disposed:false
5257 http fetch GET 200 https://registry.npmjs.org/dunder-proto 79ms (cache revalidated)
5258 silly packumentCache full:https://registry.npmjs.org/dunder-proto set size:8256 disposed:true
5259 silly packumentCache full:https://registry.npmjs.org/dunder-proto dispose
5260 http fetch GET 200 https://registry.npmjs.org/for-each 62ms (cache miss)
5261 silly packumentCache full:https://registry.npmjs.org/for-each set size:undefined disposed:false
5262 http fetch GET 200 https://registry.npmjs.org/reflect.getprototypeof 64ms (cache miss)
5263 silly packumentCache full:https://registry.npmjs.org/reflect.getprototypeof set size:undefined disposed:false
5264 http fetch GET 200 https://registry.npmjs.org/reflect.getprototypeof 69ms (cache miss)
5265 silly packumentCache full:https://registry.npmjs.org/reflect.getprototypeof set size:undefined disposed:false
5266 http fetch GET 200 https://registry.npmjs.org/has-bigints 66ms (cache miss)
5267 silly packumentCache full:https://registry.npmjs.org/has-bigints set size:undefined disposed:false
5268 http fetch GET 200 https://registry.npmjs.org/which-boxed-primitive 64ms (cache miss)
5269 silly packumentCache full:https://registry.npmjs.org/which-boxed-primitive set size:undefined disposed:false
5270 http fetch GET 200 https://registry.npmjs.org/for-each 54ms (cache miss)
5271 silly packumentCache full:https://registry.npmjs.org/for-each set size:undefined disposed:false
5272 http fetch GET 200 https://registry.npmjs.org/is-document.all 312ms (cache miss)
5273 silly packumentCache full:https://registry.npmjs.org/is-document.all set size:undefined disposed:false
5274 silly placeDep ROOT possible-typed-array-names@1.1.0 OK for: available-typed-arrays@1.0.7 want: ^1.0.0
5275 silly placeDep ROOT has-tostringtag@1.0.2 OK for: es-set-tostringtag@2.1.0 want: ^1.0.2
5276 silly placeDep ROOT es-abstract-get@1.0.0 OK for: es-to-primitive@1.3.4 want: ^1.0.0
5277 silly placeDep ROOT is-date-object@1.1.0 OK for: es-to-primitive@1.3.4 want: ^1.1.0
5278 silly placeDep ROOT is-symbol@1.1.1 OK for: es-to-primitive@1.3.4 want: ^1.1.1
5279 silly placeDep ROOT functions-have-names@1.2.3 OK for: function.prototype.name@1.2.0 want: ^1.2.3
5280 silly placeDep ROOT is-document.all@1.0.0 OK for: function.prototype.name@1.2.0 want: ^1.0.0
5281 silly placeDep ROOT dunder-proto@1.0.1 OK for: get-proto@1.0.1 want: ^1.0.1
5282 silly placeDep ROOT set-function-name@2.0.2 OK for: regexp.prototype.flags@1.5.4 want: ^2.0.2
5283 silly placeDep ROOT is-promise@4.0.0 OK for: router@2.2.0 want: ^4.0.0
5284 silly placeDep ROOT path-to-regexp@8.4.2 OK for: router@2.2.0 want: ^8.0.0
5285 silly placeDep ROOT queue-microtask@1.2.3 OK for: run-parallel@1.2.0 want: ^1.2.2
5286 silly placeDep ROOT isarray@2.0.5 OK for: safe-array-concat@1.1.4 want: ^2.0.5
5287 silly placeDep ROOT ret@0.5.0 OK for: safe-regex2@5.1.1 want: ~0.5.0
5288 silly placeDep ROOT @img/colour@1.1.0 OK for: sharp@0.34.5 want: ^1.0.0
5289 silly placeDep ROOT @img/sharp-darwin-arm64@0.34.5 OK for: sharp@0.34.5 want: 0.34.5
5290 silly placeDep ROOT @img/sharp-darwin-x64@0.34.5 OK for: sharp@0.34.5 want: 0.34.5
5291 silly placeDep ROOT @img/sharp-libvips-darwin-arm64@1.2.4 OK for: sharp@0.34.5 want: 1.2.4
5292 silly placeDep ROOT @img/sharp-libvips-darwin-x64@1.2.4 OK for: sharp@0.34.5 want: 1.2.4
5293 silly placeDep ROOT @img/sharp-libvips-linux-arm@1.2.4 OK for: sharp@0.34.5 want: 1.2.4
5294 silly placeDep ROOT @img/sharp-libvips-linux-arm64@1.2.4 OK for: sharp@0.34.5 want: 1.2.4
5295 silly placeDep ROOT @img/sharp-libvips-linux-ppc64@1.2.4 OK for: sharp@0.34.5 want: 1.2.4
5296 silly placeDep ROOT @img/sharp-libvips-linux-riscv64@1.2.4 OK for: sharp@0.34.5 want: 1.2.4
5297 silly placeDep ROOT @img/sharp-libvips-linux-s390x@1.2.4 OK for: sharp@0.34.5 want: 1.2.4
5298 silly placeDep ROOT @img/sharp-libvips-linux-x64@1.2.4 OK for: sharp@0.34.5 want: 1.2.4
5299 silly placeDep ROOT @img/sharp-libvips-linuxmusl-arm64@1.2.4 OK for: sharp@0.34.5 want: 1.2.4
5300 silly placeDep ROOT @img/sharp-libvips-linuxmusl-x64@1.2.4 OK for: sharp@0.34.5 want: 1.2.4
5301 silly placeDep ROOT @img/sharp-linux-arm@0.34.5 OK for: sharp@0.34.5 want: 0.34.5
5302 silly placeDep ROOT @img/sharp-linux-arm64@0.34.5 OK for: sharp@0.34.5 want: 0.34.5
5303 silly placeDep ROOT @img/sharp-linux-ppc64@0.34.5 OK for: sharp@0.34.5 want: 0.34.5
5304 silly placeDep ROOT @img/sharp-linux-riscv64@0.34.5 OK for: sharp@0.34.5 want: 0.34.5
5305 silly placeDep ROOT @img/sharp-linux-s390x@0.34.5 OK for: sharp@0.34.5 want: 0.34.5
5306 silly placeDep ROOT @img/sharp-linux-x64@0.34.5 OK for: sharp@0.34.5 want: 0.34.5
5307 silly placeDep ROOT @img/sharp-linuxmusl-arm64@0.34.5 OK for: sharp@0.34.5 want: 0.34.5
5308 silly placeDep ROOT @img/sharp-linuxmusl-x64@0.34.5 OK for: sharp@0.34.5 want: 0.34.5
5309 silly placeDep ROOT @img/sharp-wasm32@0.34.5 OK for: sharp@0.34.5 want: 0.34.5
5310 silly placeDep ROOT @img/sharp-win32-arm64@0.34.5 OK for: sharp@0.34.5 want: 0.34.5
5311 silly placeDep ROOT @img/sharp-win32-ia32@0.34.5 OK for: sharp@0.34.5 want: 0.34.5
5312 silly placeDep ROOT @img/sharp-win32-x64@0.34.5 OK for: sharp@0.34.5 want: 0.34.5
5313 silly fetch manifest @emnapi/runtime@^1.7.0
5314 silly packumentCache full:https://registry.npmjs.org/@emnapi%2fruntime cache-miss
5315 http fetch GET 200 https://registry.npmjs.org/@emnapi%2fruntime 83ms (cache revalidated)
5316 silly packumentCache full:https://registry.npmjs.org/@emnapi%2fruntime set size:125040 disposed:false
5317 silly placeDep ROOT @emnapi/runtime@1.11.3 OK for: @img/sharp-wasm32@0.34.5 want: ^1.7.0
5318 silly placeDep ROOT shebang-regex@3.0.0 OK for: shebang-command@2.0.0 want: ^3.0.0
5319 silly placeDep ROOT side-channel-list@1.0.1 OK for: side-channel@1.1.1 want: ^1.0.1
5320 silly placeDep ROOT side-channel-map@1.0.1 OK for: side-channel@1.1.1 want: ^1.0.1
5321 silly placeDep ROOT side-channel-weakmap@1.0.2 OK for: side-channel@1.1.1 want: ^1.0.2
5322 silly placeDep ROOT ansi-styles@6.2.3 OK for: slice-ansi@8.0.0 want: ^6.2.3
5323 silly placeDep ROOT is-fullwidth-code-point@5.1.0 OK for: slice-ansi@8.0.0 want: ^5.1.0
5324 silly fetch manifest get-east-asian-width@^1.3.1
5325 silly packumentCache full:https://registry.npmjs.org/get-east-asian-width cache-miss
5326 http cache https://registry.npmjs.org/get-east-asian-width 4ms (cache hit)
5327 silly packumentCache full:https://registry.npmjs.org/get-east-asian-width set size:20538 disposed:false
5328 silly placeDep ROOT get-east-asian-width@1.6.0 OK for: is-fullwidth-code-point@5.1.0 want: ^1.3.1
5329 silly placeDep ROOT buffer-from@1.1.2 OK for: source-map-support@0.5.21 want: ^1.0.0
5330 silly placeDep ROOT emoji-regex@10.6.0 OK for: string-width@7.2.0 want: ^10.3.0
5331 silly placeDep node_modules/string-width strip-ansi@7.2.0 OK for: string-width@7.2.0 want: ^7.1.0
5332 silly placeDep ROOT ansi-regex@5.0.1 OK for: strip-ansi@6.0.1 want: ^5.0.1
5333 silly placeDep ROOT stubborn-utils@1.0.2 OK for: stubborn-fs@2.0.0 want: ^1.0.1
5334 silly placeDep node_modules/svgo commander@11.1.0 OK for: svgo@4.0.2 want: ^11.1.0
5335 silly placeDep ROOT css-select@5.2.2 OK for: svgo@4.0.2 want: ^5.1.0
5336 silly placeDep ROOT css-tree@3.2.1 OK for: svgo@4.0.2 want: ^3.0.1
5337 silly placeDep ROOT css-what@6.2.2 OK for: svgo@4.0.2 want: ^6.1.0
5338 silly placeDep ROOT csso@5.0.5 OK for: svgo@4.0.2 want: ^5.0.5
5339 silly placeDep ROOT sax@1.6.1 OK for: svgo@4.0.2 want: ^1.5.0
5340 silly fetch manifest boolbase@^1.0.0
5341 silly packumentCache full:https://registry.npmjs.org/boolbase cache-miss
5342 silly fetch manifest domutils@^3.0.1
5343 silly packumentCache full:https://registry.npmjs.org/domutils cache-miss
5344 silly fetch manifest nth-check@^2.0.1
5345 silly packumentCache full:https://registry.npmjs.org/nth-check cache-miss
5346 silly fetch manifest domhandler@^5.0.2
5347 silly packumentCache full:https://registry.npmjs.org/domhandler cache-miss
5348 silly fetch manifest mdn-data@2.27.1
5349 silly packumentCache full:https://registry.npmjs.org/mdn-data cache-miss
5350 silly fetch manifest css-tree@~2.2.0
5351 silly packumentCache full:https://registry.npmjs.org/css-tree cache-miss
5352 http cache https://registry.npmjs.org/css-tree 7ms (cache hit)
5353 silly packumentCache full:https://registry.npmjs.org/css-tree set size:229638 disposed:false
5354 http fetch GET 200 https://registry.npmjs.org/boolbase 62ms (cache miss)
5355 silly packumentCache full:https://registry.npmjs.org/boolbase set size:undefined disposed:false
5356 http fetch GET 200 https://registry.npmjs.org/nth-check 73ms (cache miss)
5357 silly packumentCache full:https://registry.npmjs.org/nth-check set size:undefined disposed:false
5358 http fetch GET 200 https://registry.npmjs.org/domhandler 76ms (cache miss)
5359 silly packumentCache full:https://registry.npmjs.org/domhandler set size:undefined disposed:false
5360 http fetch GET 200 https://registry.npmjs.org/domutils 97ms (cache miss)
5361 silly packumentCache full:https://registry.npmjs.org/domutils set size:undefined disposed:false
5362 http fetch GET 200 https://registry.npmjs.org/mdn-data 337ms (cache miss)
5363 silly packumentCache full:https://registry.npmjs.org/mdn-data set size:undefined disposed:false
5364 silly placeDep ROOT boolbase@1.0.0 OK for: css-select@5.2.2 want: ^1.0.0
5365 silly placeDep ROOT domhandler@5.0.3 OK for: css-select@5.2.2 want: ^5.0.2
5366 silly placeDep ROOT domutils@3.2.2 OK for: css-select@5.2.2 want: ^3.0.1
5367 silly placeDep ROOT nth-check@2.1.1 OK for: css-select@5.2.2 want: ^2.0.1
5368 silly fetch manifest domelementtype@^2.3.0
5369 silly packumentCache full:https://registry.npmjs.org/domelementtype cache-miss
5370 silly fetch manifest dom-serializer@^2.0.0
5371 silly packumentCache full:https://registry.npmjs.org/dom-serializer cache-miss
5372 silly fetch manifest domelementtype@^2.3.0
5373 silly packumentCache full:https://registry.npmjs.org/domelementtype cache-miss
5374 http fetch GET 200 https://registry.npmjs.org/domelementtype 65ms (cache miss)
5375 silly packumentCache full:https://registry.npmjs.org/domelementtype set size:undefined disposed:false
5376 http fetch GET 200 https://registry.npmjs.org/domelementtype 67ms (cache miss)
5377 silly packumentCache full:https://registry.npmjs.org/domelementtype set size:undefined disposed:false
5378 http fetch GET 200 https://registry.npmjs.org/dom-serializer 317ms (cache miss)
5379 silly packumentCache full:https://registry.npmjs.org/dom-serializer set size:undefined disposed:false
5380 silly placeDep ROOT mdn-data@2.27.1 OK for: css-tree@3.2.1 want: 2.27.1
5381 silly placeDep node_modules/csso css-tree@2.2.1 OK for: csso@5.0.5 want: ~2.2.0
5382 silly fetch manifest mdn-data@2.0.28
5383 silly packumentCache full:https://registry.npmjs.org/mdn-data cache-miss
5384 http cache https://registry.npmjs.org/mdn-data 7ms (cache hit)
5385 silly packumentCache full:https://registry.npmjs.org/mdn-data set size:183716 disposed:false
5386 silly placeDep ROOT domelementtype@2.3.0 OK for: domhandler@5.0.3 want: ^2.3.0
5387 silly placeDep ROOT dom-serializer@2.0.0 OK for: domutils@3.2.2 want: ^2.0.0
5388 silly fetch manifest entities@^4.2.0
5389 silly packumentCache full:https://registry.npmjs.org/entities cache-hit
5390 silly placeDep node_modules/dom-serializer entities@4.5.0 OK for: dom-serializer@2.0.0 want: ^4.2.0
5391 silly placeDep ROOT @isaacs/fs-minipass@4.0.1 OK for: tar@7.5.22 want: ^4.0.0
5392 silly placeDep ROOT chownr@3.0.0 OK for: tar@7.5.22 want: ^3.0.0
5393 silly placeDep ROOT minizlib@3.1.0 OK for: tar@7.5.22 want: ^3.1.0
5394 silly placeDep ROOT yallist@5.0.0 OK for: tar@7.5.22 want: ^5.0.0
5395 silly fetch manifest react-native-b4a@*
5396 silly packumentCache full:https://registry.npmjs.org/react-native-b4a cache-miss
5397 http fetch GET 200 https://registry.npmjs.org/react-native-b4a 59ms (cache miss)
5398 silly packumentCache full:https://registry.npmjs.org/react-native-b4a set size:undefined disposed:false
5399 silly fetch manifest bare-buffer@*
5400 silly packumentCache full:https://registry.npmjs.org/bare-buffer cache-miss
5401 http fetch GET 200 https://registry.npmjs.org/bare-buffer 72ms (cache miss)
5402 silly packumentCache full:https://registry.npmjs.org/bare-buffer set size:undefined disposed:false
5403 silly placeDep ROOT b4a@1.8.1 OK for: tar-stream@3.2.0 want: ^1.6.4
5404 silly placeDep ROOT bare-fs@4.8.0 OK for: tar-stream@3.2.0 want: ^4.5.5
5405 silly placeDep ROOT fast-fifo@1.3.2 OK for: tar-stream@3.2.0 want: ^1.2.0
5406 silly placeDep ROOT streamx@2.28.0 OK for: tar-stream@3.2.0 want: ^2.15.0
5407 silly fetch manifest bare-url@^2.2.2
5408 silly packumentCache full:https://registry.npmjs.org/bare-url cache-miss
5409 silly fetch manifest bare-path@^3.0.0
5410 silly packumentCache full:https://registry.npmjs.org/bare-path cache-miss
5411 silly fetch manifest fast-fifo@^1.3.2
5412 silly packumentCache full:https://registry.npmjs.org/fast-fifo cache-miss
5413 silly fetch manifest bare-events@^2.5.4
5414 silly packumentCache full:https://registry.npmjs.org/bare-events cache-miss
5415 silly fetch manifest bare-stream@^2.6.4
5416 silly packumentCache full:https://registry.npmjs.org/bare-stream cache-miss
5417 silly fetch manifest events-universal@^1.0.0
5418 silly packumentCache full:https://registry.npmjs.org/events-universal cache-miss
5419 silly fetch manifest text-decoder@^1.1.0
5420 silly packumentCache full:https://registry.npmjs.org/text-decoder cache-miss
5421 http cache https://registry.npmjs.org/fast-fifo 9ms (cache hit)
5422 silly packumentCache full:https://registry.npmjs.org/fast-fifo set size:13855 disposed:false
5423 http fetch GET 200 https://registry.npmjs.org/bare-events 67ms (cache miss)
5424 silly packumentCache full:https://registry.npmjs.org/bare-events set size:undefined disposed:false
5425 http fetch GET 200 https://registry.npmjs.org/text-decoder 69ms (cache miss)
5426 silly packumentCache full:https://registry.npmjs.org/text-decoder set size:undefined disposed:false
5427 http fetch GET 200 https://registry.npmjs.org/bare-url 86ms (cache miss)
5428 silly packumentCache full:https://registry.npmjs.org/bare-url set size:undefined disposed:false
5429 http fetch GET 200 https://registry.npmjs.org/bare-stream 89ms (cache miss)
5430 silly packumentCache full:https://registry.npmjs.org/bare-stream set size:undefined disposed:false
5431 http fetch GET 200 https://registry.npmjs.org/events-universal 301ms (cache miss)
5432 silly packumentCache full:https://registry.npmjs.org/events-universal set size:undefined disposed:false
5433 http fetch GET 200 https://registry.npmjs.org/bare-path 313ms (cache miss)
5434 silly packumentCache full:https://registry.npmjs.org/bare-path set size:undefined disposed:false
5435 silly fetch manifest bare-abort-controller@*
5436 silly packumentCache full:https://registry.npmjs.org/bare-abort-controller cache-miss
5437 http fetch GET 200 https://registry.npmjs.org/bare-abort-controller 61ms (cache miss)
5438 silly packumentCache full:https://registry.npmjs.org/bare-abort-controller set size:undefined disposed:false
5439 silly placeDep ROOT bare-events@2.9.1 OK for: bare-fs@4.8.0 want: ^2.5.4
5440 silly placeDep ROOT bare-path@3.1.1 OK for: bare-fs@4.8.0 want: ^3.0.0
5441 silly placeDep ROOT bare-stream@2.13.3 OK for: bare-fs@4.8.0 want: ^2.6.4
5442 silly placeDep ROOT bare-url@2.5.2 OK for: bare-fs@4.8.0 want: ^2.2.2
5443 silly fetch manifest teex@^1.0.1
5444 silly packumentCache full:https://registry.npmjs.org/teex cache-miss
5445 http fetch GET 200 https://registry.npmjs.org/teex 53ms (cache miss)
5446 silly packumentCache full:https://registry.npmjs.org/teex set size:undefined disposed:false
5447 silly placeDep ROOT teex@1.0.1 OK for: bare-stream@2.13.3 want: ^1.0.1
5448 silly placeDep ROOT events-universal@1.0.1 OK for: streamx@2.28.0 want: ^1.0.0
5449 silly placeDep ROOT text-decoder@1.2.7 OK for: streamx@2.28.0 want: ^1.1.0
5450 silly placeDep ROOT supports-hyperlinks@4.5.0 OK for: terminal-link@5.0.0 want: ^4.1.0
5451 silly fetch manifest has-flag@^5.0.1
5452 silly packumentCache full:https://registry.npmjs.org/has-flag cache-miss
5453 http fetch GET 200 https://registry.npmjs.org/has-flag 64ms (cache miss)
5454 silly packumentCache full:https://registry.npmjs.org/has-flag set size:undefined disposed:false
5455 silly placeDep ROOT has-flag@5.0.1 OK for: supports-hyperlinks@4.5.0 want: ^5.0.1
5456 silly placeDep node_modules/thread-stream real-require@1.0.0 OK for: thread-stream@4.2.0 want: ^1.0.0
5457 silly placeDep node_modules/through2 readable-stream@2.3.8 OK for: through2@2.0.5 want: ~2.3.6
5458 silly placeDep ROOT tmp@0.2.7 OK for: tmp-promise@3.0.3 want: ^0.2.0
5459 silly placeDep ROOT is-number@7.0.0 OK for: to-regex-range@5.0.1 want: ^7.0.0
5460 silly placeDep ROOT @cspotcode/source-map-support@0.8.1 OK for: ts-node@10.9.2 want: ^0.8.0
5461 silly placeDep ROOT @tsconfig/node10@1.0.13 OK for: ts-node@10.9.2 want: ^1.0.7
5462 silly placeDep ROOT @tsconfig/node12@1.0.11 OK for: ts-node@10.9.2 want: ^1.0.7
5463 silly placeDep ROOT @tsconfig/node14@1.0.3 OK for: ts-node@10.9.2 want: ^1.0.0
5464 silly placeDep ROOT @tsconfig/node16@1.0.4 OK for: ts-node@10.9.2 want: ^1.0.2
5465 silly placeDep ROOT acorn-walk@8.3.5 OK for: ts-node@10.9.2 want: ^8.1.1
5466 silly placeDep ROOT arg@4.1.3 OK for: ts-node@10.9.2 want: ^4.1.0
5467 silly placeDep ROOT create-require@1.1.1 OK for: ts-node@10.9.2 want: ^1.1.0
5468 silly placeDep ROOT diff@4.0.4 OK for: ts-node@10.9.2 want: ^4.0.1
5469 silly placeDep ROOT make-error@1.3.6 OK for: ts-node@10.9.2 want: ^1.1.1
5470 silly placeDep ROOT v8-compile-cache-lib@3.0.1 OK for: ts-node@10.9.2 want: ^3.0.1
5471 silly placeDep ROOT yn@3.1.1 OK for: ts-node@10.9.2 want: 3.1.1
5472 silly fetch manifest @jridgewell/trace-mapping@0.3.9
5473 silly packumentCache full:https://registry.npmjs.org/@jridgewell%2ftrace-mapping cache-miss
5474 http fetch GET 200 https://registry.npmjs.org/@jridgewell%2ftrace-mapping 100ms (cache miss)
5475 silly packumentCache full:https://registry.npmjs.org/@jridgewell%2ftrace-mapping set size:undefined disposed:false
5476 silly placeDep ROOT @jridgewell/trace-mapping@0.3.9 OK for: @cspotcode/source-map-support@0.8.1 want: 0.3.9
5477 silly fetch manifest @jridgewell/resolve-uri@^3.0.3
5478 silly packumentCache full:https://registry.npmjs.org/@jridgewell%2fresolve-uri cache-miss
5479 http fetch GET 200 https://registry.npmjs.org/@jridgewell%2fresolve-uri 78ms (cache miss)
5480 silly packumentCache full:https://registry.npmjs.org/@jridgewell%2fresolve-uri set size:undefined disposed:false
5481 silly placeDep ROOT @jridgewell/resolve-uri@3.1.2 OK for: @jridgewell/trace-mapping@0.3.9 want: ^3.0.3
5482 silly placeDep node_modules/type-is content-type@2.1.0 OK for: type-is@2.1.0 want: ^2.0.0
5483 silly placeDep ROOT media-typer@1.1.1 OK for: type-is@2.1.0 want: ^1.1.0
5484 silly placeDep ROOT for-each@0.3.5 OK for: typed-array-byte-length@1.0.3 want: ^0.3.3
5485 silly placeDep ROOT reflect.getprototypeof@1.0.10 OK for: typed-array-byte-offset@1.0.4 want: ^1.0.9
5486 silly fetch manifest which-builtin-type@^1.2.1
5487 silly packumentCache full:https://registry.npmjs.org/which-builtin-type cache-miss
5488 http fetch GET 200 https://registry.npmjs.org/which-builtin-type 68ms (cache miss)
5489 silly packumentCache full:https://registry.npmjs.org/which-builtin-type set size:undefined disposed:false
5490 silly placeDep ROOT which-builtin-type@1.2.1 OK for: reflect.getprototypeof@1.0.10 want: ^1.2.1
5491 silly fetch manifest is-async-function@^2.0.0
5492 silly packumentCache full:https://registry.npmjs.org/is-async-function cache-miss
5493 silly fetch manifest is-finalizationregistry@^1.1.0
5494 silly packumentCache full:https://registry.npmjs.org/is-finalizationregistry cache-miss
5495 silly fetch manifest is-generator-function@^1.0.10
5496 silly packumentCache full:https://registry.npmjs.org/is-generator-function cache-miss
5497 silly fetch manifest which-boxed-primitive@^1.1.0
5498 silly packumentCache full:https://registry.npmjs.org/which-boxed-primitive cache-miss
5499 silly fetch manifest which-collection@^1.0.2
5500 silly packumentCache full:https://registry.npmjs.org/which-collection cache-miss
5501 http cache https://registry.npmjs.org/which-boxed-primitive 8ms (cache hit)
5502 silly packumentCache full:https://registry.npmjs.org/which-boxed-primitive set size:19407 disposed:false
5503 http fetch GET 200 https://registry.npmjs.org/which-collection 69ms (cache miss)
5504 silly packumentCache full:https://registry.npmjs.org/which-collection set size:undefined disposed:false
5505 http fetch GET 200 https://registry.npmjs.org/is-generator-function 71ms (cache miss)
5506 silly packumentCache full:https://registry.npmjs.org/is-generator-function set size:undefined disposed:false
5507 http fetch GET 200 https://registry.npmjs.org/is-async-function 76ms (cache miss)
5508 silly packumentCache full:https://registry.npmjs.org/is-async-function set size:undefined disposed:false
5509 http fetch GET 200 https://registry.npmjs.org/is-finalizationregistry 82ms (cache miss)
5510 silly packumentCache full:https://registry.npmjs.org/is-finalizationregistry set size:undefined disposed:false
5511 silly placeDep ROOT random-bytes@1.0.0 OK for: uid-safe@2.1.5 want: ~1.0.0
5512 silly placeDep ROOT has-bigints@1.1.0 OK for: unbox-primitive@1.1.0 want: ^1.0.2
5513 silly placeDep ROOT which-boxed-primitive@1.1.1 OK for: unbox-primitive@1.1.0 want: ^1.1.1
5514 silly fetch manifest is-bigint@^1.1.0
5515 silly packumentCache full:https://registry.npmjs.org/is-bigint cache-miss
5516 silly fetch manifest is-boolean-object@^1.2.1
5517 silly packumentCache full:https://registry.npmjs.org/is-boolean-object cache-miss
5518 silly fetch manifest is-number-object@^1.1.1
5519 silly packumentCache full:https://registry.npmjs.org/is-number-object cache-miss
5520 http fetch GET 200 https://registry.npmjs.org/is-boolean-object 66ms (cache miss)
5521 silly packumentCache full:https://registry.npmjs.org/is-boolean-object set size:undefined disposed:false
5522 http fetch GET 200 https://registry.npmjs.org/is-bigint 67ms (cache miss)
5523 silly packumentCache full:https://registry.npmjs.org/is-bigint set size:undefined disposed:false
5524 http fetch GET 200 https://registry.npmjs.org/is-number-object 68ms (cache miss)
5525 silly packumentCache full:https://registry.npmjs.org/is-number-object set size:undefined disposed:false
5526 silly placeDep ROOT nan@2.28.0 OK for: unix-dgram@2.0.7 want: ^2.20.0
5527 silly placeDep node_modules/unixify normalize-path@2.1.1 OK for: unixify@1.0.0 want: ^2.1.1
5528 silly fetch manifest remove-trailing-separator@^1.0.1
5529 silly packumentCache full:https://registry.npmjs.org/remove-trailing-separator cache-miss
5530 http fetch GET 200 https://registry.npmjs.org/remove-trailing-separator 397ms (cache miss)
5531 silly packumentCache full:https://registry.npmjs.org/remove-trailing-separator set size:undefined disposed:false
5532 silly placeDep ROOT anymatch@3.1.3 OK for: unstorage@1.17.5 want: ^3.1.3
5533 silly placeDep node_modules/unstorage chokidar@5.0.0 OK for: unstorage@1.17.5 want: ^5.0.0
5534 silly placeDep node_modules/unstorage lru-cache@11.5.2 OK for: unstorage@1.17.5 want: ^11.2.7
5535 silly fetch manifest picomatch@^2.0.4
5536 silly packumentCache full:https://registry.npmjs.org/picomatch cache-hit
5537 silly placeDep node_modules/anymatch picomatch@2.3.2 OK for: anymatch@3.1.3 want: ^2.0.4
5538 silly placeDep ROOT configstore@7.1.0 OK for: update-notifier@7.3.1 want: ^7.0.0
5539 silly placeDep ROOT is-in-ci@1.0.0 OK for: update-notifier@7.3.1 want: ^1.0.0
5540 silly placeDep ROOT is-installed-globally@1.0.0 OK for: update-notifier@7.3.1 want: ^1.0.0
5541 silly placeDep ROOT is-npm@6.1.0 OK for: update-notifier@7.3.1 want: ^6.0.0
5542 silly placeDep ROOT latest-version@9.0.0 OK for: update-notifier@7.3.1 want: ^9.0.0
5543 silly placeDep ROOT pupa@3.3.0 OK for: update-notifier@7.3.1 want: ^3.1.0
5544 silly placeDep ROOT xdg-basedir@5.1.0 OK for: update-notifier@7.3.1 want: ^5.1.0
5545 silly fetch manifest global-directory@^4.0.1
5546 silly packumentCache full:https://registry.npmjs.org/global-directory cache-miss
5547 silly fetch manifest package-json@^10.0.0
5548 silly packumentCache full:https://registry.npmjs.org/package-json cache-miss
5549 silly fetch manifest escape-goat@^4.0.0
5550 silly packumentCache full:https://registry.npmjs.org/escape-goat cache-miss
5551 http fetch GET 200 https://registry.npmjs.org/escape-goat 63ms (cache miss)
5552 silly packumentCache full:https://registry.npmjs.org/escape-goat set size:undefined disposed:false
5553 http fetch GET 200 https://registry.npmjs.org/package-json 65ms (cache miss)
5554 silly packumentCache full:https://registry.npmjs.org/package-json set size:undefined disposed:false
5555 http fetch GET 200 https://registry.npmjs.org/global-directory 71ms (cache miss)
5556 silly packumentCache full:https://registry.npmjs.org/global-directory set size:undefined disposed:false
5557 silly placeDep node_modules/configstore dot-prop@9.0.0 OK for: configstore@7.1.0 want: ^9.0.0
5558 silly placeDep ROOT global-directory@4.0.1 OK for: is-installed-globally@1.0.0 want: ^4.0.1
5559 silly fetch manifest ini@4.1.1
5560 silly packumentCache full:https://registry.npmjs.org/ini cache-miss
5561 http cache https://registry.npmjs.org/ini 5ms (cache hit)
5562 silly packumentCache full:https://registry.npmjs.org/ini set size:59124 disposed:false
5563 silly placeDep node_modules/global-directory ini@4.1.1 OK for: global-directory@4.0.1 want: 4.1.1
5564 silly placeDep ROOT package-json@10.0.1 OK for: latest-version@9.0.0 want: ^10.0.0
5565 silly fetch manifest ky@^1.2.0
5566 silly packumentCache full:https://registry.npmjs.org/ky cache-miss
5567 silly fetch manifest registry-auth-token@^5.0.2
5568 silly packumentCache full:https://registry.npmjs.org/registry-auth-token cache-miss
5569 silly fetch manifest registry-url@^6.0.1
5570 silly packumentCache full:https://registry.npmjs.org/registry-url cache-miss
5571 http fetch GET 200 https://registry.npmjs.org/registry-url 59ms (cache miss)
5572 silly packumentCache full:https://registry.npmjs.org/registry-url set size:undefined disposed:false
5573 http fetch GET 200 https://registry.npmjs.org/registry-auth-token 430ms (cache miss)
5574 silly packumentCache full:https://registry.npmjs.org/registry-auth-token set size:undefined disposed:false
5575 http fetch GET 200 https://registry.npmjs.org/ky 441ms (cache miss)
5576 silly packumentCache full:https://registry.npmjs.org/ky set size:undefined disposed:false
5577 silly placeDep ROOT ky@1.14.3 OK for: package-json@10.0.1 want: ^1.2.0
5578 silly placeDep ROOT registry-auth-token@5.1.1 OK for: package-json@10.0.1 want: ^5.0.2
5579 silly placeDep ROOT registry-url@6.0.1 OK for: package-json@10.0.1 want: ^6.0.1
5580 silly fetch manifest @pnpm/npm-conf@^3.0.2
5581 silly packumentCache full:https://registry.npmjs.org/@pnpm%2fnpm-conf cache-miss
5582 silly fetch manifest rc@1.2.8
5583 silly packumentCache full:https://registry.npmjs.org/rc cache-miss
5584 http fetch GET 200 https://registry.npmjs.org/rc 67ms (cache miss)
5585 silly packumentCache full:https://registry.npmjs.org/rc set size:undefined disposed:false
5586 http fetch GET 200 https://registry.npmjs.org/@pnpm%2fnpm-conf 806ms (cache miss)
5587 silly packumentCache full:https://registry.npmjs.org/@pnpm%2fnpm-conf set size:undefined disposed:false
5588 silly placeDep ROOT escape-goat@4.0.0 OK for: pupa@3.3.0 want: ^4.0.0
5589 silly placeDep ROOT @pnpm/npm-conf@3.0.3 OK for: registry-auth-token@5.1.1 want: ^3.0.2
5590 silly fetch manifest @pnpm/config.env-replace@^1.1.0
5591 silly packumentCache full:https://registry.npmjs.org/@pnpm%2fconfig.env-replace cache-miss
5592 silly fetch manifest @pnpm/network.ca-file@^1.0.1
5593 silly packumentCache full:https://registry.npmjs.org/@pnpm%2fnetwork.ca-file cache-miss
5594 silly fetch manifest config-chain@^1.1.11
5595 silly packumentCache full:https://registry.npmjs.org/config-chain cache-miss
5596 http fetch GET 200 https://registry.npmjs.org/@pnpm%2fconfig.env-replace 124ms (cache miss)
5597 silly packumentCache full:https://registry.npmjs.org/@pnpm%2fconfig.env-replace set size:undefined disposed:false
5598 http fetch GET 200 https://registry.npmjs.org/config-chain 502ms (cache miss)
5599 silly packumentCache full:https://registry.npmjs.org/config-chain set size:undefined disposed:false
5600 http fetch GET 200 https://registry.npmjs.org/@pnpm%2fnetwork.ca-file 646ms (cache miss)
5601 silly packumentCache full:https://registry.npmjs.org/@pnpm%2fnetwork.ca-file set size:undefined disposed:false
5602 silly placeDep ROOT @pnpm/config.env-replace@1.1.0 OK for: @pnpm/npm-conf@3.0.3 want: ^1.1.0
5603 silly placeDep ROOT @pnpm/network.ca-file@1.0.2 OK for: @pnpm/npm-conf@3.0.3 want: ^1.0.1
5604 silly placeDep ROOT config-chain@1.1.13 OK for: @pnpm/npm-conf@3.0.3 want: ^1.1.11
5605 silly fetch manifest graceful-fs@4.2.10
5606 silly packumentCache full:https://registry.npmjs.org/graceful-fs cache-miss
5607 silly fetch manifest proto-list@~1.2.1
5608 silly packumentCache full:https://registry.npmjs.org/proto-list cache-miss
5609 http cache https://registry.npmjs.org/graceful-fs 6ms (cache hit)
5610 silly packumentCache full:https://registry.npmjs.org/graceful-fs set size:124285 disposed:false
5611 http fetch GET 200 https://registry.npmjs.org/proto-list 137ms (cache miss)
5612 silly packumentCache full:https://registry.npmjs.org/proto-list set size:undefined disposed:false
5613 silly placeDep node_modules/@pnpm/network.ca-file graceful-fs@4.2.10 OK for: @pnpm/network.ca-file@1.0.2 want: 4.2.10
5614 silly placeDep ROOT proto-list@1.2.4 OK for: config-chain@1.1.13 want: ~1.2.1
5615 silly placeDep ROOT rc@1.2.8 OK for: registry-url@6.0.1 want: 1.2.8
5616 silly fetch manifest deep-extend@^0.6.0
5617 silly packumentCache full:https://registry.npmjs.org/deep-extend cache-miss
5618 silly fetch manifest strip-json-comments@~2.0.1
5619 silly packumentCache full:https://registry.npmjs.org/strip-json-comments cache-miss
5620 http fetch GET 200 https://registry.npmjs.org/deep-extend 172ms (cache miss)
5621 silly packumentCache full:https://registry.npmjs.org/deep-extend set size:undefined disposed:false
5622 http fetch GET 200 https://registry.npmjs.org/strip-json-comments 179ms (cache miss)
5623 silly packumentCache full:https://registry.npmjs.org/strip-json-comments set size:undefined disposed:false
5624 silly placeDep ROOT deep-extend@0.6.0 OK for: rc@1.2.8 want: ^0.6.0
5625 silly placeDep ROOT strip-json-comments@2.0.1 OK for: rc@1.2.8 want: ~2.0.1
5626 silly placeDep ROOT spdx-correct@3.2.0 OK for: validate-npm-package-license@3.0.4 want: ^3.0.0
5627 silly placeDep ROOT spdx-expression-parse@3.0.1 OK for: validate-npm-package-license@3.0.4 want: ^3.0.0
5628 silly fetch manifest spdx-license-ids@^3.0.0
5629 silly packumentCache full:https://registry.npmjs.org/spdx-license-ids cache-miss
5630 silly fetch manifest spdx-exceptions@^2.1.0
5631 silly packumentCache full:https://registry.npmjs.org/spdx-exceptions cache-miss
5632 silly fetch manifest spdx-license-ids@^3.0.0
5633 silly packumentCache full:https://registry.npmjs.org/spdx-license-ids cache-miss
5634 http fetch GET 200 https://registry.npmjs.org/spdx-exceptions 129ms (cache miss)
5635 silly packumentCache full:https://registry.npmjs.org/spdx-exceptions set size:undefined disposed:false
